supplier_code,supplier_name,country_code,city,payment_terms,vat_number,active
SUP000001,Supplier 000001,CZ,Brno,14,CZ100000001,True
SUP000002,Supplier 000002,DE,Munich,30,DE100000002,True
SUP000003,Supplier 000003,SK,Bratislava,30,SK100000003,True
SUP000004,Supplier 000004,CZ,Brno,14,CZ100000004,True
SUP000005,Supplier 000005,AT,Vienna,14,AT100000005,True
SUP000006,Supplier 000006,CZ,Prague,14,CZ100000006,True
SUP000007,Supplier 000007,SK,Bratislava,30,SK100000007,True
SUP000008,Supplier 000008,CZ,Prague,30,CZ100000008,True
SUP000009,Supplier 000009,AT,Vienna,30,AT100000009,True
SUP000010,Supplier 000010,PL,Warsaw,45,PL100000010,True
SUP000011,Supplier 000011,CZ,Prague,30,CZ100000011,True
SUP000012,Supplier 000012,AT,Vienna,45,AT100000012,True
SUP000013,Supplier 000013,DE,Munich,30,DE100000013,True
SUP000014,Supplier 000014,SK,Bratislava,45,SK100000014,True
SUP000015,Supplier 000015,CZ,Brno,14,CZ100000015,True
SUP000016,Supplier 000016,AT,Vienna,14,AT100000016,True
SUP000017,Supplier 000017,DE,Berlin,45,DE100000017,True
SUP000018,Supplier 000018,DE,Munich,14,DE100000018,True
SUP000019,Supplier 000019,PL,Warsaw,14,PL100000019,True
SUP000020,Supplier 000020,AT,Vienna,14,AT100000020,True
SUP000021,Supplier 000021,DE,Munich,45,DE100000021,True
SUP000022,Supplier 000022,SK,Bratislava,14,SK100000022,True
SUP000023,Supplier 000023,CZ,Prague,30,CZ100000023,True
SUP000024,Supplier 000024,DE,Munich,14,DE100000024,True
SUP000025,Supplier 000025,SK,Bratislava,14,SK100000025,True
SUP000026,Supplier 000026,AT,Vienna,45,AT100000026,True
SUP000027,Supplier 000027,PL,Warsaw,45,PL100000027,True
SUP000028,Supplier 000028,CZ,Ostrava,45,CZ100000028,True
SUP000029,Supplier 000029,DE,Berlin,30,DE100000029,True
SUP000030,Supplier 000030,DE,Munich,14,DE100000030,True
SUP000031,Supplier 000031,CZ,Ostrava,30,CZ100000031,True
SUP000032,Supplier 000032,CZ,Ostrava,60,CZ100000032,True
SUP000033,Supplier 000033,AT,Vienna,45,AT100000033,True
SUP000034,Supplier 000034,SK,Bratislava,45,SK100000034,True
SUP000035,Supplier 000035,CZ,Prague,30,CZ100000035,True
SUP000036,Supplier 000036,CZ,Prague,45,CZ100000036,True
SUP000037,Supplier 000037,AT,Vienna,45,AT100000037,True
SUP000038,Supplier 000038,CZ,Brno,30,CZ100000038,True
SUP000039,Supplier 000039,DE,Berlin,30,DE100000039,True
SUP000040,Supplier 000040,PL,Warsaw,60,PL100000040,True
SUP000041,Supplier 000041,PL,Warsaw,30,PL100000041,True
SUP000042,Supplier 000042,DE,Munich,30,DE100000042,True
SUP000043,Supplier 000043,SK,Bratislava,45,SK100000043,True
SUP000044,Supplier 000044,AT,Vienna,60,AT100000044,True
SUP000045,Supplier 000045,DE,Berlin,30,DE100000045,True
SUP000046,Supplier 000046,CZ,Ostrava,60,CZ100000046,True
SUP000047,Supplier 000047,CZ,Brno,14,CZ100000047,True
SUP000048,Supplier 000048,CZ,Brno,30,CZ100000048,True
SUP000049,Supplier 000049,CZ,Ostrava,60,CZ100000049,True
SUP000050,Supplier 000050,CZ,Brno,60,CZ100000050,True
SUP000051,Supplier 000051,AT,Vienna,60,AT100000051,True
SUP000052,Supplier 000052,DE,Munich,14,DE100000052,True
SUP000053,Supplier 000053,CZ,Brno,45,CZ100000053,True
SUP000054,Supplier 000054,DE,Berlin,14,DE100000054,True
SUP000055,Supplier 000055,DE,Munich,60,DE100000055,True
SUP000056,Supplier 000056,CZ,Ostrava,60,CZ100000056,True
SUP000057,Supplier 000057,CZ,Prague,45,CZ100000057,True
SUP000058,Supplier 000058,CZ,Ostrava,14,CZ100000058,True
SUP000059,Supplier 000059,DE,Munich,30,DE100000059,True
SUP000060,Supplier 000060,CZ,Ostrava,45,CZ100000060,True
SUP000061,Supplier 000061,CZ,Ostrava,14,CZ100000061,True
SUP000062,Supplier 000062,DE,Berlin,60,DE100000062,True
SUP000063,Supplier 000063,CZ,Prague,14,CZ100000063,True
SUP000064,Supplier 000064,DE,Berlin,45,DE100000064,True
SUP000065,Supplier 000065,SK,Bratislava,14,SK100000065,True
SUP000066,Supplier 000066,SK,Bratislava,14,SK100000066,True
SUP000067,Supplier 000067,CZ,Brno,60,CZ100000067,True
SUP000068,Supplier 000068,CZ,Brno,30,CZ100000068,True
SUP000069,Supplier 000069,CZ,Ostrava,60,CZ100000069,True
SUP000070,Supplier 000070,CZ,Ostrava,45,CZ100000070,True
SUP000071,Supplier 000071,AT,Vienna,30,AT100000071,True
SUP000072,Supplier 000072,SK,Bratislava,45,SK100000072,True
SUP000073,Supplier 000073,AT,Vienna,45,AT100000073,True
SUP000074,Supplier 000074,PL,Warsaw,60,PL100000074,True
SUP000075,Supplier 000075,CZ,Brno,30,CZ100000075,True
SUP000076,Supplier 000076,SK,Bratislava,14,SK100000076,True
SUP000077,Supplier 000077,DE,Berlin,14,DE100000077,True
SUP000078,Supplier 000078,SK,Bratislava,30,SK100000078,True
SUP000079,Supplier 000079,CZ,Prague,14,CZ100000079,True
SUP000080,Supplier 000080,CZ,Prague,30,CZ100000080,True
SUP000081,Supplier 000081,CZ,Brno,14,CZ100000081,True
SUP000082,Supplier 000082,DE,Berlin,14,DE100000082,True
SUP000083,Supplier 000083,SK,Bratislava,45,SK100000083,True
SUP000084,Supplier 000084,PL,Warsaw,30,PL100000084,True
SUP000085,Supplier 000085,CZ,Ostrava,60,CZ100000085,True
SUP000086,Supplier 000086,SK,Bratislava,60,SK100000086,True
SUP000087,Supplier 000087,AT,Vienna,30,AT100000087,True
SUP000088,Supplier 000088,CZ,Brno,14,CZ100000088,True
SUP000089,Supplier 000089,AT,Vienna,45,AT100000089,True
SUP000090,Supplier 000090,AT,Vienna,60,AT100000090,True
SUP000091,Supplier 000091,PL,Warsaw,14,PL100000091,True
SUP000092,Supplier 000092,CZ,Brno,14,CZ100000092,True
SUP000093,Supplier 000093,AT,Vienna,45,AT100000093,True
SUP000094,Supplier 000094,CZ,Brno,30,CZ100000094,True
SUP000095,Supplier 000095,SK,Bratislava,30,SK100000095,True
SUP000096,Supplier 000096,PL,Warsaw,30,PL100000096,True
SUP000097,Supplier 000097,AT,Vienna,30,AT100000097,True
SUP000098,Supplier 000098,DE,Munich,60,DE100000098,True
SUP000099,Supplier 000099,SK,Bratislava,14,SK100000099,True
SUP000100,Supplier 000100,PL,Warsaw,14,PL100000100,True
SUP000101,Supplier 000101,CZ,Prague,14,CZ100000101,True
SUP000102,Supplier 000102,CZ,Brno,30,CZ100000102,True
SUP000103,Supplier 000103,CZ,Ostrava,60,CZ100000103,True
SUP000104,Supplier 000104,PL,Warsaw,60,PL100000104,True
SUP000105,Supplier 000105,SK,Bratislava,60,SK100000105,True
SUP000106,Supplier 000106,CZ,Prague,30,CZ100000106,True
SUP000107,Supplier 000107,AT,Vienna,14,AT100000107,True
SUP000108,Supplier 000108,AT,Vienna,45,AT100000108,True
SUP000109,Supplier 000109,PL,Warsaw,45,PL100000109,True
SUP000110,Supplier 000110,AT,Vienna,60,AT100000110,True
SUP000111,Supplier 000111,CZ,Ostrava,30,CZ100000111,True
SUP000112,Supplier 000112,DE,Munich,30,DE100000112,True
SUP000113,Supplier 000113,CZ,Prague,14,CZ100000113,True
SUP000114,Supplier 000114,DE,Berlin,14,DE100000114,True
SUP000115,Supplier 000115,CZ,Prague,60,CZ100000115,True
SUP000116,Supplier 000116,CZ,Ostrava,14,CZ100000116,True
SUP000117,Supplier 000117,CZ,Brno,30,CZ100000117,True
SUP000118,Supplier 000118,CZ,Brno,14,CZ100000118,True
SUP000119,Supplier 000119,SK,Bratislava,60,SK100000119,True
SUP000120,Supplier 000120,CZ,Brno,30,CZ100000120,True
SUP000121,Supplier 000121,CZ,Prague,14,CZ100000121,True
SUP000122,Supplier 000122,AT,Vienna,45,AT100000122,True
SUP000123,Supplier 000123,DE,Munich,30,DE100000123,True
SUP000124,Supplier 000124,DE,Berlin,30,DE100000124,True
SUP000125,Supplier 000125,DE,Munich,60,DE100000125,True
SUP000126,Supplier 000126,CZ,Ostrava,45,CZ100000126,True
SUP000127,Supplier 000127,PL,Warsaw,45,PL100000127,True
SUP000128,Supplier 000128,CZ,Brno,14,CZ100000128,True
SUP000129,Supplier 000129,PL,Warsaw,14,PL100000129,True
SUP000130,Supplier 000130,CZ,Brno,30,CZ100000130,True
SUP000131,Supplier 000131,DE,Munich,30,DE100000131,True
SUP000132,Supplier 000132,DE,Berlin,14,DE100000132,True
SUP000133,Supplier 000133,SK,Bratislava,45,SK100000133,True
SUP000134,Supplier 000134,DE,Munich,30,DE100000134,True
SUP000135,Supplier 000135,PL,Warsaw,45,PL100000135,True
SUP000136,Supplier 000136,CZ,Prague,45,CZ100000136,True
SUP000137,Supplier 000137,CZ,Brno,30,CZ100000137,True
SUP000138,Supplier 000138,DE,Munich,14,DE100000138,True
SUP000139,Supplier 000139,CZ,Brno,30,CZ100000139,True
SUP000140,Supplier 000140,DE,Munich,45,DE100000140,True
SUP000141,Supplier 000141,SK,Bratislava,45,SK100000141,True
SUP000142,Supplier 000142,SK,Bratislava,45,SK100000142,True
SUP000143,Supplier 000143,PL,Warsaw,45,PL100000143,True
SUP000144,Supplier 000144,CZ,Prague,14,CZ100000144,True
SUP000145,Supplier 000145,AT,Vienna,45,AT100000145,True
SUP000146,Supplier 000146,CZ,Prague,14,CZ100000146,True
SUP000147,Supplier 000147,DE,Berlin,30,DE100000147,True
SUP000148,Supplier 000148,DE,Munich,30,DE100000148,True
SUP000149,Supplier 000149,PL,Warsaw,60,PL100000149,True
SUP000150,Supplier 000150,CZ,Prague,14,CZ100000150,True
SUP000151,Supplier 000151,CZ,Brno,30,CZ100000151,True
SUP000152,Supplier 000152,CZ,Prague,45,CZ100000152,True
SUP000153,Supplier 000153,CZ,Ostrava,60,CZ100000153,True
SUP000154,Supplier 000154,CZ,Ostrava,14,CZ100000154,True
SUP000155,Supplier 000155,DE,Munich,45,DE100000155,True
SUP000156,Supplier 000156,CZ,Prague,45,CZ100000156,True
SUP000157,Supplier 000157,SK,Bratislava,30,SK100000157,True
SUP000158,Supplier 000158,CZ,Brno,45,CZ100000158,True
SUP000159,Supplier 000159,AT,Vienna,30,AT100000159,True
SUP000160,Supplier 000160,SK,Bratislava,30,SK100000160,True
SUP000161,Supplier 000161,CZ,Ostrava,60,CZ100000161,True
SUP000162,Supplier 000162,CZ,Prague,30,CZ100000162,True
SUP000163,Supplier 000163,DE,Berlin,60,DE100000163,True
SUP000164,Supplier 000164,SK,Bratislava,45,SK100000164,True
SUP000165,Supplier 000165,CZ,Ostrava,14,CZ100000165,True
SUP000166,Supplier 000166,AT,Vienna,14,AT100000166,True
SUP000167,Supplier 000167,PL,Warsaw,30,PL100000167,True
SUP000168,Supplier 000168,SK,Bratislava,60,SK100000168,True
SUP000169,Supplier 000169,DE,Berlin,45,DE100000169,True
SUP000170,Supplier 000170,SK,Bratislava,30,SK100000170,True
SUP000171,Supplier 000171,CZ,Prague,30,CZ100000171,True
SUP000172,Supplier 000172,AT,Vienna,45,AT100000172,True
SUP000173,Supplier 000173,DE,Munich,14,DE100000173,True
SUP000174,Supplier 000174,DE,Munich,45,DE100000174,True
SUP000175,Supplier 000175,AT,Vienna,45,AT100000175,True
SUP000176,Supplier 000176,CZ,Prague,14,CZ100000176,True
SUP000177,Supplier 000177,DE,Munich,30,DE100000177,True
SUP000178,Supplier 000178,DE,Munich,14,DE100000178,True
SUP000179,Supplier 000179,CZ,Brno,60,CZ100000179,True
SUP000180,Supplier 000180,DE,Berlin,45,DE100000180,True
SUP000181,Supplier 000181,AT,Vienna,14,AT100000181,True
SUP000182,Supplier 000182,AT,Vienna,30,AT100000182,True
SUP000183,Supplier 000183,DE,Munich,14,DE100000183,True
SUP000184,Supplier 000184,AT,Vienna,14,AT100000184,True
SUP000185,Supplier 000185,SK,Bratislava,45,SK100000185,True
SUP000186,Supplier 000186,AT,Vienna,14,AT100000186,True
SUP000187,Supplier 000187,DE,Berlin,45,DE100000187,True
SUP000188,Supplier 000188,CZ,Brno,45,CZ100000188,True
SUP000189,Supplier 000189,DE,Munich,60,DE100000189,True
SUP000190,Supplier 000190,DE,Berlin,60,DE100000190,True
SUP000191,Supplier 000191,DE,Munich,30,DE100000191,True
SUP000192,Supplier 000192,SK,Bratislava,60,SK100000192,True
SUP000193,Supplier 000193,AT,Vienna,30,AT100000193,True
SUP000194,Supplier 000194,DE,Munich,60,DE100000194,True
SUP000195,Supplier 000195,CZ,Prague,45,CZ100000195,True
SUP000196,Supplier 000196,DE,Munich,30,DE100000196,True
SUP000197,Supplier 000197,AT,Vienna,45,AT100000197,True
SUP000198,Supplier 000198,PL,Warsaw,60,PL100000198,True
SUP000199,Supplier 000199,PL,Warsaw,30,PL100000199,True
SUP000200,Supplier 000200,PL,Warsaw,30,PL100000200,True
SUP000201,Supplier 000201,CZ,Brno,45,CZ100000201,True
SUP000202,Supplier 000202,DE,Berlin,14,DE100000202,True
SUP000203,Supplier 000203,SK,Bratislava,45,SK100000203,True
SUP000204,Supplier 000204,SK,Bratislava,30,SK100000204,True
SUP000205,Supplier 000205,CZ,Ostrava,14,CZ100000205,True
SUP000206,Supplier 000206,CZ,Prague,30,CZ100000206,True
SUP000207,Supplier 000207,PL,Warsaw,14,PL100000207,True
SUP000208,Supplier 000208,PL,Warsaw,60,PL100000208,True
SUP000209,Supplier 000209,SK,Bratislava,60,SK100000209,True
SUP000210,Supplier 000210,PL,Warsaw,60,PL100000210,True
SUP000211,Supplier 000211,SK,Bratislava,30,SK100000211,True
SUP000212,Supplier 000212,CZ,Prague,14,CZ100000212,True
SUP000213,Supplier 000213,AT,Vienna,30,AT100000213,True
SUP000214,Supplier 000214,CZ,Ostrava,60,CZ100000214,True
SUP000215,Supplier 000215,CZ,Prague,30,CZ100000215,True
SUP000216,Supplier 000216,CZ,Brno,60,CZ100000216,True
SUP000217,Supplier 000217,CZ,Ostrava,60,CZ100000217,True
SUP000218,Supplier 000218,DE,Berlin,60,DE100000218,True
SUP000219,Supplier 000219,AT,Vienna,60,AT100000219,True
SUP000220,Supplier 000220,CZ,Ostrava,60,CZ100000220,True
SUP000221,Supplier 000221,PL,Warsaw,45,PL100000221,True
SUP000222,Supplier 000222,SK,Bratislava,45,SK100000222,True
SUP000223,Supplier 000223,PL,Warsaw,30,PL100000223,True
SUP000224,Supplier 000224,DE,Munich,60,DE100000224,True
SUP000225,Supplier 000225,CZ,Brno,45,CZ100000225,True
SUP000226,Supplier 000226,SK,Bratislava,45,SK100000226,True
SUP000227,Supplier 000227,DE,Berlin,45,DE100000227,True
SUP000228,Supplier 000228,CZ,Brno,30,CZ100000228,True
SUP000229,Supplier 000229,CZ,Ostrava,30,CZ100000229,True
SUP000230,Supplier 000230,AT,Vienna,30,AT100000230,True
SUP000231,Supplier 000231,SK,Bratislava,14,SK100000231,True
SUP000232,Supplier 000232,AT,Vienna,60,AT100000232,True
SUP000233,Supplier 000233,DE,Berlin,60,DE100000233,True
SUP000234,Supplier 000234,AT,Vienna,14,AT100000234,True
SUP000235,Supplier 000235,SK,Bratislava,60,SK100000235,True
SUP000236,Supplier 000236,AT,Vienna,14,AT100000236,True
SUP000237,Supplier 000237,AT,Vienna,60,AT100000237,True
SUP000238,Supplier 000238,CZ,Prague,45,CZ100000238,True
SUP000239,Supplier 000239,DE,Munich,60,DE100000239,True
SUP000240,Supplier 000240,AT,Vienna,30,AT100000240,True
SUP000241,Supplier 000241,PL,Warsaw,30,PL100000241,True
SUP000242,Supplier 000242,DE,Munich,60,DE100000242,True
SUP000243,Supplier 000243,PL,Warsaw,14,PL100000243,True
SUP000244,Supplier 000244,AT,Vienna,45,AT100000244,True
SUP000245,Supplier 000245,AT,Vienna,30,AT100000245,True
SUP000246,Supplier 000246,PL,Warsaw,30,PL100000246,True
SUP000247,Supplier 000247,CZ,Prague,60,CZ100000247,True
SUP000248,Supplier 000248,CZ,Prague,14,CZ100000248,True
SUP000249,Supplier 000249,AT,Vienna,30,AT100000249,True
SUP000250,Supplier 000250,PL,Warsaw,30,PL100000250,True
SUP000251,Supplier 000251,CZ,Prague,45,CZ100000251,True
SUP000252,Supplier 000252,AT,Vienna,45,AT100000252,True
SUP000253,Supplier 000253,SK,Bratislava,60,SK100000253,True
SUP000254,Supplier 000254,DE,Berlin,45,DE100000254,True
SUP000255,Supplier 000255,AT,Vienna,45,AT100000255,True
SUP000256,Supplier 000256,AT,Vienna,45,AT100000256,True
SUP000257,Supplier 000257,CZ,Brno,60,CZ100000257,True
SUP000258,Supplier 000258,CZ,Prague,14,CZ100000258,True
SUP000259,Supplier 000259,DE,Berlin,30,DE100000259,True
SUP000260,Supplier 000260,CZ,Brno,14,CZ100000260,True
SUP000261,Supplier 000261,CZ,Prague,30,CZ100000261,True
SUP000262,Supplier 000262,SK,Bratislava,14,SK100000262,True
SUP000263,Supplier 000263,CZ,Ostrava,30,CZ100000263,True
SUP000264,Supplier 000264,CZ,Ostrava,60,CZ100000264,True
SUP000265,Supplier 000265,CZ,Brno,30,CZ100000265,True
SUP000266,Supplier 000266,PL,Warsaw,45,PL100000266,True
SUP000267,Supplier 000267,DE,Berlin,30,DE100000267,True
SUP000268,Supplier 000268,CZ,Brno,30,CZ100000268,True
SUP000269,Supplier 000269,DE,Munich,14,DE100000269,True
SUP000270,Supplier 000270,CZ,Prague,45,CZ100000270,True
SUP000271,Supplier 000271,AT,Vienna,60,AT100000271,True
SUP000272,Supplier 000272,SK,Bratislava,14,SK100000272,True
SUP000273,Supplier 000273,SK,Bratislava,14,SK100000273,True
SUP000274,Supplier 000274,DE,Munich,14,DE100000274,True
SUP000275,Supplier 000275,CZ,Prague,45,CZ100000275,True
SUP000276,Supplier 000276,AT,Vienna,45,AT100000276,True
SUP000277,Supplier 000277,CZ,Brno,45,CZ100000277,True
SUP000278,Supplier 000278,CZ,Prague,60,CZ100000278,True
SUP000279,Supplier 000279,PL,Warsaw,14,PL100000279,True
SUP000280,Supplier 000280,AT,Vienna,45,AT100000280,True
SUP000281,Supplier 000281,PL,Warsaw,30,PL100000281,True
SUP000282,Supplier 000282,AT,Vienna,30,AT100000282,True
SUP000283,Supplier 000283,DE,Munich,60,DE100000283,True
SUP000284,Supplier 000284,PL,Warsaw,60,PL100000284,True
SUP000285,Supplier 000285,DE,Munich,45,DE100000285,True
SUP000286,Supplier 000286,SK,Bratislava,14,SK100000286,True
SUP000287,Supplier 000287,DE,Munich,60,DE100000287,True
SUP000288,Supplier 000288,SK,Bratislava,60,SK100000288,True
SUP000289,Supplier 000289,AT,Vienna,45,AT100000289,True
SUP000290,Supplier 000290,CZ,Prague,60,CZ100000290,True
SUP000291,Supplier 000291,DE,Berlin,30,DE100000291,True
SUP000292,Supplier 000292,PL,Warsaw,30,PL100000292,True
SUP000293,Supplier 000293,DE,Berlin,45,DE100000293,True
SUP000294,Supplier 000294,DE,Berlin,45,DE100000294,True
SUP000295,Supplier 000295,DE,Munich,14,DE100000295,True
SUP000296,Supplier 000296,SK,Bratislava,14,SK100000296,True
SUP000297,Supplier 000297,SK,Bratislava,60,SK100000297,True
SUP000298,Supplier 000298,PL,Warsaw,30,PL100000298,True
SUP000299,Supplier 000299,PL,Warsaw,60,PL100000299,True
SUP000300,Supplier 000300,PL,Warsaw,14,PL100000300,True
SUP000301,Supplier 000301,CZ,Brno,45,CZ100000301,True
SUP000302,Supplier 000302,SK,Bratislava,60,SK100000302,True
SUP000303,Supplier 000303,SK,Bratislava,45,SK100000303,True
SUP000304,Supplier 000304,DE,Berlin,60,DE100000304,True
SUP000305,Supplier 000305,DE,Berlin,60,DE100000305,True
SUP000306,Supplier 000306,DE,Berlin,45,DE100000306,True
SUP000307,Supplier 000307,PL,Warsaw,45,PL100000307,True
SUP000308,Supplier 000308,DE,Munich,45,DE100000308,True
SUP000309,Supplier 000309,SK,Bratislava,14,SK100000309,True
SUP000310,Supplier 000310,SK,Bratislava,45,SK100000310,True
SUP000311,Supplier 000311,CZ,Brno,30,CZ100000311,True
SUP000312,Supplier 000312,SK,Bratislava,30,SK100000312,True
SUP000313,Supplier 000313,PL,Warsaw,45,PL100000313,True
SUP000314,Supplier 000314,DE,Munich,14,DE100000314,True
SUP000315,Supplier 000315,SK,Bratislava,45,SK100000315,True
SUP000316,Supplier 000316,SK,Bratislava,45,SK100000316,True
SUP000317,Supplier 000317,CZ,Ostrava,45,CZ100000317,True
SUP000318,Supplier 000318,CZ,Prague,30,CZ100000318,True
SUP000319,Supplier 000319,DE,Munich,14,DE100000319,True
SUP000320,Supplier 000320,CZ,Prague,45,CZ100000320,True
SUP000321,Supplier 000321,CZ,Ostrava,60,CZ100000321,True
SUP000322,Supplier 000322,CZ,Brno,14,CZ100000322,True
SUP000323,Supplier 000323,DE,Munich,60,DE100000323,True
SUP000324,Supplier 000324,PL,Warsaw,60,PL100000324,True
SUP000325,Supplier 000325,DE,Berlin,30,DE100000325,True
SUP000326,Supplier 000326,CZ,Prague,45,CZ100000326,True
SUP000327,Supplier 000327,PL,Warsaw,14,PL100000327,True
SUP000328,Supplier 000328,CZ,Brno,60,CZ100000328,True
SUP000329,Supplier 000329,PL,Warsaw,14,PL100000329,True
SUP000330,Supplier 000330,CZ,Prague,30,CZ100000330,True
SUP000331,Supplier 000331,CZ,Ostrava,45,CZ100000331,True
SUP000332,Supplier 000332,CZ,Brno,30,CZ100000332,True
SUP000333,Supplier 000333,CZ,Brno,60,CZ100000333,True
SUP000334,Supplier 000334,SK,Bratislava,60,SK100000334,True
SUP000335,Supplier 000335,PL,Warsaw,60,PL100000335,True
SUP000336,Supplier 000336,DE,Munich,60,DE100000336,True
SUP000337,Supplier 000337,DE,Munich,14,DE100000337,True
SUP000338,Supplier 000338,CZ,Brno,30,CZ100000338,True
SUP000339,Supplier 000339,SK,Bratislava,45,SK100000339,True
SUP000340,Supplier 000340,CZ,Brno,30,CZ100000340,True
SUP000341,Supplier 000341,SK,Bratislava,30,SK100000341,True
SUP000342,Supplier 000342,CZ,Brno,30,CZ100000342,True
SUP000343,Supplier 000343,CZ,Prague,60,CZ100000343,True
SUP000344,Supplier 000344,PL,Warsaw,60,PL100000344,True
SUP000345,Supplier 000345,DE,Munich,14,DE100000345,True
SUP000346,Supplier 000346,SK,Bratislava,45,SK100000346,True
SUP000347,Supplier 000347,DE,Munich,60,DE100000347,True
SUP000348,Supplier 000348,CZ,Brno,30,CZ100000348,True
SUP000349,Supplier 000349,DE,Munich,30,DE100000349,True
SUP000350,Supplier 000350,AT,Vienna,14,AT100000350,True
SUP000351,Supplier 000351,SK,Bratislava,30,SK100000351,True
SUP000352,Supplier 000352,DE,Munich,30,DE100000352,True
SUP000353,Supplier 000353,CZ,Brno,14,CZ100000353,True
SUP000354,Supplier 000354,CZ,Ostrava,45,CZ100000354,True
SUP000355,Supplier 000355,DE,Munich,60,DE100000355,True
SUP000356,Supplier 000356,CZ,Brno,60,CZ100000356,True
SUP000357,Supplier 000357,DE,Munich,60,DE100000357,True
SUP000358,Supplier 000358,DE,Munich,60,DE100000358,True
SUP000359,Supplier 000359,PL,Warsaw,14,PL100000359,True
SUP000360,Supplier 000360,CZ,Prague,60,CZ100000360,True
SUP000361,Supplier 000361,DE,Berlin,45,DE100000361,True
SUP000362,Supplier 000362,CZ,Prague,14,CZ100000362,True
SUP000363,Supplier 000363,SK,Bratislava,14,SK100000363,True
SUP000364,Supplier 000364,DE,Munich,14,DE100000364,True
SUP000365,Supplier 000365,CZ,Ostrava,60,CZ100000365,True
SUP000366,Supplier 000366,PL,Warsaw,45,PL100000366,True
SUP000367,Supplier 000367,CZ,Ostrava,60,CZ100000367,True
SUP000368,Supplier 000368,PL,Warsaw,14,PL100000368,True
SUP000369,Supplier 000369,PL,Warsaw,45,PL100000369,True
SUP000370,Supplier 000370,AT,Vienna,45,AT100000370,True
SUP000371,Supplier 000371,DE,Berlin,14,DE100000371,True
SUP000372,Supplier 000372,CZ,Ostrava,45,CZ100000372,True
SUP000373,Supplier 000373,AT,Vienna,60,AT100000373,True
SUP000374,Supplier 000374,DE,Munich,60,DE100000374,True
SUP000375,Supplier 000375,CZ,Prague,60,CZ100000375,True
SUP000376,Supplier 000376,CZ,Brno,45,CZ100000376,True
SUP000377,Supplier 000377,DE,Munich,45,DE100000377,True
SUP000378,Supplier 000378,CZ,Brno,60,CZ100000378,True
SUP000379,Supplier 000379,CZ,Prague,60,CZ100000379,True
SUP000380,Supplier 000380,AT,Vienna,14,AT100000380,True
SUP000381,Supplier 000381,SK,Bratislava,45,SK100000381,True
SUP000382,Supplier 000382,PL,Warsaw,60,PL100000382,True
SUP000383,Supplier 000383,CZ,Prague,30,CZ100000383,True
SUP000384,Supplier 000384,DE,Munich,30,DE100000384,True
SUP000385,Supplier 000385,DE,Munich,60,DE100000385,True
SUP000386,Supplier 000386,PL,Warsaw,14,PL100000386,True
SUP000387,Supplier 000387,CZ,Prague,30,CZ100000387,True
SUP000388,Supplier 000388,CZ,Ostrava,45,CZ100000388,True
SUP000389,Supplier 000389,CZ,Prague,60,CZ100000389,True
SUP000390,Supplier 000390,CZ,Brno,30,CZ100000390,True
SUP000391,Supplier 000391,CZ,Brno,60,CZ100000391,True
SUP000392,Supplier 000392,CZ,Brno,30,CZ100000392,True
SUP000393,Supplier 000393,PL,Warsaw,45,PL100000393,True
SUP000394,Supplier 000394,DE,Munich,60,DE100000394,True
SUP000395,Supplier 000395,PL,Warsaw,60,PL100000395,True
SUP000396,Supplier 000396,SK,Bratislava,60,SK100000396,True
SUP000397,Supplier 000397,CZ,Ostrava,60,CZ100000397,True
SUP000398,Supplier 000398,SK,Bratislava,30,SK100000398,True
SUP000399,Supplier 000399,CZ,Brno,45,CZ100000399,True
SUP000400,Supplier 000400,AT,Vienna,45,AT100000400,True
SUP000401,Supplier 000401,DE,Munich,14,DE100000401,True
SUP000402,Supplier 000402,DE,Munich,45,DE100000402,True
SUP000403,Supplier 000403,PL,Warsaw,30,PL100000403,True
SUP000404,Supplier 000404,PL,Warsaw,60,PL100000404,True
SUP000405,Supplier 000405,DE,Berlin,45,DE100000405,True
SUP000406,Supplier 000406,AT,Vienna,60,AT100000406,True
SUP000407,Supplier 000407,DE,Berlin,30,DE100000407,True
SUP000408,Supplier 000408,SK,Bratislava,60,SK100000408,True
SUP000409,Supplier 000409,SK,Bratislava,60,SK100000409,True
SUP000410,Supplier 000410,CZ,Prague,45,CZ100000410,True
SUP000411,Supplier 000411,PL,Warsaw,60,PL100000411,True
SUP000412,Supplier 000412,AT,Vienna,30,AT100000412,True
SUP000413,Supplier 000413,PL,Warsaw,14,PL100000413,True
SUP000414,Supplier 000414,CZ,Ostrava,45,CZ100000414,True
SUP000415,Supplier 000415,CZ,Brno,60,CZ100000415,True
SUP000416,Supplier 000416,CZ,Brno,60,CZ100000416,True
SUP000417,Supplier 000417,CZ,Prague,30,CZ100000417,True
SUP000418,Supplier 000418,AT,Vienna,30,AT100000418,True
SUP000419,Supplier 000419,CZ,Brno,60,CZ100000419,True
SUP000420,Supplier 000420,DE,Munich,45,DE100000420,True
SUP000421,Supplier 000421,AT,Vienna,14,AT100000421,True
SUP000422,Supplier 000422,DE,Berlin,60,DE100000422,True
SUP000423,Supplier 000423,DE,Berlin,60,DE100000423,True
SUP000424,Supplier 000424,CZ,Prague,14,CZ100000424,True
SUP000425,Supplier 000425,SK,Bratislava,45,SK100000425,True
SUP000426,Supplier 000426,SK,Bratislava,14,SK100000426,True
SUP000427,Supplier 000427,AT,Vienna,14,AT100000427,True
SUP000428,Supplier 000428,CZ,Brno,60,CZ100000428,True
SUP000429,Supplier 000429,CZ,Ostrava,45,CZ100000429,True
SUP000430,Supplier 000430,CZ,Prague,14,CZ100000430,True
SUP000431,Supplier 000431,DE,Berlin,14,DE100000431,True
SUP000432,Supplier 000432,DE,Munich,45,DE100000432,True
SUP000433,Supplier 000433,DE,Berlin,60,DE100000433,True
SUP000434,Supplier 000434,CZ,Ostrava,30,CZ100000434,True
SUP000435,Supplier 000435,AT,Vienna,30,AT100000435,True
SUP000436,Supplier 000436,CZ,Ostrava,30,CZ100000436,True
SUP000437,Supplier 000437,CZ,Brno,60,CZ100000437,True
SUP000438,Supplier 000438,SK,Bratislava,60,SK100000438,True
SUP000439,Supplier 000439,CZ,Ostrava,30,CZ100000439,True
SUP000440,Supplier 000440,PL,Warsaw,45,PL100000440,True
SUP000441,Supplier 000441,PL,Warsaw,45,PL100000441,True
SUP000442,Supplier 000442,CZ,Prague,60,CZ100000442,True
SUP000443,Supplier 000443,DE,Munich,30,DE100000443,True
SUP000444,Supplier 000444,CZ,Brno,60,CZ100000444,True
SUP000445,Supplier 000445,DE,Berlin,45,DE100000445,True
SUP000446,Supplier 000446,AT,Vienna,45,AT100000446,True
SUP000447,Supplier 000447,PL,Warsaw,45,PL100000447,True
SUP000448,Supplier 000448,SK,Bratislava,60,SK100000448,True
SUP000449,Supplier 000449,PL,Warsaw,14,PL100000449,True
SUP000450,Supplier 000450,SK,Bratislava,60,SK100000450,True
SUP000451,Supplier 000451,DE,Berlin,45,DE100000451,True
SUP000452,Supplier 000452,DE,Munich,14,DE100000452,True
SUP000453,Supplier 000453,AT,Vienna,45,AT100000453,True
SUP000454,Supplier 000454,CZ,Prague,14,CZ100000454,True
SUP000455,Supplier 000455,PL,Warsaw,45,PL100000455,True
SUP000456,Supplier 000456,SK,Bratislava,45,SK100000456,True
SUP000457,Supplier 000457,SK,Bratislava,30,SK100000457,True
SUP000458,Supplier 000458,DE,Munich,30,DE100000458,True
SUP000459,Supplier 000459,CZ,Brno,14,CZ100000459,True
SUP000460,Supplier 000460,DE,Munich,60,DE100000460,True
SUP000461,Supplier 000461,CZ,Prague,45,CZ100000461,True
SUP000462,Supplier 000462,CZ,Ostrava,14,CZ100000462,True
SUP000463,Supplier 000463,DE,Munich,45,DE100000463,True
SUP000464,Supplier 000464,AT,Vienna,30,AT100000464,True
SUP000465,Supplier 000465,SK,Bratislava,30,SK100000465,True
SUP000466,Supplier 000466,DE,Berlin,45,DE100000466,True
SUP000467,Supplier 000467,CZ,Ostrava,45,CZ100000467,True
SUP000468,Supplier 000468,PL,Warsaw,45,PL100000468,True
SUP000469,Supplier 000469,DE,Berlin,14,DE100000469,True
SUP000470,Supplier 000470,PL,Warsaw,14,PL100000470,True
SUP000471,Supplier 000471,CZ,Ostrava,30,CZ100000471,True
SUP000472,Supplier 000472,AT,Vienna,45,AT100000472,True
SUP000473,Supplier 000473,CZ,Brno,60,CZ100000473,True
SUP000474,Supplier 000474,CZ,Prague,45,CZ100000474,True
SUP000475,Supplier 000475,CZ,Brno,60,CZ100000475,True
SUP000476,Supplier 000476,DE,Berlin,45,DE100000476,True
SUP000477,Supplier 000477,AT,Vienna,45,AT100000477,True
SUP000478,Supplier 000478,CZ,Brno,30,CZ100000478,True
SUP000479,Supplier 000479,PL,Warsaw,14,PL100000479,True
SUP000480,Supplier 000480,DE,Berlin,30,DE100000480,True
SUP000481,Supplier 000481,CZ,Brno,60,CZ100000481,True
SUP000482,Supplier 000482,DE,Munich,60,DE100000482,True
SUP000483,Supplier 000483,CZ,Brno,30,CZ100000483,True
SUP000484,Supplier 000484,CZ,Prague,14,CZ100000484,True
SUP000485,Supplier 000485,DE,Munich,60,DE100000485,True
SUP000486,Supplier 000486,CZ,Brno,14,CZ100000486,True
SUP000487,Supplier 000487,SK,Bratislava,30,SK100000487,True
SUP000488,Supplier 000488,AT,Vienna,60,AT100000488,True
SUP000489,Supplier 000489,DE,Berlin,60,DE100000489,True
SUP000490,Supplier 000490,CZ,Ostrava,60,CZ100000490,True
SUP000491,Supplier 000491,CZ,Brno,60,CZ100000491,True
SUP000492,Supplier 000492,AT,Vienna,45,AT100000492,True
SUP000493,Supplier 000493,CZ,Prague,45,CZ100000493,True
SUP000494,Supplier 000494,SK,Bratislava,60,SK100000494,True
SUP000495,Supplier 000495,PL,Warsaw,30,PL100000495,True
SUP000496,Supplier 000496,DE,Berlin,14,DE100000496,True
SUP000497,Supplier 000497,DE,Berlin,45,DE100000497,True
SUP000498,Supplier 000498,CZ,Prague,60,CZ100000498,True
SUP000499,Supplier 000499,DE,Munich,30,DE100000499,True
SUP000500,Supplier 000500,CZ,Brno,60,CZ100000500,True
SUP000501,Supplier 000501,CZ,Brno,30,CZ100000501,True
SUP000502,Supplier 000502,CZ,Prague,14,CZ100000502,True
SUP000503,Supplier 000503,DE,Berlin,30,DE100000503,True
SUP000504,Supplier 000504,CZ,Ostrava,30,CZ100000504,True
SUP000505,Supplier 000505,CZ,Brno,30,CZ100000505,True
SUP000506,Supplier 000506,SK,Bratislava,30,SK100000506,True
SUP000507,Supplier 000507,DE,Berlin,30,DE100000507,True
SUP000508,Supplier 000508,CZ,Prague,45,CZ100000508,True
SUP000509,Supplier 000509,CZ,Ostrava,30,CZ100000509,True
SUP000510,Supplier 000510,DE,Munich,30,DE100000510,True
SUP000511,Supplier 000511,CZ,Brno,14,CZ100000511,True
SUP000512,Supplier 000512,CZ,Ostrava,14,CZ100000512,True
SUP000513,Supplier 000513,DE,Berlin,30,DE100000513,True
SUP000514,Supplier 000514,DE,Berlin,14,DE100000514,True
SUP000515,Supplier 000515,CZ,Ostrava,45,CZ100000515,True
SUP000516,Supplier 000516,CZ,Prague,30,CZ100000516,True
SUP000517,Supplier 000517,AT,Vienna,14,AT100000517,True
SUP000518,Supplier 000518,CZ,Brno,60,CZ100000518,True
SUP000519,Supplier 000519,PL,Warsaw,45,PL100000519,True
SUP000520,Supplier 000520,CZ,Brno,60,CZ100000520,True
SUP000521,Supplier 000521,SK,Bratislava,14,SK100000521,True
SUP000522,Supplier 000522,DE,Munich,60,DE100000522,True
SUP000523,Supplier 000523,CZ,Prague,14,CZ100000523,True
SUP000524,Supplier 000524,PL,Warsaw,60,PL100000524,True
SUP000525,Supplier 000525,AT,Vienna,14,AT100000525,True
SUP000526,Supplier 000526,PL,Warsaw,60,PL100000526,True
SUP000527,Supplier 000527,CZ,Brno,14,CZ100000527,True
SUP000528,Supplier 000528,DE,Berlin,30,DE100000528,True
SUP000529,Supplier 000529,CZ,Brno,30,CZ100000529,True
SUP000530,Supplier 000530,DE,Munich,45,DE100000530,True
SUP000531,Supplier 000531,AT,Vienna,45,AT100000531,True
SUP000532,Supplier 000532,PL,Warsaw,60,PL100000532,True
SUP000533,Supplier 000533,CZ,Brno,14,CZ100000533,True
SUP000534,Supplier 000534,SK,Bratislava,60,SK100000534,True
SUP000535,Supplier 000535,PL,Warsaw,30,PL100000535,True
SUP000536,Supplier 000536,AT,Vienna,45,AT100000536,True
SUP000537,Supplier 000537,PL,Warsaw,60,PL100000537,True
SUP000538,Supplier 000538,AT,Vienna,14,AT100000538,True
SUP000539,Supplier 000539,DE,Berlin,60,DE100000539,True
SUP000540,Supplier 000540,DE,Berlin,45,DE100000540,True
SUP000541,Supplier 000541,DE,Berlin,30,DE100000541,True
SUP000542,Supplier 000542,PL,Warsaw,14,PL100000542,True
SUP000543,Supplier 000543,CZ,Brno,14,CZ100000543,True
SUP000544,Supplier 000544,CZ,Brno,60,CZ100000544,True
SUP000545,Supplier 000545,CZ,Brno,45,CZ100000545,True
SUP000546,Supplier 000546,CZ,Ostrava,14,CZ100000546,True
SUP000547,Supplier 000547,DE,Berlin,14,DE100000547,True
SUP000548,Supplier 000548,AT,Vienna,45,AT100000548,True
SUP000549,Supplier 000549,AT,Vienna,14,AT100000549,True
SUP000550,Supplier 000550,DE,Munich,45,DE100000550,True
SUP000551,Supplier 000551,DE,Berlin,14,DE100000551,True
SUP000552,Supplier 000552,SK,Bratislava,30,SK100000552,True
SUP000553,Supplier 000553,PL,Warsaw,30,PL100000553,True
SUP000554,Supplier 000554,CZ,Brno,45,CZ100000554,True
SUP000555,Supplier 000555,DE,Berlin,14,DE100000555,True
SUP000556,Supplier 000556,DE,Munich,30,DE100000556,True
SUP000557,Supplier 000557,AT,Vienna,14,AT100000557,True
SUP000558,Supplier 000558,DE,Munich,14,DE100000558,True
SUP000559,Supplier 000559,CZ,Ostrava,45,CZ100000559,True
SUP000560,Supplier 000560,DE,Munich,45,DE100000560,True
SUP000561,Supplier 000561,DE,Berlin,14,DE100000561,True
SUP000562,Supplier 000562,CZ,Ostrava,30,CZ100000562,True
SUP000563,Supplier 000563,AT,Vienna,14,AT100000563,True
SUP000564,Supplier 000564,CZ,Ostrava,14,CZ100000564,True
SUP000565,Supplier 000565,CZ,Brno,30,CZ100000565,True
SUP000566,Supplier 000566,AT,Vienna,60,AT100000566,True
SUP000567,Supplier 000567,PL,Warsaw,45,PL100000567,True
SUP000568,Supplier 000568,CZ,Ostrava,45,CZ100000568,True
SUP000569,Supplier 000569,DE,Munich,45,DE100000569,True
SUP000570,Supplier 000570,CZ,Brno,14,CZ100000570,True
SUP000571,Supplier 000571,CZ,Ostrava,30,CZ100000571,True
SUP000572,Supplier 000572,CZ,Prague,14,CZ100000572,True
SUP000573,Supplier 000573,DE,Munich,60,DE100000573,True
SUP000574,Supplier 000574,AT,Vienna,60,AT100000574,True
SUP000575,Supplier 000575,PL,Warsaw,60,PL100000575,True
SUP000576,Supplier 000576,DE,Munich,30,DE100000576,True
SUP000577,Supplier 000577,CZ,Brno,45,CZ100000577,True
SUP000578,Supplier 000578,AT,Vienna,14,AT100000578,True
SUP000579,Supplier 000579,DE,Munich,60,DE100000579,True
SUP000580,Supplier 000580,DE,Munich,14,DE100000580,True
SUP000581,Supplier 000581,SK,Bratislava,60,SK100000581,True
SUP000582,Supplier 000582,CZ,Prague,14,CZ100000582,True
SUP000583,Supplier 000583,SK,Bratislava,45,SK100000583,True
SUP000584,Supplier 000584,SK,Bratislava,30,SK100000584,True
SUP000585,Supplier 000585,DE,Munich,45,DE100000585,True
SUP000586,Supplier 000586,DE,Berlin,14,DE100000586,True
SUP000587,Supplier 000587,CZ,Prague,60,CZ100000587,True
SUP000588,Supplier 000588,AT,Vienna,30,AT100000588,True
SUP000589,Supplier 000589,CZ,Ostrava,60,CZ100000589,True
SUP000590,Supplier 000590,SK,Bratislava,45,SK100000590,True
SUP000591,Supplier 000591,CZ,Brno,60,CZ100000591,True
SUP000592,Supplier 000592,CZ,Prague,60,CZ100000592,True
SUP000593,Supplier 000593,CZ,Prague,60,CZ100000593,True
SUP000594,Supplier 000594,CZ,Brno,45,CZ100000594,True
SUP000595,Supplier 000595,AT,Vienna,60,AT100000595,True
SUP000596,Supplier 000596,AT,Vienna,45,AT100000596,True
SUP000597,Supplier 000597,CZ,Brno,60,CZ100000597,True
SUP000598,Supplier 000598,CZ,Prague,45,CZ100000598,True
SUP000599,Supplier 000599,CZ,Ostrava,60,CZ100000599,True
SUP000600,Supplier 000600,DE,Berlin,14,DE100000600,True
SUP000601,Supplier 000601,AT,Vienna,14,AT100000601,True
SUP000602,Supplier 000602,SK,Bratislava,60,SK100000602,True
SUP000603,Supplier 000603,AT,Vienna,14,AT100000603,True
SUP000604,Supplier 000604,AT,Vienna,45,AT100000604,True
SUP000605,Supplier 000605,DE,Berlin,30,DE100000605,True
SUP000606,Supplier 000606,DE,Berlin,30,DE100000606,True
SUP000607,Supplier 000607,CZ,Brno,14,CZ100000607,True
SUP000608,Supplier 000608,SK,Bratislava,45,SK100000608,True
SUP000609,Supplier 000609,DE,Berlin,30,DE100000609,True
SUP000610,Supplier 000610,SK,Bratislava,14,SK100000610,True
SUP000611,Supplier 000611,CZ,Ostrava,45,CZ100000611,True
SUP000612,Supplier 000612,SK,Bratislava,30,SK100000612,True
SUP000613,Supplier 000613,CZ,Ostrava,14,CZ100000613,True
SUP000614,Supplier 000614,CZ,Ostrava,60,CZ100000614,True
SUP000615,Supplier 000615,PL,Warsaw,60,PL100000615,True
SUP000616,Supplier 000616,DE,Berlin,45,DE100000616,True
SUP000617,Supplier 000617,CZ,Ostrava,60,CZ100000617,True
SUP000618,Supplier 000618,CZ,Brno,60,CZ100000618,True
SUP000619,Supplier 000619,PL,Warsaw,45,PL100000619,True
SUP000620,Supplier 000620,DE,Munich,14,DE100000620,True
SUP000621,Supplier 000621,DE,Berlin,14,DE100000621,True
SUP000622,Supplier 000622,DE,Munich,60,DE100000622,True
SUP000623,Supplier 000623,PL,Warsaw,14,PL100000623,True
SUP000624,Supplier 000624,CZ,Prague,45,CZ100000624,True
SUP000625,Supplier 000625,DE,Munich,14,DE100000625,True
SUP000626,Supplier 000626,CZ,Brno,60,CZ100000626,True
SUP000627,Supplier 000627,PL,Warsaw,14,PL100000627,True
SUP000628,Supplier 000628,PL,Warsaw,30,PL100000628,True
SUP000629,Supplier 000629,DE,Berlin,60,DE100000629,True
SUP000630,Supplier 000630,CZ,Ostrava,14,CZ100000630,True
SUP000631,Supplier 000631,PL,Warsaw,14,PL100000631,True
SUP000632,Supplier 000632,DE,Berlin,14,DE100000632,True
SUP000633,Supplier 000633,CZ,Ostrava,14,CZ100000633,True
SUP000634,Supplier 000634,SK,Bratislava,60,SK100000634,True
SUP000635,Supplier 000635,PL,Warsaw,30,PL100000635,True
SUP000636,Supplier 000636,DE,Berlin,45,DE100000636,True
SUP000637,Supplier 000637,DE,Munich,60,DE100000637,True
SUP000638,Supplier 000638,AT,Vienna,45,AT100000638,True
SUP000639,Supplier 000639,CZ,Prague,45,CZ100000639,True
SUP000640,Supplier 000640,CZ,Brno,45,CZ100000640,True
SUP000641,Supplier 000641,CZ,Brno,60,CZ100000641,True
SUP000642,Supplier 000642,DE,Munich,45,DE100000642,True
SUP000643,Supplier 000643,CZ,Ostrava,45,CZ100000643,True
SUP000644,Supplier 000644,CZ,Brno,30,CZ100000644,True
SUP000645,Supplier 000645,DE,Berlin,45,DE100000645,True
SUP000646,Supplier 000646,AT,Vienna,30,AT100000646,True
SUP000647,Supplier 000647,CZ,Brno,45,CZ100000647,True
SUP000648,Supplier 000648,AT,Vienna,45,AT100000648,True
SUP000649,Supplier 000649,CZ,Ostrava,14,CZ100000649,True
SUP000650,Supplier 000650,AT,Vienna,45,AT100000650,True
SUP000651,Supplier 000651,CZ,Prague,45,CZ100000651,True
SUP000652,Supplier 000652,DE,Munich,30,DE100000652,True
SUP000653,Supplier 000653,SK,Bratislava,45,SK100000653,True
SUP000654,Supplier 000654,PL,Warsaw,30,PL100000654,True
SUP000655,Supplier 000655,SK,Bratislava,30,SK100000655,True
SUP000656,Supplier 000656,CZ,Ostrava,14,CZ100000656,True
SUP000657,Supplier 000657,DE,Munich,14,DE100000657,True
SUP000658,Supplier 000658,CZ,Prague,45,CZ100000658,True
SUP000659,Supplier 000659,CZ,Ostrava,60,CZ100000659,True
SUP000660,Supplier 000660,CZ,Ostrava,30,CZ100000660,True
SUP000661,Supplier 000661,CZ,Ostrava,30,CZ100000661,True
SUP000662,Supplier 000662,PL,Warsaw,14,PL100000662,True
SUP000663,Supplier 000663,AT,Vienna,45,AT100000663,True
SUP000664,Supplier 000664,SK,Bratislava,60,SK100000664,True
SUP000665,Supplier 000665,DE,Munich,60,DE100000665,True
SUP000666,Supplier 000666,SK,Bratislava,30,SK100000666,True
SUP000667,Supplier 000667,DE,Munich,60,DE100000667,True
SUP000668,Supplier 000668,SK,Bratislava,45,SK100000668,True
SUP000669,Supplier 000669,PL,Warsaw,60,PL100000669,True
SUP000670,Supplier 000670,DE,Munich,60,DE100000670,True
SUP000671,Supplier 000671,AT,Vienna,30,AT100000671,True
SUP000672,Supplier 000672,SK,Bratislava,30,SK100000672,True
SUP000673,Supplier 000673,DE,Munich,14,DE100000673,True
SUP000674,Supplier 000674,PL,Warsaw,45,PL100000674,True
SUP000675,Supplier 000675,CZ,Brno,14,CZ100000675,True
SUP000676,Supplier 000676,DE,Munich,14,DE100000676,True
SUP000677,Supplier 000677,CZ,Ostrava,45,CZ100000677,True
SUP000678,Supplier 000678,PL,Warsaw,30,PL100000678,True
SUP000679,Supplier 000679,AT,Vienna,14,AT100000679,True
SUP000680,Supplier 000680,SK,Bratislava,60,SK100000680,True
SUP000681,Supplier 000681,DE,Berlin,14,DE100000681,True
SUP000682,Supplier 000682,AT,Vienna,14,AT100000682,True
SUP000683,Supplier 000683,AT,Vienna,45,AT100000683,True
SUP000684,Supplier 000684,SK,Bratislava,60,SK100000684,True
SUP000685,Supplier 000685,CZ,Brno,45,CZ100000685,True
SUP000686,Supplier 000686,SK,Bratislava,14,SK100000686,True
SUP000687,Supplier 000687,DE,Berlin,14,DE100000687,True
SUP000688,Supplier 000688,DE,Berlin,30,DE100000688,True
SUP000689,Supplier 000689,CZ,Ostrava,14,CZ100000689,True
SUP000690,Supplier 000690,DE,Munich,60,DE100000690,True
SUP000691,Supplier 000691,CZ,Ostrava,60,CZ100000691,True
SUP000692,Supplier 000692,PL,Warsaw,14,PL100000692,True
SUP000693,Supplier 000693,CZ,Brno,14,CZ100000693,True
SUP000694,Supplier 000694,DE,Munich,30,DE100000694,True
SUP000695,Supplier 000695,CZ,Ostrava,60,CZ100000695,True
SUP000696,Supplier 000696,CZ,Brno,45,CZ100000696,True
SUP000697,Supplier 000697,SK,Bratislava,45,SK100000697,True
SUP000698,Supplier 000698,CZ,Brno,14,CZ100000698,True
SUP000699,Supplier 000699,SK,Bratislava,60,SK100000699,True
SUP000700,Supplier 000700,PL,Warsaw,14,PL100000700,True
SUP000701,Supplier 000701,CZ,Brno,60,CZ100000701,True
SUP000702,Supplier 000702,CZ,Prague,30,CZ100000702,True
SUP000703,Supplier 000703,CZ,Ostrava,45,CZ100000703,True
SUP000704,Supplier 000704,AT,Vienna,14,AT100000704,True
SUP000705,Supplier 000705,DE,Berlin,30,DE100000705,True
SUP000706,Supplier 000706,AT,Vienna,30,AT100000706,True
SUP000707,Supplier 000707,CZ,Brno,45,CZ100000707,True
SUP000708,Supplier 000708,CZ,Brno,14,CZ100000708,True
SUP000709,Supplier 000709,AT,Vienna,60,AT100000709,True
SUP000710,Supplier 000710,CZ,Prague,60,CZ100000710,True
SUP000711,Supplier 000711,DE,Berlin,45,DE100000711,True
SUP000712,Supplier 000712,CZ,Prague,45,CZ100000712,True
SUP000713,Supplier 000713,CZ,Brno,45,CZ100000713,True
SUP000714,Supplier 000714,SK,Bratislava,14,SK100000714,True
SUP000715,Supplier 000715,DE,Berlin,30,DE100000715,True
SUP000716,Supplier 000716,CZ,Prague,45,CZ100000716,True
SUP000717,Supplier 000717,DE,Berlin,30,DE100000717,True
SUP000718,Supplier 000718,PL,Warsaw,60,PL100000718,True
SUP000719,Supplier 000719,CZ,Ostrava,30,CZ100000719,True
SUP000720,Supplier 000720,CZ,Brno,60,CZ100000720,True
SUP000721,Supplier 000721,CZ,Prague,45,CZ100000721,True
SUP000722,Supplier 000722,SK,Bratislava,14,SK100000722,True
SUP000723,Supplier 000723,SK,Bratislava,14,SK100000723,True
SUP000724,Supplier 000724,DE,Berlin,45,DE100000724,True
SUP000725,Supplier 000725,AT,Vienna,60,AT100000725,True
SUP000726,Supplier 000726,DE,Munich,14,DE100000726,True
SUP000727,Supplier 000727,SK,Bratislava,45,SK100000727,True
SUP000728,Supplier 000728,DE,Berlin,14,DE100000728,True
SUP000729,Supplier 000729,DE,Berlin,45,DE100000729,True
SUP000730,Supplier 000730,CZ,Brno,45,CZ100000730,True
SUP000731,Supplier 000731,AT,Vienna,60,AT100000731,True
SUP000732,Supplier 000732,PL,Warsaw,60,PL100000732,True
SUP000733,Supplier 000733,DE,Berlin,30,DE100000733,True
SUP000734,Supplier 000734,PL,Warsaw,60,PL100000734,True
SUP000735,Supplier 000735,DE,Berlin,45,DE100000735,True
SUP000736,Supplier 000736,CZ,Brno,60,CZ100000736,True
SUP000737,Supplier 000737,CZ,Brno,60,CZ100000737,True
SUP000738,Supplier 000738,CZ,Ostrava,45,CZ100000738,True
SUP000739,Supplier 000739,DE,Berlin,14,DE100000739,True
SUP000740,Supplier 000740,CZ,Brno,45,CZ100000740,True
SUP000741,Supplier 000741,DE,Munich,45,DE100000741,True
SUP000742,Supplier 000742,PL,Warsaw,60,PL100000742,True
SUP000743,Supplier 000743,CZ,Ostrava,60,CZ100000743,True
SUP000744,Supplier 000744,DE,Berlin,60,DE100000744,True
SUP000745,Supplier 000745,CZ,Prague,45,CZ100000745,True
SUP000746,Supplier 000746,AT,Vienna,45,AT100000746,True
SUP000747,Supplier 000747,CZ,Prague,14,CZ100000747,True
SUP000748,Supplier 000748,AT,Vienna,45,AT100000748,True
SUP000749,Supplier 000749,CZ,Ostrava,14,CZ100000749,True
SUP000750,Supplier 000750,CZ,Ostrava,60,CZ100000750,True
SUP000751,Supplier 000751,CZ,Prague,30,CZ100000751,True
SUP000752,Supplier 000752,CZ,Brno,30,CZ100000752,True
SUP000753,Supplier 000753,DE,Berlin,45,DE100000753,True
SUP000754,Supplier 000754,AT,Vienna,14,AT100000754,True
SUP000755,Supplier 000755,CZ,Ostrava,60,CZ100000755,True
SUP000756,Supplier 000756,DE,Berlin,45,DE100000756,True
SUP000757,Supplier 000757,PL,Warsaw,14,PL100000757,True
SUP000758,Supplier 000758,CZ,Ostrava,45,CZ100000758,True
SUP000759,Supplier 000759,AT,Vienna,45,AT100000759,True
SUP000760,Supplier 000760,DE,Munich,30,DE100000760,True
SUP000761,Supplier 000761,CZ,Brno,14,CZ100000761,True
SUP000762,Supplier 000762,CZ,Ostrava,60,CZ100000762,True
SUP000763,Supplier 000763,AT,Vienna,14,AT100000763,True
SUP000764,Supplier 000764,DE,Munich,45,DE100000764,True
SUP000765,Supplier 000765,PL,Warsaw,30,PL100000765,True
SUP000766,Supplier 000766,DE,Munich,60,DE100000766,True
SUP000767,Supplier 000767,SK,Bratislava,14,SK100000767,True
SUP000768,Supplier 000768,CZ,Ostrava,14,CZ100000768,True
SUP000769,Supplier 000769,PL,Warsaw,30,PL100000769,True
SUP000770,Supplier 000770,PL,Warsaw,14,PL100000770,True
SUP000771,Supplier 000771,DE,Berlin,45,DE100000771,True
SUP000772,Supplier 000772,CZ,Brno,45,CZ100000772,True
SUP000773,Supplier 000773,DE,Munich,30,DE100000773,True
SUP000774,Supplier 000774,CZ,Ostrava,45,CZ100000774,True
SUP000775,Supplier 000775,SK,Bratislava,14,SK100000775,True
SUP000776,Supplier 000776,SK,Bratislava,30,SK100000776,True
SUP000777,Supplier 000777,SK,Bratislava,60,SK100000777,True
SUP000778,Supplier 000778,CZ,Prague,45,CZ100000778,True
SUP000779,Supplier 000779,DE,Berlin,60,DE100000779,True
SUP000780,Supplier 000780,CZ,Ostrava,14,CZ100000780,True
SUP000781,Supplier 000781,CZ,Brno,45,CZ100000781,True
SUP000782,Supplier 000782,AT,Vienna,60,AT100000782,True
SUP000783,Supplier 000783,AT,Vienna,60,AT100000783,True
SUP000784,Supplier 000784,CZ,Brno,30,CZ100000784,True
SUP000785,Supplier 000785,DE,Berlin,14,DE100000785,True
SUP000786,Supplier 000786,PL,Warsaw,60,PL100000786,True
SUP000787,Supplier 000787,DE,Berlin,30,DE100000787,True
SUP000788,Supplier 000788,CZ,Ostrava,30,CZ100000788,True
SUP000789,Supplier 000789,AT,Vienna,14,AT100000789,True
SUP000790,Supplier 000790,CZ,Brno,30,CZ100000790,True
SUP000791,Supplier 000791,DE,Munich,30,DE100000791,True
SUP000792,Supplier 000792,CZ,Ostrava,45,CZ100000792,True
SUP000793,Supplier 000793,SK,Bratislava,45,SK100000793,True
SUP000794,Supplier 000794,DE,Munich,14,DE100000794,True
SUP000795,Supplier 000795,DE,Munich,30,DE100000795,True
SUP000796,Supplier 000796,DE,Munich,30,DE100000796,True
SUP000797,Supplier 000797,DE,Munich,14,DE100000797,True
SUP000798,Supplier 000798,CZ,Ostrava,30,CZ100000798,True
SUP000799,Supplier 000799,CZ,Ostrava,45,CZ100000799,True
SUP000800,Supplier 000800,CZ,Prague,14,CZ100000800,True
SUP000801,Supplier 000801,CZ,Brno,14,CZ100000801,True
SUP000802,Supplier 000802,DE,Munich,30,DE100000802,True
SUP000803,Supplier 000803,AT,Vienna,14,AT100000803,True
SUP000804,Supplier 000804,PL,Warsaw,45,PL100000804,True
SUP000805,Supplier 000805,DE,Munich,60,DE100000805,True
SUP000806,Supplier 000806,SK,Bratislava,60,SK100000806,True
SUP000807,Supplier 000807,DE,Munich,60,DE100000807,True
SUP000808,Supplier 000808,CZ,Brno,14,CZ100000808,True
SUP000809,Supplier 000809,CZ,Ostrava,60,CZ100000809,True
SUP000810,Supplier 000810,AT,Vienna,60,AT100000810,True
SUP000811,Supplier 000811,PL,Warsaw,30,PL100000811,True
SUP000812,Supplier 000812,DE,Berlin,30,DE100000812,True
SUP000813,Supplier 000813,DE,Berlin,45,DE100000813,True
SUP000814,Supplier 000814,DE,Berlin,60,DE100000814,True
SUP000815,Supplier 000815,CZ,Ostrava,45,CZ100000815,True
SUP000816,Supplier 000816,CZ,Brno,45,CZ100000816,True
SUP000817,Supplier 000817,SK,Bratislava,60,SK100000817,True
SUP000818,Supplier 000818,CZ,Brno,45,CZ100000818,True
SUP000819,Supplier 000819,PL,Warsaw,30,PL100000819,True
SUP000820,Supplier 000820,CZ,Ostrava,14,CZ100000820,True
SUP000821,Supplier 000821,CZ,Prague,45,CZ100000821,True
SUP000822,Supplier 000822,AT,Vienna,60,AT100000822,True
SUP000823,Supplier 000823,SK,Bratislava,30,SK100000823,True
SUP000824,Supplier 000824,DE,Berlin,45,DE100000824,True
SUP000825,Supplier 000825,SK,Bratislava,30,SK100000825,True
SUP000826,Supplier 000826,PL,Warsaw,60,PL100000826,True
SUP000827,Supplier 000827,PL,Warsaw,45,PL100000827,True
SUP000828,Supplier 000828,PL,Warsaw,14,PL100000828,True
SUP000829,Supplier 000829,CZ,Brno,60,CZ100000829,True
SUP000830,Supplier 000830,PL,Warsaw,30,PL100000830,True
SUP000831,Supplier 000831,SK,Bratislava,45,SK100000831,True
SUP000832,Supplier 000832,CZ,Prague,14,CZ100000832,True
SUP000833,Supplier 000833,DE,Munich,60,DE100000833,True
SUP000834,Supplier 000834,PL,Warsaw,45,PL100000834,True
SUP000835,Supplier 000835,CZ,Prague,14,CZ100000835,True
SUP000836,Supplier 000836,AT,Vienna,30,AT100000836,True
SUP000837,Supplier 000837,DE,Munich,45,DE100000837,True
SUP000838,Supplier 000838,AT,Vienna,45,AT100000838,True
SUP000839,Supplier 000839,CZ,Prague,60,CZ100000839,True
SUP000840,Supplier 000840,CZ,Prague,30,CZ100000840,True
SUP000841,Supplier 000841,DE,Berlin,45,DE100000841,True
SUP000842,Supplier 000842,CZ,Brno,60,CZ100000842,True
SUP000843,Supplier 000843,PL,Warsaw,45,PL100000843,True
SUP000844,Supplier 000844,CZ,Brno,30,CZ100000844,True
SUP000845,Supplier 000845,CZ,Brno,60,CZ100000845,True
SUP000846,Supplier 000846,DE,Berlin,45,DE100000846,True
SUP000847,Supplier 000847,DE,Berlin,30,DE100000847,True
SUP000848,Supplier 000848,SK,Bratislava,60,SK100000848,True
SUP000849,Supplier 000849,CZ,Prague,14,CZ100000849,True
SUP000850,Supplier 000850,CZ,Prague,30,CZ100000850,True
SUP000851,Supplier 000851,DE,Berlin,60,DE100000851,True
SUP000852,Supplier 000852,PL,Warsaw,30,PL100000852,True
SUP000853,Supplier 000853,CZ,Ostrava,45,CZ100000853,True
SUP000854,Supplier 000854,DE,Berlin,30,DE100000854,True
SUP000855,Supplier 000855,AT,Vienna,45,AT100000855,True
SUP000856,Supplier 000856,DE,Berlin,60,DE100000856,True
SUP000857,Supplier 000857,DE,Munich,60,DE100000857,True
SUP000858,Supplier 000858,CZ,Prague,45,CZ100000858,True
SUP000859,Supplier 000859,DE,Berlin,14,DE100000859,True
SUP000860,Supplier 000860,AT,Vienna,45,AT100000860,True
SUP000861,Supplier 000861,CZ,Prague,60,CZ100000861,True
SUP000862,Supplier 000862,DE,Munich,30,DE100000862,True
SUP000863,Supplier 000863,CZ,Prague,60,CZ100000863,True
SUP000864,Supplier 000864,CZ,Ostrava,60,CZ100000864,True
SUP000865,Supplier 000865,CZ,Ostrava,30,CZ100000865,True
SUP000866,Supplier 000866,CZ,Prague,14,CZ100000866,True
SUP000867,Supplier 000867,SK,Bratislava,14,SK100000867,True
SUP000868,Supplier 000868,PL,Warsaw,45,PL100000868,True
SUP000869,Supplier 000869,AT,Vienna,30,AT100000869,True
SUP000870,Supplier 000870,AT,Vienna,30,AT100000870,True
SUP000871,Supplier 000871,AT,Vienna,60,AT100000871,True
SUP000872,Supplier 000872,CZ,Prague,30,CZ100000872,True
SUP000873,Supplier 000873,SK,Bratislava,45,SK100000873,True
SUP000874,Supplier 000874,PL,Warsaw,60,PL100000874,True
SUP000875,Supplier 000875,DE,Berlin,30,DE100000875,True
SUP000876,Supplier 000876,PL,Warsaw,45,PL100000876,True
SUP000877,Supplier 000877,DE,Berlin,45,DE100000877,True
SUP000878,Supplier 000878,PL,Warsaw,30,PL100000878,True
SUP000879,Supplier 000879,SK,Bratislava,45,SK100000879,True
SUP000880,Supplier 000880,DE,Munich,30,DE100000880,True
SUP000881,Supplier 000881,DE,Munich,45,DE100000881,True
SUP000882,Supplier 000882,SK,Bratislava,60,SK100000882,True
SUP000883,Supplier 000883,DE,Berlin,60,DE100000883,True
SUP000884,Supplier 000884,DE,Berlin,45,DE100000884,True
SUP000885,Supplier 000885,DE,Munich,14,DE100000885,True
SUP000886,Supplier 000886,AT,Vienna,60,AT100000886,True
SUP000887,Supplier 000887,DE,Berlin,30,DE100000887,True
SUP000888,Supplier 000888,DE,Munich,14,DE100000888,True
SUP000889,Supplier 000889,DE,Munich,14,DE100000889,True
SUP000890,Supplier 000890,DE,Berlin,60,DE100000890,True
SUP000891,Supplier 000891,DE,Munich,60,DE100000891,True
SUP000892,Supplier 000892,SK,Bratislava,30,SK100000892,True
SUP000893,Supplier 000893,DE,Munich,45,DE100000893,True
SUP000894,Supplier 000894,CZ,Ostrava,14,CZ100000894,True
SUP000895,Supplier 000895,SK,Bratislava,30,SK100000895,True
SUP000896,Supplier 000896,CZ,Prague,30,CZ100000896,True
SUP000897,Supplier 000897,SK,Bratislava,14,SK100000897,True
SUP000898,Supplier 000898,CZ,Brno,60,CZ100000898,True
SUP000899,Supplier 000899,DE,Berlin,60,DE100000899,True
SUP000900,Supplier 000900,CZ,Brno,30,CZ100000900,True
SUP000901,Supplier 000901,CZ,Prague,30,CZ100000901,True
SUP000902,Supplier 000902,AT,Vienna,60,AT100000902,True
SUP000903,Supplier 000903,PL,Warsaw,30,PL100000903,True
SUP000904,Supplier 000904,DE,Munich,45,DE100000904,True
SUP000905,Supplier 000905,DE,Munich,14,DE100000905,True
SUP000906,Supplier 000906,CZ,Brno,30,CZ100000906,True
SUP000907,Supplier 000907,CZ,Prague,30,CZ100000907,True
SUP000908,Supplier 000908,AT,Vienna,30,AT100000908,True
SUP000909,Supplier 000909,CZ,Prague,60,CZ100000909,True
SUP000910,Supplier 000910,PL,Warsaw,30,PL100000910,True
SUP000911,Supplier 000911,DE,Munich,14,DE100000911,True
SUP000912,Supplier 000912,CZ,Prague,45,CZ100000912,True
SUP000913,Supplier 000913,CZ,Brno,45,CZ100000913,True
SUP000914,Supplier 000914,DE,Munich,60,DE100000914,True
SUP000915,Supplier 000915,PL,Warsaw,30,PL100000915,True
SUP000916,Supplier 000916,PL,Warsaw,45,PL100000916,True
SUP000917,Supplier 000917,SK,Bratislava,14,SK100000917,True
SUP000918,Supplier 000918,DE,Berlin,30,DE100000918,True
SUP000919,Supplier 000919,PL,Warsaw,45,PL100000919,True
SUP000920,Supplier 000920,CZ,Ostrava,14,CZ100000920,True
SUP000921,Supplier 000921,DE,Berlin,45,DE100000921,True
SUP000922,Supplier 000922,SK,Bratislava,30,SK100000922,True
SUP000923,Supplier 000923,AT,Vienna,60,AT100000923,True
SUP000924,Supplier 000924,DE,Berlin,14,DE100000924,True
SUP000925,Supplier 000925,AT,Vienna,14,AT100000925,True
SUP000926,Supplier 000926,CZ,Ostrava,30,CZ100000926,True
SUP000927,Supplier 000927,PL,Warsaw,45,PL100000927,True
SUP000928,Supplier 000928,SK,Bratislava,14,SK100000928,True
SUP000929,Supplier 000929,DE,Munich,60,DE100000929,True
SUP000930,Supplier 000930,SK,Bratislava,60,SK100000930,True
SUP000931,Supplier 000931,DE,Munich,45,DE100000931,True
SUP000932,Supplier 000932,DE,Munich,14,DE100000932,True
SUP000933,Supplier 000933,DE,Munich,45,DE100000933,True
SUP000934,Supplier 000934,SK,Bratislava,14,SK100000934,True
SUP000935,Supplier 000935,CZ,Brno,60,CZ100000935,True
SUP000936,Supplier 000936,DE,Munich,30,DE100000936,True
SUP000937,Supplier 000937,AT,Vienna,45,AT100000937,True
SUP000938,Supplier 000938,CZ,Brno,45,CZ100000938,True
SUP000939,Supplier 000939,DE,Berlin,30,DE100000939,True
SUP000940,Supplier 000940,SK,Bratislava,30,SK100000940,True
SUP000941,Supplier 000941,PL,Warsaw,30,PL100000941,True
SUP000942,Supplier 000942,PL,Warsaw,45,PL100000942,True
SUP000943,Supplier 000943,AT,Vienna,60,AT100000943,True
SUP000944,Supplier 000944,SK,Bratislava,30,SK100000944,True
SUP000945,Supplier 000945,CZ,Brno,60,CZ100000945,True
SUP000946,Supplier 000946,DE,Berlin,14,DE100000946,True
SUP000947,Supplier 000947,CZ,Brno,14,CZ100000947,True
SUP000948,Supplier 000948,SK,Bratislava,30,SK100000948,True
SUP000949,Supplier 000949,CZ,Ostrava,45,CZ100000949,True
SUP000950,Supplier 000950,PL,Warsaw,14,PL100000950,True
SUP000951,Supplier 000951,SK,Bratislava,60,SK100000951,True
SUP000952,Supplier 000952,CZ,Brno,60,CZ100000952,True
SUP000953,Supplier 000953,CZ,Prague,60,CZ100000953,True
SUP000954,Supplier 000954,CZ,Ostrava,60,CZ100000954,True
SUP000955,Supplier 000955,PL,Warsaw,14,PL100000955,True
SUP000956,Supplier 000956,PL,Warsaw,45,PL100000956,True
SUP000957,Supplier 000957,CZ,Prague,60,CZ100000957,True
SUP000958,Supplier 000958,DE,Munich,14,DE100000958,True
SUP000959,Supplier 000959,SK,Bratislava,14,SK100000959,True
SUP000960,Supplier 000960,CZ,Prague,60,CZ100000960,True
SUP000961,Supplier 000961,DE,Berlin,14,DE100000961,True
SUP000962,Supplier 000962,CZ,Prague,14,CZ100000962,True
SUP000963,Supplier 000963,PL,Warsaw,14,PL100000963,True
SUP000964,Supplier 000964,DE,Munich,60,DE100000964,True
SUP000965,Supplier 000965,CZ,Ostrava,30,CZ100000965,True
SUP000966,Supplier 000966,AT,Vienna,45,AT100000966,True
SUP000967,Supplier 000967,AT,Vienna,60,AT100000967,True
SUP000968,Supplier 000968,AT,Vienna,60,AT100000968,True
SUP000969,Supplier 000969,CZ,Brno,30,CZ100000969,True
SUP000970,Supplier 000970,DE,Berlin,14,DE100000970,True
SUP000971,Supplier 000971,CZ,Ostrava,60,CZ100000971,True
SUP000972,Supplier 000972,CZ,Ostrava,30,CZ100000972,True
SUP000973,Supplier 000973,CZ,Prague,14,CZ100000973,True
SUP000974,Supplier 000974,DE,Munich,60,DE100000974,True
SUP000975,Supplier 000975,AT,Vienna,60,AT100000975,True
SUP000976,Supplier 000976,SK,Bratislava,30,SK100000976,True
SUP000977,Supplier 000977,PL,Warsaw,45,PL100000977,True
SUP000978,Supplier 000978,CZ,Ostrava,45,CZ100000978,True
SUP000979,Supplier 000979,SK,Bratislava,14,SK100000979,True
SUP000980,Supplier 000980,CZ,Prague,60,CZ100000980,True
SUP000981,Supplier 000981,CZ,Prague,30,CZ100000981,True
SUP000982,Supplier 000982,SK,Bratislava,14,SK100000982,True
SUP000983,Supplier 000983,CZ,Brno,14,CZ100000983,True
SUP000984,Supplier 000984,PL,Warsaw,14,PL100000984,True
SUP000985,Supplier 000985,SK,Bratislava,14,SK100000985,True
SUP000986,Supplier 000986,AT,Vienna,60,AT100000986,True
SUP000987,Supplier 000987,SK,Bratislava,30,SK100000987,True
SUP000988,Supplier 000988,CZ,Prague,30,CZ100000988,True
SUP000989,Supplier 000989,DE,Munich,30,DE100000989,True
SUP000990,Supplier 000990,DE,Berlin,45,DE100000990,True
SUP000991,Supplier 000991,SK,Bratislava,45,SK100000991,True
SUP000992,Supplier 000992,CZ,Ostrava,30,CZ100000992,True
SUP000993,Supplier 000993,AT,Vienna,45,AT100000993,True
SUP000994,Supplier 000994,DE,Munich,14,DE100000994,True
SUP000995,Supplier 000995,CZ,Ostrava,60,CZ100000995,True
SUP000996,Supplier 000996,PL,Warsaw,14,PL100000996,True
SUP000997,Supplier 000997,DE,Berlin,60,DE100000997,True
SUP000998,Supplier 000998,DE,Berlin,60,DE100000998,True
SUP000999,Supplier 000999,AT,Vienna,30,AT100000999,True
SUP001000,Supplier 001000,DE,Munich,60,DE100001000,True
SUP001001,Supplier 001001,CZ,Ostrava,60,CZ100001001,True
SUP001002,Supplier 001002,SK,Bratislava,30,SK100001002,True
SUP001003,Supplier 001003,DE,Munich,30,DE100001003,True
SUP001004,Supplier 001004,PL,Warsaw,14,PL100001004,True
SUP001005,Supplier 001005,AT,Vienna,60,AT100001005,True
SUP001006,Supplier 001006,CZ,Ostrava,60,CZ100001006,True
SUP001007,Supplier 001007,SK,Bratislava,45,SK100001007,True
SUP001008,Supplier 001008,SK,Bratislava,45,SK100001008,True
SUP001009,Supplier 001009,CZ,Brno,60,CZ100001009,True
SUP001010,Supplier 001010,DE,Berlin,14,DE100001010,True
SUP001011,Supplier 001011,SK,Bratislava,14,SK100001011,True
SUP001012,Supplier 001012,DE,Munich,60,DE100001012,True
SUP001013,Supplier 001013,CZ,Prague,14,CZ100001013,True
SUP001014,Supplier 001014,SK,Bratislava,30,SK100001014,True
SUP001015,Supplier 001015,PL,Warsaw,30,PL100001015,True
SUP001016,Supplier 001016,DE,Berlin,45,DE100001016,True
SUP001017,Supplier 001017,CZ,Prague,30,CZ100001017,True
SUP001018,Supplier 001018,SK,Bratislava,14,SK100001018,True
SUP001019,Supplier 001019,PL,Warsaw,30,PL100001019,True
SUP001020,Supplier 001020,SK,Bratislava,60,SK100001020,True
SUP001021,Supplier 001021,SK,Bratislava,45,SK100001021,True
SUP001022,Supplier 001022,DE,Munich,60,DE100001022,True
SUP001023,Supplier 001023,PL,Warsaw,45,PL100001023,True
SUP001024,Supplier 001024,DE,Munich,45,DE100001024,True
SUP001025,Supplier 001025,DE,Berlin,60,DE100001025,True
SUP001026,Supplier 001026,PL,Warsaw,14,PL100001026,True
SUP001027,Supplier 001027,PL,Warsaw,45,PL100001027,True
SUP001028,Supplier 001028,SK,Bratislava,45,SK100001028,True
SUP001029,Supplier 001029,DE,Berlin,60,DE100001029,True
SUP001030,Supplier 001030,CZ,Prague,30,CZ100001030,True
SUP001031,Supplier 001031,CZ,Ostrava,14,CZ100001031,True
SUP001032,Supplier 001032,DE,Munich,60,DE100001032,True
SUP001033,Supplier 001033,DE,Munich,30,DE100001033,True
SUP001034,Supplier 001034,SK,Bratislava,45,SK100001034,True
SUP001035,Supplier 001035,SK,Bratislava,60,SK100001035,True
SUP001036,Supplier 001036,SK,Bratislava,60,SK100001036,True
SUP001037,Supplier 001037,DE,Berlin,45,DE100001037,True
SUP001038,Supplier 001038,PL,Warsaw,60,PL100001038,True
SUP001039,Supplier 001039,PL,Warsaw,30,PL100001039,True
SUP001040,Supplier 001040,DE,Berlin,30,DE100001040,True
SUP001041,Supplier 001041,CZ,Ostrava,60,CZ100001041,True
SUP001042,Supplier 001042,CZ,Ostrava,14,CZ100001042,True
SUP001043,Supplier 001043,CZ,Prague,14,CZ100001043,True
SUP001044,Supplier 001044,CZ,Prague,14,CZ100001044,True
SUP001045,Supplier 001045,AT,Vienna,30,AT100001045,True
SUP001046,Supplier 001046,SK,Bratislava,14,SK100001046,True
SUP001047,Supplier 001047,CZ,Ostrava,14,CZ100001047,True
SUP001048,Supplier 001048,SK,Bratislava,60,SK100001048,True
SUP001049,Supplier 001049,DE,Berlin,14,DE100001049,True
SUP001050,Supplier 001050,PL,Warsaw,60,PL100001050,True
SUP001051,Supplier 001051,CZ,Prague,14,CZ100001051,True
SUP001052,Supplier 001052,AT,Vienna,14,AT100001052,True
SUP001053,Supplier 001053,CZ,Prague,45,CZ100001053,True
SUP001054,Supplier 001054,DE,Munich,14,DE100001054,True
SUP001055,Supplier 001055,AT,Vienna,30,AT100001055,True
SUP001056,Supplier 001056,CZ,Brno,14,CZ100001056,True
SUP001057,Supplier 001057,CZ,Ostrava,30,CZ100001057,True
SUP001058,Supplier 001058,SK,Bratislava,45,SK100001058,True
SUP001059,Supplier 001059,DE,Berlin,45,DE100001059,True
SUP001060,Supplier 001060,AT,Vienna,14,AT100001060,True
SUP001061,Supplier 001061,DE,Berlin,60,DE100001061,True
SUP001062,Supplier 001062,PL,Warsaw,30,PL100001062,True
SUP001063,Supplier 001063,SK,Bratislava,45,SK100001063,True
SUP001064,Supplier 001064,CZ,Brno,14,CZ100001064,True
SUP001065,Supplier 001065,CZ,Brno,60,CZ100001065,True
SUP001066,Supplier 001066,AT,Vienna,60,AT100001066,True
SUP001067,Supplier 001067,PL,Warsaw,14,PL100001067,True
SUP001068,Supplier 001068,CZ,Prague,30,CZ100001068,True
SUP001069,Supplier 001069,CZ,Brno,60,CZ100001069,True
SUP001070,Supplier 001070,AT,Vienna,45,AT100001070,True
SUP001071,Supplier 001071,CZ,Brno,14,CZ100001071,True
SUP001072,Supplier 001072,SK,Bratislava,30,SK100001072,True
SUP001073,Supplier 001073,PL,Warsaw,45,PL100001073,True
SUP001074,Supplier 001074,CZ,Prague,14,CZ100001074,True
SUP001075,Supplier 001075,DE,Munich,14,DE100001075,True
SUP001076,Supplier 001076,CZ,Ostrava,45,CZ100001076,True
SUP001077,Supplier 001077,CZ,Prague,30,CZ100001077,True
SUP001078,Supplier 001078,CZ,Ostrava,60,CZ100001078,True
SUP001079,Supplier 001079,CZ,Brno,45,CZ100001079,True
SUP001080,Supplier 001080,CZ,Ostrava,30,CZ100001080,True
SUP001081,Supplier 001081,AT,Vienna,45,AT100001081,True
SUP001082,Supplier 001082,AT,Vienna,30,AT100001082,True
SUP001083,Supplier 001083,CZ,Brno,45,CZ100001083,True
SUP001084,Supplier 001084,CZ,Prague,14,CZ100001084,True
SUP001085,Supplier 001085,AT,Vienna,30,AT100001085,True
SUP001086,Supplier 001086,CZ,Brno,45,CZ100001086,True
SUP001087,Supplier 001087,AT,Vienna,45,AT100001087,True
SUP001088,Supplier 001088,CZ,Prague,45,CZ100001088,True
SUP001089,Supplier 001089,PL,Warsaw,60,PL100001089,True
SUP001090,Supplier 001090,SK,Bratislava,45,SK100001090,True
SUP001091,Supplier 001091,AT,Vienna,60,AT100001091,True
SUP001092,Supplier 001092,CZ,Ostrava,60,CZ100001092,True
SUP001093,Supplier 001093,CZ,Brno,45,CZ100001093,True
SUP001094,Supplier 001094,SK,Bratislava,14,SK100001094,True
SUP001095,Supplier 001095,CZ,Brno,45,CZ100001095,True
SUP001096,Supplier 001096,CZ,Ostrava,60,CZ100001096,True
SUP001097,Supplier 001097,CZ,Ostrava,60,CZ100001097,True
SUP001098,Supplier 001098,DE,Berlin,45,DE100001098,True
SUP001099,Supplier 001099,CZ,Brno,14,CZ100001099,True
SUP001100,Supplier 001100,CZ,Prague,45,CZ100001100,True
SUP001101,Supplier 001101,PL,Warsaw,45,PL100001101,True
SUP001102,Supplier 001102,DE,Munich,14,DE100001102,True
SUP001103,Supplier 001103,CZ,Ostrava,14,CZ100001103,True
SUP001104,Supplier 001104,CZ,Ostrava,60,CZ100001104,True
SUP001105,Supplier 001105,PL,Warsaw,60,PL100001105,True
SUP001106,Supplier 001106,CZ,Brno,14,CZ100001106,True
SUP001107,Supplier 001107,CZ,Brno,45,CZ100001107,True
SUP001108,Supplier 001108,CZ,Brno,45,CZ100001108,True
SUP001109,Supplier 001109,AT,Vienna,14,AT100001109,True
SUP001110,Supplier 001110,DE,Munich,60,DE100001110,True
SUP001111,Supplier 001111,AT,Vienna,14,AT100001111,True
SUP001112,Supplier 001112,SK,Bratislava,30,SK100001112,True
SUP001113,Supplier 001113,AT,Vienna,30,AT100001113,True
SUP001114,Supplier 001114,CZ,Ostrava,45,CZ100001114,True
SUP001115,Supplier 001115,DE,Munich,45,DE100001115,True
SUP001116,Supplier 001116,PL,Warsaw,30,PL100001116,True
SUP001117,Supplier 001117,CZ,Brno,30,CZ100001117,True
SUP001118,Supplier 001118,AT,Vienna,45,AT100001118,True
SUP001119,Supplier 001119,AT,Vienna,45,AT100001119,True
SUP001120,Supplier 001120,PL,Warsaw,14,PL100001120,True
SUP001121,Supplier 001121,DE,Berlin,45,DE100001121,True
SUP001122,Supplier 001122,SK,Bratislava,60,SK100001122,True
SUP001123,Supplier 001123,SK,Bratislava,60,SK100001123,True
SUP001124,Supplier 001124,CZ,Brno,30,CZ100001124,True
SUP001125,Supplier 001125,DE,Munich,14,DE100001125,True
SUP001126,Supplier 001126,AT,Vienna,45,AT100001126,True
SUP001127,Supplier 001127,AT,Vienna,45,AT100001127,True
SUP001128,Supplier 001128,PL,Warsaw,45,PL100001128,True
SUP001129,Supplier 001129,AT,Vienna,30,AT100001129,True
SUP001130,Supplier 001130,DE,Munich,45,DE100001130,True
SUP001131,Supplier 001131,SK,Bratislava,60,SK100001131,True
SUP001132,Supplier 001132,DE,Berlin,30,DE100001132,True
SUP001133,Supplier 001133,AT,Vienna,45,AT100001133,True
SUP001134,Supplier 001134,DE,Munich,60,DE100001134,True
SUP001135,Supplier 001135,SK,Bratislava,45,SK100001135,True
SUP001136,Supplier 001136,AT,Vienna,45,AT100001136,True
SUP001137,Supplier 001137,AT,Vienna,45,AT100001137,True
SUP001138,Supplier 001138,CZ,Brno,30,CZ100001138,True
SUP001139,Supplier 001139,CZ,Ostrava,14,CZ100001139,True
SUP001140,Supplier 001140,PL,Warsaw,30,PL100001140,True
SUP001141,Supplier 001141,PL,Warsaw,45,PL100001141,True
SUP001142,Supplier 001142,CZ,Brno,60,CZ100001142,True
SUP001143,Supplier 001143,PL,Warsaw,30,PL100001143,True
SUP001144,Supplier 001144,DE,Munich,30,DE100001144,True
SUP001145,Supplier 001145,DE,Munich,30,DE100001145,True
SUP001146,Supplier 001146,AT,Vienna,60,AT100001146,True
SUP001147,Supplier 001147,CZ,Brno,60,CZ100001147,True
SUP001148,Supplier 001148,PL,Warsaw,60,PL100001148,True
SUP001149,Supplier 001149,AT,Vienna,14,AT100001149,True
SUP001150,Supplier 001150,DE,Berlin,14,DE100001150,True
SUP001151,Supplier 001151,CZ,Brno,30,CZ100001151,True
SUP001152,Supplier 001152,DE,Berlin,30,DE100001152,True
SUP001153,Supplier 001153,CZ,Prague,60,CZ100001153,True
SUP001154,Supplier 001154,DE,Berlin,60,DE100001154,True
SUP001155,Supplier 001155,CZ,Brno,14,CZ100001155,True
SUP001156,Supplier 001156,CZ,Brno,45,CZ100001156,True
SUP001157,Supplier 001157,SK,Bratislava,30,SK100001157,True
SUP001158,Supplier 001158,PL,Warsaw,45,PL100001158,True
SUP001159,Supplier 001159,AT,Vienna,60,AT100001159,True
SUP001160,Supplier 001160,CZ,Ostrava,45,CZ100001160,True
SUP001161,Supplier 001161,CZ,Prague,60,CZ100001161,True
SUP001162,Supplier 001162,CZ,Brno,45,CZ100001162,True
SUP001163,Supplier 001163,AT,Vienna,14,AT100001163,True
SUP001164,Supplier 001164,CZ,Brno,30,CZ100001164,True
SUP001165,Supplier 001165,DE,Berlin,45,DE100001165,True
SUP001166,Supplier 001166,DE,Berlin,60,DE100001166,True
SUP001167,Supplier 001167,SK,Bratislava,60,SK100001167,True
SUP001168,Supplier 001168,DE,Berlin,60,DE100001168,True
SUP001169,Supplier 001169,CZ,Brno,60,CZ100001169,True
SUP001170,Supplier 001170,PL,Warsaw,45,PL100001170,True
SUP001171,Supplier 001171,CZ,Brno,45,CZ100001171,True
SUP001172,Supplier 001172,CZ,Prague,14,CZ100001172,True
SUP001173,Supplier 001173,CZ,Prague,45,CZ100001173,True
SUP001174,Supplier 001174,CZ,Brno,30,CZ100001174,True
SUP001175,Supplier 001175,SK,Bratislava,30,SK100001175,True
SUP001176,Supplier 001176,CZ,Ostrava,45,CZ100001176,True
SUP001177,Supplier 001177,AT,Vienna,60,AT100001177,True
SUP001178,Supplier 001178,SK,Bratislava,60,SK100001178,True
SUP001179,Supplier 001179,CZ,Ostrava,30,CZ100001179,True
SUP001180,Supplier 001180,AT,Vienna,60,AT100001180,True
SUP001181,Supplier 001181,CZ,Prague,30,CZ100001181,True
SUP001182,Supplier 001182,PL,Warsaw,60,PL100001182,True
SUP001183,Supplier 001183,AT,Vienna,14,AT100001183,True
SUP001184,Supplier 001184,SK,Bratislava,30,SK100001184,True
SUP001185,Supplier 001185,DE,Munich,14,DE100001185,True
SUP001186,Supplier 001186,CZ,Brno,30,CZ100001186,True
SUP001187,Supplier 001187,DE,Berlin,45,DE100001187,True
SUP001188,Supplier 001188,SK,Bratislava,60,SK100001188,True
SUP001189,Supplier 001189,CZ,Brno,45,CZ100001189,True
SUP001190,Supplier 001190,PL,Warsaw,45,PL100001190,True
SUP001191,Supplier 001191,AT,Vienna,60,AT100001191,True
SUP001192,Supplier 001192,CZ,Brno,45,CZ100001192,True
SUP001193,Supplier 001193,DE,Berlin,60,DE100001193,True
SUP001194,Supplier 001194,CZ,Ostrava,45,CZ100001194,True
SUP001195,Supplier 001195,CZ,Brno,30,CZ100001195,True
SUP001196,Supplier 001196,DE,Berlin,14,DE100001196,True
SUP001197,Supplier 001197,SK,Bratislava,45,SK100001197,True
SUP001198,Supplier 001198,CZ,Brno,30,CZ100001198,True
SUP001199,Supplier 001199,DE,Berlin,30,DE100001199,True
SUP001200,Supplier 001200,AT,Vienna,60,AT100001200,True
SUP001201,Supplier 001201,CZ,Ostrava,60,CZ100001201,True
SUP001202,Supplier 001202,AT,Vienna,30,AT100001202,True
SUP001203,Supplier 001203,PL,Warsaw,30,PL100001203,True
SUP001204,Supplier 001204,CZ,Ostrava,60,CZ100001204,True
SUP001205,Supplier 001205,DE,Munich,30,DE100001205,True
SUP001206,Supplier 001206,CZ,Ostrava,45,CZ100001206,True
SUP001207,Supplier 001207,PL,Warsaw,14,PL100001207,True
SUP001208,Supplier 001208,DE,Berlin,14,DE100001208,True
SUP001209,Supplier 001209,PL,Warsaw,30,PL100001209,True
SUP001210,Supplier 001210,SK,Bratislava,60,SK100001210,True
SUP001211,Supplier 001211,PL,Warsaw,60,PL100001211,True
SUP001212,Supplier 001212,PL,Warsaw,60,PL100001212,True
SUP001213,Supplier 001213,PL,Warsaw,60,PL100001213,True
SUP001214,Supplier 001214,CZ,Ostrava,14,CZ100001214,True
SUP001215,Supplier 001215,CZ,Prague,30,CZ100001215,True
SUP001216,Supplier 001216,DE,Munich,14,DE100001216,True
SUP001217,Supplier 001217,DE,Munich,30,DE100001217,True
SUP001218,Supplier 001218,DE,Munich,30,DE100001218,True
SUP001219,Supplier 001219,PL,Warsaw,60,PL100001219,True
SUP001220,Supplier 001220,CZ,Brno,14,CZ100001220,True
SUP001221,Supplier 001221,DE,Munich,45,DE100001221,True
SUP001222,Supplier 001222,CZ,Prague,60,CZ100001222,True
SUP001223,Supplier 001223,SK,Bratislava,60,SK100001223,True
SUP001224,Supplier 001224,CZ,Brno,30,CZ100001224,True
SUP001225,Supplier 001225,DE,Munich,14,DE100001225,True
SUP001226,Supplier 001226,PL,Warsaw,45,PL100001226,True
SUP001227,Supplier 001227,DE,Berlin,14,DE100001227,True
SUP001228,Supplier 001228,PL,Warsaw,14,PL100001228,True
SUP001229,Supplier 001229,SK,Bratislava,30,SK100001229,True
SUP001230,Supplier 001230,DE,Berlin,60,DE100001230,True
SUP001231,Supplier 001231,CZ,Ostrava,30,CZ100001231,True
SUP001232,Supplier 001232,SK,Bratislava,30,SK100001232,True
SUP001233,Supplier 001233,CZ,Prague,45,CZ100001233,True
SUP001234,Supplier 001234,DE,Munich,30,DE100001234,True
SUP001235,Supplier 001235,DE,Berlin,45,DE100001235,True
SUP001236,Supplier 001236,DE,Munich,45,DE100001236,True
SUP001237,Supplier 001237,CZ,Brno,30,CZ100001237,True
SUP001238,Supplier 001238,AT,Vienna,14,AT100001238,True
SUP001239,Supplier 001239,DE,Munich,30,DE100001239,True
SUP001240,Supplier 001240,CZ,Ostrava,30,CZ100001240,True
SUP001241,Supplier 001241,CZ,Ostrava,45,CZ100001241,True
SUP001242,Supplier 001242,SK,Bratislava,60,SK100001242,True
SUP001243,Supplier 001243,PL,Warsaw,30,PL100001243,True
SUP001244,Supplier 001244,DE,Munich,60,DE100001244,True
SUP001245,Supplier 001245,AT,Vienna,60,AT100001245,True
SUP001246,Supplier 001246,CZ,Brno,14,CZ100001246,True
SUP001247,Supplier 001247,AT,Vienna,45,AT100001247,True
SUP001248,Supplier 001248,DE,Berlin,60,DE100001248,True
SUP001249,Supplier 001249,PL,Warsaw,45,PL100001249,True
SUP001250,Supplier 001250,CZ,Prague,14,CZ100001250,True
SUP001251,Supplier 001251,PL,Warsaw,45,PL100001251,True
SUP001252,Supplier 001252,CZ,Brno,60,CZ100001252,True
SUP001253,Supplier 001253,SK,Bratislava,60,SK100001253,True
SUP001254,Supplier 001254,SK,Bratislava,60,SK100001254,True
SUP001255,Supplier 001255,DE,Munich,45,DE100001255,True
SUP001256,Supplier 001256,DE,Munich,45,DE100001256,True
SUP001257,Supplier 001257,CZ,Ostrava,60,CZ100001257,True
SUP001258,Supplier 001258,DE,Berlin,14,DE100001258,True
SUP001259,Supplier 001259,CZ,Prague,14,CZ100001259,True
SUP001260,Supplier 001260,PL,Warsaw,14,PL100001260,True
SUP001261,Supplier 001261,CZ,Brno,30,CZ100001261,True
SUP001262,Supplier 001262,PL,Warsaw,60,PL100001262,True
SUP001263,Supplier 001263,CZ,Prague,60,CZ100001263,True
SUP001264,Supplier 001264,SK,Bratislava,30,SK100001264,True
SUP001265,Supplier 001265,DE,Munich,30,DE100001265,True
SUP001266,Supplier 001266,DE,Munich,14,DE100001266,True
SUP001267,Supplier 001267,DE,Berlin,45,DE100001267,True
SUP001268,Supplier 001268,CZ,Brno,45,CZ100001268,True
SUP001269,Supplier 001269,CZ,Ostrava,14,CZ100001269,True
SUP001270,Supplier 001270,AT,Vienna,45,AT100001270,True
SUP001271,Supplier 001271,SK,Bratislava,60,SK100001271,True
SUP001272,Supplier 001272,CZ,Brno,14,CZ100001272,True
SUP001273,Supplier 001273,CZ,Prague,30,CZ100001273,True
SUP001274,Supplier 001274,PL,Warsaw,14,PL100001274,True
SUP001275,Supplier 001275,CZ,Ostrava,30,CZ100001275,True
SUP001276,Supplier 001276,PL,Warsaw,14,PL100001276,True
SUP001277,Supplier 001277,CZ,Prague,45,CZ100001277,True
SUP001278,Supplier 001278,CZ,Brno,60,CZ100001278,True
SUP001279,Supplier 001279,CZ,Ostrava,60,CZ100001279,True
SUP001280,Supplier 001280,CZ,Brno,30,CZ100001280,True
SUP001281,Supplier 001281,AT,Vienna,14,AT100001281,True
SUP001282,Supplier 001282,CZ,Brno,14,CZ100001282,True
SUP001283,Supplier 001283,DE,Berlin,45,DE100001283,True
SUP001284,Supplier 001284,DE,Munich,30,DE100001284,True
SUP001285,Supplier 001285,AT,Vienna,30,AT100001285,True
SUP001286,Supplier 001286,CZ,Ostrava,14,CZ100001286,True
SUP001287,Supplier 001287,CZ,Prague,30,CZ100001287,True
SUP001288,Supplier 001288,PL,Warsaw,45,PL100001288,True
SUP001289,Supplier 001289,SK,Bratislava,30,SK100001289,True
SUP001290,Supplier 001290,AT,Vienna,60,AT100001290,True
SUP001291,Supplier 001291,SK,Bratislava,14,SK100001291,True
SUP001292,Supplier 001292,CZ,Brno,30,CZ100001292,True
SUP001293,Supplier 001293,CZ,Brno,60,CZ100001293,True
SUP001294,Supplier 001294,DE,Berlin,60,DE100001294,True
SUP001295,Supplier 001295,DE,Berlin,30,DE100001295,True
SUP001296,Supplier 001296,SK,Bratislava,45,SK100001296,True
SUP001297,Supplier 001297,CZ,Brno,30,CZ100001297,True
SUP001298,Supplier 001298,DE,Munich,14,DE100001298,True
SUP001299,Supplier 001299,DE,Munich,30,DE100001299,True
SUP001300,Supplier 001300,SK,Bratislava,60,SK100001300,True
SUP001301,Supplier 001301,DE,Munich,14,DE100001301,True
SUP001302,Supplier 001302,SK,Bratislava,60,SK100001302,True
SUP001303,Supplier 001303,AT,Vienna,14,AT100001303,True
SUP001304,Supplier 001304,SK,Bratislava,60,SK100001304,True
SUP001305,Supplier 001305,CZ,Brno,14,CZ100001305,True
SUP001306,Supplier 001306,DE,Berlin,45,DE100001306,True
SUP001307,Supplier 001307,CZ,Ostrava,60,CZ100001307,True
SUP001308,Supplier 001308,AT,Vienna,45,AT100001308,True
SUP001309,Supplier 001309,CZ,Ostrava,60,CZ100001309,True
SUP001310,Supplier 001310,CZ,Brno,14,CZ100001310,True
SUP001311,Supplier 001311,CZ,Brno,14,CZ100001311,True
SUP001312,Supplier 001312,DE,Munich,30,DE100001312,True
SUP001313,Supplier 001313,CZ,Prague,14,CZ100001313,True
SUP001314,Supplier 001314,AT,Vienna,45,AT100001314,True
SUP001315,Supplier 001315,AT,Vienna,60,AT100001315,True
SUP001316,Supplier 001316,AT,Vienna,14,AT100001316,True
SUP001317,Supplier 001317,CZ,Ostrava,45,CZ100001317,True
SUP001318,Supplier 001318,CZ,Brno,45,CZ100001318,True
SUP001319,Supplier 001319,CZ,Brno,30,CZ100001319,True
SUP001320,Supplier 001320,CZ,Ostrava,45,CZ100001320,True
SUP001321,Supplier 001321,AT,Vienna,14,AT100001321,True
SUP001322,Supplier 001322,DE,Munich,60,DE100001322,True
SUP001323,Supplier 001323,SK,Bratislava,14,SK100001323,True
SUP001324,Supplier 001324,SK,Bratislava,14,SK100001324,True
SUP001325,Supplier 001325,AT,Vienna,14,AT100001325,True
SUP001326,Supplier 001326,PL,Warsaw,14,PL100001326,True
SUP001327,Supplier 001327,DE,Munich,30,DE100001327,True
SUP001328,Supplier 001328,CZ,Brno,14,CZ100001328,True
SUP001329,Supplier 001329,CZ,Ostrava,14,CZ100001329,True
SUP001330,Supplier 001330,CZ,Ostrava,60,CZ100001330,True
SUP001331,Supplier 001331,DE,Berlin,45,DE100001331,True
SUP001332,Supplier 001332,CZ,Ostrava,45,CZ100001332,True
SUP001333,Supplier 001333,CZ,Ostrava,45,CZ100001333,True
SUP001334,Supplier 001334,CZ,Brno,14,CZ100001334,True
SUP001335,Supplier 001335,DE,Berlin,60,DE100001335,True
SUP001336,Supplier 001336,DE,Munich,14,DE100001336,True
SUP001337,Supplier 001337,DE,Munich,14,DE100001337,True
SUP001338,Supplier 001338,PL,Warsaw,60,PL100001338,True
SUP001339,Supplier 001339,DE,Berlin,14,DE100001339,True
SUP001340,Supplier 001340,PL,Warsaw,30,PL100001340,True
SUP001341,Supplier 001341,DE,Berlin,30,DE100001341,True
SUP001342,Supplier 001342,DE,Munich,14,DE100001342,True
SUP001343,Supplier 001343,CZ,Brno,30,CZ100001343,True
SUP001344,Supplier 001344,CZ,Prague,14,CZ100001344,True
SUP001345,Supplier 001345,CZ,Prague,30,CZ100001345,True
SUP001346,Supplier 001346,CZ,Prague,60,CZ100001346,True
SUP001347,Supplier 001347,DE,Berlin,60,DE100001347,True
SUP001348,Supplier 001348,CZ,Ostrava,30,CZ100001348,True
SUP001349,Supplier 001349,CZ,Prague,60,CZ100001349,True
SUP001350,Supplier 001350,SK,Bratislava,45,SK100001350,True
SUP001351,Supplier 001351,SK,Bratislava,60,SK100001351,True
SUP001352,Supplier 001352,DE,Berlin,45,DE100001352,True
SUP001353,Supplier 001353,CZ,Brno,45,CZ100001353,True
SUP001354,Supplier 001354,CZ,Brno,14,CZ100001354,True
SUP001355,Supplier 001355,CZ,Ostrava,30,CZ100001355,True
SUP001356,Supplier 001356,CZ,Prague,60,CZ100001356,True
SUP001357,Supplier 001357,CZ,Brno,60,CZ100001357,True
SUP001358,Supplier 001358,DE,Munich,45,DE100001358,True
SUP001359,Supplier 001359,DE,Berlin,14,DE100001359,True
SUP001360,Supplier 001360,PL,Warsaw,14,PL100001360,True
SUP001361,Supplier 001361,DE,Berlin,30,DE100001361,True
SUP001362,Supplier 001362,DE,Munich,45,DE100001362,True
SUP001363,Supplier 001363,SK,Bratislava,60,SK100001363,True
SUP001364,Supplier 001364,DE,Berlin,60,DE100001364,True
SUP001365,Supplier 001365,SK,Bratislava,30,SK100001365,True
SUP001366,Supplier 001366,CZ,Ostrava,14,CZ100001366,True
SUP001367,Supplier 001367,AT,Vienna,14,AT100001367,True
SUP001368,Supplier 001368,SK,Bratislava,45,SK100001368,True
SUP001369,Supplier 001369,CZ,Prague,45,CZ100001369,True
SUP001370,Supplier 001370,CZ,Prague,60,CZ100001370,True
SUP001371,Supplier 001371,DE,Munich,14,DE100001371,True
SUP001372,Supplier 001372,SK,Bratislava,30,SK100001372,True
SUP001373,Supplier 001373,AT,Vienna,60,AT100001373,True
SUP001374,Supplier 001374,CZ,Prague,30,CZ100001374,True
SUP001375,Supplier 001375,DE,Munich,14,DE100001375,True
SUP001376,Supplier 001376,CZ,Prague,30,CZ100001376,True
SUP001377,Supplier 001377,AT,Vienna,45,AT100001377,True
SUP001378,Supplier 001378,PL,Warsaw,14,PL100001378,True
SUP001379,Supplier 001379,CZ,Brno,30,CZ100001379,True
SUP001380,Supplier 001380,AT,Vienna,14,AT100001380,True
SUP001381,Supplier 001381,CZ,Prague,60,CZ100001381,True
SUP001382,Supplier 001382,CZ,Ostrava,30,CZ100001382,True
SUP001383,Supplier 001383,DE,Munich,45,DE100001383,True
SUP001384,Supplier 001384,DE,Berlin,60,DE100001384,True
SUP001385,Supplier 001385,DE,Berlin,45,DE100001385,True
SUP001386,Supplier 001386,PL,Warsaw,45,PL100001386,True
SUP001387,Supplier 001387,SK,Bratislava,14,SK100001387,True
SUP001388,Supplier 001388,SK,Bratislava,30,SK100001388,True
SUP001389,Supplier 001389,CZ,Brno,30,CZ100001389,True
SUP001390,Supplier 001390,CZ,Brno,30,CZ100001390,True
SUP001391,Supplier 001391,PL,Warsaw,60,PL100001391,True
SUP001392,Supplier 001392,DE,Berlin,60,DE100001392,True
SUP001393,Supplier 001393,CZ,Brno,45,CZ100001393,True
SUP001394,Supplier 001394,SK,Bratislava,60,SK100001394,True
SUP001395,Supplier 001395,DE,Munich,60,DE100001395,True
SUP001396,Supplier 001396,DE,Munich,14,DE100001396,True
SUP001397,Supplier 001397,CZ,Brno,30,CZ100001397,True
SUP001398,Supplier 001398,DE,Munich,14,DE100001398,True
SUP001399,Supplier 001399,SK,Bratislava,45,SK100001399,True
SUP001400,Supplier 001400,CZ,Ostrava,14,CZ100001400,True
SUP001401,Supplier 001401,SK,Bratislava,45,SK100001401,True
SUP001402,Supplier 001402,AT,Vienna,14,AT100001402,True
SUP001403,Supplier 001403,DE,Munich,45,DE100001403,True
SUP001404,Supplier 001404,CZ,Ostrava,14,CZ100001404,True
SUP001405,Supplier 001405,AT,Vienna,60,AT100001405,True
SUP001406,Supplier 001406,SK,Bratislava,14,SK100001406,True
SUP001407,Supplier 001407,PL,Warsaw,14,PL100001407,True
SUP001408,Supplier 001408,CZ,Ostrava,14,CZ100001408,True
SUP001409,Supplier 001409,CZ,Prague,14,CZ100001409,True
SUP001410,Supplier 001410,SK,Bratislava,30,SK100001410,True
SUP001411,Supplier 001411,SK,Bratislava,60,SK100001411,True
SUP001412,Supplier 001412,DE,Berlin,14,DE100001412,True
SUP001413,Supplier 001413,DE,Munich,14,DE100001413,True
SUP001414,Supplier 001414,CZ,Prague,14,CZ100001414,True
SUP001415,Supplier 001415,SK,Bratislava,60,SK100001415,True
SUP001416,Supplier 001416,CZ,Ostrava,14,CZ100001416,True
SUP001417,Supplier 001417,DE,Berlin,14,DE100001417,True
SUP001418,Supplier 001418,CZ,Prague,60,CZ100001418,True
SUP001419,Supplier 001419,CZ,Prague,30,CZ100001419,True
SUP001420,Supplier 001420,AT,Vienna,60,AT100001420,True
SUP001421,Supplier 001421,PL,Warsaw,14,PL100001421,True
SUP001422,Supplier 001422,AT,Vienna,60,AT100001422,True
SUP001423,Supplier 001423,CZ,Ostrava,45,CZ100001423,True
SUP001424,Supplier 001424,SK,Bratislava,30,SK100001424,True
SUP001425,Supplier 001425,DE,Munich,45,DE100001425,True
SUP001426,Supplier 001426,PL,Warsaw,30,PL100001426,True
SUP001427,Supplier 001427,CZ,Prague,30,CZ100001427,True
SUP001428,Supplier 001428,DE,Munich,60,DE100001428,True
SUP001429,Supplier 001429,AT,Vienna,60,AT100001429,True
SUP001430,Supplier 001430,CZ,Prague,14,CZ100001430,True
SUP001431,Supplier 001431,DE,Munich,60,DE100001431,True
SUP001432,Supplier 001432,CZ,Ostrava,60,CZ100001432,True
SUP001433,Supplier 001433,SK,Bratislava,30,SK100001433,True
SUP001434,Supplier 001434,CZ,Prague,60,CZ100001434,True
SUP001435,Supplier 001435,DE,Berlin,60,DE100001435,True
SUP001436,Supplier 001436,PL,Warsaw,45,PL100001436,True
SUP001437,Supplier 001437,DE,Berlin,60,DE100001437,True
SUP001438,Supplier 001438,DE,Munich,30,DE100001438,True
SUP001439,Supplier 001439,CZ,Prague,45,CZ100001439,True
SUP001440,Supplier 001440,SK,Bratislava,14,SK100001440,True
SUP001441,Supplier 001441,DE,Munich,14,DE100001441,True
SUP001442,Supplier 001442,PL,Warsaw,45,PL100001442,True
SUP001443,Supplier 001443,SK,Bratislava,30,SK100001443,True
SUP001444,Supplier 001444,CZ,Brno,30,CZ100001444,True
SUP001445,Supplier 001445,SK,Bratislava,45,SK100001445,True
SUP001446,Supplier 001446,CZ,Prague,30,CZ100001446,True
SUP001447,Supplier 001447,AT,Vienna,45,AT100001447,True
SUP001448,Supplier 001448,CZ,Ostrava,30,CZ100001448,True
SUP001449,Supplier 001449,SK,Bratislava,45,SK100001449,True
SUP001450,Supplier 001450,DE,Berlin,14,DE100001450,True
SUP001451,Supplier 001451,DE,Berlin,30,DE100001451,True
SUP001452,Supplier 001452,SK,Bratislava,60,SK100001452,True
SUP001453,Supplier 001453,DE,Munich,30,DE100001453,True
SUP001454,Supplier 001454,PL,Warsaw,14,PL100001454,True
SUP001455,Supplier 001455,CZ,Brno,14,CZ100001455,True
SUP001456,Supplier 001456,SK,Bratislava,30,SK100001456,True
SUP001457,Supplier 001457,CZ,Prague,60,CZ100001457,True
SUP001458,Supplier 001458,CZ,Prague,45,CZ100001458,True
SUP001459,Supplier 001459,SK,Bratislava,30,SK100001459,True
SUP001460,Supplier 001460,DE,Berlin,30,DE100001460,True
SUP001461,Supplier 001461,DE,Berlin,14,DE100001461,True
SUP001462,Supplier 001462,CZ,Prague,30,CZ100001462,True
SUP001463,Supplier 001463,CZ,Ostrava,14,CZ100001463,True
SUP001464,Supplier 001464,DE,Berlin,14,DE100001464,True
SUP001465,Supplier 001465,DE,Berlin,60,DE100001465,True
SUP001466,Supplier 001466,CZ,Brno,45,CZ100001466,True
SUP001467,Supplier 001467,DE,Munich,45,DE100001467,True
SUP001468,Supplier 001468,CZ,Ostrava,30,CZ100001468,True
SUP001469,Supplier 001469,AT,Vienna,60,AT100001469,True
SUP001470,Supplier 001470,DE,Berlin,30,DE100001470,True
SUP001471,Supplier 001471,DE,Berlin,30,DE100001471,True
SUP001472,Supplier 001472,CZ,Ostrava,60,CZ100001472,True
SUP001473,Supplier 001473,DE,Munich,45,DE100001473,True
SUP001474,Supplier 001474,CZ,Ostrava,30,CZ100001474,True
SUP001475,Supplier 001475,CZ,Prague,60,CZ100001475,True
SUP001476,Supplier 001476,CZ,Prague,30,CZ100001476,True
SUP001477,Supplier 001477,DE,Berlin,30,DE100001477,True
SUP001478,Supplier 001478,CZ,Brno,60,CZ100001478,True
SUP001479,Supplier 001479,CZ,Ostrava,45,CZ100001479,True
SUP001480,Supplier 001480,CZ,Brno,30,CZ100001480,True
SUP001481,Supplier 001481,DE,Berlin,45,DE100001481,True
SUP001482,Supplier 001482,CZ,Ostrava,14,CZ100001482,True
SUP001483,Supplier 001483,DE,Berlin,60,DE100001483,True
SUP001484,Supplier 001484,CZ,Prague,45,CZ100001484,True
SUP001485,Supplier 001485,SK,Bratislava,30,SK100001485,True
SUP001486,Supplier 001486,CZ,Brno,45,CZ100001486,True
SUP001487,Supplier 001487,DE,Munich,14,DE100001487,True
SUP001488,Supplier 001488,CZ,Prague,14,CZ100001488,True
SUP001489,Supplier 001489,AT,Vienna,60,AT100001489,True
SUP001490,Supplier 001490,AT,Vienna,30,AT100001490,True
SUP001491,Supplier 001491,AT,Vienna,60,AT100001491,True
SUP001492,Supplier 001492,AT,Vienna,45,AT100001492,True
SUP001493,Supplier 001493,AT,Vienna,14,AT100001493,True
SUP001494,Supplier 001494,PL,Warsaw,30,PL100001494,True
SUP001495,Supplier 001495,CZ,Ostrava,60,CZ100001495,True
SUP001496,Supplier 001496,CZ,Brno,14,CZ100001496,True
SUP001497,Supplier 001497,DE,Munich,14,DE100001497,True
SUP001498,Supplier 001498,DE,Berlin,45,DE100001498,True
SUP001499,Supplier 001499,CZ,Brno,14,CZ100001499,True
SUP001500,Supplier 001500,DE,Berlin,30,DE100001500,True
SUP001501,Supplier 001501,AT,Vienna,30,AT100001501,True
SUP001502,Supplier 001502,CZ,Brno,14,CZ100001502,True
SUP001503,Supplier 001503,DE,Berlin,60,DE100001503,True
SUP001504,Supplier 001504,CZ,Prague,60,CZ100001504,True
SUP001505,Supplier 001505,CZ,Ostrava,60,CZ100001505,True
SUP001506,Supplier 001506,CZ,Ostrava,14,CZ100001506,True
SUP001507,Supplier 001507,CZ,Brno,45,CZ100001507,True
SUP001508,Supplier 001508,SK,Bratislava,30,SK100001508,True
SUP001509,Supplier 001509,AT,Vienna,45,AT100001509,True
SUP001510,Supplier 001510,DE,Munich,45,DE100001510,True
SUP001511,Supplier 001511,SK,Bratislava,14,SK100001511,True
SUP001512,Supplier 001512,CZ,Prague,60,CZ100001512,True
SUP001513,Supplier 001513,PL,Warsaw,30,PL100001513,True
SUP001514,Supplier 001514,CZ,Prague,45,CZ100001514,True
SUP001515,Supplier 001515,CZ,Prague,60,CZ100001515,True
SUP001516,Supplier 001516,CZ,Brno,45,CZ100001516,True
SUP001517,Supplier 001517,PL,Warsaw,30,PL100001517,True
SUP001518,Supplier 001518,CZ,Brno,14,CZ100001518,True
SUP001519,Supplier 001519,SK,Bratislava,30,SK100001519,True
SUP001520,Supplier 001520,DE,Munich,14,DE100001520,True
SUP001521,Supplier 001521,PL,Warsaw,14,PL100001521,True
SUP001522,Supplier 001522,DE,Munich,60,DE100001522,True
SUP001523,Supplier 001523,PL,Warsaw,60,PL100001523,True
SUP001524,Supplier 001524,DE,Munich,14,DE100001524,True
SUP001525,Supplier 001525,AT,Vienna,30,AT100001525,True
SUP001526,Supplier 001526,DE,Berlin,60,DE100001526,True
SUP001527,Supplier 001527,DE,Berlin,30,DE100001527,True
SUP001528,Supplier 001528,PL,Warsaw,14,PL100001528,True
SUP001529,Supplier 001529,DE,Munich,60,DE100001529,True
SUP001530,Supplier 001530,PL,Warsaw,45,PL100001530,True
SUP001531,Supplier 001531,SK,Bratislava,45,SK100001531,True
SUP001532,Supplier 001532,CZ,Prague,30,CZ100001532,True
SUP001533,Supplier 001533,CZ,Brno,14,CZ100001533,True
SUP001534,Supplier 001534,DE,Berlin,60,DE100001534,True
SUP001535,Supplier 001535,SK,Bratislava,14,SK100001535,True
SUP001536,Supplier 001536,AT,Vienna,60,AT100001536,True
SUP001537,Supplier 001537,PL,Warsaw,30,PL100001537,True
SUP001538,Supplier 001538,PL,Warsaw,45,PL100001538,True
SUP001539,Supplier 001539,CZ,Brno,60,CZ100001539,True
SUP001540,Supplier 001540,CZ,Prague,30,CZ100001540,True
SUP001541,Supplier 001541,CZ,Brno,60,CZ100001541,True
SUP001542,Supplier 001542,CZ,Ostrava,30,CZ100001542,True
SUP001543,Supplier 001543,SK,Bratislava,30,SK100001543,True
SUP001544,Supplier 001544,CZ,Ostrava,14,CZ100001544,True
SUP001545,Supplier 001545,AT,Vienna,14,AT100001545,True
SUP001546,Supplier 001546,AT,Vienna,30,AT100001546,True
SUP001547,Supplier 001547,CZ,Ostrava,45,CZ100001547,True
SUP001548,Supplier 001548,DE,Berlin,14,DE100001548,True
SUP001549,Supplier 001549,CZ,Brno,60,CZ100001549,True
SUP001550,Supplier 001550,AT,Vienna,45,AT100001550,True
SUP001551,Supplier 001551,DE,Munich,60,DE100001551,True
SUP001552,Supplier 001552,CZ,Prague,60,CZ100001552,True
SUP001553,Supplier 001553,CZ,Brno,60,CZ100001553,True
SUP001554,Supplier 001554,CZ,Ostrava,30,CZ100001554,True
SUP001555,Supplier 001555,CZ,Brno,14,CZ100001555,True
SUP001556,Supplier 001556,CZ,Brno,45,CZ100001556,True
SUP001557,Supplier 001557,DE,Berlin,60,DE100001557,True
SUP001558,Supplier 001558,DE,Munich,60,DE100001558,True
SUP001559,Supplier 001559,PL,Warsaw,60,PL100001559,True
SUP001560,Supplier 001560,CZ,Prague,30,CZ100001560,True
SUP001561,Supplier 001561,DE,Munich,60,DE100001561,True
SUP001562,Supplier 001562,CZ,Ostrava,60,CZ100001562,True
SUP001563,Supplier 001563,CZ,Prague,60,CZ100001563,True
SUP001564,Supplier 001564,DE,Berlin,30,DE100001564,True
SUP001565,Supplier 001565,CZ,Prague,60,CZ100001565,True
SUP001566,Supplier 001566,DE,Munich,45,DE100001566,True
SUP001567,Supplier 001567,CZ,Prague,45,CZ100001567,True
SUP001568,Supplier 001568,DE,Munich,45,DE100001568,True
SUP001569,Supplier 001569,DE,Munich,60,DE100001569,True
SUP001570,Supplier 001570,CZ,Brno,30,CZ100001570,True
SUP001571,Supplier 001571,CZ,Ostrava,45,CZ100001571,True
SUP001572,Supplier 001572,PL,Warsaw,45,PL100001572,True
SUP001573,Supplier 001573,DE,Munich,60,DE100001573,True
SUP001574,Supplier 001574,CZ,Brno,30,CZ100001574,True
SUP001575,Supplier 001575,PL,Warsaw,30,PL100001575,True
SUP001576,Supplier 001576,AT,Vienna,60,AT100001576,True
SUP001577,Supplier 001577,DE,Berlin,14,DE100001577,True
SUP001578,Supplier 001578,CZ,Ostrava,14,CZ100001578,True
SUP001579,Supplier 001579,DE,Munich,60,DE100001579,True
SUP001580,Supplier 001580,CZ,Ostrava,14,CZ100001580,True
SUP001581,Supplier 001581,CZ,Ostrava,30,CZ100001581,True
SUP001582,Supplier 001582,SK,Bratislava,14,SK100001582,True
SUP001583,Supplier 001583,SK,Bratislava,14,SK100001583,True
SUP001584,Supplier 001584,PL,Warsaw,14,PL100001584,True
SUP001585,Supplier 001585,DE,Berlin,30,DE100001585,True
SUP001586,Supplier 001586,DE,Munich,45,DE100001586,True
SUP001587,Supplier 001587,PL,Warsaw,60,PL100001587,True
SUP001588,Supplier 001588,CZ,Brno,14,CZ100001588,True
SUP001589,Supplier 001589,SK,Bratislava,45,SK100001589,True
SUP001590,Supplier 001590,PL,Warsaw,60,PL100001590,True
SUP001591,Supplier 001591,CZ,Ostrava,60,CZ100001591,True
SUP001592,Supplier 001592,DE,Berlin,45,DE100001592,True
SUP001593,Supplier 001593,CZ,Ostrava,45,CZ100001593,True
SUP001594,Supplier 001594,CZ,Brno,45,CZ100001594,True
SUP001595,Supplier 001595,CZ,Prague,60,CZ100001595,True
SUP001596,Supplier 001596,CZ,Prague,30,CZ100001596,True
SUP001597,Supplier 001597,SK,Bratislava,30,SK100001597,True
SUP001598,Supplier 001598,SK,Bratislava,30,SK100001598,True
SUP001599,Supplier 001599,DE,Munich,60,DE100001599,True
SUP001600,Supplier 001600,CZ,Prague,14,CZ100001600,True
SUP001601,Supplier 001601,PL,Warsaw,30,PL100001601,True
SUP001602,Supplier 001602,CZ,Ostrava,14,CZ100001602,True
SUP001603,Supplier 001603,SK,Bratislava,45,SK100001603,True
SUP001604,Supplier 001604,DE,Munich,45,DE100001604,True
SUP001605,Supplier 001605,AT,Vienna,60,AT100001605,True
SUP001606,Supplier 001606,DE,Berlin,60,DE100001606,True
SUP001607,Supplier 001607,DE,Munich,30,DE100001607,True
SUP001608,Supplier 001608,PL,Warsaw,45,PL100001608,True
SUP001609,Supplier 001609,AT,Vienna,14,AT100001609,True
SUP001610,Supplier 001610,CZ,Prague,45,CZ100001610,True
SUP001611,Supplier 001611,DE,Munich,45,DE100001611,True
SUP001612,Supplier 001612,CZ,Brno,60,CZ100001612,True
SUP001613,Supplier 001613,CZ,Brno,45,CZ100001613,True
SUP001614,Supplier 001614,DE,Munich,45,DE100001614,True
SUP001615,Supplier 001615,DE,Munich,45,DE100001615,True
SUP001616,Supplier 001616,DE,Munich,30,DE100001616,True
SUP001617,Supplier 001617,CZ,Ostrava,30,CZ100001617,True
SUP001618,Supplier 001618,CZ,Prague,60,CZ100001618,True
SUP001619,Supplier 001619,DE,Berlin,30,DE100001619,True
SUP001620,Supplier 001620,CZ,Prague,60,CZ100001620,True
SUP001621,Supplier 001621,DE,Munich,45,DE100001621,True
SUP001622,Supplier 001622,AT,Vienna,60,AT100001622,True
SUP001623,Supplier 001623,AT,Vienna,14,AT100001623,True
SUP001624,Supplier 001624,SK,Bratislava,45,SK100001624,True
SUP001625,Supplier 001625,SK,Bratislava,60,SK100001625,True
SUP001626,Supplier 001626,DE,Berlin,45,DE100001626,True
SUP001627,Supplier 001627,CZ,Ostrava,30,CZ100001627,True
SUP001628,Supplier 001628,DE,Munich,14,DE100001628,True
SUP001629,Supplier 001629,PL,Warsaw,30,PL100001629,True
SUP001630,Supplier 001630,DE,Munich,30,DE100001630,True
SUP001631,Supplier 001631,DE,Berlin,14,DE100001631,True
SUP001632,Supplier 001632,SK,Bratislava,45,SK100001632,True
SUP001633,Supplier 001633,SK,Bratislava,45,SK100001633,True
SUP001634,Supplier 001634,AT,Vienna,45,AT100001634,True
SUP001635,Supplier 001635,DE,Berlin,45,DE100001635,True
SUP001636,Supplier 001636,DE,Munich,60,DE100001636,True
SUP001637,Supplier 001637,CZ,Brno,60,CZ100001637,True
SUP001638,Supplier 001638,CZ,Prague,14,CZ100001638,True
SUP001639,Supplier 001639,PL,Warsaw,30,PL100001639,True
SUP001640,Supplier 001640,CZ,Brno,60,CZ100001640,True
SUP001641,Supplier 001641,DE,Munich,60,DE100001641,True
SUP001642,Supplier 001642,CZ,Prague,30,CZ100001642,True
SUP001643,Supplier 001643,CZ,Ostrava,30,CZ100001643,True
SUP001644,Supplier 001644,DE,Berlin,60,DE100001644,True
SUP001645,Supplier 001645,PL,Warsaw,30,PL100001645,True
SUP001646,Supplier 001646,DE,Berlin,30,DE100001646,True
SUP001647,Supplier 001647,CZ,Brno,60,CZ100001647,True
SUP001648,Supplier 001648,DE,Berlin,30,DE100001648,True
SUP001649,Supplier 001649,DE,Berlin,14,DE100001649,True
SUP001650,Supplier 001650,CZ,Prague,60,CZ100001650,True
SUP001651,Supplier 001651,DE,Munich,30,DE100001651,True
SUP001652,Supplier 001652,CZ,Ostrava,30,CZ100001652,True
SUP001653,Supplier 001653,PL,Warsaw,14,PL100001653,True
SUP001654,Supplier 001654,CZ,Ostrava,60,CZ100001654,True
SUP001655,Supplier 001655,AT,Vienna,60,AT100001655,True
SUP001656,Supplier 001656,AT,Vienna,60,AT100001656,True
SUP001657,Supplier 001657,AT,Vienna,14,AT100001657,True
SUP001658,Supplier 001658,CZ,Prague,30,CZ100001658,True
SUP001659,Supplier 001659,DE,Berlin,14,DE100001659,True
SUP001660,Supplier 001660,DE,Berlin,30,DE100001660,True
SUP001661,Supplier 001661,CZ,Prague,14,CZ100001661,True
SUP001662,Supplier 001662,SK,Bratislava,30,SK100001662,True
SUP001663,Supplier 001663,DE,Berlin,45,DE100001663,True
SUP001664,Supplier 001664,CZ,Ostrava,14,CZ100001664,True
SUP001665,Supplier 001665,AT,Vienna,45,AT100001665,True
SUP001666,Supplier 001666,CZ,Ostrava,14,CZ100001666,True
SUP001667,Supplier 001667,CZ,Prague,45,CZ100001667,True
SUP001668,Supplier 001668,DE,Munich,60,DE100001668,True
SUP001669,Supplier 001669,DE,Berlin,60,DE100001669,True
SUP001670,Supplier 001670,CZ,Ostrava,45,CZ100001670,True
SUP001671,Supplier 001671,PL,Warsaw,45,PL100001671,True
SUP001672,Supplier 001672,SK,Bratislava,30,SK100001672,True
SUP001673,Supplier 001673,AT,Vienna,14,AT100001673,True
SUP001674,Supplier 001674,SK,Bratislava,30,SK100001674,True
SUP001675,Supplier 001675,CZ,Ostrava,30,CZ100001675,True
SUP001676,Supplier 001676,CZ,Prague,30,CZ100001676,True
SUP001677,Supplier 001677,CZ,Brno,45,CZ100001677,True
SUP001678,Supplier 001678,CZ,Prague,60,CZ100001678,True
SUP001679,Supplier 001679,DE,Munich,14,DE100001679,True
SUP001680,Supplier 001680,CZ,Prague,14,CZ100001680,True
SUP001681,Supplier 001681,CZ,Prague,14,CZ100001681,True
SUP001682,Supplier 001682,CZ,Brno,60,CZ100001682,True
SUP001683,Supplier 001683,PL,Warsaw,60,PL100001683,True
SUP001684,Supplier 001684,CZ,Brno,45,CZ100001684,True
SUP001685,Supplier 001685,PL,Warsaw,30,PL100001685,True
SUP001686,Supplier 001686,SK,Bratislava,14,SK100001686,True
SUP001687,Supplier 001687,DE,Munich,60,DE100001687,True
SUP001688,Supplier 001688,CZ,Brno,45,CZ100001688,True
SUP001689,Supplier 001689,CZ,Ostrava,60,CZ100001689,True
SUP001690,Supplier 001690,CZ,Brno,14,CZ100001690,True
SUP001691,Supplier 001691,DE,Munich,14,DE100001691,True
SUP001692,Supplier 001692,CZ,Brno,60,CZ100001692,True
SUP001693,Supplier 001693,SK,Bratislava,30,SK100001693,True
SUP001694,Supplier 001694,DE,Munich,30,DE100001694,True
SUP001695,Supplier 001695,DE,Berlin,60,DE100001695,True
SUP001696,Supplier 001696,DE,Munich,30,DE100001696,True
SUP001697,Supplier 001697,CZ,Prague,60,CZ100001697,True
SUP001698,Supplier 001698,SK,Bratislava,60,SK100001698,True
SUP001699,Supplier 001699,DE,Berlin,30,DE100001699,True
SUP001700,Supplier 001700,CZ,Prague,14,CZ100001700,True
SUP001701,Supplier 001701,CZ,Brno,14,CZ100001701,True
SUP001702,Supplier 001702,PL,Warsaw,30,PL100001702,True
SUP001703,Supplier 001703,CZ,Brno,14,CZ100001703,True
SUP001704,Supplier 001704,CZ,Brno,45,CZ100001704,True
SUP001705,Supplier 001705,SK,Bratislava,60,SK100001705,True
SUP001706,Supplier 001706,DE,Munich,45,DE100001706,True
SUP001707,Supplier 001707,PL,Warsaw,14,PL100001707,True
SUP001708,Supplier 001708,CZ,Brno,30,CZ100001708,True
SUP001709,Supplier 001709,CZ,Prague,45,CZ100001709,True
SUP001710,Supplier 001710,DE,Berlin,45,DE100001710,True
SUP001711,Supplier 001711,AT,Vienna,14,AT100001711,True
SUP001712,Supplier 001712,CZ,Brno,14,CZ100001712,True
SUP001713,Supplier 001713,CZ,Prague,30,CZ100001713,True
SUP001714,Supplier 001714,CZ,Ostrava,45,CZ100001714,True
SUP001715,Supplier 001715,DE,Berlin,60,DE100001715,True
SUP001716,Supplier 001716,DE,Munich,14,DE100001716,True
SUP001717,Supplier 001717,DE,Berlin,45,DE100001717,True
SUP001718,Supplier 001718,CZ,Ostrava,14,CZ100001718,True
SUP001719,Supplier 001719,AT,Vienna,60,AT100001719,True
SUP001720,Supplier 001720,PL,Warsaw,45,PL100001720,True
SUP001721,Supplier 001721,AT,Vienna,60,AT100001721,True
SUP001722,Supplier 001722,AT,Vienna,30,AT100001722,True
SUP001723,Supplier 001723,CZ,Brno,30,CZ100001723,True
SUP001724,Supplier 001724,CZ,Prague,30,CZ100001724,True
SUP001725,Supplier 001725,CZ,Brno,60,CZ100001725,True
SUP001726,Supplier 001726,PL,Warsaw,60,PL100001726,True
SUP001727,Supplier 001727,CZ,Ostrava,60,CZ100001727,True
SUP001728,Supplier 001728,DE,Berlin,14,DE100001728,True
SUP001729,Supplier 001729,CZ,Ostrava,60,CZ100001729,True
SUP001730,Supplier 001730,PL,Warsaw,14,PL100001730,True
SUP001731,Supplier 001731,AT,Vienna,60,AT100001731,True
SUP001732,Supplier 001732,CZ,Prague,14,CZ100001732,True
SUP001733,Supplier 001733,DE,Munich,45,DE100001733,True
SUP001734,Supplier 001734,CZ,Prague,30,CZ100001734,True
SUP001735,Supplier 001735,DE,Berlin,14,DE100001735,True
SUP001736,Supplier 001736,AT,Vienna,30,AT100001736,True
SUP001737,Supplier 001737,PL,Warsaw,45,PL100001737,True
SUP001738,Supplier 001738,AT,Vienna,30,AT100001738,True
SUP001739,Supplier 001739,CZ,Prague,14,CZ100001739,True
SUP001740,Supplier 001740,CZ,Ostrava,60,CZ100001740,True
SUP001741,Supplier 001741,PL,Warsaw,30,PL100001741,True
SUP001742,Supplier 001742,CZ,Brno,60,CZ100001742,True
SUP001743,Supplier 001743,DE,Berlin,30,DE100001743,True
SUP001744,Supplier 001744,DE,Berlin,45,DE100001744,True
SUP001745,Supplier 001745,CZ,Prague,30,CZ100001745,True
SUP001746,Supplier 001746,AT,Vienna,60,AT100001746,True
SUP001747,Supplier 001747,SK,Bratislava,14,SK100001747,True
SUP001748,Supplier 001748,PL,Warsaw,60,PL100001748,True
SUP001749,Supplier 001749,PL,Warsaw,14,PL100001749,True
SUP001750,Supplier 001750,PL,Warsaw,60,PL100001750,True
SUP001751,Supplier 001751,DE,Berlin,14,DE100001751,True
SUP001752,Supplier 001752,PL,Warsaw,14,PL100001752,True
SUP001753,Supplier 001753,CZ,Brno,60,CZ100001753,True
SUP001754,Supplier 001754,AT,Vienna,14,AT100001754,True
SUP001755,Supplier 001755,CZ,Prague,14,CZ100001755,True
SUP001756,Supplier 001756,DE,Munich,30,DE100001756,True
SUP001757,Supplier 001757,PL,Warsaw,45,PL100001757,True
SUP001758,Supplier 001758,DE,Berlin,14,DE100001758,True
SUP001759,Supplier 001759,SK,Bratislava,60,SK100001759,True
SUP001760,Supplier 001760,DE,Berlin,60,DE100001760,True
SUP001761,Supplier 001761,DE,Berlin,60,DE100001761,True
SUP001762,Supplier 001762,CZ,Brno,14,CZ100001762,True
SUP001763,Supplier 001763,SK,Bratislava,14,SK100001763,True
SUP001764,Supplier 001764,DE,Berlin,45,DE100001764,True
SUP001765,Supplier 001765,DE,Munich,45,DE100001765,True
SUP001766,Supplier 001766,CZ,Brno,14,CZ100001766,True
SUP001767,Supplier 001767,CZ,Ostrava,60,CZ100001767,True
SUP001768,Supplier 001768,CZ,Ostrava,60,CZ100001768,True
SUP001769,Supplier 001769,CZ,Brno,45,CZ100001769,True
SUP001770,Supplier 001770,SK,Bratislava,30,SK100001770,True
SUP001771,Supplier 001771,CZ,Brno,60,CZ100001771,True
SUP001772,Supplier 001772,SK,Bratislava,60,SK100001772,True
SUP001773,Supplier 001773,SK,Bratislava,45,SK100001773,True
SUP001774,Supplier 001774,CZ,Brno,60,CZ100001774,True
SUP001775,Supplier 001775,CZ,Prague,14,CZ100001775,True
SUP001776,Supplier 001776,PL,Warsaw,60,PL100001776,True
SUP001777,Supplier 001777,CZ,Ostrava,60,CZ100001777,True
SUP001778,Supplier 001778,CZ,Prague,14,CZ100001778,True
SUP001779,Supplier 001779,AT,Vienna,60,AT100001779,True
SUP001780,Supplier 001780,CZ,Ostrava,30,CZ100001780,True
SUP001781,Supplier 001781,CZ,Ostrava,14,CZ100001781,True
SUP001782,Supplier 001782,AT,Vienna,45,AT100001782,True
SUP001783,Supplier 001783,AT,Vienna,60,AT100001783,True
SUP001784,Supplier 001784,SK,Bratislava,45,SK100001784,True
SUP001785,Supplier 001785,AT,Vienna,45,AT100001785,True
SUP001786,Supplier 001786,DE,Munich,60,DE100001786,True
SUP001787,Supplier 001787,CZ,Ostrava,30,CZ100001787,True
SUP001788,Supplier 001788,AT,Vienna,45,AT100001788,True
SUP001789,Supplier 001789,DE,Berlin,30,DE100001789,True
SUP001790,Supplier 001790,SK,Bratislava,30,SK100001790,True
SUP001791,Supplier 001791,DE,Munich,45,DE100001791,True
SUP001792,Supplier 001792,CZ,Ostrava,30,CZ100001792,True
SUP001793,Supplier 001793,DE,Berlin,14,DE100001793,True
SUP001794,Supplier 001794,DE,Berlin,60,DE100001794,True
SUP001795,Supplier 001795,AT,Vienna,45,AT100001795,True
SUP001796,Supplier 001796,AT,Vienna,14,AT100001796,True
SUP001797,Supplier 001797,CZ,Brno,14,CZ100001797,True
SUP001798,Supplier 001798,AT,Vienna,30,AT100001798,True
SUP001799,Supplier 001799,CZ,Prague,14,CZ100001799,True
SUP001800,Supplier 001800,SK,Bratislava,45,SK100001800,True
SUP001801,Supplier 001801,CZ,Ostrava,45,CZ100001801,True
SUP001802,Supplier 001802,DE,Munich,30,DE100001802,True
SUP001803,Supplier 001803,CZ,Prague,45,CZ100001803,True
SUP001804,Supplier 001804,SK,Bratislava,14,SK100001804,True
SUP001805,Supplier 001805,DE,Berlin,60,DE100001805,True
SUP001806,Supplier 001806,CZ,Brno,30,CZ100001806,True
SUP001807,Supplier 001807,AT,Vienna,30,AT100001807,True
SUP001808,Supplier 001808,DE,Munich,14,DE100001808,True
SUP001809,Supplier 001809,AT,Vienna,60,AT100001809,True
SUP001810,Supplier 001810,AT,Vienna,45,AT100001810,True
SUP001811,Supplier 001811,CZ,Prague,14,CZ100001811,True
SUP001812,Supplier 001812,DE,Munich,30,DE100001812,True
SUP001813,Supplier 001813,PL,Warsaw,30,PL100001813,True
SUP001814,Supplier 001814,DE,Berlin,30,DE100001814,True
SUP001815,Supplier 001815,SK,Bratislava,45,SK100001815,True
SUP001816,Supplier 001816,PL,Warsaw,30,PL100001816,True
SUP001817,Supplier 001817,CZ,Brno,30,CZ100001817,True
SUP001818,Supplier 001818,CZ,Ostrava,14,CZ100001818,True
SUP001819,Supplier 001819,AT,Vienna,14,AT100001819,True
SUP001820,Supplier 001820,AT,Vienna,45,AT100001820,True
SUP001821,Supplier 001821,DE,Munich,30,DE100001821,True
SUP001822,Supplier 001822,CZ,Ostrava,45,CZ100001822,True
SUP001823,Supplier 001823,CZ,Prague,45,CZ100001823,True
SUP001824,Supplier 001824,PL,Warsaw,30,PL100001824,True
SUP001825,Supplier 001825,CZ,Prague,30,CZ100001825,True
SUP001826,Supplier 001826,DE,Berlin,14,DE100001826,True
SUP001827,Supplier 001827,DE,Munich,60,DE100001827,True
SUP001828,Supplier 001828,DE,Berlin,14,DE100001828,True
SUP001829,Supplier 001829,DE,Berlin,30,DE100001829,True
SUP001830,Supplier 001830,CZ,Ostrava,14,CZ100001830,True
SUP001831,Supplier 001831,CZ,Ostrava,60,CZ100001831,True
SUP001832,Supplier 001832,AT,Vienna,14,AT100001832,True
SUP001833,Supplier 001833,DE,Berlin,30,DE100001833,True
SUP001834,Supplier 001834,SK,Bratislava,45,SK100001834,True
SUP001835,Supplier 001835,DE,Berlin,45,DE100001835,True
SUP001836,Supplier 001836,DE,Munich,30,DE100001836,True
SUP001837,Supplier 001837,PL,Warsaw,14,PL100001837,True
SUP001838,Supplier 001838,CZ,Brno,45,CZ100001838,True
SUP001839,Supplier 001839,PL,Warsaw,30,PL100001839,True
SUP001840,Supplier 001840,SK,Bratislava,14,SK100001840,True
SUP001841,Supplier 001841,DE,Berlin,60,DE100001841,True
SUP001842,Supplier 001842,CZ,Brno,60,CZ100001842,True
SUP001843,Supplier 001843,DE,Munich,45,DE100001843,True
SUP001844,Supplier 001844,CZ,Prague,45,CZ100001844,True
SUP001845,Supplier 001845,PL,Warsaw,60,PL100001845,True
SUP001846,Supplier 001846,CZ,Prague,45,CZ100001846,True
SUP001847,Supplier 001847,SK,Bratislava,45,SK100001847,True
SUP001848,Supplier 001848,CZ,Brno,14,CZ100001848,True
SUP001849,Supplier 001849,CZ,Ostrava,14,CZ100001849,True
SUP001850,Supplier 001850,CZ,Brno,30,CZ100001850,True
SUP001851,Supplier 001851,SK,Bratislava,60,SK100001851,True
SUP001852,Supplier 001852,CZ,Brno,30,CZ100001852,True
SUP001853,Supplier 001853,AT,Vienna,14,AT100001853,True
SUP001854,Supplier 001854,CZ,Ostrava,14,CZ100001854,True
SUP001855,Supplier 001855,PL,Warsaw,45,PL100001855,True
SUP001856,Supplier 001856,CZ,Prague,14,CZ100001856,True
SUP001857,Supplier 001857,CZ,Brno,14,CZ100001857,True
SUP001858,Supplier 001858,CZ,Ostrava,45,CZ100001858,True
SUP001859,Supplier 001859,CZ,Brno,30,CZ100001859,True
SUP001860,Supplier 001860,DE,Munich,60,DE100001860,True
SUP001861,Supplier 001861,AT,Vienna,60,AT100001861,True
SUP001862,Supplier 001862,AT,Vienna,60,AT100001862,True
SUP001863,Supplier 001863,DE,Berlin,14,DE100001863,True
SUP001864,Supplier 001864,AT,Vienna,14,AT100001864,True
SUP001865,Supplier 001865,CZ,Prague,14,CZ100001865,True
SUP001866,Supplier 001866,CZ,Prague,14,CZ100001866,True
SUP001867,Supplier 001867,DE,Berlin,14,DE100001867,True
SUP001868,Supplier 001868,DE,Munich,45,DE100001868,True
SUP001869,Supplier 001869,CZ,Brno,45,CZ100001869,True
SUP001870,Supplier 001870,PL,Warsaw,60,PL100001870,True
SUP001871,Supplier 001871,AT,Vienna,14,AT100001871,True
SUP001872,Supplier 001872,PL,Warsaw,30,PL100001872,True
SUP001873,Supplier 001873,SK,Bratislava,30,SK100001873,True
SUP001874,Supplier 001874,AT,Vienna,45,AT100001874,True
SUP001875,Supplier 001875,CZ,Ostrava,45,CZ100001875,True
SUP001876,Supplier 001876,DE,Berlin,14,DE100001876,True
SUP001877,Supplier 001877,CZ,Ostrava,14,CZ100001877,True
SUP001878,Supplier 001878,CZ,Prague,14,CZ100001878,True
SUP001879,Supplier 001879,AT,Vienna,14,AT100001879,True
SUP001880,Supplier 001880,DE,Munich,30,DE100001880,True
SUP001881,Supplier 001881,DE,Berlin,30,DE100001881,True
SUP001882,Supplier 001882,AT,Vienna,30,AT100001882,True
SUP001883,Supplier 001883,CZ,Ostrava,30,CZ100001883,True
SUP001884,Supplier 001884,SK,Bratislava,45,SK100001884,True
SUP001885,Supplier 001885,SK,Bratislava,14,SK100001885,True
SUP001886,Supplier 001886,CZ,Ostrava,14,CZ100001886,True
SUP001887,Supplier 001887,PL,Warsaw,14,PL100001887,True
SUP001888,Supplier 001888,DE,Munich,14,DE100001888,True
SUP001889,Supplier 001889,DE,Munich,14,DE100001889,True
SUP001890,Supplier 001890,SK,Bratislava,60,SK100001890,True
SUP001891,Supplier 001891,DE,Berlin,45,DE100001891,True
SUP001892,Supplier 001892,CZ,Ostrava,30,CZ100001892,True
SUP001893,Supplier 001893,CZ,Brno,45,CZ100001893,True
SUP001894,Supplier 001894,CZ,Brno,30,CZ100001894,True
SUP001895,Supplier 001895,DE,Berlin,60,DE100001895,True
SUP001896,Supplier 001896,PL,Warsaw,45,PL100001896,True
SUP001897,Supplier 001897,DE,Munich,30,DE100001897,True
SUP001898,Supplier 001898,DE,Berlin,45,DE100001898,True
SUP001899,Supplier 001899,AT,Vienna,30,AT100001899,True
SUP001900,Supplier 001900,CZ,Prague,45,CZ100001900,True
SUP001901,Supplier 001901,SK,Bratislava,30,SK100001901,True
SUP001902,Supplier 001902,AT,Vienna,45,AT100001902,True
SUP001903,Supplier 001903,DE,Berlin,30,DE100001903,True
SUP001904,Supplier 001904,DE,Berlin,60,DE100001904,True
SUP001905,Supplier 001905,PL,Warsaw,60,PL100001905,True
SUP001906,Supplier 001906,DE,Berlin,45,DE100001906,True
SUP001907,Supplier 001907,PL,Warsaw,14,PL100001907,True
SUP001908,Supplier 001908,CZ,Ostrava,14,CZ100001908,True
SUP001909,Supplier 001909,DE,Munich,30,DE100001909,True
SUP001910,Supplier 001910,SK,Bratislava,45,SK100001910,True
SUP001911,Supplier 001911,CZ,Brno,14,CZ100001911,True
SUP001912,Supplier 001912,CZ,Prague,14,CZ100001912,True
SUP001913,Supplier 001913,AT,Vienna,30,AT100001913,True
SUP001914,Supplier 001914,CZ,Prague,45,CZ100001914,True
SUP001915,Supplier 001915,PL,Warsaw,30,PL100001915,True
SUP001916,Supplier 001916,DE,Berlin,60,DE100001916,True
SUP001917,Supplier 001917,SK,Bratislava,45,SK100001917,True
SUP001918,Supplier 001918,CZ,Ostrava,60,CZ100001918,True
SUP001919,Supplier 001919,CZ,Brno,60,CZ100001919,True
SUP001920,Supplier 001920,DE,Berlin,14,DE100001920,True
SUP001921,Supplier 001921,SK,Bratislava,30,SK100001921,True
SUP001922,Supplier 001922,CZ,Ostrava,60,CZ100001922,True
SUP001923,Supplier 001923,CZ,Ostrava,30,CZ100001923,True
SUP001924,Supplier 001924,CZ,Ostrava,60,CZ100001924,True
SUP001925,Supplier 001925,DE,Berlin,14,DE100001925,True
SUP001926,Supplier 001926,SK,Bratislava,60,SK100001926,True
SUP001927,Supplier 001927,SK,Bratislava,14,SK100001927,True
SUP001928,Supplier 001928,DE,Munich,45,DE100001928,True
SUP001929,Supplier 001929,SK,Bratislava,14,SK100001929,True
SUP001930,Supplier 001930,SK,Bratislava,45,SK100001930,True
SUP001931,Supplier 001931,AT,Vienna,60,AT100001931,True
SUP001932,Supplier 001932,PL,Warsaw,14,PL100001932,True
SUP001933,Supplier 001933,CZ,Prague,45,CZ100001933,True
SUP001934,Supplier 001934,CZ,Brno,45,CZ100001934,True
SUP001935,Supplier 001935,DE,Munich,30,DE100001935,True
SUP001936,Supplier 001936,AT,Vienna,60,AT100001936,True
SUP001937,Supplier 001937,DE,Berlin,14,DE100001937,True
SUP001938,Supplier 001938,DE,Munich,60,DE100001938,True
SUP001939,Supplier 001939,SK,Bratislava,60,SK100001939,True
SUP001940,Supplier 001940,DE,Berlin,45,DE100001940,True
SUP001941,Supplier 001941,PL,Warsaw,60,PL100001941,True
SUP001942,Supplier 001942,CZ,Prague,30,CZ100001942,True
SUP001943,Supplier 001943,PL,Warsaw,30,PL100001943,True
SUP001944,Supplier 001944,SK,Bratislava,14,SK100001944,True
SUP001945,Supplier 001945,DE,Munich,30,DE100001945,True
SUP001946,Supplier 001946,CZ,Ostrava,30,CZ100001946,True
SUP001947,Supplier 001947,CZ,Ostrava,45,CZ100001947,True
SUP001948,Supplier 001948,CZ,Brno,30,CZ100001948,True
SUP001949,Supplier 001949,AT,Vienna,45,AT100001949,True
SUP001950,Supplier 001950,CZ,Brno,60,CZ100001950,True
SUP001951,Supplier 001951,PL,Warsaw,60,PL100001951,True
SUP001952,Supplier 001952,SK,Bratislava,30,SK100001952,True
SUP001953,Supplier 001953,AT,Vienna,14,AT100001953,True
SUP001954,Supplier 001954,SK,Bratislava,14,SK100001954,True
SUP001955,Supplier 001955,CZ,Ostrava,30,CZ100001955,True
SUP001956,Supplier 001956,CZ,Ostrava,14,CZ100001956,True
SUP001957,Supplier 001957,CZ,Ostrava,14,CZ100001957,True
SUP001958,Supplier 001958,CZ,Ostrava,45,CZ100001958,True
SUP001959,Supplier 001959,CZ,Ostrava,60,CZ100001959,True
SUP001960,Supplier 001960,CZ,Prague,45,CZ100001960,True
SUP001961,Supplier 001961,CZ,Brno,30,CZ100001961,True
SUP001962,Supplier 001962,PL,Warsaw,60,PL100001962,True
SUP001963,Supplier 001963,PL,Warsaw,30,PL100001963,True
SUP001964,Supplier 001964,SK,Bratislava,60,SK100001964,True
SUP001965,Supplier 001965,CZ,Ostrava,30,CZ100001965,True
SUP001966,Supplier 001966,DE,Munich,30,DE100001966,True
SUP001967,Supplier 001967,DE,Berlin,60,DE100001967,True
SUP001968,Supplier 001968,CZ,Brno,30,CZ100001968,True
SUP001969,Supplier 001969,AT,Vienna,60,AT100001969,True
SUP001970,Supplier 001970,CZ,Ostrava,14,CZ100001970,True
SUP001971,Supplier 001971,CZ,Prague,30,CZ100001971,True
SUP001972,Supplier 001972,AT,Vienna,30,AT100001972,True
SUP001973,Supplier 001973,CZ,Brno,30,CZ100001973,True
SUP001974,Supplier 001974,PL,Warsaw,14,PL100001974,True
SUP001975,Supplier 001975,CZ,Brno,14,CZ100001975,True
SUP001976,Supplier 001976,PL,Warsaw,30,PL100001976,True
SUP001977,Supplier 001977,CZ,Prague,60,CZ100001977,True
SUP001978,Supplier 001978,AT,Vienna,45,AT100001978,True
SUP001979,Supplier 001979,CZ,Prague,60,CZ100001979,True
SUP001980,Supplier 001980,SK,Bratislava,60,SK100001980,True
SUP001981,Supplier 001981,AT,Vienna,45,AT100001981,True
SUP001982,Supplier 001982,CZ,Brno,60,CZ100001982,True
SUP001983,Supplier 001983,CZ,Ostrava,45,CZ100001983,True
SUP001984,Supplier 001984,PL,Warsaw,30,PL100001984,True
SUP001985,Supplier 001985,CZ,Brno,45,CZ100001985,True
SUP001986,Supplier 001986,AT,Vienna,45,AT100001986,True
SUP001987,Supplier 001987,SK,Bratislava,14,SK100001987,True
SUP001988,Supplier 001988,CZ,Prague,14,CZ100001988,True
SUP001989,Supplier 001989,CZ,Prague,60,CZ100001989,True
SUP001990,Supplier 001990,SK,Bratislava,45,SK100001990,True
SUP001991,Supplier 001991,AT,Vienna,45,AT100001991,True
SUP001992,Supplier 001992,CZ,Brno,30,CZ100001992,True
SUP001993,Supplier 001993,AT,Vienna,45,AT100001993,True
SUP001994,Supplier 001994,DE,Munich,60,DE100001994,True
SUP001995,Supplier 001995,DE,Berlin,45,DE100001995,True
SUP001996,Supplier 001996,AT,Vienna,30,AT100001996,True
SUP001997,Supplier 001997,AT,Vienna,60,AT100001997,True
SUP001998,Supplier 001998,CZ,Ostrava,45,CZ100001998,True
SUP001999,Supplier 001999,PL,Warsaw,45,PL100001999,True
SUP002000,Supplier 002000,DE,Munich,45,DE100002000,True
SUP002001,Supplier 002001,AT,Vienna,30,AT100002001,True
SUP002002,Supplier 002002,CZ,Brno,30,CZ100002002,True
SUP002003,Supplier 002003,PL,Warsaw,30,PL100002003,True
SUP002004,Supplier 002004,CZ,Brno,30,CZ100002004,True
SUP002005,Supplier 002005,AT,Vienna,45,AT100002005,True
SUP002006,Supplier 002006,CZ,Prague,30,CZ100002006,True
SUP002007,Supplier 002007,AT,Vienna,14,AT100002007,True
SUP002008,Supplier 002008,CZ,Brno,30,CZ100002008,True
SUP002009,Supplier 002009,PL,Warsaw,60,PL100002009,True
SUP002010,Supplier 002010,CZ,Brno,14,CZ100002010,True
SUP002011,Supplier 002011,DE,Munich,30,DE100002011,True
SUP002012,Supplier 002012,DE,Berlin,14,DE100002012,True
SUP002013,Supplier 002013,CZ,Prague,60,CZ100002013,True
SUP002014,Supplier 002014,AT,Vienna,45,AT100002014,True
SUP002015,Supplier 002015,CZ,Prague,30,CZ100002015,True
SUP002016,Supplier 002016,PL,Warsaw,60,PL100002016,True
SUP002017,Supplier 002017,CZ,Prague,30,CZ100002017,True
SUP002018,Supplier 002018,DE,Munich,30,DE100002018,True
SUP002019,Supplier 002019,CZ,Prague,30,CZ100002019,True
SUP002020,Supplier 002020,CZ,Ostrava,14,CZ100002020,True
SUP002021,Supplier 002021,DE,Berlin,30,DE100002021,True
SUP002022,Supplier 002022,CZ,Prague,30,CZ100002022,True
SUP002023,Supplier 002023,CZ,Brno,45,CZ100002023,True
SUP002024,Supplier 002024,AT,Vienna,45,AT100002024,True
SUP002025,Supplier 002025,AT,Vienna,60,AT100002025,True
SUP002026,Supplier 002026,SK,Bratislava,14,SK100002026,True
SUP002027,Supplier 002027,CZ,Brno,14,CZ100002027,True
SUP002028,Supplier 002028,DE,Munich,45,DE100002028,True
SUP002029,Supplier 002029,DE,Berlin,45,DE100002029,True
SUP002030,Supplier 002030,SK,Bratislava,30,SK100002030,True
SUP002031,Supplier 002031,PL,Warsaw,60,PL100002031,True
SUP002032,Supplier 002032,CZ,Prague,45,CZ100002032,True
SUP002033,Supplier 002033,CZ,Ostrava,60,CZ100002033,True
SUP002034,Supplier 002034,CZ,Brno,14,CZ100002034,True
SUP002035,Supplier 002035,DE,Munich,45,DE100002035,True
SUP002036,Supplier 002036,CZ,Brno,45,CZ100002036,True
SUP002037,Supplier 002037,DE,Munich,60,DE100002037,True
SUP002038,Supplier 002038,AT,Vienna,60,AT100002038,True
SUP002039,Supplier 002039,SK,Bratislava,45,SK100002039,True
SUP002040,Supplier 002040,PL,Warsaw,60,PL100002040,True
SUP002041,Supplier 002041,CZ,Prague,60,CZ100002041,True
SUP002042,Supplier 002042,CZ,Brno,45,CZ100002042,True
SUP002043,Supplier 002043,CZ,Brno,60,CZ100002043,True
SUP002044,Supplier 002044,SK,Bratislava,30,SK100002044,True
SUP002045,Supplier 002045,DE,Berlin,60,DE100002045,True
SUP002046,Supplier 002046,DE,Berlin,14,DE100002046,True
SUP002047,Supplier 002047,DE,Munich,30,DE100002047,True
SUP002048,Supplier 002048,DE,Munich,14,DE100002048,True
SUP002049,Supplier 002049,AT,Vienna,45,AT100002049,True
SUP002050,Supplier 002050,CZ,Brno,30,CZ100002050,True
SUP002051,Supplier 002051,PL,Warsaw,45,PL100002051,True
SUP002052,Supplier 002052,DE,Berlin,30,DE100002052,True
SUP002053,Supplier 002053,DE,Munich,30,DE100002053,True
SUP002054,Supplier 002054,SK,Bratislava,60,SK100002054,True
SUP002055,Supplier 002055,SK,Bratislava,30,SK100002055,True
SUP002056,Supplier 002056,SK,Bratislava,45,SK100002056,True
SUP002057,Supplier 002057,SK,Bratislava,30,SK100002057,True
SUP002058,Supplier 002058,SK,Bratislava,30,SK100002058,True
SUP002059,Supplier 002059,DE,Berlin,30,DE100002059,True
SUP002060,Supplier 002060,CZ,Brno,14,CZ100002060,True
SUP002061,Supplier 002061,CZ,Brno,60,CZ100002061,True
SUP002062,Supplier 002062,CZ,Prague,14,CZ100002062,True
SUP002063,Supplier 002063,PL,Warsaw,45,PL100002063,True
SUP002064,Supplier 002064,DE,Berlin,60,DE100002064,True
SUP002065,Supplier 002065,DE,Munich,60,DE100002065,True
SUP002066,Supplier 002066,CZ,Ostrava,45,CZ100002066,True
SUP002067,Supplier 002067,AT,Vienna,30,AT100002067,True
SUP002068,Supplier 002068,CZ,Ostrava,14,CZ100002068,True
SUP002069,Supplier 002069,AT,Vienna,60,AT100002069,True
SUP002070,Supplier 002070,CZ,Prague,45,CZ100002070,True
SUP002071,Supplier 002071,AT,Vienna,30,AT100002071,True
SUP002072,Supplier 002072,PL,Warsaw,14,PL100002072,True
SUP002073,Supplier 002073,PL,Warsaw,45,PL100002073,True
SUP002074,Supplier 002074,CZ,Prague,14,CZ100002074,True
SUP002075,Supplier 002075,SK,Bratislava,60,SK100002075,True
SUP002076,Supplier 002076,CZ,Brno,45,CZ100002076,True
SUP002077,Supplier 002077,DE,Berlin,45,DE100002077,True
SUP002078,Supplier 002078,CZ,Ostrava,45,CZ100002078,True
SUP002079,Supplier 002079,SK,Bratislava,45,SK100002079,True
SUP002080,Supplier 002080,PL,Warsaw,45,PL100002080,True
SUP002081,Supplier 002081,DE,Berlin,30,DE100002081,True
SUP002082,Supplier 002082,PL,Warsaw,60,PL100002082,True
SUP002083,Supplier 002083,SK,Bratislava,60,SK100002083,True
SUP002084,Supplier 002084,DE,Berlin,45,DE100002084,True
SUP002085,Supplier 002085,AT,Vienna,45,AT100002085,True
SUP002086,Supplier 002086,PL,Warsaw,30,PL100002086,True
SUP002087,Supplier 002087,CZ,Ostrava,30,CZ100002087,True
SUP002088,Supplier 002088,CZ,Brno,45,CZ100002088,True
SUP002089,Supplier 002089,SK,Bratislava,60,SK100002089,True
SUP002090,Supplier 002090,AT,Vienna,30,AT100002090,True
SUP002091,Supplier 002091,CZ,Ostrava,30,CZ100002091,True
SUP002092,Supplier 002092,PL,Warsaw,14,PL100002092,True
SUP002093,Supplier 002093,CZ,Ostrava,60,CZ100002093,True
SUP002094,Supplier 002094,PL,Warsaw,30,PL100002094,True
SUP002095,Supplier 002095,DE,Berlin,60,DE100002095,True
SUP002096,Supplier 002096,DE,Munich,45,DE100002096,True
SUP002097,Supplier 002097,CZ,Prague,60,CZ100002097,True
SUP002098,Supplier 002098,CZ,Brno,30,CZ100002098,True
SUP002099,Supplier 002099,CZ,Prague,30,CZ100002099,True
SUP002100,Supplier 002100,DE,Munich,60,DE100002100,True
SUP002101,Supplier 002101,CZ,Brno,60,CZ100002101,True
SUP002102,Supplier 002102,DE,Berlin,45,DE100002102,True
SUP002103,Supplier 002103,DE,Berlin,45,DE100002103,True
SUP002104,Supplier 002104,DE,Munich,45,DE100002104,True
SUP002105,Supplier 002105,CZ,Prague,60,CZ100002105,True
SUP002106,Supplier 002106,CZ,Brno,45,CZ100002106,True
SUP002107,Supplier 002107,SK,Bratislava,30,SK100002107,True
SUP002108,Supplier 002108,DE,Munich,45,DE100002108,True
SUP002109,Supplier 002109,DE,Berlin,60,DE100002109,True
SUP002110,Supplier 002110,PL,Warsaw,14,PL100002110,True
SUP002111,Supplier 002111,AT,Vienna,45,AT100002111,True
SUP002112,Supplier 002112,PL,Warsaw,30,PL100002112,True
SUP002113,Supplier 002113,CZ,Ostrava,45,CZ100002113,True
SUP002114,Supplier 002114,AT,Vienna,60,AT100002114,True
SUP002115,Supplier 002115,CZ,Brno,14,CZ100002115,True
SUP002116,Supplier 002116,CZ,Ostrava,45,CZ100002116,True
SUP002117,Supplier 002117,SK,Bratislava,45,SK100002117,True
SUP002118,Supplier 002118,DE,Berlin,45,DE100002118,True
SUP002119,Supplier 002119,DE,Munich,60,DE100002119,True
SUP002120,Supplier 002120,DE,Munich,60,DE100002120,True
SUP002121,Supplier 002121,DE,Berlin,60,DE100002121,True
SUP002122,Supplier 002122,AT,Vienna,30,AT100002122,True
SUP002123,Supplier 002123,CZ,Ostrava,14,CZ100002123,True
SUP002124,Supplier 002124,CZ,Ostrava,30,CZ100002124,True
SUP002125,Supplier 002125,DE,Munich,14,DE100002125,True
SUP002126,Supplier 002126,SK,Bratislava,30,SK100002126,True
SUP002127,Supplier 002127,AT,Vienna,14,AT100002127,True
SUP002128,Supplier 002128,CZ,Brno,14,CZ100002128,True
SUP002129,Supplier 002129,PL,Warsaw,14,PL100002129,True
SUP002130,Supplier 002130,CZ,Prague,60,CZ100002130,True
SUP002131,Supplier 002131,CZ,Brno,14,CZ100002131,True
SUP002132,Supplier 002132,DE,Munich,30,DE100002132,True
SUP002133,Supplier 002133,CZ,Brno,60,CZ100002133,True
SUP002134,Supplier 002134,DE,Munich,30,DE100002134,True
SUP002135,Supplier 002135,SK,Bratislava,45,SK100002135,True
SUP002136,Supplier 002136,PL,Warsaw,30,PL100002136,True
SUP002137,Supplier 002137,CZ,Ostrava,30,CZ100002137,True
SUP002138,Supplier 002138,CZ,Prague,14,CZ100002138,True
SUP002139,Supplier 002139,DE,Berlin,45,DE100002139,True
SUP002140,Supplier 002140,PL,Warsaw,60,PL100002140,True
SUP002141,Supplier 002141,DE,Munich,60,DE100002141,True
SUP002142,Supplier 002142,CZ,Ostrava,30,CZ100002142,True
SUP002143,Supplier 002143,PL,Warsaw,60,PL100002143,True
SUP002144,Supplier 002144,DE,Munich,45,DE100002144,True
SUP002145,Supplier 002145,PL,Warsaw,30,PL100002145,True
SUP002146,Supplier 002146,CZ,Brno,60,CZ100002146,True
SUP002147,Supplier 002147,DE,Munich,45,DE100002147,True
SUP002148,Supplier 002148,AT,Vienna,45,AT100002148,True
SUP002149,Supplier 002149,CZ,Ostrava,45,CZ100002149,True
SUP002150,Supplier 002150,CZ,Prague,14,CZ100002150,True
SUP002151,Supplier 002151,CZ,Ostrava,45,CZ100002151,True
SUP002152,Supplier 002152,DE,Munich,60,DE100002152,True
SUP002153,Supplier 002153,CZ,Prague,60,CZ100002153,True
SUP002154,Supplier 002154,PL,Warsaw,45,PL100002154,True
SUP002155,Supplier 002155,CZ,Prague,60,CZ100002155,True
SUP002156,Supplier 002156,DE,Munich,30,DE100002156,True
SUP002157,Supplier 002157,CZ,Prague,45,CZ100002157,True
SUP002158,Supplier 002158,SK,Bratislava,60,SK100002158,True
SUP002159,Supplier 002159,AT,Vienna,60,AT100002159,True
SUP002160,Supplier 002160,SK,Bratislava,30,SK100002160,True
SUP002161,Supplier 002161,AT,Vienna,60,AT100002161,True
SUP002162,Supplier 002162,SK,Bratislava,45,SK100002162,True
SUP002163,Supplier 002163,CZ,Brno,60,CZ100002163,True
SUP002164,Supplier 002164,SK,Bratislava,45,SK100002164,True
SUP002165,Supplier 002165,DE,Munich,45,DE100002165,True
SUP002166,Supplier 002166,AT,Vienna,30,AT100002166,True
SUP002167,Supplier 002167,CZ,Brno,30,CZ100002167,True
SUP002168,Supplier 002168,CZ,Ostrava,45,CZ100002168,True
SUP002169,Supplier 002169,CZ,Brno,60,CZ100002169,True
SUP002170,Supplier 002170,PL,Warsaw,45,PL100002170,True
SUP002171,Supplier 002171,PL,Warsaw,30,PL100002171,True
SUP002172,Supplier 002172,DE,Berlin,14,DE100002172,True
SUP002173,Supplier 002173,CZ,Ostrava,14,CZ100002173,True
SUP002174,Supplier 002174,CZ,Prague,30,CZ100002174,True
SUP002175,Supplier 002175,CZ,Brno,45,CZ100002175,True
SUP002176,Supplier 002176,DE,Munich,30,DE100002176,True
SUP002177,Supplier 002177,PL,Warsaw,14,PL100002177,True
SUP002178,Supplier 002178,SK,Bratislava,14,SK100002178,True
SUP002179,Supplier 002179,CZ,Ostrava,14,CZ100002179,True
SUP002180,Supplier 002180,PL,Warsaw,30,PL100002180,True
SUP002181,Supplier 002181,DE,Berlin,60,DE100002181,True
SUP002182,Supplier 002182,DE,Munich,60,DE100002182,True
SUP002183,Supplier 002183,DE,Berlin,60,DE100002183,True
SUP002184,Supplier 002184,CZ,Prague,45,CZ100002184,True
SUP002185,Supplier 002185,CZ,Brno,30,CZ100002185,True
SUP002186,Supplier 002186,CZ,Prague,45,CZ100002186,True
SUP002187,Supplier 002187,AT,Vienna,14,AT100002187,True
SUP002188,Supplier 002188,PL,Warsaw,30,PL100002188,True
SUP002189,Supplier 002189,SK,Bratislava,45,SK100002189,True
SUP002190,Supplier 002190,AT,Vienna,14,AT100002190,True
SUP002191,Supplier 002191,CZ,Brno,30,CZ100002191,True
SUP002192,Supplier 002192,AT,Vienna,60,AT100002192,True
SUP002193,Supplier 002193,SK,Bratislava,14,SK100002193,True
SUP002194,Supplier 002194,SK,Bratislava,60,SK100002194,True
SUP002195,Supplier 002195,CZ,Brno,30,CZ100002195,True
SUP002196,Supplier 002196,PL,Warsaw,60,PL100002196,True
SUP002197,Supplier 002197,DE,Munich,45,DE100002197,True
SUP002198,Supplier 002198,CZ,Ostrava,14,CZ100002198,True
SUP002199,Supplier 002199,CZ,Brno,45,CZ100002199,True
SUP002200,Supplier 002200,PL,Warsaw,45,PL100002200,True
SUP002201,Supplier 002201,SK,Bratislava,45,SK100002201,True
SUP002202,Supplier 002202,CZ,Prague,30,CZ100002202,True
SUP002203,Supplier 002203,CZ,Brno,30,CZ100002203,True
SUP002204,Supplier 002204,AT,Vienna,45,AT100002204,True
SUP002205,Supplier 002205,CZ,Prague,30,CZ100002205,True
SUP002206,Supplier 002206,DE,Munich,14,DE100002206,True
SUP002207,Supplier 002207,AT,Vienna,30,AT100002207,True
SUP002208,Supplier 002208,CZ,Prague,14,CZ100002208,True
SUP002209,Supplier 002209,PL,Warsaw,30,PL100002209,True
SUP002210,Supplier 002210,DE,Berlin,14,DE100002210,True
SUP002211,Supplier 002211,SK,Bratislava,30,SK100002211,True
SUP002212,Supplier 002212,PL,Warsaw,14,PL100002212,True
SUP002213,Supplier 002213,DE,Berlin,14,DE100002213,True
SUP002214,Supplier 002214,CZ,Prague,45,CZ100002214,True
SUP002215,Supplier 002215,CZ,Ostrava,14,CZ100002215,True
SUP002216,Supplier 002216,CZ,Ostrava,60,CZ100002216,True
SUP002217,Supplier 002217,SK,Bratislava,45,SK100002217,True
SUP002218,Supplier 002218,DE,Berlin,60,DE100002218,True
SUP002219,Supplier 002219,SK,Bratislava,14,SK100002219,True
SUP002220,Supplier 002220,AT,Vienna,45,AT100002220,True
SUP002221,Supplier 002221,CZ,Ostrava,45,CZ100002221,True
SUP002222,Supplier 002222,CZ,Prague,60,CZ100002222,True
SUP002223,Supplier 002223,PL,Warsaw,45,PL100002223,True
SUP002224,Supplier 002224,PL,Warsaw,30,PL100002224,True
SUP002225,Supplier 002225,CZ,Ostrava,45,CZ100002225,True
SUP002226,Supplier 002226,DE,Berlin,60,DE100002226,True
SUP002227,Supplier 002227,DE,Munich,30,DE100002227,True
SUP002228,Supplier 002228,CZ,Brno,30,CZ100002228,True
SUP002229,Supplier 002229,PL,Warsaw,45,PL100002229,True
SUP002230,Supplier 002230,DE,Munich,45,DE100002230,True
SUP002231,Supplier 002231,PL,Warsaw,14,PL100002231,True
SUP002232,Supplier 002232,AT,Vienna,30,AT100002232,True
SUP002233,Supplier 002233,CZ,Prague,45,CZ100002233,True
SUP002234,Supplier 002234,SK,Bratislava,45,SK100002234,True
SUP002235,Supplier 002235,CZ,Brno,60,CZ100002235,True
SUP002236,Supplier 002236,SK,Bratislava,60,SK100002236,True
SUP002237,Supplier 002237,CZ,Ostrava,45,CZ100002237,True
SUP002238,Supplier 002238,DE,Berlin,60,DE100002238,True
SUP002239,Supplier 002239,DE,Berlin,14,DE100002239,True
SUP002240,Supplier 002240,CZ,Brno,14,CZ100002240,True
SUP002241,Supplier 002241,CZ,Prague,30,CZ100002241,True
SUP002242,Supplier 002242,CZ,Ostrava,14,CZ100002242,True
SUP002243,Supplier 002243,SK,Bratislava,14,SK100002243,True
SUP002244,Supplier 002244,PL,Warsaw,30,PL100002244,True
SUP002245,Supplier 002245,CZ,Brno,14,CZ100002245,True
SUP002246,Supplier 002246,AT,Vienna,60,AT100002246,True
SUP002247,Supplier 002247,DE,Munich,14,DE100002247,True
SUP002248,Supplier 002248,DE,Berlin,30,DE100002248,True
SUP002249,Supplier 002249,CZ,Brno,14,CZ100002249,True
SUP002250,Supplier 002250,SK,Bratislava,60,SK100002250,True
SUP002251,Supplier 002251,CZ,Brno,60,CZ100002251,True
SUP002252,Supplier 002252,CZ,Prague,45,CZ100002252,True
SUP002253,Supplier 002253,AT,Vienna,45,AT100002253,True
SUP002254,Supplier 002254,CZ,Prague,45,CZ100002254,True
SUP002255,Supplier 002255,CZ,Prague,14,CZ100002255,True
SUP002256,Supplier 002256,DE,Munich,14,DE100002256,True
SUP002257,Supplier 002257,SK,Bratislava,14,SK100002257,True
SUP002258,Supplier 002258,CZ,Brno,30,CZ100002258,True
SUP002259,Supplier 002259,AT,Vienna,30,AT100002259,True
SUP002260,Supplier 002260,SK,Bratislava,30,SK100002260,True
SUP002261,Supplier 002261,CZ,Ostrava,60,CZ100002261,True
SUP002262,Supplier 002262,CZ,Brno,45,CZ100002262,True
SUP002263,Supplier 002263,PL,Warsaw,60,PL100002263,True
SUP002264,Supplier 002264,CZ,Brno,30,CZ100002264,True
SUP002265,Supplier 002265,CZ,Ostrava,60,CZ100002265,True
SUP002266,Supplier 002266,DE,Berlin,30,DE100002266,True
SUP002267,Supplier 002267,PL,Warsaw,45,PL100002267,True
SUP002268,Supplier 002268,DE,Berlin,45,DE100002268,True
SUP002269,Supplier 002269,DE,Berlin,60,DE100002269,True
SUP002270,Supplier 002270,AT,Vienna,45,AT100002270,True
SUP002271,Supplier 002271,SK,Bratislava,30,SK100002271,True
SUP002272,Supplier 002272,AT,Vienna,45,AT100002272,True
SUP002273,Supplier 002273,DE,Berlin,60,DE100002273,True
SUP002274,Supplier 002274,PL,Warsaw,60,PL100002274,True
SUP002275,Supplier 002275,CZ,Prague,14,CZ100002275,True
SUP002276,Supplier 002276,DE,Munich,14,DE100002276,True
SUP002277,Supplier 002277,CZ,Ostrava,45,CZ100002277,True
SUP002278,Supplier 002278,CZ,Prague,45,CZ100002278,True
SUP002279,Supplier 002279,SK,Bratislava,30,SK100002279,True
SUP002280,Supplier 002280,DE,Berlin,14,DE100002280,True
SUP002281,Supplier 002281,DE,Munich,30,DE100002281,True
SUP002282,Supplier 002282,CZ,Brno,14,CZ100002282,True
SUP002283,Supplier 002283,PL,Warsaw,45,PL100002283,True
SUP002284,Supplier 002284,CZ,Ostrava,30,CZ100002284,True
SUP002285,Supplier 002285,DE,Munich,45,DE100002285,True
SUP002286,Supplier 002286,SK,Bratislava,30,SK100002286,True
SUP002287,Supplier 002287,DE,Munich,45,DE100002287,True
SUP002288,Supplier 002288,CZ,Brno,60,CZ100002288,True
SUP002289,Supplier 002289,SK,Bratislava,14,SK100002289,True
SUP002290,Supplier 002290,DE,Berlin,60,DE100002290,True
SUP002291,Supplier 002291,CZ,Ostrava,60,CZ100002291,True
SUP002292,Supplier 002292,CZ,Brno,45,CZ100002292,True
SUP002293,Supplier 002293,CZ,Prague,60,CZ100002293,True
SUP002294,Supplier 002294,CZ,Brno,14,CZ100002294,True
SUP002295,Supplier 002295,DE,Berlin,45,DE100002295,True
SUP002296,Supplier 002296,AT,Vienna,60,AT100002296,True
SUP002297,Supplier 002297,CZ,Brno,30,CZ100002297,True
SUP002298,Supplier 002298,CZ,Prague,60,CZ100002298,True
SUP002299,Supplier 002299,CZ,Prague,45,CZ100002299,True
SUP002300,Supplier 002300,CZ,Prague,45,CZ100002300,True
SUP002301,Supplier 002301,CZ,Ostrava,45,CZ100002301,True
SUP002302,Supplier 002302,SK,Bratislava,30,SK100002302,True
SUP002303,Supplier 002303,CZ,Prague,60,CZ100002303,True
SUP002304,Supplier 002304,PL,Warsaw,14,PL100002304,True
SUP002305,Supplier 002305,SK,Bratislava,60,SK100002305,True
SUP002306,Supplier 002306,DE,Munich,60,DE100002306,True
SUP002307,Supplier 002307,CZ,Ostrava,30,CZ100002307,True
SUP002308,Supplier 002308,DE,Berlin,14,DE100002308,True
SUP002309,Supplier 002309,PL,Warsaw,14,PL100002309,True
SUP002310,Supplier 002310,AT,Vienna,45,AT100002310,True
SUP002311,Supplier 002311,CZ,Brno,60,CZ100002311,True
SUP002312,Supplier 002312,AT,Vienna,30,AT100002312,True
SUP002313,Supplier 002313,CZ,Ostrava,60,CZ100002313,True
SUP002314,Supplier 002314,SK,Bratislava,60,SK100002314,True
SUP002315,Supplier 002315,AT,Vienna,30,AT100002315,True
SUP002316,Supplier 002316,SK,Bratislava,30,SK100002316,True
SUP002317,Supplier 002317,CZ,Brno,45,CZ100002317,True
SUP002318,Supplier 002318,AT,Vienna,45,AT100002318,True
SUP002319,Supplier 002319,CZ,Brno,14,CZ100002319,True
SUP002320,Supplier 002320,AT,Vienna,60,AT100002320,True
SUP002321,Supplier 002321,DE,Berlin,45,DE100002321,True
SUP002322,Supplier 002322,SK,Bratislava,45,SK100002322,True
SUP002323,Supplier 002323,DE,Berlin,14,DE100002323,True
SUP002324,Supplier 002324,DE,Munich,30,DE100002324,True
SUP002325,Supplier 002325,DE,Berlin,60,DE100002325,True
SUP002326,Supplier 002326,CZ,Ostrava,60,CZ100002326,True
SUP002327,Supplier 002327,CZ,Prague,30,CZ100002327,True
SUP002328,Supplier 002328,SK,Bratislava,45,SK100002328,True
SUP002329,Supplier 002329,CZ,Ostrava,14,CZ100002329,True
SUP002330,Supplier 002330,CZ,Brno,14,CZ100002330,True
SUP002331,Supplier 002331,SK,Bratislava,30,SK100002331,True
SUP002332,Supplier 002332,DE,Munich,14,DE100002332,True
SUP002333,Supplier 002333,DE,Berlin,14,DE100002333,True
SUP002334,Supplier 002334,DE,Munich,60,DE100002334,True
SUP002335,Supplier 002335,PL,Warsaw,14,PL100002335,True
SUP002336,Supplier 002336,DE,Berlin,30,DE100002336,True
SUP002337,Supplier 002337,SK,Bratislava,30,SK100002337,True
SUP002338,Supplier 002338,DE,Munich,60,DE100002338,True
SUP002339,Supplier 002339,CZ,Ostrava,14,CZ100002339,True
SUP002340,Supplier 002340,AT,Vienna,14,AT100002340,True
SUP002341,Supplier 002341,DE,Munich,30,DE100002341,True
SUP002342,Supplier 002342,CZ,Prague,45,CZ100002342,True
SUP002343,Supplier 002343,SK,Bratislava,45,SK100002343,True
SUP002344,Supplier 002344,CZ,Prague,60,CZ100002344,True
SUP002345,Supplier 002345,CZ,Prague,14,CZ100002345,True
SUP002346,Supplier 002346,AT,Vienna,45,AT100002346,True
SUP002347,Supplier 002347,DE,Berlin,14,DE100002347,True
SUP002348,Supplier 002348,CZ,Prague,45,CZ100002348,True
SUP002349,Supplier 002349,AT,Vienna,30,AT100002349,True
SUP002350,Supplier 002350,AT,Vienna,14,AT100002350,True
SUP002351,Supplier 002351,DE,Berlin,60,DE100002351,True
SUP002352,Supplier 002352,CZ,Brno,30,CZ100002352,True
SUP002353,Supplier 002353,SK,Bratislava,60,SK100002353,True
SUP002354,Supplier 002354,CZ,Prague,14,CZ100002354,True
SUP002355,Supplier 002355,SK,Bratislava,45,SK100002355,True
SUP002356,Supplier 002356,DE,Berlin,60,DE100002356,True
SUP002357,Supplier 002357,AT,Vienna,30,AT100002357,True
SUP002358,Supplier 002358,CZ,Prague,45,CZ100002358,True
SUP002359,Supplier 002359,DE,Berlin,45,DE100002359,True
SUP002360,Supplier 002360,DE,Munich,30,DE100002360,True
SUP002361,Supplier 002361,DE,Munich,14,DE100002361,True
SUP002362,Supplier 002362,DE,Munich,60,DE100002362,True
SUP002363,Supplier 002363,CZ,Prague,45,CZ100002363,True
SUP002364,Supplier 002364,SK,Bratislava,30,SK100002364,True
SUP002365,Supplier 002365,DE,Berlin,60,DE100002365,True
SUP002366,Supplier 002366,CZ,Ostrava,14,CZ100002366,True
SUP002367,Supplier 002367,AT,Vienna,30,AT100002367,True
SUP002368,Supplier 002368,AT,Vienna,30,AT100002368,True
SUP002369,Supplier 002369,CZ,Ostrava,60,CZ100002369,True
SUP002370,Supplier 002370,DE,Munich,45,DE100002370,True
SUP002371,Supplier 002371,PL,Warsaw,30,PL100002371,True
SUP002372,Supplier 002372,SK,Bratislava,30,SK100002372,True
SUP002373,Supplier 002373,SK,Bratislava,30,SK100002373,True
SUP002374,Supplier 002374,DE,Munich,30,DE100002374,True
SUP002375,Supplier 002375,AT,Vienna,30,AT100002375,True
SUP002376,Supplier 002376,CZ,Ostrava,45,CZ100002376,True
SUP002377,Supplier 002377,CZ,Brno,14,CZ100002377,True
SUP002378,Supplier 002378,CZ,Ostrava,45,CZ100002378,True
SUP002379,Supplier 002379,CZ,Ostrava,14,CZ100002379,True
SUP002380,Supplier 002380,DE,Berlin,60,DE100002380,True
SUP002381,Supplier 002381,AT,Vienna,45,AT100002381,True
SUP002382,Supplier 002382,PL,Warsaw,45,PL100002382,True
SUP002383,Supplier 002383,CZ,Ostrava,30,CZ100002383,True
SUP002384,Supplier 002384,CZ,Brno,30,CZ100002384,True
SUP002385,Supplier 002385,CZ,Ostrava,14,CZ100002385,True
SUP002386,Supplier 002386,DE,Munich,30,DE100002386,True
SUP002387,Supplier 002387,SK,Bratislava,30,SK100002387,True
SUP002388,Supplier 002388,CZ,Prague,45,CZ100002388,True
SUP002389,Supplier 002389,CZ,Brno,60,CZ100002389,True
SUP002390,Supplier 002390,CZ,Ostrava,60,CZ100002390,True
SUP002391,Supplier 002391,DE,Berlin,30,DE100002391,True
SUP002392,Supplier 002392,AT,Vienna,60,AT100002392,True
SUP002393,Supplier 002393,PL,Warsaw,30,PL100002393,True
SUP002394,Supplier 002394,CZ,Ostrava,30,CZ100002394,True
SUP002395,Supplier 002395,SK,Bratislava,14,SK100002395,True
SUP002396,Supplier 002396,AT,Vienna,14,AT100002396,True
SUP002397,Supplier 002397,DE,Munich,60,DE100002397,True
SUP002398,Supplier 002398,SK,Bratislava,30,SK100002398,True
SUP002399,Supplier 002399,SK,Bratislava,14,SK100002399,True
SUP002400,Supplier 002400,CZ,Ostrava,60,CZ100002400,True
SUP002401,Supplier 002401,PL,Warsaw,45,PL100002401,True
SUP002402,Supplier 002402,PL,Warsaw,30,PL100002402,True
SUP002403,Supplier 002403,AT,Vienna,60,AT100002403,True
SUP002404,Supplier 002404,CZ,Prague,60,CZ100002404,True
SUP002405,Supplier 002405,DE,Berlin,60,DE100002405,True
SUP002406,Supplier 002406,CZ,Prague,14,CZ100002406,True
SUP002407,Supplier 002407,PL,Warsaw,60,PL100002407,True
SUP002408,Supplier 002408,CZ,Prague,30,CZ100002408,True
SUP002409,Supplier 002409,AT,Vienna,14,AT100002409,True
SUP002410,Supplier 002410,AT,Vienna,14,AT100002410,True
SUP002411,Supplier 002411,SK,Bratislava,45,SK100002411,True
SUP002412,Supplier 002412,PL,Warsaw,60,PL100002412,True
SUP002413,Supplier 002413,DE,Munich,45,DE100002413,True
SUP002414,Supplier 002414,PL,Warsaw,30,PL100002414,True
SUP002415,Supplier 002415,AT,Vienna,45,AT100002415,True
SUP002416,Supplier 002416,CZ,Prague,30,CZ100002416,True
SUP002417,Supplier 002417,PL,Warsaw,60,PL100002417,True
SUP002418,Supplier 002418,CZ,Brno,14,CZ100002418,True
SUP002419,Supplier 002419,CZ,Ostrava,30,CZ100002419,True
SUP002420,Supplier 002420,AT,Vienna,60,AT100002420,True
SUP002421,Supplier 002421,DE,Berlin,60,DE100002421,True
SUP002422,Supplier 002422,CZ,Prague,30,CZ100002422,True
SUP002423,Supplier 002423,PL,Warsaw,30,PL100002423,True
SUP002424,Supplier 002424,PL,Warsaw,14,PL100002424,True
SUP002425,Supplier 002425,DE,Munich,45,DE100002425,True
SUP002426,Supplier 002426,CZ,Ostrava,14,CZ100002426,True
SUP002427,Supplier 002427,CZ,Brno,14,CZ100002427,True
SUP002428,Supplier 002428,PL,Warsaw,45,PL100002428,True
SUP002429,Supplier 002429,CZ,Brno,60,CZ100002429,True
SUP002430,Supplier 002430,CZ,Ostrava,60,CZ100002430,True
SUP002431,Supplier 002431,AT,Vienna,14,AT100002431,True
SUP002432,Supplier 002432,CZ,Ostrava,45,CZ100002432,True
SUP002433,Supplier 002433,CZ,Ostrava,30,CZ100002433,True
SUP002434,Supplier 002434,CZ,Ostrava,30,CZ100002434,True
SUP002435,Supplier 002435,CZ,Prague,60,CZ100002435,True
SUP002436,Supplier 002436,DE,Munich,45,DE100002436,True
SUP002437,Supplier 002437,PL,Warsaw,45,PL100002437,True
SUP002438,Supplier 002438,CZ,Ostrava,14,CZ100002438,True
SUP002439,Supplier 002439,CZ,Ostrava,30,CZ100002439,True
SUP002440,Supplier 002440,CZ,Prague,45,CZ100002440,True
SUP002441,Supplier 002441,CZ,Prague,60,CZ100002441,True
SUP002442,Supplier 002442,PL,Warsaw,60,PL100002442,True
SUP002443,Supplier 002443,CZ,Prague,60,CZ100002443,True
SUP002444,Supplier 002444,SK,Bratislava,30,SK100002444,True
SUP002445,Supplier 002445,PL,Warsaw,60,PL100002445,True
SUP002446,Supplier 002446,AT,Vienna,60,AT100002446,True
SUP002447,Supplier 002447,CZ,Brno,14,CZ100002447,True
SUP002448,Supplier 002448,SK,Bratislava,45,SK100002448,True
SUP002449,Supplier 002449,SK,Bratislava,14,SK100002449,True
SUP002450,Supplier 002450,CZ,Ostrava,30,CZ100002450,True
SUP002451,Supplier 002451,CZ,Prague,45,CZ100002451,True
SUP002452,Supplier 002452,CZ,Prague,30,CZ100002452,True
SUP002453,Supplier 002453,CZ,Prague,45,CZ100002453,True
SUP002454,Supplier 002454,DE,Berlin,14,DE100002454,True
SUP002455,Supplier 002455,CZ,Prague,14,CZ100002455,True
SUP002456,Supplier 002456,AT,Vienna,30,AT100002456,True
SUP002457,Supplier 002457,CZ,Ostrava,45,CZ100002457,True
SUP002458,Supplier 002458,CZ,Ostrava,60,CZ100002458,True
SUP002459,Supplier 002459,DE,Berlin,14,DE100002459,True
SUP002460,Supplier 002460,CZ,Brno,45,CZ100002460,True
SUP002461,Supplier 002461,DE,Berlin,45,DE100002461,True
SUP002462,Supplier 002462,AT,Vienna,14,AT100002462,True
SUP002463,Supplier 002463,AT,Vienna,14,AT100002463,True
SUP002464,Supplier 002464,DE,Munich,60,DE100002464,True
SUP002465,Supplier 002465,CZ,Ostrava,14,CZ100002465,True
SUP002466,Supplier 002466,DE,Munich,45,DE100002466,True
SUP002467,Supplier 002467,AT,Vienna,30,AT100002467,True
SUP002468,Supplier 002468,SK,Bratislava,14,SK100002468,True
SUP002469,Supplier 002469,CZ,Brno,14,CZ100002469,True
SUP002470,Supplier 002470,PL,Warsaw,45,PL100002470,True
SUP002471,Supplier 002471,AT,Vienna,45,AT100002471,True
SUP002472,Supplier 002472,DE,Munich,45,DE100002472,True
SUP002473,Supplier 002473,CZ,Ostrava,60,CZ100002473,True
SUP002474,Supplier 002474,PL,Warsaw,60,PL100002474,True
SUP002475,Supplier 002475,CZ,Ostrava,30,CZ100002475,True
SUP002476,Supplier 002476,DE,Munich,30,DE100002476,True
SUP002477,Supplier 002477,CZ,Prague,14,CZ100002477,True
SUP002478,Supplier 002478,CZ,Prague,60,CZ100002478,True
SUP002479,Supplier 002479,CZ,Brno,30,CZ100002479,True
SUP002480,Supplier 002480,AT,Vienna,60,AT100002480,True
SUP002481,Supplier 002481,CZ,Prague,45,CZ100002481,True
SUP002482,Supplier 002482,DE,Berlin,30,DE100002482,True
SUP002483,Supplier 002483,CZ,Prague,30,CZ100002483,True
SUP002484,Supplier 002484,DE,Munich,45,DE100002484,True
SUP002485,Supplier 002485,CZ,Brno,45,CZ100002485,True
SUP002486,Supplier 002486,DE,Munich,45,DE100002486,True
SUP002487,Supplier 002487,CZ,Prague,14,CZ100002487,True
SUP002488,Supplier 002488,DE,Berlin,45,DE100002488,True
SUP002489,Supplier 002489,AT,Vienna,14,AT100002489,True
SUP002490,Supplier 002490,CZ,Ostrava,30,CZ100002490,True
SUP002491,Supplier 002491,DE,Berlin,45,DE100002491,True
SUP002492,Supplier 002492,PL,Warsaw,60,PL100002492,True
SUP002493,Supplier 002493,CZ,Prague,30,CZ100002493,True
SUP002494,Supplier 002494,PL,Warsaw,30,PL100002494,True
SUP002495,Supplier 002495,PL,Warsaw,45,PL100002495,True
SUP002496,Supplier 002496,PL,Warsaw,60,PL100002496,True
SUP002497,Supplier 002497,CZ,Prague,45,CZ100002497,True
SUP002498,Supplier 002498,DE,Berlin,14,DE100002498,True
SUP002499,Supplier 002499,SK,Bratislava,45,SK100002499,True
SUP002500,Supplier 002500,DE,Berlin,14,DE100002500,True
SUP002501,Supplier 002501,CZ,Ostrava,45,CZ100002501,True
SUP002502,Supplier 002502,CZ,Prague,45,CZ100002502,True
SUP002503,Supplier 002503,AT,Vienna,30,AT100002503,True
SUP002504,Supplier 002504,AT,Vienna,30,AT100002504,True
SUP002505,Supplier 002505,CZ,Brno,45,CZ100002505,True
SUP002506,Supplier 002506,DE,Berlin,14,DE100002506,True
SUP002507,Supplier 002507,DE,Munich,60,DE100002507,True
SUP002508,Supplier 002508,CZ,Brno,60,CZ100002508,True
SUP002509,Supplier 002509,SK,Bratislava,45,SK100002509,True
SUP002510,Supplier 002510,PL,Warsaw,45,PL100002510,True
SUP002511,Supplier 002511,SK,Bratislava,45,SK100002511,True
SUP002512,Supplier 002512,CZ,Ostrava,14,CZ100002512,True
SUP002513,Supplier 002513,DE,Berlin,14,DE100002513,True
SUP002514,Supplier 002514,SK,Bratislava,14,SK100002514,True
SUP002515,Supplier 002515,PL,Warsaw,14,PL100002515,True
SUP002516,Supplier 002516,PL,Warsaw,30,PL100002516,True
SUP002517,Supplier 002517,SK,Bratislava,45,SK100002517,True
SUP002518,Supplier 002518,PL,Warsaw,45,PL100002518,True
SUP002519,Supplier 002519,DE,Berlin,30,DE100002519,True
SUP002520,Supplier 002520,CZ,Brno,30,CZ100002520,True
SUP002521,Supplier 002521,SK,Bratislava,14,SK100002521,True
SUP002522,Supplier 002522,PL,Warsaw,60,PL100002522,True
SUP002523,Supplier 002523,CZ,Brno,14,CZ100002523,True
SUP002524,Supplier 002524,DE,Munich,14,DE100002524,True
SUP002525,Supplier 002525,CZ,Brno,45,CZ100002525,True
SUP002526,Supplier 002526,PL,Warsaw,14,PL100002526,True
SUP002527,Supplier 002527,CZ,Brno,45,CZ100002527,True
SUP002528,Supplier 002528,CZ,Prague,45,CZ100002528,True
SUP002529,Supplier 002529,SK,Bratislava,45,SK100002529,True
SUP002530,Supplier 002530,SK,Bratislava,30,SK100002530,True
SUP002531,Supplier 002531,DE,Munich,45,DE100002531,True
SUP002532,Supplier 002532,DE,Berlin,60,DE100002532,True
SUP002533,Supplier 002533,CZ,Brno,45,CZ100002533,True
SUP002534,Supplier 002534,CZ,Ostrava,30,CZ100002534,True
SUP002535,Supplier 002535,DE,Munich,14,DE100002535,True
SUP002536,Supplier 002536,CZ,Prague,14,CZ100002536,True
SUP002537,Supplier 002537,SK,Bratislava,45,SK100002537,True
SUP002538,Supplier 002538,DE,Berlin,45,DE100002538,True
SUP002539,Supplier 002539,CZ,Ostrava,45,CZ100002539,True
SUP002540,Supplier 002540,SK,Bratislava,30,SK100002540,True
SUP002541,Supplier 002541,CZ,Brno,45,CZ100002541,True
SUP002542,Supplier 002542,DE,Berlin,60,DE100002542,True
SUP002543,Supplier 002543,CZ,Prague,30,CZ100002543,True
SUP002544,Supplier 002544,CZ,Prague,60,CZ100002544,True
SUP002545,Supplier 002545,CZ,Prague,14,CZ100002545,True
SUP002546,Supplier 002546,AT,Vienna,14,AT100002546,True
SUP002547,Supplier 002547,CZ,Brno,60,CZ100002547,True
SUP002548,Supplier 002548,AT,Vienna,30,AT100002548,True
SUP002549,Supplier 002549,PL,Warsaw,45,PL100002549,True
SUP002550,Supplier 002550,DE,Munich,45,DE100002550,True
SUP002551,Supplier 002551,SK,Bratislava,14,SK100002551,True
SUP002552,Supplier 002552,PL,Warsaw,30,PL100002552,True
SUP002553,Supplier 002553,CZ,Brno,60,CZ100002553,True
SUP002554,Supplier 002554,CZ,Brno,60,CZ100002554,True
SUP002555,Supplier 002555,DE,Munich,60,DE100002555,True
SUP002556,Supplier 002556,PL,Warsaw,30,PL100002556,True
SUP002557,Supplier 002557,SK,Bratislava,30,SK100002557,True
SUP002558,Supplier 002558,DE,Munich,45,DE100002558,True
SUP002559,Supplier 002559,AT,Vienna,30,AT100002559,True
SUP002560,Supplier 002560,DE,Berlin,45,DE100002560,True
SUP002561,Supplier 002561,PL,Warsaw,60,PL100002561,True
SUP002562,Supplier 002562,CZ,Prague,14,CZ100002562,True
SUP002563,Supplier 002563,PL,Warsaw,14,PL100002563,True
SUP002564,Supplier 002564,DE,Berlin,60,DE100002564,True
SUP002565,Supplier 002565,PL,Warsaw,30,PL100002565,True
SUP002566,Supplier 002566,DE,Munich,45,DE100002566,True
SUP002567,Supplier 002567,CZ,Ostrava,14,CZ100002567,True
SUP002568,Supplier 002568,AT,Vienna,14,AT100002568,True
SUP002569,Supplier 002569,DE,Berlin,14,DE100002569,True
SUP002570,Supplier 002570,DE,Munich,60,DE100002570,True
SUP002571,Supplier 002571,AT,Vienna,60,AT100002571,True
SUP002572,Supplier 002572,SK,Bratislava,30,SK100002572,True
SUP002573,Supplier 002573,CZ,Ostrava,60,CZ100002573,True
SUP002574,Supplier 002574,AT,Vienna,14,AT100002574,True
SUP002575,Supplier 002575,DE,Berlin,30,DE100002575,True
SUP002576,Supplier 002576,AT,Vienna,60,AT100002576,True
SUP002577,Supplier 002577,DE,Berlin,30,DE100002577,True
SUP002578,Supplier 002578,CZ,Ostrava,14,CZ100002578,True
SUP002579,Supplier 002579,PL,Warsaw,14,PL100002579,True
SUP002580,Supplier 002580,PL,Warsaw,45,PL100002580,True
SUP002581,Supplier 002581,CZ,Brno,60,CZ100002581,True
SUP002582,Supplier 002582,CZ,Ostrava,45,CZ100002582,True
SUP002583,Supplier 002583,AT,Vienna,14,AT100002583,True
SUP002584,Supplier 002584,CZ,Brno,60,CZ100002584,True
SUP002585,Supplier 002585,DE,Berlin,60,DE100002585,True
SUP002586,Supplier 002586,CZ,Prague,14,CZ100002586,True
SUP002587,Supplier 002587,SK,Bratislava,30,SK100002587,True
SUP002588,Supplier 002588,CZ,Prague,30,CZ100002588,True
SUP002589,Supplier 002589,CZ,Ostrava,60,CZ100002589,True
SUP002590,Supplier 002590,DE,Munich,60,DE100002590,True
SUP002591,Supplier 002591,PL,Warsaw,30,PL100002591,True
SUP002592,Supplier 002592,SK,Bratislava,45,SK100002592,True
SUP002593,Supplier 002593,DE,Munich,45,DE100002593,True
SUP002594,Supplier 002594,AT,Vienna,45,AT100002594,True
SUP002595,Supplier 002595,CZ,Brno,14,CZ100002595,True
SUP002596,Supplier 002596,AT,Vienna,30,AT100002596,True
SUP002597,Supplier 002597,DE,Munich,14,DE100002597,True
SUP002598,Supplier 002598,DE,Berlin,14,DE100002598,True
SUP002599,Supplier 002599,CZ,Prague,45,CZ100002599,True
SUP002600,Supplier 002600,CZ,Brno,45,CZ100002600,True
SUP002601,Supplier 002601,CZ,Prague,30,CZ100002601,True
SUP002602,Supplier 002602,AT,Vienna,60,AT100002602,True
SUP002603,Supplier 002603,DE,Berlin,60,DE100002603,True
SUP002604,Supplier 002604,AT,Vienna,60,AT100002604,True
SUP002605,Supplier 002605,AT,Vienna,30,AT100002605,True
SUP002606,Supplier 002606,CZ,Ostrava,60,CZ100002606,True
SUP002607,Supplier 002607,CZ,Ostrava,30,CZ100002607,True
SUP002608,Supplier 002608,AT,Vienna,45,AT100002608,True
SUP002609,Supplier 002609,AT,Vienna,30,AT100002609,True
SUP002610,Supplier 002610,DE,Munich,30,DE100002610,True
SUP002611,Supplier 002611,CZ,Ostrava,14,CZ100002611,True
SUP002612,Supplier 002612,CZ,Brno,14,CZ100002612,True
SUP002613,Supplier 002613,CZ,Ostrava,60,CZ100002613,True
SUP002614,Supplier 002614,AT,Vienna,30,AT100002614,True
SUP002615,Supplier 002615,CZ,Brno,30,CZ100002615,True
SUP002616,Supplier 002616,AT,Vienna,60,AT100002616,True
SUP002617,Supplier 002617,AT,Vienna,30,AT100002617,True
SUP002618,Supplier 002618,PL,Warsaw,60,PL100002618,True
SUP002619,Supplier 002619,PL,Warsaw,60,PL100002619,True
SUP002620,Supplier 002620,DE,Berlin,30,DE100002620,True
SUP002621,Supplier 002621,CZ,Ostrava,60,CZ100002621,True
SUP002622,Supplier 002622,CZ,Prague,60,CZ100002622,True
SUP002623,Supplier 002623,SK,Bratislava,45,SK100002623,True
SUP002624,Supplier 002624,AT,Vienna,45,AT100002624,True
SUP002625,Supplier 002625,CZ,Prague,14,CZ100002625,True
SUP002626,Supplier 002626,PL,Warsaw,45,PL100002626,True
SUP002627,Supplier 002627,CZ,Brno,60,CZ100002627,True
SUP002628,Supplier 002628,CZ,Brno,30,CZ100002628,True
SUP002629,Supplier 002629,DE,Munich,60,DE100002629,True
SUP002630,Supplier 002630,CZ,Brno,14,CZ100002630,True
SUP002631,Supplier 002631,SK,Bratislava,60,SK100002631,True
SUP002632,Supplier 002632,CZ,Brno,45,CZ100002632,True
SUP002633,Supplier 002633,CZ,Prague,45,CZ100002633,True
SUP002634,Supplier 002634,CZ,Prague,60,CZ100002634,True
SUP002635,Supplier 002635,PL,Warsaw,60,PL100002635,True
SUP002636,Supplier 002636,DE,Berlin,60,DE100002636,True
SUP002637,Supplier 002637,DE,Berlin,45,DE100002637,True
SUP002638,Supplier 002638,DE,Munich,30,DE100002638,True
SUP002639,Supplier 002639,CZ,Prague,45,CZ100002639,True
SUP002640,Supplier 002640,DE,Munich,14,DE100002640,True
SUP002641,Supplier 002641,PL,Warsaw,30,PL100002641,True
SUP002642,Supplier 002642,CZ,Prague,45,CZ100002642,True
SUP002643,Supplier 002643,CZ,Prague,45,CZ100002643,True
SUP002644,Supplier 002644,PL,Warsaw,14,PL100002644,True
SUP002645,Supplier 002645,CZ,Ostrava,14,CZ100002645,True
SUP002646,Supplier 002646,DE,Munich,45,DE100002646,True
SUP002647,Supplier 002647,CZ,Ostrava,45,CZ100002647,True
SUP002648,Supplier 002648,DE,Munich,45,DE100002648,True
SUP002649,Supplier 002649,CZ,Prague,14,CZ100002649,True
SUP002650,Supplier 002650,CZ,Ostrava,30,CZ100002650,True
SUP002651,Supplier 002651,PL,Warsaw,45,PL100002651,True
SUP002652,Supplier 002652,CZ,Ostrava,45,CZ100002652,True
SUP002653,Supplier 002653,SK,Bratislava,60,SK100002653,True
SUP002654,Supplier 002654,CZ,Ostrava,14,CZ100002654,True
SUP002655,Supplier 002655,DE,Berlin,14,DE100002655,True
SUP002656,Supplier 002656,CZ,Ostrava,30,CZ100002656,True
SUP002657,Supplier 002657,PL,Warsaw,60,PL100002657,True
SUP002658,Supplier 002658,AT,Vienna,30,AT100002658,True
SUP002659,Supplier 002659,PL,Warsaw,30,PL100002659,True
SUP002660,Supplier 002660,SK,Bratislava,45,SK100002660,True
SUP002661,Supplier 002661,CZ,Prague,45,CZ100002661,True
SUP002662,Supplier 002662,CZ,Brno,14,CZ100002662,True
SUP002663,Supplier 002663,CZ,Ostrava,60,CZ100002663,True
SUP002664,Supplier 002664,AT,Vienna,60,AT100002664,True
SUP002665,Supplier 002665,DE,Munich,60,DE100002665,True
SUP002666,Supplier 002666,SK,Bratislava,60,SK100002666,True
SUP002667,Supplier 002667,AT,Vienna,60,AT100002667,True
SUP002668,Supplier 002668,DE,Munich,30,DE100002668,True
SUP002669,Supplier 002669,AT,Vienna,14,AT100002669,True
SUP002670,Supplier 002670,DE,Munich,60,DE100002670,True
SUP002671,Supplier 002671,AT,Vienna,45,AT100002671,True
SUP002672,Supplier 002672,CZ,Prague,14,CZ100002672,True
SUP002673,Supplier 002673,DE,Berlin,60,DE100002673,True
SUP002674,Supplier 002674,DE,Munich,45,DE100002674,True
SUP002675,Supplier 002675,DE,Munich,45,DE100002675,True
SUP002676,Supplier 002676,CZ,Brno,45,CZ100002676,True
SUP002677,Supplier 002677,AT,Vienna,60,AT100002677,True
SUP002678,Supplier 002678,SK,Bratislava,30,SK100002678,True
SUP002679,Supplier 002679,DE,Berlin,30,DE100002679,True
SUP002680,Supplier 002680,DE,Berlin,14,DE100002680,True
SUP002681,Supplier 002681,CZ,Prague,14,CZ100002681,True
SUP002682,Supplier 002682,CZ,Prague,60,CZ100002682,True
SUP002683,Supplier 002683,CZ,Brno,14,CZ100002683,True
SUP002684,Supplier 002684,PL,Warsaw,45,PL100002684,True
SUP002685,Supplier 002685,SK,Bratislava,45,SK100002685,True
SUP002686,Supplier 002686,DE,Munich,30,DE100002686,True
SUP002687,Supplier 002687,CZ,Prague,14,CZ100002687,True
SUP002688,Supplier 002688,CZ,Brno,14,CZ100002688,True
SUP002689,Supplier 002689,SK,Bratislava,14,SK100002689,True
SUP002690,Supplier 002690,CZ,Brno,14,CZ100002690,True
SUP002691,Supplier 002691,CZ,Ostrava,60,CZ100002691,True
SUP002692,Supplier 002692,CZ,Ostrava,14,CZ100002692,True
SUP002693,Supplier 002693,CZ,Ostrava,45,CZ100002693,True
SUP002694,Supplier 002694,DE,Munich,60,DE100002694,True
SUP002695,Supplier 002695,CZ,Brno,60,CZ100002695,True
SUP002696,Supplier 002696,DE,Munich,60,DE100002696,True
SUP002697,Supplier 002697,DE,Berlin,45,DE100002697,True
SUP002698,Supplier 002698,CZ,Ostrava,14,CZ100002698,True
SUP002699,Supplier 002699,DE,Munich,14,DE100002699,True
SUP002700,Supplier 002700,AT,Vienna,60,AT100002700,True
SUP002701,Supplier 002701,DE,Berlin,14,DE100002701,True
SUP002702,Supplier 002702,DE,Munich,45,DE100002702,True
SUP002703,Supplier 002703,CZ,Ostrava,60,CZ100002703,True
SUP002704,Supplier 002704,CZ,Brno,60,CZ100002704,True
SUP002705,Supplier 002705,SK,Bratislava,60,SK100002705,True
SUP002706,Supplier 002706,CZ,Ostrava,60,CZ100002706,True
SUP002707,Supplier 002707,CZ,Brno,30,CZ100002707,True
SUP002708,Supplier 002708,AT,Vienna,30,AT100002708,True
SUP002709,Supplier 002709,CZ,Brno,60,CZ100002709,True
SUP002710,Supplier 002710,DE,Munich,14,DE100002710,True
SUP002711,Supplier 002711,CZ,Prague,14,CZ100002711,True
SUP002712,Supplier 002712,CZ,Brno,45,CZ100002712,True
SUP002713,Supplier 002713,PL,Warsaw,14,PL100002713,True
SUP002714,Supplier 002714,PL,Warsaw,30,PL100002714,True
SUP002715,Supplier 002715,CZ,Prague,14,CZ100002715,True
SUP002716,Supplier 002716,AT,Vienna,45,AT100002716,True
SUP002717,Supplier 002717,CZ,Ostrava,45,CZ100002717,True
SUP002718,Supplier 002718,AT,Vienna,14,AT100002718,True
SUP002719,Supplier 002719,PL,Warsaw,60,PL100002719,True
SUP002720,Supplier 002720,AT,Vienna,60,AT100002720,True
SUP002721,Supplier 002721,CZ,Brno,30,CZ100002721,True
SUP002722,Supplier 002722,CZ,Prague,60,CZ100002722,True
SUP002723,Supplier 002723,PL,Warsaw,14,PL100002723,True
SUP002724,Supplier 002724,DE,Berlin,45,DE100002724,True
SUP002725,Supplier 002725,DE,Munich,60,DE100002725,True
SUP002726,Supplier 002726,CZ,Prague,14,CZ100002726,True
SUP002727,Supplier 002727,DE,Berlin,45,DE100002727,True
SUP002728,Supplier 002728,CZ,Brno,60,CZ100002728,True
SUP002729,Supplier 002729,DE,Munich,30,DE100002729,True
SUP002730,Supplier 002730,CZ,Ostrava,14,CZ100002730,True
SUP002731,Supplier 002731,AT,Vienna,30,AT100002731,True
SUP002732,Supplier 002732,DE,Munich,60,DE100002732,True
SUP002733,Supplier 002733,CZ,Brno,45,CZ100002733,True
SUP002734,Supplier 002734,PL,Warsaw,14,PL100002734,True
SUP002735,Supplier 002735,PL,Warsaw,30,PL100002735,True
SUP002736,Supplier 002736,CZ,Ostrava,14,CZ100002736,True
SUP002737,Supplier 002737,SK,Bratislava,14,SK100002737,True
SUP002738,Supplier 002738,SK,Bratislava,60,SK100002738,True
SUP002739,Supplier 002739,AT,Vienna,14,AT100002739,True
SUP002740,Supplier 002740,DE,Munich,60,DE100002740,True
SUP002741,Supplier 002741,PL,Warsaw,14,PL100002741,True
SUP002742,Supplier 002742,CZ,Prague,45,CZ100002742,True
SUP002743,Supplier 002743,CZ,Prague,45,CZ100002743,True
SUP002744,Supplier 002744,CZ,Prague,60,CZ100002744,True
SUP002745,Supplier 002745,CZ,Brno,30,CZ100002745,True
SUP002746,Supplier 002746,PL,Warsaw,30,PL100002746,True
SUP002747,Supplier 002747,SK,Bratislava,14,SK100002747,True
SUP002748,Supplier 002748,CZ,Prague,30,CZ100002748,True
SUP002749,Supplier 002749,PL,Warsaw,14,PL100002749,True
SUP002750,Supplier 002750,PL,Warsaw,14,PL100002750,True
SUP002751,Supplier 002751,SK,Bratislava,30,SK100002751,True
SUP002752,Supplier 002752,CZ,Prague,30,CZ100002752,True
SUP002753,Supplier 002753,CZ,Prague,45,CZ100002753,True
SUP002754,Supplier 002754,CZ,Brno,60,CZ100002754,True
SUP002755,Supplier 002755,CZ,Ostrava,14,CZ100002755,True
SUP002756,Supplier 002756,CZ,Brno,14,CZ100002756,True
SUP002757,Supplier 002757,PL,Warsaw,30,PL100002757,True
SUP002758,Supplier 002758,CZ,Brno,30,CZ100002758,True
SUP002759,Supplier 002759,AT,Vienna,45,AT100002759,True
SUP002760,Supplier 002760,AT,Vienna,45,AT100002760,True
SUP002761,Supplier 002761,CZ,Brno,30,CZ100002761,True
SUP002762,Supplier 002762,DE,Berlin,30,DE100002762,True
SUP002763,Supplier 002763,CZ,Prague,30,CZ100002763,True
SUP002764,Supplier 002764,DE,Berlin,14,DE100002764,True
SUP002765,Supplier 002765,CZ,Brno,45,CZ100002765,True
SUP002766,Supplier 002766,CZ,Ostrava,60,CZ100002766,True
SUP002767,Supplier 002767,CZ,Ostrava,45,CZ100002767,True
SUP002768,Supplier 002768,CZ,Ostrava,60,CZ100002768,True
SUP002769,Supplier 002769,SK,Bratislava,14,SK100002769,True
SUP002770,Supplier 002770,CZ,Ostrava,14,CZ100002770,True
SUP002771,Supplier 002771,AT,Vienna,30,AT100002771,True
SUP002772,Supplier 002772,CZ,Prague,60,CZ100002772,True
SUP002773,Supplier 002773,CZ,Brno,14,CZ100002773,True
SUP002774,Supplier 002774,CZ,Prague,30,CZ100002774,True
SUP002775,Supplier 002775,CZ,Brno,45,CZ100002775,True
SUP002776,Supplier 002776,AT,Vienna,60,AT100002776,True
SUP002777,Supplier 002777,CZ,Ostrava,30,CZ100002777,True
SUP002778,Supplier 002778,CZ,Ostrava,45,CZ100002778,True
SUP002779,Supplier 002779,PL,Warsaw,60,PL100002779,True
SUP002780,Supplier 002780,SK,Bratislava,30,SK100002780,True
SUP002781,Supplier 002781,CZ,Prague,30,CZ100002781,True
SUP002782,Supplier 002782,PL,Warsaw,14,PL100002782,True
SUP002783,Supplier 002783,DE,Munich,45,DE100002783,True
SUP002784,Supplier 002784,AT,Vienna,14,AT100002784,True
SUP002785,Supplier 002785,SK,Bratislava,30,SK100002785,True
SUP002786,Supplier 002786,CZ,Brno,14,CZ100002786,True
SUP002787,Supplier 002787,DE,Berlin,30,DE100002787,True
SUP002788,Supplier 002788,PL,Warsaw,30,PL100002788,True
SUP002789,Supplier 002789,DE,Munich,14,DE100002789,True
SUP002790,Supplier 002790,SK,Bratislava,14,SK100002790,True
SUP002791,Supplier 002791,CZ,Ostrava,60,CZ100002791,True
SUP002792,Supplier 002792,PL,Warsaw,30,PL100002792,True
SUP002793,Supplier 002793,CZ,Ostrava,14,CZ100002793,True
SUP002794,Supplier 002794,CZ,Prague,45,CZ100002794,True
SUP002795,Supplier 002795,DE,Munich,30,DE100002795,True
SUP002796,Supplier 002796,AT,Vienna,45,AT100002796,True
SUP002797,Supplier 002797,DE,Berlin,60,DE100002797,True
SUP002798,Supplier 002798,CZ,Prague,14,CZ100002798,True
SUP002799,Supplier 002799,CZ,Prague,30,CZ100002799,True
SUP002800,Supplier 002800,CZ,Ostrava,14,CZ100002800,True
SUP002801,Supplier 002801,PL,Warsaw,14,PL100002801,True
SUP002802,Supplier 002802,CZ,Brno,30,CZ100002802,True
SUP002803,Supplier 002803,PL,Warsaw,45,PL100002803,True
SUP002804,Supplier 002804,AT,Vienna,30,AT100002804,True
SUP002805,Supplier 002805,DE,Berlin,30,DE100002805,True
SUP002806,Supplier 002806,CZ,Brno,45,CZ100002806,True
SUP002807,Supplier 002807,SK,Bratislava,14,SK100002807,True
SUP002808,Supplier 002808,SK,Bratislava,60,SK100002808,True
SUP002809,Supplier 002809,SK,Bratislava,60,SK100002809,True
SUP002810,Supplier 002810,SK,Bratislava,14,SK100002810,True
SUP002811,Supplier 002811,PL,Warsaw,60,PL100002811,True
SUP002812,Supplier 002812,CZ,Prague,60,CZ100002812,True
SUP002813,Supplier 002813,CZ,Ostrava,30,CZ100002813,True
SUP002814,Supplier 002814,PL,Warsaw,30,PL100002814,True
SUP002815,Supplier 002815,AT,Vienna,45,AT100002815,True
SUP002816,Supplier 002816,CZ,Ostrava,60,CZ100002816,True
SUP002817,Supplier 002817,SK,Bratislava,45,SK100002817,True
SUP002818,Supplier 002818,DE,Munich,30,DE100002818,True
SUP002819,Supplier 002819,DE,Berlin,30,DE100002819,True
SUP002820,Supplier 002820,CZ,Prague,14,CZ100002820,True
SUP002821,Supplier 002821,DE,Munich,30,DE100002821,True
SUP002822,Supplier 002822,CZ,Brno,60,CZ100002822,True
SUP002823,Supplier 002823,PL,Warsaw,60,PL100002823,True
SUP002824,Supplier 002824,CZ,Ostrava,45,CZ100002824,True
SUP002825,Supplier 002825,SK,Bratislava,45,SK100002825,True
SUP002826,Supplier 002826,CZ,Ostrava,30,CZ100002826,True
SUP002827,Supplier 002827,SK,Bratislava,14,SK100002827,True
SUP002828,Supplier 002828,AT,Vienna,60,AT100002828,True
SUP002829,Supplier 002829,SK,Bratislava,60,SK100002829,True
SUP002830,Supplier 002830,PL,Warsaw,45,PL100002830,True
SUP002831,Supplier 002831,CZ,Prague,60,CZ100002831,True
SUP002832,Supplier 002832,SK,Bratislava,30,SK100002832,True
SUP002833,Supplier 002833,DE,Berlin,60,DE100002833,True
SUP002834,Supplier 002834,SK,Bratislava,30,SK100002834,True
SUP002835,Supplier 002835,CZ,Prague,60,CZ100002835,True
SUP002836,Supplier 002836,CZ,Prague,14,CZ100002836,True
SUP002837,Supplier 002837,PL,Warsaw,14,PL100002837,True
SUP002838,Supplier 002838,AT,Vienna,60,AT100002838,True
SUP002839,Supplier 002839,PL,Warsaw,14,PL100002839,True
SUP002840,Supplier 002840,PL,Warsaw,60,PL100002840,True
SUP002841,Supplier 002841,SK,Bratislava,14,SK100002841,True
SUP002842,Supplier 002842,CZ,Prague,60,CZ100002842,True
SUP002843,Supplier 002843,SK,Bratislava,30,SK100002843,True
SUP002844,Supplier 002844,DE,Berlin,45,DE100002844,True
SUP002845,Supplier 002845,SK,Bratislava,14,SK100002845,True
SUP002846,Supplier 002846,CZ,Prague,60,CZ100002846,True
SUP002847,Supplier 002847,DE,Munich,30,DE100002847,True
SUP002848,Supplier 002848,PL,Warsaw,14,PL100002848,True
SUP002849,Supplier 002849,PL,Warsaw,60,PL100002849,True
SUP002850,Supplier 002850,CZ,Ostrava,60,CZ100002850,True
SUP002851,Supplier 002851,CZ,Ostrava,45,CZ100002851,True
SUP002852,Supplier 002852,PL,Warsaw,14,PL100002852,True
SUP002853,Supplier 002853,CZ,Brno,60,CZ100002853,True
SUP002854,Supplier 002854,DE,Berlin,14,DE100002854,True
SUP002855,Supplier 002855,DE,Munich,60,DE100002855,True
SUP002856,Supplier 002856,DE,Munich,30,DE100002856,True
SUP002857,Supplier 002857,CZ,Brno,45,CZ100002857,True
SUP002858,Supplier 002858,CZ,Prague,45,CZ100002858,True
SUP002859,Supplier 002859,CZ,Prague,14,CZ100002859,True
SUP002860,Supplier 002860,AT,Vienna,45,AT100002860,True
SUP002861,Supplier 002861,PL,Warsaw,14,PL100002861,True
SUP002862,Supplier 002862,DE,Berlin,45,DE100002862,True
SUP002863,Supplier 002863,CZ,Ostrava,14,CZ100002863,True
SUP002864,Supplier 002864,SK,Bratislava,30,SK100002864,True
SUP002865,Supplier 002865,DE,Berlin,30,DE100002865,True
SUP002866,Supplier 002866,CZ,Brno,60,CZ100002866,True
SUP002867,Supplier 002867,SK,Bratislava,30,SK100002867,True
SUP002868,Supplier 002868,DE,Berlin,45,DE100002868,True
SUP002869,Supplier 002869,DE,Munich,60,DE100002869,True
SUP002870,Supplier 002870,DE,Munich,14,DE100002870,True
SUP002871,Supplier 002871,CZ,Brno,45,CZ100002871,True
SUP002872,Supplier 002872,DE,Berlin,60,DE100002872,True
SUP002873,Supplier 002873,PL,Warsaw,14,PL100002873,True
SUP002874,Supplier 002874,PL,Warsaw,45,PL100002874,True
SUP002875,Supplier 002875,PL,Warsaw,45,PL100002875,True
SUP002876,Supplier 002876,CZ,Brno,30,CZ100002876,True
SUP002877,Supplier 002877,PL,Warsaw,14,PL100002877,True
SUP002878,Supplier 002878,CZ,Brno,60,CZ100002878,True
SUP002879,Supplier 002879,CZ,Ostrava,45,CZ100002879,True
SUP002880,Supplier 002880,CZ,Brno,14,CZ100002880,True
SUP002881,Supplier 002881,CZ,Ostrava,45,CZ100002881,True
SUP002882,Supplier 002882,CZ,Brno,30,CZ100002882,True
SUP002883,Supplier 002883,PL,Warsaw,30,PL100002883,True
SUP002884,Supplier 002884,SK,Bratislava,14,SK100002884,True
SUP002885,Supplier 002885,DE,Munich,60,DE100002885,True
SUP002886,Supplier 002886,CZ,Ostrava,60,CZ100002886,True
SUP002887,Supplier 002887,DE,Berlin,60,DE100002887,True
SUP002888,Supplier 002888,PL,Warsaw,14,PL100002888,True
SUP002889,Supplier 002889,DE,Munich,30,DE100002889,True
SUP002890,Supplier 002890,CZ,Brno,14,CZ100002890,True
SUP002891,Supplier 002891,SK,Bratislava,45,SK100002891,True
SUP002892,Supplier 002892,AT,Vienna,45,AT100002892,True
SUP002893,Supplier 002893,DE,Berlin,60,DE100002893,True
SUP002894,Supplier 002894,PL,Warsaw,60,PL100002894,True
SUP002895,Supplier 002895,DE,Munich,30,DE100002895,True
SUP002896,Supplier 002896,DE,Munich,30,DE100002896,True
SUP002897,Supplier 002897,DE,Munich,30,DE100002897,True
SUP002898,Supplier 002898,PL,Warsaw,45,PL100002898,True
SUP002899,Supplier 002899,DE,Munich,14,DE100002899,True
SUP002900,Supplier 002900,CZ,Ostrava,45,CZ100002900,True
SUP002901,Supplier 002901,DE,Munich,60,DE100002901,True
SUP002902,Supplier 002902,CZ,Ostrava,30,CZ100002902,True
SUP002903,Supplier 002903,DE,Munich,30,DE100002903,True
SUP002904,Supplier 002904,CZ,Ostrava,30,CZ100002904,True
SUP002905,Supplier 002905,CZ,Ostrava,30,CZ100002905,True
SUP002906,Supplier 002906,CZ,Brno,14,CZ100002906,True
SUP002907,Supplier 002907,DE,Berlin,30,DE100002907,True
SUP002908,Supplier 002908,PL,Warsaw,45,PL100002908,True
SUP002909,Supplier 002909,DE,Berlin,30,DE100002909,True
SUP002910,Supplier 002910,SK,Bratislava,14,SK100002910,True
SUP002911,Supplier 002911,DE,Berlin,45,DE100002911,True
SUP002912,Supplier 002912,CZ,Ostrava,45,CZ100002912,True
SUP002913,Supplier 002913,PL,Warsaw,30,PL100002913,True
SUP002914,Supplier 002914,DE,Munich,14,DE100002914,True
SUP002915,Supplier 002915,CZ,Prague,60,CZ100002915,True
SUP002916,Supplier 002916,PL,Warsaw,30,PL100002916,True
SUP002917,Supplier 002917,PL,Warsaw,45,PL100002917,True
SUP002918,Supplier 002918,CZ,Ostrava,14,CZ100002918,True
SUP002919,Supplier 002919,DE,Berlin,45,DE100002919,True
SUP002920,Supplier 002920,PL,Warsaw,45,PL100002920,True
SUP002921,Supplier 002921,CZ,Ostrava,60,CZ100002921,True
SUP002922,Supplier 002922,DE,Berlin,14,DE100002922,True
SUP002923,Supplier 002923,PL,Warsaw,14,PL100002923,True
SUP002924,Supplier 002924,CZ,Ostrava,14,CZ100002924,True
SUP002925,Supplier 002925,DE,Munich,14,DE100002925,True
SUP002926,Supplier 002926,AT,Vienna,30,AT100002926,True
SUP002927,Supplier 002927,PL,Warsaw,45,PL100002927,True
SUP002928,Supplier 002928,CZ,Brno,45,CZ100002928,True
SUP002929,Supplier 002929,CZ,Prague,30,CZ100002929,True
SUP002930,Supplier 002930,SK,Bratislava,45,SK100002930,True
SUP002931,Supplier 002931,SK,Bratislava,14,SK100002931,True
SUP002932,Supplier 002932,CZ,Brno,60,CZ100002932,True
SUP002933,Supplier 002933,CZ,Brno,60,CZ100002933,True
SUP002934,Supplier 002934,SK,Bratislava,60,SK100002934,True
SUP002935,Supplier 002935,DE,Berlin,14,DE100002935,True
SUP002936,Supplier 002936,DE,Berlin,60,DE100002936,True
SUP002937,Supplier 002937,CZ,Ostrava,60,CZ100002937,True
SUP002938,Supplier 002938,DE,Berlin,60,DE100002938,True
SUP002939,Supplier 002939,DE,Berlin,14,DE100002939,True
SUP002940,Supplier 002940,DE,Munich,45,DE100002940,True
SUP002941,Supplier 002941,DE,Berlin,45,DE100002941,True
SUP002942,Supplier 002942,PL,Warsaw,14,PL100002942,True
SUP002943,Supplier 002943,SK,Bratislava,60,SK100002943,True
SUP002944,Supplier 002944,AT,Vienna,60,AT100002944,True
SUP002945,Supplier 002945,DE,Munich,30,DE100002945,True
SUP002946,Supplier 002946,AT,Vienna,60,AT100002946,True
SUP002947,Supplier 002947,CZ,Ostrava,14,CZ100002947,True
SUP002948,Supplier 002948,CZ,Ostrava,30,CZ100002948,True
SUP002949,Supplier 002949,DE,Munich,60,DE100002949,True
SUP002950,Supplier 002950,DE,Berlin,14,DE100002950,True
SUP002951,Supplier 002951,AT,Vienna,14,AT100002951,True
SUP002952,Supplier 002952,CZ,Prague,60,CZ100002952,True
SUP002953,Supplier 002953,DE,Munich,60,DE100002953,True
SUP002954,Supplier 002954,CZ,Ostrava,60,CZ100002954,True
SUP002955,Supplier 002955,CZ,Ostrava,30,CZ100002955,True
SUP002956,Supplier 002956,CZ,Ostrava,60,CZ100002956,True
SUP002957,Supplier 002957,DE,Munich,60,DE100002957,True
SUP002958,Supplier 002958,CZ,Prague,45,CZ100002958,True
SUP002959,Supplier 002959,DE,Munich,60,DE100002959,True
SUP002960,Supplier 002960,PL,Warsaw,30,PL100002960,True
SUP002961,Supplier 002961,CZ,Prague,14,CZ100002961,True
SUP002962,Supplier 002962,CZ,Ostrava,45,CZ100002962,True
SUP002963,Supplier 002963,DE,Munich,60,DE100002963,True
SUP002964,Supplier 002964,CZ,Brno,45,CZ100002964,True
SUP002965,Supplier 002965,AT,Vienna,30,AT100002965,True
SUP002966,Supplier 002966,PL,Warsaw,30,PL100002966,True
SUP002967,Supplier 002967,CZ,Prague,14,CZ100002967,True
SUP002968,Supplier 002968,DE,Munich,60,DE100002968,True
SUP002969,Supplier 002969,CZ,Brno,45,CZ100002969,True
SUP002970,Supplier 002970,PL,Warsaw,60,PL100002970,True
SUP002971,Supplier 002971,DE,Munich,60,DE100002971,True
SUP002972,Supplier 002972,CZ,Brno,45,CZ100002972,True
SUP002973,Supplier 002973,CZ,Prague,45,CZ100002973,True
SUP002974,Supplier 002974,CZ,Ostrava,14,CZ100002974,True
SUP002975,Supplier 002975,CZ,Ostrava,45,CZ100002975,True
SUP002976,Supplier 002976,PL,Warsaw,30,PL100002976,True
SUP002977,Supplier 002977,DE,Berlin,30,DE100002977,True
SUP002978,Supplier 002978,CZ,Prague,45,CZ100002978,True
SUP002979,Supplier 002979,DE,Berlin,60,DE100002979,True
SUP002980,Supplier 002980,DE,Berlin,14,DE100002980,True
SUP002981,Supplier 002981,DE,Munich,45,DE100002981,True
SUP002982,Supplier 002982,CZ,Brno,30,CZ100002982,True
SUP002983,Supplier 002983,CZ,Ostrava,14,CZ100002983,True
SUP002984,Supplier 002984,CZ,Ostrava,45,CZ100002984,True
SUP002985,Supplier 002985,DE,Berlin,45,DE100002985,True
SUP002986,Supplier 002986,DE,Munich,45,DE100002986,True
SUP002987,Supplier 002987,CZ,Brno,45,CZ100002987,True
SUP002988,Supplier 002988,CZ,Ostrava,14,CZ100002988,True
SUP002989,Supplier 002989,CZ,Ostrava,45,CZ100002989,True
SUP002990,Supplier 002990,DE,Berlin,60,DE100002990,True
SUP002991,Supplier 002991,AT,Vienna,45,AT100002991,True
SUP002992,Supplier 002992,CZ,Ostrava,14,CZ100002992,True
SUP002993,Supplier 002993,SK,Bratislava,30,SK100002993,True
SUP002994,Supplier 002994,SK,Bratislava,30,SK100002994,True
SUP002995,Supplier 002995,CZ,Brno,60,CZ100002995,True
SUP002996,Supplier 002996,PL,Warsaw,14,PL100002996,True
SUP002997,Supplier 002997,CZ,Brno,30,CZ100002997,True
SUP002998,Supplier 002998,CZ,Prague,60,CZ100002998,True
SUP002999,Supplier 002999,DE,Berlin,45,DE100002999,True
SUP003000,Supplier 003000,DE,Berlin,30,DE100003000,True
SUP003001,Supplier 003001,PL,Warsaw,45,PL100003001,True
SUP003002,Supplier 003002,CZ,Ostrava,45,CZ100003002,True
SUP003003,Supplier 003003,CZ,Prague,14,CZ100003003,True
SUP003004,Supplier 003004,SK,Bratislava,30,SK100003004,True
SUP003005,Supplier 003005,CZ,Ostrava,30,CZ100003005,True
SUP003006,Supplier 003006,DE,Munich,30,DE100003006,True
SUP003007,Supplier 003007,SK,Bratislava,30,SK100003007,True
SUP003008,Supplier 003008,CZ,Brno,60,CZ100003008,True
SUP003009,Supplier 003009,CZ,Brno,14,CZ100003009,True
SUP003010,Supplier 003010,CZ,Prague,60,CZ100003010,True
SUP003011,Supplier 003011,AT,Vienna,14,AT100003011,True
SUP003012,Supplier 003012,SK,Bratislava,14,SK100003012,True
SUP003013,Supplier 003013,CZ,Prague,14,CZ100003013,True
SUP003014,Supplier 003014,PL,Warsaw,14,PL100003014,True
SUP003015,Supplier 003015,DE,Munich,14,DE100003015,True
SUP003016,Supplier 003016,CZ,Brno,45,CZ100003016,True
SUP003017,Supplier 003017,CZ,Prague,14,CZ100003017,True
SUP003018,Supplier 003018,CZ,Brno,30,CZ100003018,True
SUP003019,Supplier 003019,SK,Bratislava,30,SK100003019,True
SUP003020,Supplier 003020,DE,Berlin,14,DE100003020,True
SUP003021,Supplier 003021,CZ,Brno,30,CZ100003021,True
SUP003022,Supplier 003022,DE,Munich,45,DE100003022,True
SUP003023,Supplier 003023,DE,Berlin,30,DE100003023,True
SUP003024,Supplier 003024,SK,Bratislava,14,SK100003024,True
SUP003025,Supplier 003025,CZ,Brno,14,CZ100003025,True
SUP003026,Supplier 003026,SK,Bratislava,30,SK100003026,True
SUP003027,Supplier 003027,DE,Munich,30,DE100003027,True
SUP003028,Supplier 003028,CZ,Prague,14,CZ100003028,True
SUP003029,Supplier 003029,SK,Bratislava,60,SK100003029,True
SUP003030,Supplier 003030,DE,Berlin,30,DE100003030,True
SUP003031,Supplier 003031,PL,Warsaw,14,PL100003031,True
SUP003032,Supplier 003032,CZ,Ostrava,45,CZ100003032,True
SUP003033,Supplier 003033,AT,Vienna,60,AT100003033,True
SUP003034,Supplier 003034,SK,Bratislava,30,SK100003034,True
SUP003035,Supplier 003035,AT,Vienna,14,AT100003035,True
SUP003036,Supplier 003036,DE,Berlin,14,DE100003036,True
SUP003037,Supplier 003037,PL,Warsaw,14,PL100003037,True
SUP003038,Supplier 003038,CZ,Ostrava,60,CZ100003038,True
SUP003039,Supplier 003039,DE,Berlin,45,DE100003039,True
SUP003040,Supplier 003040,CZ,Prague,14,CZ100003040,True
SUP003041,Supplier 003041,DE,Berlin,60,DE100003041,True
SUP003042,Supplier 003042,CZ,Brno,60,CZ100003042,True
SUP003043,Supplier 003043,DE,Munich,60,DE100003043,True
SUP003044,Supplier 003044,DE,Munich,60,DE100003044,True
SUP003045,Supplier 003045,SK,Bratislava,60,SK100003045,True
SUP003046,Supplier 003046,DE,Munich,60,DE100003046,True
SUP003047,Supplier 003047,SK,Bratislava,14,SK100003047,True
SUP003048,Supplier 003048,PL,Warsaw,45,PL100003048,True
SUP003049,Supplier 003049,CZ,Ostrava,14,CZ100003049,True
SUP003050,Supplier 003050,PL,Warsaw,14,PL100003050,True
SUP003051,Supplier 003051,AT,Vienna,60,AT100003051,True
SUP003052,Supplier 003052,CZ,Brno,14,CZ100003052,True
SUP003053,Supplier 003053,CZ,Ostrava,60,CZ100003053,True
SUP003054,Supplier 003054,AT,Vienna,14,AT100003054,True
SUP003055,Supplier 003055,CZ,Ostrava,14,CZ100003055,True
SUP003056,Supplier 003056,DE,Berlin,30,DE100003056,True
SUP003057,Supplier 003057,DE,Berlin,30,DE100003057,True
SUP003058,Supplier 003058,AT,Vienna,14,AT100003058,True
SUP003059,Supplier 003059,SK,Bratislava,60,SK100003059,True
SUP003060,Supplier 003060,PL,Warsaw,45,PL100003060,True
SUP003061,Supplier 003061,DE,Munich,60,DE100003061,True
SUP003062,Supplier 003062,DE,Berlin,60,DE100003062,True
SUP003063,Supplier 003063,AT,Vienna,60,AT100003063,True
SUP003064,Supplier 003064,DE,Munich,30,DE100003064,True
SUP003065,Supplier 003065,PL,Warsaw,14,PL100003065,True
SUP003066,Supplier 003066,CZ,Brno,45,CZ100003066,True
SUP003067,Supplier 003067,PL,Warsaw,60,PL100003067,True
SUP003068,Supplier 003068,SK,Bratislava,30,SK100003068,True
SUP003069,Supplier 003069,CZ,Prague,14,CZ100003069,True
SUP003070,Supplier 003070,CZ,Prague,14,CZ100003070,True
SUP003071,Supplier 003071,PL,Warsaw,14,PL100003071,True
SUP003072,Supplier 003072,CZ,Ostrava,60,CZ100003072,True
SUP003073,Supplier 003073,DE,Berlin,30,DE100003073,True
SUP003074,Supplier 003074,DE,Munich,14,DE100003074,True
SUP003075,Supplier 003075,CZ,Brno,60,CZ100003075,True
SUP003076,Supplier 003076,PL,Warsaw,30,PL100003076,True
SUP003077,Supplier 003077,DE,Munich,60,DE100003077,True
SUP003078,Supplier 003078,PL,Warsaw,45,PL100003078,True
SUP003079,Supplier 003079,DE,Berlin,14,DE100003079,True
SUP003080,Supplier 003080,CZ,Prague,60,CZ100003080,True
SUP003081,Supplier 003081,CZ,Brno,60,CZ100003081,True
SUP003082,Supplier 003082,PL,Warsaw,45,PL100003082,True
SUP003083,Supplier 003083,AT,Vienna,60,AT100003083,True
SUP003084,Supplier 003084,PL,Warsaw,14,PL100003084,True
SUP003085,Supplier 003085,CZ,Prague,30,CZ100003085,True
SUP003086,Supplier 003086,DE,Munich,30,DE100003086,True
SUP003087,Supplier 003087,PL,Warsaw,60,PL100003087,True
SUP003088,Supplier 003088,CZ,Ostrava,45,CZ100003088,True
SUP003089,Supplier 003089,AT,Vienna,60,AT100003089,True
SUP003090,Supplier 003090,CZ,Brno,60,CZ100003090,True
SUP003091,Supplier 003091,PL,Warsaw,60,PL100003091,True
SUP003092,Supplier 003092,CZ,Ostrava,14,CZ100003092,True
SUP003093,Supplier 003093,AT,Vienna,45,AT100003093,True
SUP003094,Supplier 003094,PL,Warsaw,60,PL100003094,True
SUP003095,Supplier 003095,DE,Berlin,45,DE100003095,True
SUP003096,Supplier 003096,DE,Berlin,14,DE100003096,True
SUP003097,Supplier 003097,CZ,Prague,14,CZ100003097,True
SUP003098,Supplier 003098,CZ,Ostrava,45,CZ100003098,True
SUP003099,Supplier 003099,DE,Berlin,14,DE100003099,True
SUP003100,Supplier 003100,DE,Berlin,60,DE100003100,True
SUP003101,Supplier 003101,CZ,Brno,60,CZ100003101,True
SUP003102,Supplier 003102,DE,Berlin,45,DE100003102,True
SUP003103,Supplier 003103,AT,Vienna,45,AT100003103,True
SUP003104,Supplier 003104,CZ,Prague,30,CZ100003104,True
SUP003105,Supplier 003105,SK,Bratislava,30,SK100003105,True
SUP003106,Supplier 003106,DE,Munich,14,DE100003106,True
SUP003107,Supplier 003107,CZ,Brno,45,CZ100003107,True
SUP003108,Supplier 003108,CZ,Brno,45,CZ100003108,True
SUP003109,Supplier 003109,CZ,Ostrava,14,CZ100003109,True
SUP003110,Supplier 003110,DE,Berlin,14,DE100003110,True
SUP003111,Supplier 003111,PL,Warsaw,60,PL100003111,True
SUP003112,Supplier 003112,AT,Vienna,45,AT100003112,True
SUP003113,Supplier 003113,CZ,Prague,60,CZ100003113,True
SUP003114,Supplier 003114,CZ,Prague,45,CZ100003114,True
SUP003115,Supplier 003115,AT,Vienna,60,AT100003115,True
SUP003116,Supplier 003116,DE,Berlin,14,DE100003116,True
SUP003117,Supplier 003117,PL,Warsaw,14,PL100003117,True
SUP003118,Supplier 003118,SK,Bratislava,45,SK100003118,True
SUP003119,Supplier 003119,PL,Warsaw,45,PL100003119,True
SUP003120,Supplier 003120,CZ,Ostrava,45,CZ100003120,True
SUP003121,Supplier 003121,DE,Berlin,60,DE100003121,True
SUP003122,Supplier 003122,SK,Bratislava,60,SK100003122,True
SUP003123,Supplier 003123,CZ,Brno,30,CZ100003123,True
SUP003124,Supplier 003124,DE,Munich,45,DE100003124,True
SUP003125,Supplier 003125,CZ,Prague,45,CZ100003125,True
SUP003126,Supplier 003126,AT,Vienna,30,AT100003126,True
SUP003127,Supplier 003127,CZ,Brno,14,CZ100003127,True
SUP003128,Supplier 003128,DE,Berlin,45,DE100003128,True
SUP003129,Supplier 003129,CZ,Brno,60,CZ100003129,True
SUP003130,Supplier 003130,AT,Vienna,30,AT100003130,True
SUP003131,Supplier 003131,DE,Berlin,14,DE100003131,True
SUP003132,Supplier 003132,DE,Munich,45,DE100003132,True
SUP003133,Supplier 003133,AT,Vienna,45,AT100003133,True
SUP003134,Supplier 003134,SK,Bratislava,60,SK100003134,True
SUP003135,Supplier 003135,AT,Vienna,45,AT100003135,True
SUP003136,Supplier 003136,PL,Warsaw,30,PL100003136,True
SUP003137,Supplier 003137,CZ,Prague,30,CZ100003137,True
SUP003138,Supplier 003138,PL,Warsaw,30,PL100003138,True
SUP003139,Supplier 003139,PL,Warsaw,45,PL100003139,True
SUP003140,Supplier 003140,AT,Vienna,14,AT100003140,True
SUP003141,Supplier 003141,SK,Bratislava,45,SK100003141,True
SUP003142,Supplier 003142,PL,Warsaw,30,PL100003142,True
SUP003143,Supplier 003143,SK,Bratislava,30,SK100003143,True
SUP003144,Supplier 003144,DE,Munich,60,DE100003144,True
SUP003145,Supplier 003145,AT,Vienna,45,AT100003145,True
SUP003146,Supplier 003146,CZ,Brno,30,CZ100003146,True
SUP003147,Supplier 003147,AT,Vienna,45,AT100003147,True
SUP003148,Supplier 003148,DE,Munich,30,DE100003148,True
SUP003149,Supplier 003149,DE,Munich,30,DE100003149,True
SUP003150,Supplier 003150,AT,Vienna,30,AT100003150,True
SUP003151,Supplier 003151,CZ,Brno,30,CZ100003151,True
SUP003152,Supplier 003152,SK,Bratislava,14,SK100003152,True
SUP003153,Supplier 003153,SK,Bratislava,45,SK100003153,True
SUP003154,Supplier 003154,PL,Warsaw,60,PL100003154,True
SUP003155,Supplier 003155,AT,Vienna,60,AT100003155,True
SUP003156,Supplier 003156,CZ,Prague,30,CZ100003156,True
SUP003157,Supplier 003157,CZ,Ostrava,45,CZ100003157,True
SUP003158,Supplier 003158,CZ,Ostrava,14,CZ100003158,True
SUP003159,Supplier 003159,DE,Munich,45,DE100003159,True
SUP003160,Supplier 003160,CZ,Ostrava,14,CZ100003160,True
SUP003161,Supplier 003161,PL,Warsaw,14,PL100003161,True
SUP003162,Supplier 003162,CZ,Prague,14,CZ100003162,True
SUP003163,Supplier 003163,DE,Berlin,45,DE100003163,True
SUP003164,Supplier 003164,CZ,Brno,60,CZ100003164,True
SUP003165,Supplier 003165,DE,Berlin,14,DE100003165,True
SUP003166,Supplier 003166,AT,Vienna,30,AT100003166,True
SUP003167,Supplier 003167,SK,Bratislava,14,SK100003167,True
SUP003168,Supplier 003168,CZ,Brno,45,CZ100003168,True
SUP003169,Supplier 003169,PL,Warsaw,14,PL100003169,True
SUP003170,Supplier 003170,SK,Bratislava,14,SK100003170,True
SUP003171,Supplier 003171,DE,Berlin,45,DE100003171,True
SUP003172,Supplier 003172,AT,Vienna,30,AT100003172,True
SUP003173,Supplier 003173,AT,Vienna,30,AT100003173,True
SUP003174,Supplier 003174,CZ,Ostrava,14,CZ100003174,True
SUP003175,Supplier 003175,CZ,Ostrava,30,CZ100003175,True
SUP003176,Supplier 003176,DE,Munich,60,DE100003176,True
SUP003177,Supplier 003177,AT,Vienna,45,AT100003177,True
SUP003178,Supplier 003178,CZ,Prague,60,CZ100003178,True
SUP003179,Supplier 003179,DE,Berlin,14,DE100003179,True
SUP003180,Supplier 003180,DE,Berlin,60,DE100003180,True
SUP003181,Supplier 003181,PL,Warsaw,30,PL100003181,True
SUP003182,Supplier 003182,DE,Munich,30,DE100003182,True
SUP003183,Supplier 003183,DE,Berlin,60,DE100003183,True
SUP003184,Supplier 003184,DE,Berlin,45,DE100003184,True
SUP003185,Supplier 003185,CZ,Prague,14,CZ100003185,True
SUP003186,Supplier 003186,CZ,Prague,30,CZ100003186,True
SUP003187,Supplier 003187,DE,Munich,60,DE100003187,True
SUP003188,Supplier 003188,DE,Munich,45,DE100003188,True
SUP003189,Supplier 003189,CZ,Brno,30,CZ100003189,True
SUP003190,Supplier 003190,PL,Warsaw,60,PL100003190,True
SUP003191,Supplier 003191,CZ,Prague,60,CZ100003191,True
SUP003192,Supplier 003192,DE,Munich,45,DE100003192,True
SUP003193,Supplier 003193,CZ,Brno,30,CZ100003193,True
SUP003194,Supplier 003194,DE,Munich,30,DE100003194,True
SUP003195,Supplier 003195,CZ,Ostrava,60,CZ100003195,True
SUP003196,Supplier 003196,DE,Berlin,60,DE100003196,True
SUP003197,Supplier 003197,CZ,Prague,45,CZ100003197,True
SUP003198,Supplier 003198,CZ,Brno,60,CZ100003198,True
SUP003199,Supplier 003199,PL,Warsaw,60,PL100003199,True
SUP003200,Supplier 003200,DE,Berlin,60,DE100003200,True
SUP003201,Supplier 003201,CZ,Brno,30,CZ100003201,True
SUP003202,Supplier 003202,DE,Munich,14,DE100003202,True
SUP003203,Supplier 003203,DE,Berlin,60,DE100003203,True
SUP003204,Supplier 003204,DE,Berlin,60,DE100003204,True
SUP003205,Supplier 003205,CZ,Prague,14,CZ100003205,True
SUP003206,Supplier 003206,CZ,Ostrava,60,CZ100003206,True
SUP003207,Supplier 003207,CZ,Ostrava,14,CZ100003207,True
SUP003208,Supplier 003208,AT,Vienna,30,AT100003208,True
SUP003209,Supplier 003209,DE,Munich,45,DE100003209,True
SUP003210,Supplier 003210,CZ,Brno,14,CZ100003210,True
SUP003211,Supplier 003211,CZ,Ostrava,30,CZ100003211,True
SUP003212,Supplier 003212,CZ,Ostrava,60,CZ100003212,True
SUP003213,Supplier 003213,DE,Berlin,60,DE100003213,True
SUP003214,Supplier 003214,PL,Warsaw,30,PL100003214,True
SUP003215,Supplier 003215,DE,Munich,30,DE100003215,True
SUP003216,Supplier 003216,DE,Berlin,45,DE100003216,True
SUP003217,Supplier 003217,SK,Bratislava,14,SK100003217,True
SUP003218,Supplier 003218,AT,Vienna,45,AT100003218,True
SUP003219,Supplier 003219,CZ,Ostrava,60,CZ100003219,True
SUP003220,Supplier 003220,AT,Vienna,30,AT100003220,True
SUP003221,Supplier 003221,CZ,Prague,14,CZ100003221,True
SUP003222,Supplier 003222,SK,Bratislava,14,SK100003222,True
SUP003223,Supplier 003223,PL,Warsaw,30,PL100003223,True
SUP003224,Supplier 003224,DE,Munich,30,DE100003224,True
SUP003225,Supplier 003225,CZ,Prague,60,CZ100003225,True
SUP003226,Supplier 003226,AT,Vienna,45,AT100003226,True
SUP003227,Supplier 003227,CZ,Ostrava,14,CZ100003227,True
SUP003228,Supplier 003228,DE,Berlin,30,DE100003228,True
SUP003229,Supplier 003229,CZ,Brno,14,CZ100003229,True
SUP003230,Supplier 003230,AT,Vienna,60,AT100003230,True
SUP003231,Supplier 003231,PL,Warsaw,14,PL100003231,True
SUP003232,Supplier 003232,SK,Bratislava,30,SK100003232,True
SUP003233,Supplier 003233,SK,Bratislava,45,SK100003233,True
SUP003234,Supplier 003234,DE,Munich,60,DE100003234,True
SUP003235,Supplier 003235,AT,Vienna,30,AT100003235,True
SUP003236,Supplier 003236,AT,Vienna,30,AT100003236,True
SUP003237,Supplier 003237,SK,Bratislava,45,SK100003237,True
SUP003238,Supplier 003238,SK,Bratislava,60,SK100003238,True
SUP003239,Supplier 003239,CZ,Ostrava,60,CZ100003239,True
SUP003240,Supplier 003240,CZ,Ostrava,14,CZ100003240,True
SUP003241,Supplier 003241,DE,Munich,45,DE100003241,True
SUP003242,Supplier 003242,SK,Bratislava,60,SK100003242,True
SUP003243,Supplier 003243,SK,Bratislava,45,SK100003243,True
SUP003244,Supplier 003244,PL,Warsaw,14,PL100003244,True
SUP003245,Supplier 003245,CZ,Prague,60,CZ100003245,True
SUP003246,Supplier 003246,CZ,Ostrava,45,CZ100003246,True
SUP003247,Supplier 003247,AT,Vienna,30,AT100003247,True
SUP003248,Supplier 003248,AT,Vienna,60,AT100003248,True
SUP003249,Supplier 003249,DE,Munich,14,DE100003249,True
SUP003250,Supplier 003250,CZ,Brno,14,CZ100003250,True
SUP003251,Supplier 003251,CZ,Prague,45,CZ100003251,True
SUP003252,Supplier 003252,SK,Bratislava,60,SK100003252,True
SUP003253,Supplier 003253,DE,Berlin,14,DE100003253,True
SUP003254,Supplier 003254,CZ,Prague,45,CZ100003254,True
SUP003255,Supplier 003255,AT,Vienna,45,AT100003255,True
SUP003256,Supplier 003256,AT,Vienna,45,AT100003256,True
SUP003257,Supplier 003257,CZ,Ostrava,14,CZ100003257,True
SUP003258,Supplier 003258,CZ,Ostrava,45,CZ100003258,True
SUP003259,Supplier 003259,CZ,Ostrava,60,CZ100003259,True
SUP003260,Supplier 003260,DE,Berlin,60,DE100003260,True
SUP003261,Supplier 003261,CZ,Ostrava,14,CZ100003261,True
SUP003262,Supplier 003262,DE,Berlin,60,DE100003262,True
SUP003263,Supplier 003263,CZ,Ostrava,45,CZ100003263,True
SUP003264,Supplier 003264,CZ,Brno,45,CZ100003264,True
SUP003265,Supplier 003265,CZ,Prague,30,CZ100003265,True
SUP003266,Supplier 003266,PL,Warsaw,45,PL100003266,True
SUP003267,Supplier 003267,DE,Berlin,60,DE100003267,True
SUP003268,Supplier 003268,DE,Munich,45,DE100003268,True
SUP003269,Supplier 003269,DE,Munich,45,DE100003269,True
SUP003270,Supplier 003270,AT,Vienna,30,AT100003270,True
SUP003271,Supplier 003271,DE,Berlin,60,DE100003271,True
SUP003272,Supplier 003272,CZ,Ostrava,60,CZ100003272,True
SUP003273,Supplier 003273,CZ,Prague,30,CZ100003273,True
SUP003274,Supplier 003274,CZ,Ostrava,14,CZ100003274,True
SUP003275,Supplier 003275,SK,Bratislava,30,SK100003275,True
SUP003276,Supplier 003276,CZ,Prague,60,CZ100003276,True
SUP003277,Supplier 003277,DE,Munich,30,DE100003277,True
SUP003278,Supplier 003278,PL,Warsaw,60,PL100003278,True
SUP003279,Supplier 003279,CZ,Brno,60,CZ100003279,True
SUP003280,Supplier 003280,CZ,Prague,60,CZ100003280,True
SUP003281,Supplier 003281,DE,Berlin,60,DE100003281,True
SUP003282,Supplier 003282,PL,Warsaw,60,PL100003282,True
SUP003283,Supplier 003283,CZ,Brno,30,CZ100003283,True
SUP003284,Supplier 003284,CZ,Brno,45,CZ100003284,True
SUP003285,Supplier 003285,CZ,Brno,30,CZ100003285,True
SUP003286,Supplier 003286,DE,Munich,30,DE100003286,True
SUP003287,Supplier 003287,CZ,Ostrava,45,CZ100003287,True
SUP003288,Supplier 003288,SK,Bratislava,14,SK100003288,True
SUP003289,Supplier 003289,CZ,Ostrava,60,CZ100003289,True
SUP003290,Supplier 003290,CZ,Brno,30,CZ100003290,True
SUP003291,Supplier 003291,PL,Warsaw,14,PL100003291,True
SUP003292,Supplier 003292,DE,Berlin,14,DE100003292,True
SUP003293,Supplier 003293,DE,Munich,14,DE100003293,True
SUP003294,Supplier 003294,AT,Vienna,45,AT100003294,True
SUP003295,Supplier 003295,CZ,Brno,45,CZ100003295,True
SUP003296,Supplier 003296,CZ,Ostrava,14,CZ100003296,True
SUP003297,Supplier 003297,CZ,Brno,60,CZ100003297,True
SUP003298,Supplier 003298,PL,Warsaw,60,PL100003298,True
SUP003299,Supplier 003299,DE,Munich,14,DE100003299,True
SUP003300,Supplier 003300,DE,Berlin,14,DE100003300,True
SUP003301,Supplier 003301,PL,Warsaw,45,PL100003301,True
SUP003302,Supplier 003302,CZ,Ostrava,30,CZ100003302,True
SUP003303,Supplier 003303,CZ,Prague,45,CZ100003303,True
SUP003304,Supplier 003304,DE,Berlin,14,DE100003304,True
SUP003305,Supplier 003305,CZ,Brno,60,CZ100003305,True
SUP003306,Supplier 003306,CZ,Brno,60,CZ100003306,True
SUP003307,Supplier 003307,DE,Munich,30,DE100003307,True
SUP003308,Supplier 003308,SK,Bratislava,60,SK100003308,True
SUP003309,Supplier 003309,CZ,Brno,14,CZ100003309,True
SUP003310,Supplier 003310,SK,Bratislava,30,SK100003310,True
SUP003311,Supplier 003311,AT,Vienna,60,AT100003311,True
SUP003312,Supplier 003312,DE,Munich,30,DE100003312,True
SUP003313,Supplier 003313,CZ,Brno,45,CZ100003313,True
SUP003314,Supplier 003314,PL,Warsaw,60,PL100003314,True
SUP003315,Supplier 003315,DE,Munich,30,DE100003315,True
SUP003316,Supplier 003316,DE,Berlin,14,DE100003316,True
SUP003317,Supplier 003317,DE,Berlin,30,DE100003317,True
SUP003318,Supplier 003318,PL,Warsaw,60,PL100003318,True
SUP003319,Supplier 003319,AT,Vienna,60,AT100003319,True
SUP003320,Supplier 003320,DE,Munich,60,DE100003320,True
SUP003321,Supplier 003321,CZ,Brno,60,CZ100003321,True
SUP003322,Supplier 003322,DE,Berlin,30,DE100003322,True
SUP003323,Supplier 003323,AT,Vienna,60,AT100003323,True
SUP003324,Supplier 003324,CZ,Brno,14,CZ100003324,True
SUP003325,Supplier 003325,DE,Berlin,60,DE100003325,True
SUP003326,Supplier 003326,SK,Bratislava,30,SK100003326,True
SUP003327,Supplier 003327,PL,Warsaw,14,PL100003327,True
SUP003328,Supplier 003328,DE,Munich,60,DE100003328,True
SUP003329,Supplier 003329,AT,Vienna,14,AT100003329,True
SUP003330,Supplier 003330,PL,Warsaw,45,PL100003330,True
SUP003331,Supplier 003331,CZ,Ostrava,30,CZ100003331,True
SUP003332,Supplier 003332,DE,Munich,30,DE100003332,True
SUP003333,Supplier 003333,AT,Vienna,45,AT100003333,True
SUP003334,Supplier 003334,CZ,Prague,14,CZ100003334,True
SUP003335,Supplier 003335,CZ,Prague,14,CZ100003335,True
SUP003336,Supplier 003336,AT,Vienna,60,AT100003336,True
SUP003337,Supplier 003337,CZ,Brno,60,CZ100003337,True
SUP003338,Supplier 003338,DE,Munich,45,DE100003338,True
SUP003339,Supplier 003339,DE,Munich,14,DE100003339,True
SUP003340,Supplier 003340,CZ,Prague,14,CZ100003340,True
SUP003341,Supplier 003341,PL,Warsaw,30,PL100003341,True
SUP003342,Supplier 003342,CZ,Ostrava,60,CZ100003342,True
SUP003343,Supplier 003343,CZ,Prague,14,CZ100003343,True
SUP003344,Supplier 003344,AT,Vienna,45,AT100003344,True
SUP003345,Supplier 003345,DE,Berlin,60,DE100003345,True
SUP003346,Supplier 003346,PL,Warsaw,45,PL100003346,True
SUP003347,Supplier 003347,DE,Berlin,30,DE100003347,True
SUP003348,Supplier 003348,SK,Bratislava,30,SK100003348,True
SUP003349,Supplier 003349,CZ,Brno,45,CZ100003349,True
SUP003350,Supplier 003350,CZ,Brno,60,CZ100003350,True
SUP003351,Supplier 003351,CZ,Prague,14,CZ100003351,True
SUP003352,Supplier 003352,AT,Vienna,14,AT100003352,True
SUP003353,Supplier 003353,CZ,Prague,30,CZ100003353,True
SUP003354,Supplier 003354,PL,Warsaw,60,PL100003354,True
SUP003355,Supplier 003355,AT,Vienna,60,AT100003355,True
SUP003356,Supplier 003356,DE,Munich,45,DE100003356,True
SUP003357,Supplier 003357,AT,Vienna,45,AT100003357,True
SUP003358,Supplier 003358,CZ,Brno,30,CZ100003358,True
SUP003359,Supplier 003359,CZ,Ostrava,14,CZ100003359,True
SUP003360,Supplier 003360,SK,Bratislava,14,SK100003360,True
SUP003361,Supplier 003361,CZ,Prague,30,CZ100003361,True
SUP003362,Supplier 003362,CZ,Prague,30,CZ100003362,True
SUP003363,Supplier 003363,PL,Warsaw,30,PL100003363,True
SUP003364,Supplier 003364,SK,Bratislava,60,SK100003364,True
SUP003365,Supplier 003365,SK,Bratislava,14,SK100003365,True
SUP003366,Supplier 003366,DE,Munich,60,DE100003366,True
SUP003367,Supplier 003367,CZ,Ostrava,60,CZ100003367,True
SUP003368,Supplier 003368,AT,Vienna,14,AT100003368,True
SUP003369,Supplier 003369,CZ,Brno,30,CZ100003369,True
SUP003370,Supplier 003370,CZ,Ostrava,60,CZ100003370,True
SUP003371,Supplier 003371,PL,Warsaw,60,PL100003371,True
SUP003372,Supplier 003372,CZ,Prague,60,CZ100003372,True
SUP003373,Supplier 003373,SK,Bratislava,30,SK100003373,True
SUP003374,Supplier 003374,DE,Munich,60,DE100003374,True
SUP003375,Supplier 003375,CZ,Prague,45,CZ100003375,True
SUP003376,Supplier 003376,CZ,Prague,14,CZ100003376,True
SUP003377,Supplier 003377,AT,Vienna,60,AT100003377,True
SUP003378,Supplier 003378,PL,Warsaw,45,PL100003378,True
SUP003379,Supplier 003379,CZ,Prague,60,CZ100003379,True
SUP003380,Supplier 003380,AT,Vienna,60,AT100003380,True
SUP003381,Supplier 003381,PL,Warsaw,30,PL100003381,True
SUP003382,Supplier 003382,CZ,Prague,14,CZ100003382,True
SUP003383,Supplier 003383,AT,Vienna,45,AT100003383,True
SUP003384,Supplier 003384,CZ,Brno,45,CZ100003384,True
SUP003385,Supplier 003385,AT,Vienna,60,AT100003385,True
SUP003386,Supplier 003386,CZ,Brno,60,CZ100003386,True
SUP003387,Supplier 003387,DE,Berlin,60,DE100003387,True
SUP003388,Supplier 003388,AT,Vienna,14,AT100003388,True
SUP003389,Supplier 003389,CZ,Ostrava,45,CZ100003389,True
SUP003390,Supplier 003390,SK,Bratislava,60,SK100003390,True
SUP003391,Supplier 003391,DE,Berlin,60,DE100003391,True
SUP003392,Supplier 003392,SK,Bratislava,30,SK100003392,True
SUP003393,Supplier 003393,DE,Berlin,60,DE100003393,True
SUP003394,Supplier 003394,CZ,Ostrava,45,CZ100003394,True
SUP003395,Supplier 003395,AT,Vienna,60,AT100003395,True
SUP003396,Supplier 003396,DE,Berlin,60,DE100003396,True
SUP003397,Supplier 003397,CZ,Ostrava,30,CZ100003397,True
SUP003398,Supplier 003398,DE,Munich,14,DE100003398,True
SUP003399,Supplier 003399,PL,Warsaw,30,PL100003399,True
SUP003400,Supplier 003400,CZ,Ostrava,30,CZ100003400,True
SUP003401,Supplier 003401,CZ,Ostrava,60,CZ100003401,True
SUP003402,Supplier 003402,CZ,Brno,60,CZ100003402,True
SUP003403,Supplier 003403,PL,Warsaw,45,PL100003403,True
SUP003404,Supplier 003404,SK,Bratislava,30,SK100003404,True
SUP003405,Supplier 003405,CZ,Prague,14,CZ100003405,True
SUP003406,Supplier 003406,DE,Berlin,45,DE100003406,True
SUP003407,Supplier 003407,DE,Berlin,30,DE100003407,True
SUP003408,Supplier 003408,CZ,Ostrava,14,CZ100003408,True
SUP003409,Supplier 003409,CZ,Brno,45,CZ100003409,True
SUP003410,Supplier 003410,AT,Vienna,14,AT100003410,True
SUP003411,Supplier 003411,SK,Bratislava,14,SK100003411,True
SUP003412,Supplier 003412,SK,Bratislava,60,SK100003412,True
SUP003413,Supplier 003413,DE,Munich,45,DE100003413,True
SUP003414,Supplier 003414,DE,Berlin,14,DE100003414,True
SUP003415,Supplier 003415,DE,Munich,30,DE100003415,True
SUP003416,Supplier 003416,CZ,Brno,14,CZ100003416,True
SUP003417,Supplier 003417,PL,Warsaw,60,PL100003417,True
SUP003418,Supplier 003418,CZ,Brno,14,CZ100003418,True
SUP003419,Supplier 003419,CZ,Brno,14,CZ100003419,True
SUP003420,Supplier 003420,CZ,Brno,30,CZ100003420,True
SUP003421,Supplier 003421,CZ,Brno,30,CZ100003421,True
SUP003422,Supplier 003422,DE,Berlin,30,DE100003422,True
SUP003423,Supplier 003423,DE,Munich,60,DE100003423,True
SUP003424,Supplier 003424,PL,Warsaw,14,PL100003424,True
SUP003425,Supplier 003425,CZ,Ostrava,45,CZ100003425,True
SUP003426,Supplier 003426,DE,Berlin,30,DE100003426,True
SUP003427,Supplier 003427,CZ,Brno,30,CZ100003427,True
SUP003428,Supplier 003428,PL,Warsaw,60,PL100003428,True
SUP003429,Supplier 003429,CZ,Prague,30,CZ100003429,True
SUP003430,Supplier 003430,PL,Warsaw,45,PL100003430,True
SUP003431,Supplier 003431,DE,Munich,30,DE100003431,True
SUP003432,Supplier 003432,CZ,Brno,45,CZ100003432,True
SUP003433,Supplier 003433,DE,Berlin,60,DE100003433,True
SUP003434,Supplier 003434,DE,Berlin,30,DE100003434,True
SUP003435,Supplier 003435,CZ,Ostrava,60,CZ100003435,True
SUP003436,Supplier 003436,SK,Bratislava,30,SK100003436,True
SUP003437,Supplier 003437,AT,Vienna,60,AT100003437,True
SUP003438,Supplier 003438,AT,Vienna,60,AT100003438,True
SUP003439,Supplier 003439,DE,Berlin,14,DE100003439,True
SUP003440,Supplier 003440,PL,Warsaw,30,PL100003440,True
SUP003441,Supplier 003441,CZ,Prague,14,CZ100003441,True
SUP003442,Supplier 003442,CZ,Brno,45,CZ100003442,True
SUP003443,Supplier 003443,DE,Berlin,60,DE100003443,True
SUP003444,Supplier 003444,CZ,Ostrava,60,CZ100003444,True
SUP003445,Supplier 003445,CZ,Prague,60,CZ100003445,True
SUP003446,Supplier 003446,CZ,Prague,30,CZ100003446,True
SUP003447,Supplier 003447,CZ,Prague,45,CZ100003447,True
SUP003448,Supplier 003448,AT,Vienna,60,AT100003448,True
SUP003449,Supplier 003449,DE,Munich,45,DE100003449,True
SUP003450,Supplier 003450,DE,Berlin,14,DE100003450,True
SUP003451,Supplier 003451,DE,Munich,30,DE100003451,True
SUP003452,Supplier 003452,AT,Vienna,60,AT100003452,True
SUP003453,Supplier 003453,SK,Bratislava,60,SK100003453,True
SUP003454,Supplier 003454,DE,Berlin,60,DE100003454,True
SUP003455,Supplier 003455,SK,Bratislava,45,SK100003455,True
SUP003456,Supplier 003456,CZ,Brno,14,CZ100003456,True
SUP003457,Supplier 003457,DE,Berlin,60,DE100003457,True
SUP003458,Supplier 003458,CZ,Ostrava,45,CZ100003458,True
SUP003459,Supplier 003459,SK,Bratislava,14,SK100003459,True
SUP003460,Supplier 003460,DE,Munich,45,DE100003460,True
SUP003461,Supplier 003461,CZ,Ostrava,14,CZ100003461,True
SUP003462,Supplier 003462,CZ,Prague,45,CZ100003462,True
SUP003463,Supplier 003463,SK,Bratislava,45,SK100003463,True
SUP003464,Supplier 003464,AT,Vienna,14,AT100003464,True
SUP003465,Supplier 003465,CZ,Prague,45,CZ100003465,True
SUP003466,Supplier 003466,DE,Munich,45,DE100003466,True
SUP003467,Supplier 003467,CZ,Brno,14,CZ100003467,True
SUP003468,Supplier 003468,CZ,Brno,60,CZ100003468,True
SUP003469,Supplier 003469,DE,Munich,14,DE100003469,True
SUP003470,Supplier 003470,PL,Warsaw,45,PL100003470,True
SUP003471,Supplier 003471,SK,Bratislava,30,SK100003471,True
SUP003472,Supplier 003472,DE,Berlin,45,DE100003472,True
SUP003473,Supplier 003473,DE,Munich,30,DE100003473,True
SUP003474,Supplier 003474,AT,Vienna,30,AT100003474,True
SUP003475,Supplier 003475,CZ,Brno,45,CZ100003475,True
SUP003476,Supplier 003476,SK,Bratislava,45,SK100003476,True
SUP003477,Supplier 003477,PL,Warsaw,14,PL100003477,True
SUP003478,Supplier 003478,CZ,Ostrava,60,CZ100003478,True
SUP003479,Supplier 003479,AT,Vienna,14,AT100003479,True
SUP003480,Supplier 003480,CZ,Brno,14,CZ100003480,True
SUP003481,Supplier 003481,AT,Vienna,30,AT100003481,True
SUP003482,Supplier 003482,PL,Warsaw,30,PL100003482,True
SUP003483,Supplier 003483,PL,Warsaw,14,PL100003483,True
SUP003484,Supplier 003484,DE,Berlin,60,DE100003484,True
SUP003485,Supplier 003485,AT,Vienna,45,AT100003485,True
SUP003486,Supplier 003486,PL,Warsaw,60,PL100003486,True
SUP003487,Supplier 003487,PL,Warsaw,60,PL100003487,True
SUP003488,Supplier 003488,AT,Vienna,30,AT100003488,True
SUP003489,Supplier 003489,CZ,Ostrava,30,CZ100003489,True
SUP003490,Supplier 003490,PL,Warsaw,60,PL100003490,True
SUP003491,Supplier 003491,CZ,Ostrava,14,CZ100003491,True
SUP003492,Supplier 003492,SK,Bratislava,60,SK100003492,True
SUP003493,Supplier 003493,PL,Warsaw,14,PL100003493,True
SUP003494,Supplier 003494,CZ,Ostrava,45,CZ100003494,True
SUP003495,Supplier 003495,CZ,Brno,60,CZ100003495,True
SUP003496,Supplier 003496,CZ,Brno,14,CZ100003496,True
SUP003497,Supplier 003497,DE,Berlin,45,DE100003497,True
SUP003498,Supplier 003498,CZ,Prague,30,CZ100003498,True
SUP003499,Supplier 003499,CZ,Brno,45,CZ100003499,True
SUP003500,Supplier 003500,DE,Munich,45,DE100003500,True
SUP003501,Supplier 003501,DE,Munich,45,DE100003501,True
SUP003502,Supplier 003502,PL,Warsaw,14,PL100003502,True
SUP003503,Supplier 003503,CZ,Ostrava,30,CZ100003503,True
SUP003504,Supplier 003504,AT,Vienna,14,AT100003504,True
SUP003505,Supplier 003505,DE,Munich,45,DE100003505,True
SUP003506,Supplier 003506,SK,Bratislava,30,SK100003506,True
SUP003507,Supplier 003507,PL,Warsaw,14,PL100003507,True
SUP003508,Supplier 003508,CZ,Brno,45,CZ100003508,True
SUP003509,Supplier 003509,CZ,Brno,14,CZ100003509,True
SUP003510,Supplier 003510,AT,Vienna,60,AT100003510,True
SUP003511,Supplier 003511,DE,Munich,60,DE100003511,True
SUP003512,Supplier 003512,DE,Berlin,60,DE100003512,True
SUP003513,Supplier 003513,PL,Warsaw,30,PL100003513,True
SUP003514,Supplier 003514,CZ,Ostrava,60,CZ100003514,True
SUP003515,Supplier 003515,PL,Warsaw,60,PL100003515,True
SUP003516,Supplier 003516,CZ,Ostrava,45,CZ100003516,True
SUP003517,Supplier 003517,CZ,Brno,60,CZ100003517,True
SUP003518,Supplier 003518,AT,Vienna,30,AT100003518,True
SUP003519,Supplier 003519,AT,Vienna,45,AT100003519,True
SUP003520,Supplier 003520,CZ,Prague,60,CZ100003520,True
SUP003521,Supplier 003521,DE,Munich,14,DE100003521,True
SUP003522,Supplier 003522,CZ,Ostrava,14,CZ100003522,True
SUP003523,Supplier 003523,DE,Munich,14,DE100003523,True
SUP003524,Supplier 003524,CZ,Brno,30,CZ100003524,True
SUP003525,Supplier 003525,CZ,Prague,30,CZ100003525,True
SUP003526,Supplier 003526,PL,Warsaw,14,PL100003526,True
SUP003527,Supplier 003527,CZ,Brno,30,CZ100003527,True
SUP003528,Supplier 003528,CZ,Prague,45,CZ100003528,True
SUP003529,Supplier 003529,SK,Bratislava,30,SK100003529,True
SUP003530,Supplier 003530,PL,Warsaw,14,PL100003530,True
SUP003531,Supplier 003531,DE,Berlin,60,DE100003531,True
SUP003532,Supplier 003532,CZ,Prague,60,CZ100003532,True
SUP003533,Supplier 003533,CZ,Prague,45,CZ100003533,True
SUP003534,Supplier 003534,AT,Vienna,30,AT100003534,True
SUP003535,Supplier 003535,AT,Vienna,14,AT100003535,True
SUP003536,Supplier 003536,DE,Berlin,60,DE100003536,True
SUP003537,Supplier 003537,DE,Munich,14,DE100003537,True
SUP003538,Supplier 003538,CZ,Brno,14,CZ100003538,True
SUP003539,Supplier 003539,CZ,Ostrava,45,CZ100003539,True
SUP003540,Supplier 003540,CZ,Ostrava,30,CZ100003540,True
SUP003541,Supplier 003541,DE,Munich,14,DE100003541,True
SUP003542,Supplier 003542,CZ,Ostrava,45,CZ100003542,True
SUP003543,Supplier 003543,AT,Vienna,30,AT100003543,True
SUP003544,Supplier 003544,CZ,Prague,45,CZ100003544,True
SUP003545,Supplier 003545,CZ,Ostrava,14,CZ100003545,True
SUP003546,Supplier 003546,CZ,Prague,45,CZ100003546,True
SUP003547,Supplier 003547,AT,Vienna,14,AT100003547,True
SUP003548,Supplier 003548,DE,Berlin,30,DE100003548,True
SUP003549,Supplier 003549,AT,Vienna,45,AT100003549,True
SUP003550,Supplier 003550,DE,Munich,60,DE100003550,True
SUP003551,Supplier 003551,CZ,Brno,14,CZ100003551,True
SUP003552,Supplier 003552,SK,Bratislava,30,SK100003552,True
SUP003553,Supplier 003553,SK,Bratislava,60,SK100003553,True
SUP003554,Supplier 003554,AT,Vienna,14,AT100003554,True
SUP003555,Supplier 003555,DE,Munich,14,DE100003555,True
SUP003556,Supplier 003556,DE,Berlin,60,DE100003556,True
SUP003557,Supplier 003557,AT,Vienna,14,AT100003557,True
SUP003558,Supplier 003558,PL,Warsaw,14,PL100003558,True
SUP003559,Supplier 003559,AT,Vienna,30,AT100003559,True
SUP003560,Supplier 003560,CZ,Prague,45,CZ100003560,True
SUP003561,Supplier 003561,CZ,Brno,30,CZ100003561,True
SUP003562,Supplier 003562,CZ,Ostrava,45,CZ100003562,True
SUP003563,Supplier 003563,AT,Vienna,60,AT100003563,True
SUP003564,Supplier 003564,CZ,Brno,30,CZ100003564,True
SUP003565,Supplier 003565,CZ,Ostrava,45,CZ100003565,True
SUP003566,Supplier 003566,CZ,Ostrava,30,CZ100003566,True
SUP003567,Supplier 003567,AT,Vienna,60,AT100003567,True
SUP003568,Supplier 003568,CZ,Prague,14,CZ100003568,True
SUP003569,Supplier 003569,PL,Warsaw,45,PL100003569,True
SUP003570,Supplier 003570,CZ,Ostrava,14,CZ100003570,True
SUP003571,Supplier 003571,CZ,Prague,60,CZ100003571,True
SUP003572,Supplier 003572,DE,Munich,45,DE100003572,True
SUP003573,Supplier 003573,AT,Vienna,45,AT100003573,True
SUP003574,Supplier 003574,SK,Bratislava,45,SK100003574,True
SUP003575,Supplier 003575,CZ,Prague,30,CZ100003575,True
SUP003576,Supplier 003576,CZ,Brno,45,CZ100003576,True
SUP003577,Supplier 003577,CZ,Brno,60,CZ100003577,True
SUP003578,Supplier 003578,CZ,Brno,30,CZ100003578,True
SUP003579,Supplier 003579,DE,Munich,60,DE100003579,True
SUP003580,Supplier 003580,SK,Bratislava,45,SK100003580,True
SUP003581,Supplier 003581,DE,Berlin,45,DE100003581,True
SUP003582,Supplier 003582,PL,Warsaw,45,PL100003582,True
SUP003583,Supplier 003583,SK,Bratislava,45,SK100003583,True
SUP003584,Supplier 003584,DE,Berlin,30,DE100003584,True
SUP003585,Supplier 003585,PL,Warsaw,45,PL100003585,True
SUP003586,Supplier 003586,CZ,Prague,30,CZ100003586,True
SUP003587,Supplier 003587,CZ,Prague,60,CZ100003587,True
SUP003588,Supplier 003588,CZ,Prague,14,CZ100003588,True
SUP003589,Supplier 003589,CZ,Ostrava,60,CZ100003589,True
SUP003590,Supplier 003590,PL,Warsaw,60,PL100003590,True
SUP003591,Supplier 003591,CZ,Brno,14,CZ100003591,True
SUP003592,Supplier 003592,CZ,Prague,60,CZ100003592,True
SUP003593,Supplier 003593,CZ,Brno,45,CZ100003593,True
SUP003594,Supplier 003594,AT,Vienna,45,AT100003594,True
SUP003595,Supplier 003595,AT,Vienna,30,AT100003595,True
SUP003596,Supplier 003596,CZ,Prague,14,CZ100003596,True
SUP003597,Supplier 003597,PL,Warsaw,45,PL100003597,True
SUP003598,Supplier 003598,SK,Bratislava,60,SK100003598,True
SUP003599,Supplier 003599,CZ,Prague,30,CZ100003599,True
SUP003600,Supplier 003600,CZ,Prague,45,CZ100003600,True
SUP003601,Supplier 003601,DE,Berlin,30,DE100003601,True
SUP003602,Supplier 003602,CZ,Brno,45,CZ100003602,True
SUP003603,Supplier 003603,SK,Bratislava,30,SK100003603,True
SUP003604,Supplier 003604,PL,Warsaw,45,PL100003604,True
SUP003605,Supplier 003605,CZ,Prague,45,CZ100003605,True
SUP003606,Supplier 003606,PL,Warsaw,30,PL100003606,True
SUP003607,Supplier 003607,CZ,Prague,30,CZ100003607,True
SUP003608,Supplier 003608,AT,Vienna,14,AT100003608,True
SUP003609,Supplier 003609,DE,Munich,60,DE100003609,True
SUP003610,Supplier 003610,CZ,Ostrava,30,CZ100003610,True
SUP003611,Supplier 003611,CZ,Ostrava,14,CZ100003611,True
SUP003612,Supplier 003612,CZ,Ostrava,14,CZ100003612,True
SUP003613,Supplier 003613,CZ,Ostrava,45,CZ100003613,True
SUP003614,Supplier 003614,SK,Bratislava,45,SK100003614,True
SUP003615,Supplier 003615,SK,Bratislava,14,SK100003615,True
SUP003616,Supplier 003616,DE,Munich,60,DE100003616,True
SUP003617,Supplier 003617,CZ,Prague,60,CZ100003617,True
SUP003618,Supplier 003618,CZ,Prague,45,CZ100003618,True
SUP003619,Supplier 003619,AT,Vienna,60,AT100003619,True
SUP003620,Supplier 003620,DE,Munich,14,DE100003620,True
SUP003621,Supplier 003621,PL,Warsaw,60,PL100003621,True
SUP003622,Supplier 003622,DE,Berlin,14,DE100003622,True
SUP003623,Supplier 003623,SK,Bratislava,14,SK100003623,True
SUP003624,Supplier 003624,DE,Munich,60,DE100003624,True
SUP003625,Supplier 003625,PL,Warsaw,45,PL100003625,True
SUP003626,Supplier 003626,CZ,Prague,60,CZ100003626,True
SUP003627,Supplier 003627,SK,Bratislava,45,SK100003627,True
SUP003628,Supplier 003628,CZ,Brno,14,CZ100003628,True
SUP003629,Supplier 003629,SK,Bratislava,60,SK100003629,True
SUP003630,Supplier 003630,CZ,Brno,30,CZ100003630,True
SUP003631,Supplier 003631,SK,Bratislava,30,SK100003631,True
SUP003632,Supplier 003632,DE,Berlin,45,DE100003632,True
SUP003633,Supplier 003633,CZ,Brno,14,CZ100003633,True
SUP003634,Supplier 003634,CZ,Prague,60,CZ100003634,True
SUP003635,Supplier 003635,AT,Vienna,14,AT100003635,True
SUP003636,Supplier 003636,DE,Berlin,45,DE100003636,True
SUP003637,Supplier 003637,SK,Bratislava,14,SK100003637,True
SUP003638,Supplier 003638,PL,Warsaw,30,PL100003638,True
SUP003639,Supplier 003639,DE,Berlin,14,DE100003639,True
SUP003640,Supplier 003640,DE,Berlin,30,DE100003640,True
SUP003641,Supplier 003641,CZ,Brno,60,CZ100003641,True
SUP003642,Supplier 003642,CZ,Brno,60,CZ100003642,True
SUP003643,Supplier 003643,CZ,Brno,14,CZ100003643,True
SUP003644,Supplier 003644,CZ,Prague,14,CZ100003644,True
SUP003645,Supplier 003645,AT,Vienna,45,AT100003645,True
SUP003646,Supplier 003646,CZ,Brno,30,CZ100003646,True
SUP003647,Supplier 003647,CZ,Prague,60,CZ100003647,True
SUP003648,Supplier 003648,CZ,Prague,45,CZ100003648,True
SUP003649,Supplier 003649,AT,Vienna,14,AT100003649,True
SUP003650,Supplier 003650,CZ,Brno,14,CZ100003650,True
SUP003651,Supplier 003651,CZ,Prague,45,CZ100003651,True
SUP003652,Supplier 003652,AT,Vienna,60,AT100003652,True
SUP003653,Supplier 003653,CZ,Brno,60,CZ100003653,True
SUP003654,Supplier 003654,SK,Bratislava,14,SK100003654,True
SUP003655,Supplier 003655,PL,Warsaw,60,PL100003655,True
SUP003656,Supplier 003656,PL,Warsaw,60,PL100003656,True
SUP003657,Supplier 003657,CZ,Brno,45,CZ100003657,True
SUP003658,Supplier 003658,CZ,Prague,60,CZ100003658,True
SUP003659,Supplier 003659,DE,Berlin,30,DE100003659,True
SUP003660,Supplier 003660,CZ,Brno,14,CZ100003660,True
SUP003661,Supplier 003661,CZ,Prague,14,CZ100003661,True
SUP003662,Supplier 003662,SK,Bratislava,30,SK100003662,True
SUP003663,Supplier 003663,DE,Munich,45,DE100003663,True
SUP003664,Supplier 003664,AT,Vienna,60,AT100003664,True
SUP003665,Supplier 003665,PL,Warsaw,30,PL100003665,True
SUP003666,Supplier 003666,SK,Bratislava,30,SK100003666,True
SUP003667,Supplier 003667,CZ,Prague,14,CZ100003667,True
SUP003668,Supplier 003668,CZ,Ostrava,45,CZ100003668,True
SUP003669,Supplier 003669,AT,Vienna,45,AT100003669,True
SUP003670,Supplier 003670,DE,Munich,30,DE100003670,True
SUP003671,Supplier 003671,CZ,Ostrava,60,CZ100003671,True
SUP003672,Supplier 003672,DE,Munich,45,DE100003672,True
SUP003673,Supplier 003673,DE,Munich,45,DE100003673,True
SUP003674,Supplier 003674,CZ,Prague,30,CZ100003674,True
SUP003675,Supplier 003675,CZ,Prague,30,CZ100003675,True
SUP003676,Supplier 003676,CZ,Prague,60,CZ100003676,True
SUP003677,Supplier 003677,DE,Berlin,30,DE100003677,True
SUP003678,Supplier 003678,SK,Bratislava,30,SK100003678,True
SUP003679,Supplier 003679,CZ,Brno,45,CZ100003679,True
SUP003680,Supplier 003680,SK,Bratislava,60,SK100003680,True
SUP003681,Supplier 003681,PL,Warsaw,45,PL100003681,True
SUP003682,Supplier 003682,DE,Berlin,45,DE100003682,True
SUP003683,Supplier 003683,AT,Vienna,45,AT100003683,True
SUP003684,Supplier 003684,CZ,Ostrava,14,CZ100003684,True
SUP003685,Supplier 003685,PL,Warsaw,14,PL100003685,True
SUP003686,Supplier 003686,PL,Warsaw,30,PL100003686,True
SUP003687,Supplier 003687,CZ,Prague,30,CZ100003687,True
SUP003688,Supplier 003688,SK,Bratislava,60,SK100003688,True
SUP003689,Supplier 003689,SK,Bratislava,30,SK100003689,True
SUP003690,Supplier 003690,PL,Warsaw,45,PL100003690,True
SUP003691,Supplier 003691,AT,Vienna,30,AT100003691,True
SUP003692,Supplier 003692,AT,Vienna,30,AT100003692,True
SUP003693,Supplier 003693,CZ,Prague,45,CZ100003693,True
SUP003694,Supplier 003694,CZ,Prague,14,CZ100003694,True
SUP003695,Supplier 003695,DE,Berlin,14,DE100003695,True
SUP003696,Supplier 003696,CZ,Brno,30,CZ100003696,True
SUP003697,Supplier 003697,DE,Munich,60,DE100003697,True
SUP003698,Supplier 003698,SK,Bratislava,45,SK100003698,True
SUP003699,Supplier 003699,CZ,Prague,14,CZ100003699,True
SUP003700,Supplier 003700,SK,Bratislava,30,SK100003700,True
SUP003701,Supplier 003701,DE,Munich,30,DE100003701,True
SUP003702,Supplier 003702,SK,Bratislava,45,SK100003702,True
SUP003703,Supplier 003703,CZ,Ostrava,45,CZ100003703,True
SUP003704,Supplier 003704,SK,Bratislava,30,SK100003704,True
SUP003705,Supplier 003705,SK,Bratislava,14,SK100003705,True
SUP003706,Supplier 003706,CZ,Ostrava,45,CZ100003706,True
SUP003707,Supplier 003707,CZ,Brno,14,CZ100003707,True
SUP003708,Supplier 003708,CZ,Ostrava,60,CZ100003708,True
SUP003709,Supplier 003709,CZ,Brno,45,CZ100003709,True
SUP003710,Supplier 003710,SK,Bratislava,45,SK100003710,True
SUP003711,Supplier 003711,PL,Warsaw,30,PL100003711,True
SUP003712,Supplier 003712,DE,Berlin,45,DE100003712,True
SUP003713,Supplier 003713,CZ,Ostrava,60,CZ100003713,True
SUP003714,Supplier 003714,CZ,Brno,14,CZ100003714,True
SUP003715,Supplier 003715,CZ,Ostrava,30,CZ100003715,True
SUP003716,Supplier 003716,SK,Bratislava,30,SK100003716,True
SUP003717,Supplier 003717,AT,Vienna,45,AT100003717,True
SUP003718,Supplier 003718,DE,Berlin,60,DE100003718,True
SUP003719,Supplier 003719,SK,Bratislava,14,SK100003719,True
SUP003720,Supplier 003720,SK,Bratislava,45,SK100003720,True
SUP003721,Supplier 003721,CZ,Ostrava,45,CZ100003721,True
SUP003722,Supplier 003722,SK,Bratislava,14,SK100003722,True
SUP003723,Supplier 003723,DE,Munich,30,DE100003723,True
SUP003724,Supplier 003724,PL,Warsaw,30,PL100003724,True
SUP003725,Supplier 003725,CZ,Brno,60,CZ100003725,True
SUP003726,Supplier 003726,CZ,Brno,30,CZ100003726,True
SUP003727,Supplier 003727,AT,Vienna,45,AT100003727,True
SUP003728,Supplier 003728,PL,Warsaw,60,PL100003728,True
SUP003729,Supplier 003729,CZ,Ostrava,45,CZ100003729,True
SUP003730,Supplier 003730,DE,Berlin,60,DE100003730,True
SUP003731,Supplier 003731,PL,Warsaw,60,PL100003731,True
SUP003732,Supplier 003732,DE,Munich,60,DE100003732,True
SUP003733,Supplier 003733,CZ,Prague,30,CZ100003733,True
SUP003734,Supplier 003734,SK,Bratislava,30,SK100003734,True
SUP003735,Supplier 003735,PL,Warsaw,30,PL100003735,True
SUP003736,Supplier 003736,AT,Vienna,30,AT100003736,True
SUP003737,Supplier 003737,DE,Munich,60,DE100003737,True
SUP003738,Supplier 003738,AT,Vienna,30,AT100003738,True
SUP003739,Supplier 003739,DE,Berlin,45,DE100003739,True
SUP003740,Supplier 003740,CZ,Brno,30,CZ100003740,True
SUP003741,Supplier 003741,CZ,Brno,45,CZ100003741,True
SUP003742,Supplier 003742,PL,Warsaw,45,PL100003742,True
SUP003743,Supplier 003743,SK,Bratislava,14,SK100003743,True
SUP003744,Supplier 003744,PL,Warsaw,45,PL100003744,True
SUP003745,Supplier 003745,AT,Vienna,60,AT100003745,True
SUP003746,Supplier 003746,PL,Warsaw,60,PL100003746,True
SUP003747,Supplier 003747,AT,Vienna,45,AT100003747,True
SUP003748,Supplier 003748,PL,Warsaw,45,PL100003748,True
SUP003749,Supplier 003749,DE,Munich,60,DE100003749,True
SUP003750,Supplier 003750,CZ,Prague,30,CZ100003750,True
SUP003751,Supplier 003751,PL,Warsaw,30,PL100003751,True
SUP003752,Supplier 003752,DE,Munich,14,DE100003752,True
SUP003753,Supplier 003753,DE,Berlin,14,DE100003753,True
SUP003754,Supplier 003754,DE,Munich,14,DE100003754,True
SUP003755,Supplier 003755,DE,Munich,30,DE100003755,True
SUP003756,Supplier 003756,CZ,Brno,14,CZ100003756,True
SUP003757,Supplier 003757,CZ,Brno,45,CZ100003757,True
SUP003758,Supplier 003758,CZ,Prague,30,CZ100003758,True
SUP003759,Supplier 003759,DE,Berlin,30,DE100003759,True
SUP003760,Supplier 003760,DE,Berlin,45,DE100003760,True
SUP003761,Supplier 003761,DE,Munich,45,DE100003761,True
SUP003762,Supplier 003762,SK,Bratislava,30,SK100003762,True
SUP003763,Supplier 003763,DE,Munich,14,DE100003763,True
SUP003764,Supplier 003764,DE,Munich,45,DE100003764,True
SUP003765,Supplier 003765,DE,Berlin,60,DE100003765,True
SUP003766,Supplier 003766,AT,Vienna,14,AT100003766,True
SUP003767,Supplier 003767,PL,Warsaw,30,PL100003767,True
SUP003768,Supplier 003768,AT,Vienna,30,AT100003768,True
SUP003769,Supplier 003769,SK,Bratislava,30,SK100003769,True
SUP003770,Supplier 003770,PL,Warsaw,30,PL100003770,True
SUP003771,Supplier 003771,PL,Warsaw,60,PL100003771,True
SUP003772,Supplier 003772,DE,Berlin,14,DE100003772,True
SUP003773,Supplier 003773,DE,Berlin,30,DE100003773,True
SUP003774,Supplier 003774,AT,Vienna,60,AT100003774,True
SUP003775,Supplier 003775,SK,Bratislava,60,SK100003775,True
SUP003776,Supplier 003776,PL,Warsaw,14,PL100003776,True
SUP003777,Supplier 003777,DE,Berlin,30,DE100003777,True
SUP003778,Supplier 003778,CZ,Ostrava,45,CZ100003778,True
SUP003779,Supplier 003779,CZ,Prague,60,CZ100003779,True
SUP003780,Supplier 003780,DE,Berlin,45,DE100003780,True
SUP003781,Supplier 003781,SK,Bratislava,60,SK100003781,True
SUP003782,Supplier 003782,AT,Vienna,60,AT100003782,True
SUP003783,Supplier 003783,DE,Munich,45,DE100003783,True
SUP003784,Supplier 003784,CZ,Prague,14,CZ100003784,True
SUP003785,Supplier 003785,CZ,Ostrava,30,CZ100003785,True
SUP003786,Supplier 003786,DE,Berlin,60,DE100003786,True
SUP003787,Supplier 003787,AT,Vienna,30,AT100003787,True
SUP003788,Supplier 003788,AT,Vienna,14,AT100003788,True
SUP003789,Supplier 003789,AT,Vienna,30,AT100003789,True
SUP003790,Supplier 003790,PL,Warsaw,14,PL100003790,True
SUP003791,Supplier 003791,DE,Berlin,60,DE100003791,True
SUP003792,Supplier 003792,DE,Munich,14,DE100003792,True
SUP003793,Supplier 003793,CZ,Ostrava,14,CZ100003793,True
SUP003794,Supplier 003794,CZ,Ostrava,14,CZ100003794,True
SUP003795,Supplier 003795,PL,Warsaw,14,PL100003795,True
SUP003796,Supplier 003796,CZ,Ostrava,30,CZ100003796,True
SUP003797,Supplier 003797,CZ,Brno,60,CZ100003797,True
SUP003798,Supplier 003798,DE,Munich,30,DE100003798,True
SUP003799,Supplier 003799,SK,Bratislava,45,SK100003799,True
SUP003800,Supplier 003800,CZ,Brno,60,CZ100003800,True
SUP003801,Supplier 003801,CZ,Prague,45,CZ100003801,True
SUP003802,Supplier 003802,CZ,Prague,30,CZ100003802,True
SUP003803,Supplier 003803,DE,Berlin,60,DE100003803,True
SUP003804,Supplier 003804,AT,Vienna,30,AT100003804,True
SUP003805,Supplier 003805,CZ,Brno,30,CZ100003805,True
SUP003806,Supplier 003806,AT,Vienna,60,AT100003806,True
SUP003807,Supplier 003807,CZ,Brno,60,CZ100003807,True
SUP003808,Supplier 003808,SK,Bratislava,30,SK100003808,True
SUP003809,Supplier 003809,SK,Bratislava,45,SK100003809,True
SUP003810,Supplier 003810,AT,Vienna,60,AT100003810,True
SUP003811,Supplier 003811,CZ,Ostrava,45,CZ100003811,True
SUP003812,Supplier 003812,SK,Bratislava,60,SK100003812,True
SUP003813,Supplier 003813,DE,Munich,30,DE100003813,True
SUP003814,Supplier 003814,CZ,Prague,30,CZ100003814,True
SUP003815,Supplier 003815,PL,Warsaw,14,PL100003815,True
SUP003816,Supplier 003816,AT,Vienna,30,AT100003816,True
SUP003817,Supplier 003817,DE,Berlin,60,DE100003817,True
SUP003818,Supplier 003818,PL,Warsaw,60,PL100003818,True
SUP003819,Supplier 003819,CZ,Prague,14,CZ100003819,True
SUP003820,Supplier 003820,DE,Munich,60,DE100003820,True
SUP003821,Supplier 003821,DE,Berlin,45,DE100003821,True
SUP003822,Supplier 003822,AT,Vienna,30,AT100003822,True
SUP003823,Supplier 003823,AT,Vienna,30,AT100003823,True
SUP003824,Supplier 003824,CZ,Ostrava,60,CZ100003824,True
SUP003825,Supplier 003825,PL,Warsaw,60,PL100003825,True
SUP003826,Supplier 003826,CZ,Ostrava,14,CZ100003826,True
SUP003827,Supplier 003827,AT,Vienna,14,AT100003827,True
SUP003828,Supplier 003828,SK,Bratislava,30,SK100003828,True
SUP003829,Supplier 003829,DE,Munich,45,DE100003829,True
SUP003830,Supplier 003830,CZ,Brno,30,CZ100003830,True
SUP003831,Supplier 003831,PL,Warsaw,60,PL100003831,True
SUP003832,Supplier 003832,CZ,Brno,45,CZ100003832,True
SUP003833,Supplier 003833,CZ,Brno,14,CZ100003833,True
SUP003834,Supplier 003834,DE,Berlin,60,DE100003834,True
SUP003835,Supplier 003835,PL,Warsaw,30,PL100003835,True
SUP003836,Supplier 003836,DE,Munich,30,DE100003836,True
SUP003837,Supplier 003837,CZ,Prague,60,CZ100003837,True
SUP003838,Supplier 003838,CZ,Prague,14,CZ100003838,True
SUP003839,Supplier 003839,PL,Warsaw,60,PL100003839,True
SUP003840,Supplier 003840,DE,Berlin,60,DE100003840,True
SUP003841,Supplier 003841,SK,Bratislava,60,SK100003841,True
SUP003842,Supplier 003842,CZ,Prague,14,CZ100003842,True
SUP003843,Supplier 003843,DE,Munich,14,DE100003843,True
SUP003844,Supplier 003844,CZ,Ostrava,45,CZ100003844,True
SUP003845,Supplier 003845,PL,Warsaw,60,PL100003845,True
SUP003846,Supplier 003846,PL,Warsaw,14,PL100003846,True
SUP003847,Supplier 003847,CZ,Brno,30,CZ100003847,True
SUP003848,Supplier 003848,PL,Warsaw,30,PL100003848,True
SUP003849,Supplier 003849,PL,Warsaw,45,PL100003849,True
SUP003850,Supplier 003850,CZ,Ostrava,30,CZ100003850,True
SUP003851,Supplier 003851,CZ,Prague,14,CZ100003851,True
SUP003852,Supplier 003852,CZ,Ostrava,45,CZ100003852,True
SUP003853,Supplier 003853,CZ,Brno,60,CZ100003853,True
SUP003854,Supplier 003854,CZ,Ostrava,14,CZ100003854,True
SUP003855,Supplier 003855,CZ,Prague,45,CZ100003855,True
SUP003856,Supplier 003856,CZ,Ostrava,60,CZ100003856,True
SUP003857,Supplier 003857,DE,Berlin,30,DE100003857,True
SUP003858,Supplier 003858,SK,Bratislava,14,SK100003858,True
SUP003859,Supplier 003859,SK,Bratislava,60,SK100003859,True
SUP003860,Supplier 003860,CZ,Prague,14,CZ100003860,True
SUP003861,Supplier 003861,AT,Vienna,45,AT100003861,True
SUP003862,Supplier 003862,PL,Warsaw,14,PL100003862,True
SUP003863,Supplier 003863,CZ,Prague,14,CZ100003863,True
SUP003864,Supplier 003864,AT,Vienna,30,AT100003864,True
SUP003865,Supplier 003865,SK,Bratislava,45,SK100003865,True
SUP003866,Supplier 003866,SK,Bratislava,30,SK100003866,True
SUP003867,Supplier 003867,CZ,Brno,14,CZ100003867,True
SUP003868,Supplier 003868,AT,Vienna,14,AT100003868,True
SUP003869,Supplier 003869,CZ,Prague,45,CZ100003869,True
SUP003870,Supplier 003870,SK,Bratislava,14,SK100003870,True
SUP003871,Supplier 003871,SK,Bratislava,14,SK100003871,True
SUP003872,Supplier 003872,CZ,Ostrava,30,CZ100003872,True
SUP003873,Supplier 003873,CZ,Prague,60,CZ100003873,True
SUP003874,Supplier 003874,CZ,Brno,45,CZ100003874,True
SUP003875,Supplier 003875,DE,Berlin,30,DE100003875,True
SUP003876,Supplier 003876,SK,Bratislava,60,SK100003876,True
SUP003877,Supplier 003877,AT,Vienna,14,AT100003877,True
SUP003878,Supplier 003878,SK,Bratislava,30,SK100003878,True
SUP003879,Supplier 003879,CZ,Brno,45,CZ100003879,True
SUP003880,Supplier 003880,DE,Berlin,30,DE100003880,True
SUP003881,Supplier 003881,CZ,Prague,60,CZ100003881,True
SUP003882,Supplier 003882,DE,Berlin,14,DE100003882,True
SUP003883,Supplier 003883,AT,Vienna,30,AT100003883,True
SUP003884,Supplier 003884,PL,Warsaw,30,PL100003884,True
SUP003885,Supplier 003885,CZ,Brno,45,CZ100003885,True
SUP003886,Supplier 003886,DE,Berlin,14,DE100003886,True
SUP003887,Supplier 003887,CZ,Brno,30,CZ100003887,True
SUP003888,Supplier 003888,AT,Vienna,45,AT100003888,True
SUP003889,Supplier 003889,PL,Warsaw,14,PL100003889,True
SUP003890,Supplier 003890,CZ,Ostrava,45,CZ100003890,True
SUP003891,Supplier 003891,CZ,Brno,45,CZ100003891,True
SUP003892,Supplier 003892,AT,Vienna,30,AT100003892,True
SUP003893,Supplier 003893,DE,Berlin,30,DE100003893,True
SUP003894,Supplier 003894,DE,Berlin,60,DE100003894,True
SUP003895,Supplier 003895,CZ,Brno,45,CZ100003895,True
SUP003896,Supplier 003896,CZ,Prague,60,CZ100003896,True
SUP003897,Supplier 003897,AT,Vienna,30,AT100003897,True
SUP003898,Supplier 003898,CZ,Prague,30,CZ100003898,True
SUP003899,Supplier 003899,CZ,Prague,14,CZ100003899,True
SUP003900,Supplier 003900,DE,Munich,30,DE100003900,True
SUP003901,Supplier 003901,AT,Vienna,30,AT100003901,True
SUP003902,Supplier 003902,CZ,Brno,14,CZ100003902,True
SUP003903,Supplier 003903,CZ,Ostrava,45,CZ100003903,True
SUP003904,Supplier 003904,PL,Warsaw,45,PL100003904,True
SUP003905,Supplier 003905,SK,Bratislava,30,SK100003905,True
SUP003906,Supplier 003906,AT,Vienna,30,AT100003906,True
SUP003907,Supplier 003907,CZ,Prague,30,CZ100003907,True
SUP003908,Supplier 003908,PL,Warsaw,45,PL100003908,True
SUP003909,Supplier 003909,CZ,Ostrava,45,CZ100003909,True
SUP003910,Supplier 003910,DE,Berlin,14,DE100003910,True
SUP003911,Supplier 003911,AT,Vienna,45,AT100003911,True
SUP003912,Supplier 003912,CZ,Prague,30,CZ100003912,True
SUP003913,Supplier 003913,DE,Berlin,45,DE100003913,True
SUP003914,Supplier 003914,SK,Bratislava,30,SK100003914,True
SUP003915,Supplier 003915,CZ,Prague,30,CZ100003915,True
SUP003916,Supplier 003916,SK,Bratislava,60,SK100003916,True
SUP003917,Supplier 003917,DE,Berlin,30,DE100003917,True
SUP003918,Supplier 003918,PL,Warsaw,14,PL100003918,True
SUP003919,Supplier 003919,CZ,Brno,60,CZ100003919,True
SUP003920,Supplier 003920,CZ,Brno,30,CZ100003920,True
SUP003921,Supplier 003921,CZ,Prague,30,CZ100003921,True
SUP003922,Supplier 003922,SK,Bratislava,30,SK100003922,True
SUP003923,Supplier 003923,CZ,Brno,30,CZ100003923,True
SUP003924,Supplier 003924,SK,Bratislava,30,SK100003924,True
SUP003925,Supplier 003925,CZ,Brno,60,CZ100003925,True
SUP003926,Supplier 003926,PL,Warsaw,45,PL100003926,True
SUP003927,Supplier 003927,CZ,Ostrava,30,CZ100003927,True
SUP003928,Supplier 003928,SK,Bratislava,60,SK100003928,True
SUP003929,Supplier 003929,CZ,Ostrava,30,CZ100003929,True
SUP003930,Supplier 003930,DE,Munich,45,DE100003930,True
SUP003931,Supplier 003931,PL,Warsaw,30,PL100003931,True
SUP003932,Supplier 003932,DE,Munich,60,DE100003932,True
SUP003933,Supplier 003933,CZ,Brno,45,CZ100003933,True
SUP003934,Supplier 003934,AT,Vienna,60,AT100003934,True
SUP003935,Supplier 003935,CZ,Ostrava,60,CZ100003935,True
SUP003936,Supplier 003936,PL,Warsaw,60,PL100003936,True
SUP003937,Supplier 003937,AT,Vienna,30,AT100003937,True
SUP003938,Supplier 003938,PL,Warsaw,14,PL100003938,True
SUP003939,Supplier 003939,AT,Vienna,60,AT100003939,True
SUP003940,Supplier 003940,CZ,Brno,45,CZ100003940,True
SUP003941,Supplier 003941,CZ,Ostrava,30,CZ100003941,True
SUP003942,Supplier 003942,DE,Munich,60,DE100003942,True
SUP003943,Supplier 003943,PL,Warsaw,45,PL100003943,True
SUP003944,Supplier 003944,PL,Warsaw,45,PL100003944,True
SUP003945,Supplier 003945,AT,Vienna,60,AT100003945,True
SUP003946,Supplier 003946,CZ,Brno,45,CZ100003946,True
SUP003947,Supplier 003947,CZ,Ostrava,60,CZ100003947,True
SUP003948,Supplier 003948,SK,Bratislava,30,SK100003948,True
SUP003949,Supplier 003949,SK,Bratislava,14,SK100003949,True
SUP003950,Supplier 003950,CZ,Prague,45,CZ100003950,True
SUP003951,Supplier 003951,PL,Warsaw,60,PL100003951,True
SUP003952,Supplier 003952,AT,Vienna,60,AT100003952,True
SUP003953,Supplier 003953,DE,Berlin,60,DE100003953,True
SUP003954,Supplier 003954,PL,Warsaw,45,PL100003954,True
SUP003955,Supplier 003955,CZ,Brno,60,CZ100003955,True
SUP003956,Supplier 003956,CZ,Prague,14,CZ100003956,True
SUP003957,Supplier 003957,AT,Vienna,30,AT100003957,True
SUP003958,Supplier 003958,SK,Bratislava,60,SK100003958,True
SUP003959,Supplier 003959,DE,Munich,45,DE100003959,True
SUP003960,Supplier 003960,PL,Warsaw,45,PL100003960,True
SUP003961,Supplier 003961,CZ,Prague,60,CZ100003961,True
SUP003962,Supplier 003962,AT,Vienna,30,AT100003962,True
SUP003963,Supplier 003963,SK,Bratislava,60,SK100003963,True
SUP003964,Supplier 003964,CZ,Prague,45,CZ100003964,True
SUP003965,Supplier 003965,CZ,Prague,30,CZ100003965,True
SUP003966,Supplier 003966,DE,Munich,60,DE100003966,True
SUP003967,Supplier 003967,CZ,Ostrava,45,CZ100003967,True
SUP003968,Supplier 003968,SK,Bratislava,30,SK100003968,True
SUP003969,Supplier 003969,CZ,Prague,14,CZ100003969,True
SUP003970,Supplier 003970,CZ,Brno,60,CZ100003970,True
SUP003971,Supplier 003971,AT,Vienna,14,AT100003971,True
SUP003972,Supplier 003972,SK,Bratislava,60,SK100003972,True
SUP003973,Supplier 003973,CZ,Ostrava,60,CZ100003973,True
SUP003974,Supplier 003974,DE,Munich,45,DE100003974,True
SUP003975,Supplier 003975,AT,Vienna,45,AT100003975,True
SUP003976,Supplier 003976,AT,Vienna,14,AT100003976,True
SUP003977,Supplier 003977,CZ,Brno,45,CZ100003977,True
SUP003978,Supplier 003978,CZ,Ostrava,45,CZ100003978,True
SUP003979,Supplier 003979,SK,Bratislava,60,SK100003979,True
SUP003980,Supplier 003980,DE,Munich,14,DE100003980,True
SUP003981,Supplier 003981,CZ,Ostrava,60,CZ100003981,True
SUP003982,Supplier 003982,CZ,Prague,14,CZ100003982,True
SUP003983,Supplier 003983,CZ,Brno,60,CZ100003983,True
SUP003984,Supplier 003984,AT,Vienna,45,AT100003984,True
SUP003985,Supplier 003985,AT,Vienna,30,AT100003985,True
SUP003986,Supplier 003986,CZ,Ostrava,45,CZ100003986,True
SUP003987,Supplier 003987,CZ,Ostrava,30,CZ100003987,True
SUP003988,Supplier 003988,SK,Bratislava,60,SK100003988,True
SUP003989,Supplier 003989,CZ,Ostrava,14,CZ100003989,True
SUP003990,Supplier 003990,PL,Warsaw,30,PL100003990,True
SUP003991,Supplier 003991,CZ,Ostrava,30,CZ100003991,True
SUP003992,Supplier 003992,CZ,Prague,30,CZ100003992,True
SUP003993,Supplier 003993,SK,Bratislava,45,SK100003993,True
SUP003994,Supplier 003994,AT,Vienna,60,AT100003994,True
SUP003995,Supplier 003995,CZ,Brno,30,CZ100003995,True
SUP003996,Supplier 003996,CZ,Brno,45,CZ100003996,True
SUP003997,Supplier 003997,CZ,Brno,60,CZ100003997,True
SUP003998,Supplier 003998,CZ,Brno,45,CZ100003998,True
SUP003999,Supplier 003999,CZ,Brno,45,CZ100003999,True
SUP004000,Supplier 004000,CZ,Prague,30,CZ100004000,True
SUP004001,Supplier 004001,PL,Warsaw,60,PL100004001,True
SUP004002,Supplier 004002,CZ,Brno,14,CZ100004002,True
SUP004003,Supplier 004003,CZ,Prague,45,CZ100004003,True
SUP004004,Supplier 004004,CZ,Prague,14,CZ100004004,True
SUP004005,Supplier 004005,CZ,Brno,30,CZ100004005,True
SUP004006,Supplier 004006,CZ,Prague,60,CZ100004006,True
SUP004007,Supplier 004007,DE,Munich,60,DE100004007,True
SUP004008,Supplier 004008,PL,Warsaw,45,PL100004008,True
SUP004009,Supplier 004009,AT,Vienna,45,AT100004009,True
SUP004010,Supplier 004010,DE,Berlin,45,DE100004010,True
SUP004011,Supplier 004011,DE,Berlin,30,DE100004011,True
SUP004012,Supplier 004012,DE,Berlin,60,DE100004012,True
SUP004013,Supplier 004013,AT,Vienna,14,AT100004013,True
SUP004014,Supplier 004014,DE,Berlin,45,DE100004014,True
SUP004015,Supplier 004015,CZ,Brno,14,CZ100004015,True
SUP004016,Supplier 004016,PL,Warsaw,60,PL100004016,True
SUP004017,Supplier 004017,CZ,Ostrava,14,CZ100004017,True
SUP004018,Supplier 004018,CZ,Brno,45,CZ100004018,True
SUP004019,Supplier 004019,SK,Bratislava,45,SK100004019,True
SUP004020,Supplier 004020,PL,Warsaw,60,PL100004020,True
SUP004021,Supplier 004021,AT,Vienna,30,AT100004021,True
SUP004022,Supplier 004022,CZ,Prague,45,CZ100004022,True
SUP004023,Supplier 004023,CZ,Prague,45,CZ100004023,True
SUP004024,Supplier 004024,CZ,Prague,45,CZ100004024,True
SUP004025,Supplier 004025,PL,Warsaw,30,PL100004025,True
SUP004026,Supplier 004026,PL,Warsaw,60,PL100004026,True
SUP004027,Supplier 004027,CZ,Brno,45,CZ100004027,True
SUP004028,Supplier 004028,AT,Vienna,60,AT100004028,True
SUP004029,Supplier 004029,CZ,Brno,60,CZ100004029,True
SUP004030,Supplier 004030,DE,Munich,30,DE100004030,True
SUP004031,Supplier 004031,CZ,Ostrava,14,CZ100004031,True
SUP004032,Supplier 004032,CZ,Ostrava,60,CZ100004032,True
SUP004033,Supplier 004033,CZ,Brno,45,CZ100004033,True
SUP004034,Supplier 004034,PL,Warsaw,30,PL100004034,True
SUP004035,Supplier 004035,PL,Warsaw,14,PL100004035,True
SUP004036,Supplier 004036,PL,Warsaw,30,PL100004036,True
SUP004037,Supplier 004037,SK,Bratislava,30,SK100004037,True
SUP004038,Supplier 004038,CZ,Ostrava,14,CZ100004038,True
SUP004039,Supplier 004039,CZ,Brno,60,CZ100004039,True
SUP004040,Supplier 004040,CZ,Prague,30,CZ100004040,True
SUP004041,Supplier 004041,DE,Berlin,60,DE100004041,True
SUP004042,Supplier 004042,DE,Munich,30,DE100004042,True
SUP004043,Supplier 004043,DE,Munich,60,DE100004043,True
SUP004044,Supplier 004044,CZ,Brno,30,CZ100004044,True
SUP004045,Supplier 004045,PL,Warsaw,14,PL100004045,True
SUP004046,Supplier 004046,DE,Berlin,30,DE100004046,True
SUP004047,Supplier 004047,CZ,Brno,45,CZ100004047,True
SUP004048,Supplier 004048,AT,Vienna,60,AT100004048,True
SUP004049,Supplier 004049,AT,Vienna,30,AT100004049,True
SUP004050,Supplier 004050,SK,Bratislava,45,SK100004050,True
SUP004051,Supplier 004051,CZ,Brno,45,CZ100004051,True
SUP004052,Supplier 004052,CZ,Brno,14,CZ100004052,True
SUP004053,Supplier 004053,CZ,Brno,45,CZ100004053,True
SUP004054,Supplier 004054,SK,Bratislava,14,SK100004054,True
SUP004055,Supplier 004055,DE,Berlin,30,DE100004055,True
SUP004056,Supplier 004056,DE,Berlin,60,DE100004056,True
SUP004057,Supplier 004057,CZ,Prague,45,CZ100004057,True
SUP004058,Supplier 004058,CZ,Prague,30,CZ100004058,True
SUP004059,Supplier 004059,AT,Vienna,60,AT100004059,True
SUP004060,Supplier 004060,DE,Berlin,45,DE100004060,True
SUP004061,Supplier 004061,CZ,Ostrava,30,CZ100004061,True
SUP004062,Supplier 004062,CZ,Brno,60,CZ100004062,True
SUP004063,Supplier 004063,CZ,Prague,60,CZ100004063,True
SUP004064,Supplier 004064,DE,Berlin,30,DE100004064,True
SUP004065,Supplier 004065,DE,Munich,30,DE100004065,True
SUP004066,Supplier 004066,PL,Warsaw,60,PL100004066,True
SUP004067,Supplier 004067,CZ,Ostrava,45,CZ100004067,True
SUP004068,Supplier 004068,CZ,Ostrava,14,CZ100004068,True
SUP004069,Supplier 004069,DE,Berlin,45,DE100004069,True
SUP004070,Supplier 004070,CZ,Brno,45,CZ100004070,True
SUP004071,Supplier 004071,PL,Warsaw,30,PL100004071,True
SUP004072,Supplier 004072,PL,Warsaw,45,PL100004072,True
SUP004073,Supplier 004073,AT,Vienna,14,AT100004073,True
SUP004074,Supplier 004074,DE,Berlin,30,DE100004074,True
SUP004075,Supplier 004075,SK,Bratislava,30,SK100004075,True
SUP004076,Supplier 004076,CZ,Prague,30,CZ100004076,True
SUP004077,Supplier 004077,PL,Warsaw,60,PL100004077,True
SUP004078,Supplier 004078,DE,Munich,30,DE100004078,True
SUP004079,Supplier 004079,CZ,Prague,60,CZ100004079,True
SUP004080,Supplier 004080,DE,Berlin,60,DE100004080,True
SUP004081,Supplier 004081,PL,Warsaw,45,PL100004081,True
SUP004082,Supplier 004082,AT,Vienna,60,AT100004082,True
SUP004083,Supplier 004083,CZ,Brno,45,CZ100004083,True
SUP004084,Supplier 004084,DE,Munich,30,DE100004084,True
SUP004085,Supplier 004085,AT,Vienna,14,AT100004085,True
SUP004086,Supplier 004086,CZ,Ostrava,45,CZ100004086,True
SUP004087,Supplier 004087,CZ,Prague,45,CZ100004087,True
SUP004088,Supplier 004088,PL,Warsaw,30,PL100004088,True
SUP004089,Supplier 004089,CZ,Ostrava,60,CZ100004089,True
SUP004090,Supplier 004090,PL,Warsaw,45,PL100004090,True
SUP004091,Supplier 004091,CZ,Ostrava,30,CZ100004091,True
SUP004092,Supplier 004092,SK,Bratislava,30,SK100004092,True
SUP004093,Supplier 004093,CZ,Prague,45,CZ100004093,True
SUP004094,Supplier 004094,CZ,Brno,30,CZ100004094,True
SUP004095,Supplier 004095,AT,Vienna,60,AT100004095,True
SUP004096,Supplier 004096,CZ,Ostrava,14,CZ100004096,True
SUP004097,Supplier 004097,CZ,Brno,45,CZ100004097,True
SUP004098,Supplier 004098,PL,Warsaw,30,PL100004098,True
SUP004099,Supplier 004099,CZ,Prague,14,CZ100004099,True
SUP004100,Supplier 004100,DE,Berlin,60,DE100004100,True
SUP004101,Supplier 004101,CZ,Ostrava,60,CZ100004101,True
SUP004102,Supplier 004102,SK,Bratislava,14,SK100004102,True
SUP004103,Supplier 004103,CZ,Brno,30,CZ100004103,True
SUP004104,Supplier 004104,AT,Vienna,60,AT100004104,True
SUP004105,Supplier 004105,DE,Munich,30,DE100004105,True
SUP004106,Supplier 004106,AT,Vienna,14,AT100004106,True
SUP004107,Supplier 004107,PL,Warsaw,60,PL100004107,True
SUP004108,Supplier 004108,DE,Munich,60,DE100004108,True
SUP004109,Supplier 004109,DE,Berlin,14,DE100004109,True
SUP004110,Supplier 004110,CZ,Brno,14,CZ100004110,True
SUP004111,Supplier 004111,CZ,Brno,14,CZ100004111,True
SUP004112,Supplier 004112,PL,Warsaw,30,PL100004112,True
SUP004113,Supplier 004113,CZ,Prague,60,CZ100004113,True
SUP004114,Supplier 004114,DE,Munich,14,DE100004114,True
SUP004115,Supplier 004115,CZ,Ostrava,60,CZ100004115,True
SUP004116,Supplier 004116,PL,Warsaw,60,PL100004116,True
SUP004117,Supplier 004117,DE,Munich,30,DE100004117,True
SUP004118,Supplier 004118,CZ,Brno,45,CZ100004118,True
SUP004119,Supplier 004119,CZ,Brno,30,CZ100004119,True
SUP004120,Supplier 004120,AT,Vienna,14,AT100004120,True
SUP004121,Supplier 004121,AT,Vienna,60,AT100004121,True
SUP004122,Supplier 004122,CZ,Brno,14,CZ100004122,True
SUP004123,Supplier 004123,SK,Bratislava,14,SK100004123,True
SUP004124,Supplier 004124,CZ,Ostrava,30,CZ100004124,True
SUP004125,Supplier 004125,CZ,Prague,60,CZ100004125,True
SUP004126,Supplier 004126,DE,Berlin,14,DE100004126,True
SUP004127,Supplier 004127,CZ,Prague,30,CZ100004127,True
SUP004128,Supplier 004128,SK,Bratislava,30,SK100004128,True
SUP004129,Supplier 004129,CZ,Brno,45,CZ100004129,True
SUP004130,Supplier 004130,CZ,Prague,14,CZ100004130,True
SUP004131,Supplier 004131,CZ,Brno,45,CZ100004131,True
SUP004132,Supplier 004132,DE,Berlin,30,DE100004132,True
SUP004133,Supplier 004133,AT,Vienna,14,AT100004133,True
SUP004134,Supplier 004134,SK,Bratislava,45,SK100004134,True
SUP004135,Supplier 004135,CZ,Prague,45,CZ100004135,True
SUP004136,Supplier 004136,PL,Warsaw,30,PL100004136,True
SUP004137,Supplier 004137,PL,Warsaw,45,PL100004137,True
SUP004138,Supplier 004138,DE,Berlin,30,DE100004138,True
SUP004139,Supplier 004139,CZ,Brno,14,CZ100004139,True
SUP004140,Supplier 004140,SK,Bratislava,14,SK100004140,True
SUP004141,Supplier 004141,SK,Bratislava,30,SK100004141,True
SUP004142,Supplier 004142,DE,Munich,30,DE100004142,True
SUP004143,Supplier 004143,CZ,Ostrava,30,CZ100004143,True
SUP004144,Supplier 004144,DE,Berlin,45,DE100004144,True
SUP004145,Supplier 004145,CZ,Ostrava,60,CZ100004145,True
SUP004146,Supplier 004146,CZ,Brno,45,CZ100004146,True
SUP004147,Supplier 004147,DE,Munich,60,DE100004147,True
SUP004148,Supplier 004148,CZ,Ostrava,60,CZ100004148,True
SUP004149,Supplier 004149,PL,Warsaw,14,PL100004149,True
SUP004150,Supplier 004150,DE,Munich,60,DE100004150,True
SUP004151,Supplier 004151,CZ,Ostrava,30,CZ100004151,True
SUP004152,Supplier 004152,CZ,Brno,45,CZ100004152,True
SUP004153,Supplier 004153,SK,Bratislava,45,SK100004153,True
SUP004154,Supplier 004154,CZ,Ostrava,60,CZ100004154,True
SUP004155,Supplier 004155,CZ,Ostrava,45,CZ100004155,True
SUP004156,Supplier 004156,AT,Vienna,60,AT100004156,True
SUP004157,Supplier 004157,CZ,Prague,30,CZ100004157,True
SUP004158,Supplier 004158,CZ,Brno,45,CZ100004158,True
SUP004159,Supplier 004159,CZ,Brno,14,CZ100004159,True
SUP004160,Supplier 004160,AT,Vienna,14,AT100004160,True
SUP004161,Supplier 004161,DE,Berlin,14,DE100004161,True
SUP004162,Supplier 004162,DE,Berlin,45,DE100004162,True
SUP004163,Supplier 004163,DE,Munich,30,DE100004163,True
SUP004164,Supplier 004164,SK,Bratislava,45,SK100004164,True
SUP004165,Supplier 004165,CZ,Prague,14,CZ100004165,True
SUP004166,Supplier 004166,AT,Vienna,30,AT100004166,True
SUP004167,Supplier 004167,AT,Vienna,14,AT100004167,True
SUP004168,Supplier 004168,CZ,Brno,30,CZ100004168,True
SUP004169,Supplier 004169,DE,Munich,60,DE100004169,True
SUP004170,Supplier 004170,CZ,Brno,45,CZ100004170,True
SUP004171,Supplier 004171,DE,Munich,45,DE100004171,True
SUP004172,Supplier 004172,CZ,Brno,14,CZ100004172,True
SUP004173,Supplier 004173,CZ,Ostrava,45,CZ100004173,True
SUP004174,Supplier 004174,AT,Vienna,30,AT100004174,True
SUP004175,Supplier 004175,DE,Berlin,60,DE100004175,True
SUP004176,Supplier 004176,PL,Warsaw,30,PL100004176,True
SUP004177,Supplier 004177,DE,Munich,14,DE100004177,True
SUP004178,Supplier 004178,CZ,Ostrava,30,CZ100004178,True
SUP004179,Supplier 004179,CZ,Ostrava,60,CZ100004179,True
SUP004180,Supplier 004180,DE,Munich,14,DE100004180,True
SUP004181,Supplier 004181,DE,Berlin,30,DE100004181,True
SUP004182,Supplier 004182,AT,Vienna,60,AT100004182,True
SUP004183,Supplier 004183,CZ,Ostrava,60,CZ100004183,True
SUP004184,Supplier 004184,DE,Berlin,60,DE100004184,True
SUP004185,Supplier 004185,DE,Munich,45,DE100004185,True
SUP004186,Supplier 004186,AT,Vienna,30,AT100004186,True
SUP004187,Supplier 004187,DE,Munich,14,DE100004187,True
SUP004188,Supplier 004188,DE,Munich,60,DE100004188,True
SUP004189,Supplier 004189,DE,Berlin,14,DE100004189,True
SUP004190,Supplier 004190,CZ,Brno,14,CZ100004190,True
SUP004191,Supplier 004191,SK,Bratislava,14,SK100004191,True
SUP004192,Supplier 004192,CZ,Ostrava,14,CZ100004192,True
SUP004193,Supplier 004193,CZ,Brno,45,CZ100004193,True
SUP004194,Supplier 004194,PL,Warsaw,14,PL100004194,True
SUP004195,Supplier 004195,AT,Vienna,30,AT100004195,True
SUP004196,Supplier 004196,PL,Warsaw,60,PL100004196,True
SUP004197,Supplier 004197,CZ,Brno,60,CZ100004197,True
SUP004198,Supplier 004198,CZ,Prague,30,CZ100004198,True
SUP004199,Supplier 004199,CZ,Prague,60,CZ100004199,True
SUP004200,Supplier 004200,DE,Berlin,30,DE100004200,True
SUP004201,Supplier 004201,CZ,Prague,60,CZ100004201,True
SUP004202,Supplier 004202,CZ,Ostrava,30,CZ100004202,True
SUP004203,Supplier 004203,CZ,Ostrava,14,CZ100004203,True
SUP004204,Supplier 004204,DE,Berlin,30,DE100004204,True
SUP004205,Supplier 004205,DE,Berlin,14,DE100004205,True
SUP004206,Supplier 004206,AT,Vienna,60,AT100004206,True
SUP004207,Supplier 004207,AT,Vienna,30,AT100004207,True
SUP004208,Supplier 004208,DE,Berlin,14,DE100004208,True
SUP004209,Supplier 004209,DE,Berlin,30,DE100004209,True
SUP004210,Supplier 004210,CZ,Brno,45,CZ100004210,True
SUP004211,Supplier 004211,DE,Munich,60,DE100004211,True
SUP004212,Supplier 004212,DE,Munich,45,DE100004212,True
SUP004213,Supplier 004213,SK,Bratislava,14,SK100004213,True
SUP004214,Supplier 004214,AT,Vienna,30,AT100004214,True
SUP004215,Supplier 004215,DE,Munich,14,DE100004215,True
SUP004216,Supplier 004216,PL,Warsaw,60,PL100004216,True
SUP004217,Supplier 004217,CZ,Prague,45,CZ100004217,True
SUP004218,Supplier 004218,CZ,Prague,60,CZ100004218,True
SUP004219,Supplier 004219,DE,Berlin,45,DE100004219,True
SUP004220,Supplier 004220,DE,Berlin,14,DE100004220,True
SUP004221,Supplier 004221,CZ,Prague,45,CZ100004221,True
SUP004222,Supplier 004222,CZ,Ostrava,60,CZ100004222,True
SUP004223,Supplier 004223,DE,Berlin,14,DE100004223,True
SUP004224,Supplier 004224,CZ,Brno,60,CZ100004224,True
SUP004225,Supplier 004225,PL,Warsaw,30,PL100004225,True
SUP004226,Supplier 004226,CZ,Brno,30,CZ100004226,True
SUP004227,Supplier 004227,AT,Vienna,14,AT100004227,True
SUP004228,Supplier 004228,PL,Warsaw,14,PL100004228,True
SUP004229,Supplier 004229,CZ,Ostrava,45,CZ100004229,True
SUP004230,Supplier 004230,SK,Bratislava,60,SK100004230,True
SUP004231,Supplier 004231,AT,Vienna,45,AT100004231,True
SUP004232,Supplier 004232,DE,Munich,45,DE100004232,True
SUP004233,Supplier 004233,AT,Vienna,30,AT100004233,True
SUP004234,Supplier 004234,DE,Munich,14,DE100004234,True
SUP004235,Supplier 004235,PL,Warsaw,60,PL100004235,True
SUP004236,Supplier 004236,CZ,Ostrava,30,CZ100004236,True
SUP004237,Supplier 004237,DE,Berlin,60,DE100004237,True
SUP004238,Supplier 004238,CZ,Prague,45,CZ100004238,True
SUP004239,Supplier 004239,SK,Bratislava,14,SK100004239,True
SUP004240,Supplier 004240,SK,Bratislava,45,SK100004240,True
SUP004241,Supplier 004241,CZ,Prague,30,CZ100004241,True
SUP004242,Supplier 004242,AT,Vienna,60,AT100004242,True
SUP004243,Supplier 004243,DE,Berlin,14,DE100004243,True
SUP004244,Supplier 004244,CZ,Ostrava,30,CZ100004244,True
SUP004245,Supplier 004245,PL,Warsaw,45,PL100004245,True
SUP004246,Supplier 004246,CZ,Brno,60,CZ100004246,True
SUP004247,Supplier 004247,PL,Warsaw,60,PL100004247,True
SUP004248,Supplier 004248,CZ,Ostrava,45,CZ100004248,True
SUP004249,Supplier 004249,AT,Vienna,60,AT100004249,True
SUP004250,Supplier 004250,CZ,Ostrava,14,CZ100004250,True
SUP004251,Supplier 004251,CZ,Brno,14,CZ100004251,True
SUP004252,Supplier 004252,CZ,Ostrava,30,CZ100004252,True
SUP004253,Supplier 004253,DE,Berlin,14,DE100004253,True
SUP004254,Supplier 004254,SK,Bratislava,14,SK100004254,True
SUP004255,Supplier 004255,DE,Berlin,60,DE100004255,True
SUP004256,Supplier 004256,CZ,Prague,60,CZ100004256,True
SUP004257,Supplier 004257,PL,Warsaw,45,PL100004257,True
SUP004258,Supplier 004258,DE,Munich,60,DE100004258,True
SUP004259,Supplier 004259,CZ,Brno,60,CZ100004259,True
SUP004260,Supplier 004260,SK,Bratislava,30,SK100004260,True
SUP004261,Supplier 004261,CZ,Ostrava,30,CZ100004261,True
SUP004262,Supplier 004262,DE,Munich,14,DE100004262,True
SUP004263,Supplier 004263,DE,Munich,30,DE100004263,True
SUP004264,Supplier 004264,AT,Vienna,30,AT100004264,True
SUP004265,Supplier 004265,PL,Warsaw,14,PL100004265,True
SUP004266,Supplier 004266,CZ,Ostrava,30,CZ100004266,True
SUP004267,Supplier 004267,CZ,Ostrava,30,CZ100004267,True
SUP004268,Supplier 004268,CZ,Brno,30,CZ100004268,True
SUP004269,Supplier 004269,AT,Vienna,14,AT100004269,True
SUP004270,Supplier 004270,DE,Munich,30,DE100004270,True
SUP004271,Supplier 004271,CZ,Ostrava,60,CZ100004271,True
SUP004272,Supplier 004272,CZ,Prague,30,CZ100004272,True
SUP004273,Supplier 004273,CZ,Brno,14,CZ100004273,True
SUP004274,Supplier 004274,AT,Vienna,60,AT100004274,True
SUP004275,Supplier 004275,DE,Munich,30,DE100004275,True
SUP004276,Supplier 004276,SK,Bratislava,45,SK100004276,True
SUP004277,Supplier 004277,AT,Vienna,60,AT100004277,True
SUP004278,Supplier 004278,CZ,Prague,60,CZ100004278,True
SUP004279,Supplier 004279,CZ,Prague,45,CZ100004279,True
SUP004280,Supplier 004280,CZ,Brno,45,CZ100004280,True
SUP004281,Supplier 004281,DE,Berlin,45,DE100004281,True
SUP004282,Supplier 004282,DE,Berlin,60,DE100004282,True
SUP004283,Supplier 004283,SK,Bratislava,45,SK100004283,True
SUP004284,Supplier 004284,CZ,Prague,30,CZ100004284,True
SUP004285,Supplier 004285,CZ,Prague,14,CZ100004285,True
SUP004286,Supplier 004286,CZ,Prague,45,CZ100004286,True
SUP004287,Supplier 004287,SK,Bratislava,45,SK100004287,True
SUP004288,Supplier 004288,PL,Warsaw,45,PL100004288,True
SUP004289,Supplier 004289,CZ,Brno,60,CZ100004289,True
SUP004290,Supplier 004290,CZ,Ostrava,45,CZ100004290,True
SUP004291,Supplier 004291,PL,Warsaw,45,PL100004291,True
SUP004292,Supplier 004292,DE,Berlin,45,DE100004292,True
SUP004293,Supplier 004293,CZ,Brno,14,CZ100004293,True
SUP004294,Supplier 004294,CZ,Prague,30,CZ100004294,True
SUP004295,Supplier 004295,DE,Berlin,45,DE100004295,True
SUP004296,Supplier 004296,DE,Berlin,45,DE100004296,True
SUP004297,Supplier 004297,SK,Bratislava,45,SK100004297,True
SUP004298,Supplier 004298,SK,Bratislava,60,SK100004298,True
SUP004299,Supplier 004299,CZ,Brno,14,CZ100004299,True
SUP004300,Supplier 004300,CZ,Ostrava,14,CZ100004300,True
SUP004301,Supplier 004301,CZ,Prague,30,CZ100004301,True
SUP004302,Supplier 004302,SK,Bratislava,60,SK100004302,True
SUP004303,Supplier 004303,CZ,Brno,14,CZ100004303,True
SUP004304,Supplier 004304,DE,Berlin,45,DE100004304,True
SUP004305,Supplier 004305,PL,Warsaw,30,PL100004305,True
SUP004306,Supplier 004306,CZ,Ostrava,14,CZ100004306,True
SUP004307,Supplier 004307,CZ,Ostrava,30,CZ100004307,True
SUP004308,Supplier 004308,AT,Vienna,45,AT100004308,True
SUP004309,Supplier 004309,DE,Berlin,45,DE100004309,True
SUP004310,Supplier 004310,PL,Warsaw,14,PL100004310,True
SUP004311,Supplier 004311,AT,Vienna,14,AT100004311,True
SUP004312,Supplier 004312,PL,Warsaw,60,PL100004312,True
SUP004313,Supplier 004313,CZ,Prague,30,CZ100004313,True
SUP004314,Supplier 004314,DE,Munich,30,DE100004314,True
SUP004315,Supplier 004315,DE,Munich,14,DE100004315,True
SUP004316,Supplier 004316,CZ,Prague,30,CZ100004316,True
SUP004317,Supplier 004317,AT,Vienna,60,AT100004317,True
SUP004318,Supplier 004318,CZ,Brno,30,CZ100004318,True
SUP004319,Supplier 004319,PL,Warsaw,60,PL100004319,True
SUP004320,Supplier 004320,AT,Vienna,60,AT100004320,True
SUP004321,Supplier 004321,DE,Munich,30,DE100004321,True
SUP004322,Supplier 004322,CZ,Ostrava,14,CZ100004322,True
SUP004323,Supplier 004323,CZ,Ostrava,30,CZ100004323,True
SUP004324,Supplier 004324,CZ,Prague,60,CZ100004324,True
SUP004325,Supplier 004325,DE,Munich,45,DE100004325,True
SUP004326,Supplier 004326,SK,Bratislava,45,SK100004326,True
SUP004327,Supplier 004327,DE,Munich,14,DE100004327,True
SUP004328,Supplier 004328,CZ,Ostrava,30,CZ100004328,True
SUP004329,Supplier 004329,CZ,Prague,30,CZ100004329,True
SUP004330,Supplier 004330,DE,Munich,14,DE100004330,True
SUP004331,Supplier 004331,CZ,Ostrava,45,CZ100004331,True
SUP004332,Supplier 004332,CZ,Ostrava,45,CZ100004332,True
SUP004333,Supplier 004333,CZ,Prague,30,CZ100004333,True
SUP004334,Supplier 004334,SK,Bratislava,14,SK100004334,True
SUP004335,Supplier 004335,CZ,Prague,45,CZ100004335,True
SUP004336,Supplier 004336,DE,Berlin,45,DE100004336,True
SUP004337,Supplier 004337,CZ,Brno,45,CZ100004337,True
SUP004338,Supplier 004338,CZ,Ostrava,60,CZ100004338,True
SUP004339,Supplier 004339,DE,Munich,45,DE100004339,True
SUP004340,Supplier 004340,CZ,Prague,14,CZ100004340,True
SUP004341,Supplier 004341,DE,Berlin,30,DE100004341,True
SUP004342,Supplier 004342,DE,Munich,30,DE100004342,True
SUP004343,Supplier 004343,DE,Munich,14,DE100004343,True
SUP004344,Supplier 004344,CZ,Brno,60,CZ100004344,True
SUP004345,Supplier 004345,DE,Munich,30,DE100004345,True
SUP004346,Supplier 004346,PL,Warsaw,30,PL100004346,True
SUP004347,Supplier 004347,DE,Berlin,45,DE100004347,True
SUP004348,Supplier 004348,SK,Bratislava,60,SK100004348,True
SUP004349,Supplier 004349,CZ,Ostrava,60,CZ100004349,True
SUP004350,Supplier 004350,SK,Bratislava,60,SK100004350,True
SUP004351,Supplier 004351,DE,Berlin,30,DE100004351,True
SUP004352,Supplier 004352,PL,Warsaw,14,PL100004352,True
SUP004353,Supplier 004353,PL,Warsaw,30,PL100004353,True
SUP004354,Supplier 004354,PL,Warsaw,30,PL100004354,True
SUP004355,Supplier 004355,CZ,Ostrava,30,CZ100004355,True
SUP004356,Supplier 004356,PL,Warsaw,30,PL100004356,True
SUP004357,Supplier 004357,DE,Munich,14,DE100004357,True
SUP004358,Supplier 004358,DE,Munich,30,DE100004358,True
SUP004359,Supplier 004359,CZ,Ostrava,60,CZ100004359,True
SUP004360,Supplier 004360,SK,Bratislava,14,SK100004360,True
SUP004361,Supplier 004361,CZ,Ostrava,14,CZ100004361,True
SUP004362,Supplier 004362,AT,Vienna,30,AT100004362,True
SUP004363,Supplier 004363,PL,Warsaw,60,PL100004363,True
SUP004364,Supplier 004364,CZ,Brno,30,CZ100004364,True
SUP004365,Supplier 004365,CZ,Prague,14,CZ100004365,True
SUP004366,Supplier 004366,AT,Vienna,60,AT100004366,True
SUP004367,Supplier 004367,CZ,Prague,14,CZ100004367,True
SUP004368,Supplier 004368,CZ,Prague,14,CZ100004368,True
SUP004369,Supplier 004369,CZ,Ostrava,30,CZ100004369,True
SUP004370,Supplier 004370,CZ,Brno,45,CZ100004370,True
SUP004371,Supplier 004371,CZ,Ostrava,14,CZ100004371,True
SUP004372,Supplier 004372,CZ,Prague,14,CZ100004372,True
SUP004373,Supplier 004373,DE,Berlin,14,DE100004373,True
SUP004374,Supplier 004374,SK,Bratislava,30,SK100004374,True
SUP004375,Supplier 004375,PL,Warsaw,60,PL100004375,True
SUP004376,Supplier 004376,CZ,Ostrava,45,CZ100004376,True
SUP004377,Supplier 004377,DE,Berlin,60,DE100004377,True
SUP004378,Supplier 004378,CZ,Ostrava,30,CZ100004378,True
SUP004379,Supplier 004379,CZ,Prague,45,CZ100004379,True
SUP004380,Supplier 004380,CZ,Brno,14,CZ100004380,True
SUP004381,Supplier 004381,CZ,Prague,14,CZ100004381,True
SUP004382,Supplier 004382,DE,Munich,14,DE100004382,True
SUP004383,Supplier 004383,AT,Vienna,30,AT100004383,True
SUP004384,Supplier 004384,CZ,Prague,30,CZ100004384,True
SUP004385,Supplier 004385,CZ,Prague,30,CZ100004385,True
SUP004386,Supplier 004386,AT,Vienna,60,AT100004386,True
SUP004387,Supplier 004387,CZ,Ostrava,45,CZ100004387,True
SUP004388,Supplier 004388,DE,Munich,30,DE100004388,True
SUP004389,Supplier 004389,AT,Vienna,14,AT100004389,True
SUP004390,Supplier 004390,PL,Warsaw,30,PL100004390,True
SUP004391,Supplier 004391,CZ,Brno,30,CZ100004391,True
SUP004392,Supplier 004392,CZ,Brno,45,CZ100004392,True
SUP004393,Supplier 004393,DE,Berlin,14,DE100004393,True
SUP004394,Supplier 004394,DE,Berlin,14,DE100004394,True
SUP004395,Supplier 004395,DE,Berlin,14,DE100004395,True
SUP004396,Supplier 004396,CZ,Prague,30,CZ100004396,True
SUP004397,Supplier 004397,CZ,Ostrava,60,CZ100004397,True
SUP004398,Supplier 004398,DE,Berlin,30,DE100004398,True
SUP004399,Supplier 004399,AT,Vienna,30,AT100004399,True
SUP004400,Supplier 004400,DE,Munich,45,DE100004400,True
SUP004401,Supplier 004401,DE,Berlin,14,DE100004401,True
SUP004402,Supplier 004402,DE,Munich,60,DE100004402,True
SUP004403,Supplier 004403,DE,Berlin,45,DE100004403,True
SUP004404,Supplier 004404,CZ,Brno,14,CZ100004404,True
SUP004405,Supplier 004405,CZ,Ostrava,30,CZ100004405,True
SUP004406,Supplier 004406,DE,Berlin,30,DE100004406,True
SUP004407,Supplier 004407,AT,Vienna,60,AT100004407,True
SUP004408,Supplier 004408,PL,Warsaw,14,PL100004408,True
SUP004409,Supplier 004409,CZ,Brno,60,CZ100004409,True
SUP004410,Supplier 004410,DE,Munich,30,DE100004410,True
SUP004411,Supplier 004411,CZ,Brno,45,CZ100004411,True
SUP004412,Supplier 004412,CZ,Ostrava,30,CZ100004412,True
SUP004413,Supplier 004413,AT,Vienna,45,AT100004413,True
SUP004414,Supplier 004414,DE,Berlin,60,DE100004414,True
SUP004415,Supplier 004415,AT,Vienna,60,AT100004415,True
SUP004416,Supplier 004416,AT,Vienna,45,AT100004416,True
SUP004417,Supplier 004417,CZ,Ostrava,30,CZ100004417,True
SUP004418,Supplier 004418,AT,Vienna,60,AT100004418,True
SUP004419,Supplier 004419,PL,Warsaw,60,PL100004419,True
SUP004420,Supplier 004420,SK,Bratislava,60,SK100004420,True
SUP004421,Supplier 004421,CZ,Brno,60,CZ100004421,True
SUP004422,Supplier 004422,SK,Bratislava,14,SK100004422,True
SUP004423,Supplier 004423,SK,Bratislava,45,SK100004423,True
SUP004424,Supplier 004424,CZ,Prague,30,CZ100004424,True
SUP004425,Supplier 004425,CZ,Prague,45,CZ100004425,True
SUP004426,Supplier 004426,PL,Warsaw,30,PL100004426,True
SUP004427,Supplier 004427,CZ,Brno,14,CZ100004427,True
SUP004428,Supplier 004428,DE,Berlin,45,DE100004428,True
SUP004429,Supplier 004429,CZ,Ostrava,45,CZ100004429,True
SUP004430,Supplier 004430,PL,Warsaw,30,PL100004430,True
SUP004431,Supplier 004431,AT,Vienna,30,AT100004431,True
SUP004432,Supplier 004432,SK,Bratislava,30,SK100004432,True
SUP004433,Supplier 004433,CZ,Prague,30,CZ100004433,True
SUP004434,Supplier 004434,CZ,Brno,30,CZ100004434,True
SUP004435,Supplier 004435,AT,Vienna,14,AT100004435,True
SUP004436,Supplier 004436,AT,Vienna,45,AT100004436,True
SUP004437,Supplier 004437,CZ,Prague,14,CZ100004437,True
SUP004438,Supplier 004438,CZ,Brno,60,CZ100004438,True
SUP004439,Supplier 004439,CZ,Ostrava,14,CZ100004439,True
SUP004440,Supplier 004440,CZ,Ostrava,45,CZ100004440,True
SUP004441,Supplier 004441,CZ,Ostrava,14,CZ100004441,True
SUP004442,Supplier 004442,SK,Bratislava,14,SK100004442,True
SUP004443,Supplier 004443,CZ,Prague,60,CZ100004443,True
SUP004444,Supplier 004444,CZ,Ostrava,30,CZ100004444,True
SUP004445,Supplier 004445,PL,Warsaw,30,PL100004445,True
SUP004446,Supplier 004446,DE,Munich,60,DE100004446,True
SUP004447,Supplier 004447,AT,Vienna,45,AT100004447,True
SUP004448,Supplier 004448,PL,Warsaw,14,PL100004448,True
SUP004449,Supplier 004449,DE,Munich,14,DE100004449,True
SUP004450,Supplier 004450,CZ,Ostrava,14,CZ100004450,True
SUP004451,Supplier 004451,CZ,Prague,30,CZ100004451,True
SUP004452,Supplier 004452,CZ,Ostrava,14,CZ100004452,True
SUP004453,Supplier 004453,AT,Vienna,60,AT100004453,True
SUP004454,Supplier 004454,PL,Warsaw,45,PL100004454,True
SUP004455,Supplier 004455,DE,Munich,30,DE100004455,True
SUP004456,Supplier 004456,AT,Vienna,30,AT100004456,True
SUP004457,Supplier 004457,DE,Munich,14,DE100004457,True
SUP004458,Supplier 004458,AT,Vienna,30,AT100004458,True
SUP004459,Supplier 004459,SK,Bratislava,60,SK100004459,True
SUP004460,Supplier 004460,CZ,Prague,30,CZ100004460,True
SUP004461,Supplier 004461,AT,Vienna,30,AT100004461,True
SUP004462,Supplier 004462,CZ,Brno,60,CZ100004462,True
SUP004463,Supplier 004463,PL,Warsaw,45,PL100004463,True
SUP004464,Supplier 004464,AT,Vienna,60,AT100004464,True
SUP004465,Supplier 004465,CZ,Ostrava,14,CZ100004465,True
SUP004466,Supplier 004466,DE,Berlin,60,DE100004466,True
SUP004467,Supplier 004467,SK,Bratislava,45,SK100004467,True
SUP004468,Supplier 004468,CZ,Brno,14,CZ100004468,True
SUP004469,Supplier 004469,CZ,Brno,45,CZ100004469,True
SUP004470,Supplier 004470,DE,Berlin,14,DE100004470,True
SUP004471,Supplier 004471,SK,Bratislava,45,SK100004471,True
SUP004472,Supplier 004472,CZ,Ostrava,14,CZ100004472,True
SUP004473,Supplier 004473,CZ,Brno,30,CZ100004473,True
SUP004474,Supplier 004474,CZ,Prague,45,CZ100004474,True
SUP004475,Supplier 004475,SK,Bratislava,30,SK100004475,True
SUP004476,Supplier 004476,CZ,Prague,30,CZ100004476,True
SUP004477,Supplier 004477,DE,Munich,14,DE100004477,True
SUP004478,Supplier 004478,CZ,Prague,60,CZ100004478,True
SUP004479,Supplier 004479,CZ,Prague,14,CZ100004479,True
SUP004480,Supplier 004480,DE,Berlin,14,DE100004480,True
SUP004481,Supplier 004481,DE,Munich,14,DE100004481,True
SUP004482,Supplier 004482,DE,Berlin,45,DE100004482,True
SUP004483,Supplier 004483,AT,Vienna,30,AT100004483,True
SUP004484,Supplier 004484,DE,Berlin,60,DE100004484,True
SUP004485,Supplier 004485,DE,Berlin,30,DE100004485,True
SUP004486,Supplier 004486,CZ,Brno,45,CZ100004486,True
SUP004487,Supplier 004487,AT,Vienna,14,AT100004487,True
SUP004488,Supplier 004488,CZ,Ostrava,14,CZ100004488,True
SUP004489,Supplier 004489,AT,Vienna,60,AT100004489,True
SUP004490,Supplier 004490,CZ,Prague,45,CZ100004490,True
SUP004491,Supplier 004491,CZ,Ostrava,30,CZ100004491,True
SUP004492,Supplier 004492,PL,Warsaw,14,PL100004492,True
SUP004493,Supplier 004493,CZ,Brno,30,CZ100004493,True
SUP004494,Supplier 004494,SK,Bratislava,30,SK100004494,True
SUP004495,Supplier 004495,CZ,Ostrava,45,CZ100004495,True
SUP004496,Supplier 004496,PL,Warsaw,30,PL100004496,True
SUP004497,Supplier 004497,DE,Berlin,45,DE100004497,True
SUP004498,Supplier 004498,DE,Berlin,60,DE100004498,True
SUP004499,Supplier 004499,CZ,Prague,60,CZ100004499,True
SUP004500,Supplier 004500,SK,Bratislava,30,SK100004500,True
SUP004501,Supplier 004501,CZ,Brno,30,CZ100004501,True
SUP004502,Supplier 004502,PL,Warsaw,14,PL100004502,True
SUP004503,Supplier 004503,CZ,Prague,30,CZ100004503,True
SUP004504,Supplier 004504,DE,Munich,14,DE100004504,True
SUP004505,Supplier 004505,PL,Warsaw,14,PL100004505,True
SUP004506,Supplier 004506,PL,Warsaw,45,PL100004506,True
SUP004507,Supplier 004507,CZ,Ostrava,45,CZ100004507,True
SUP004508,Supplier 004508,CZ,Ostrava,14,CZ100004508,True
SUP004509,Supplier 004509,DE,Munich,45,DE100004509,True
SUP004510,Supplier 004510,DE,Berlin,14,DE100004510,True
SUP004511,Supplier 004511,CZ,Brno,30,CZ100004511,True
SUP004512,Supplier 004512,PL,Warsaw,45,PL100004512,True
SUP004513,Supplier 004513,PL,Warsaw,45,PL100004513,True
SUP004514,Supplier 004514,PL,Warsaw,30,PL100004514,True
SUP004515,Supplier 004515,CZ,Brno,60,CZ100004515,True
SUP004516,Supplier 004516,CZ,Prague,45,CZ100004516,True
SUP004517,Supplier 004517,DE,Munich,60,DE100004517,True
SUP004518,Supplier 004518,AT,Vienna,30,AT100004518,True
SUP004519,Supplier 004519,PL,Warsaw,45,PL100004519,True
SUP004520,Supplier 004520,DE,Berlin,45,DE100004520,True
SUP004521,Supplier 004521,CZ,Brno,60,CZ100004521,True
SUP004522,Supplier 004522,PL,Warsaw,45,PL100004522,True
SUP004523,Supplier 004523,CZ,Prague,14,CZ100004523,True
SUP004524,Supplier 004524,SK,Bratislava,14,SK100004524,True
SUP004525,Supplier 004525,CZ,Ostrava,14,CZ100004525,True
SUP004526,Supplier 004526,DE,Munich,60,DE100004526,True
SUP004527,Supplier 004527,CZ,Ostrava,60,CZ100004527,True
SUP004528,Supplier 004528,CZ,Brno,30,CZ100004528,True
SUP004529,Supplier 004529,AT,Vienna,60,AT100004529,True
SUP004530,Supplier 004530,CZ,Brno,45,CZ100004530,True
SUP004531,Supplier 004531,PL,Warsaw,60,PL100004531,True
SUP004532,Supplier 004532,PL,Warsaw,14,PL100004532,True
SUP004533,Supplier 004533,CZ,Brno,30,CZ100004533,True
SUP004534,Supplier 004534,CZ,Brno,60,CZ100004534,True
SUP004535,Supplier 004535,AT,Vienna,30,AT100004535,True
SUP004536,Supplier 004536,AT,Vienna,45,AT100004536,True
SUP004537,Supplier 004537,CZ,Brno,45,CZ100004537,True
SUP004538,Supplier 004538,DE,Berlin,60,DE100004538,True
SUP004539,Supplier 004539,SK,Bratislava,60,SK100004539,True
SUP004540,Supplier 004540,CZ,Brno,45,CZ100004540,True
SUP004541,Supplier 004541,PL,Warsaw,14,PL100004541,True
SUP004542,Supplier 004542,CZ,Ostrava,60,CZ100004542,True
SUP004543,Supplier 004543,CZ,Ostrava,30,CZ100004543,True
SUP004544,Supplier 004544,DE,Berlin,14,DE100004544,True
SUP004545,Supplier 004545,AT,Vienna,14,AT100004545,True
SUP004546,Supplier 004546,DE,Berlin,60,DE100004546,True
SUP004547,Supplier 004547,PL,Warsaw,30,PL100004547,True
SUP004548,Supplier 004548,CZ,Prague,30,CZ100004548,True
SUP004549,Supplier 004549,CZ,Prague,60,CZ100004549,True
SUP004550,Supplier 004550,DE,Munich,45,DE100004550,True
SUP004551,Supplier 004551,CZ,Ostrava,14,CZ100004551,True
SUP004552,Supplier 004552,CZ,Ostrava,14,CZ100004552,True
SUP004553,Supplier 004553,DE,Munich,60,DE100004553,True
SUP004554,Supplier 004554,CZ,Brno,45,CZ100004554,True
SUP004555,Supplier 004555,PL,Warsaw,60,PL100004555,True
SUP004556,Supplier 004556,SK,Bratislava,45,SK100004556,True
SUP004557,Supplier 004557,CZ,Ostrava,14,CZ100004557,True
SUP004558,Supplier 004558,CZ,Brno,60,CZ100004558,True
SUP004559,Supplier 004559,DE,Berlin,45,DE100004559,True
SUP004560,Supplier 004560,CZ,Ostrava,30,CZ100004560,True
SUP004561,Supplier 004561,DE,Berlin,60,DE100004561,True
SUP004562,Supplier 004562,PL,Warsaw,60,PL100004562,True
SUP004563,Supplier 004563,CZ,Ostrava,60,CZ100004563,True
SUP004564,Supplier 004564,DE,Berlin,60,DE100004564,True
SUP004565,Supplier 004565,CZ,Prague,30,CZ100004565,True
SUP004566,Supplier 004566,CZ,Brno,30,CZ100004566,True
SUP004567,Supplier 004567,DE,Berlin,45,DE100004567,True
SUP004568,Supplier 004568,CZ,Prague,30,CZ100004568,True
SUP004569,Supplier 004569,PL,Warsaw,30,PL100004569,True
SUP004570,Supplier 004570,PL,Warsaw,45,PL100004570,True
SUP004571,Supplier 004571,CZ,Brno,60,CZ100004571,True
SUP004572,Supplier 004572,DE,Munich,14,DE100004572,True
SUP004573,Supplier 004573,PL,Warsaw,30,PL100004573,True
SUP004574,Supplier 004574,PL,Warsaw,14,PL100004574,True
SUP004575,Supplier 004575,CZ,Prague,30,CZ100004575,True
SUP004576,Supplier 004576,SK,Bratislava,60,SK100004576,True
SUP004577,Supplier 004577,CZ,Ostrava,60,CZ100004577,True
SUP004578,Supplier 004578,SK,Bratislava,45,SK100004578,True
SUP004579,Supplier 004579,SK,Bratislava,30,SK100004579,True
SUP004580,Supplier 004580,CZ,Prague,45,CZ100004580,True
SUP004581,Supplier 004581,DE,Berlin,14,DE100004581,True
SUP004582,Supplier 004582,DE,Munich,45,DE100004582,True
SUP004583,Supplier 004583,CZ,Brno,60,CZ100004583,True
SUP004584,Supplier 004584,PL,Warsaw,60,PL100004584,True
SUP004585,Supplier 004585,AT,Vienna,45,AT100004585,True
SUP004586,Supplier 004586,DE,Berlin,60,DE100004586,True
SUP004587,Supplier 004587,DE,Berlin,14,DE100004587,True
SUP004588,Supplier 004588,CZ,Ostrava,60,CZ100004588,True
SUP004589,Supplier 004589,AT,Vienna,45,AT100004589,True
SUP004590,Supplier 004590,CZ,Ostrava,30,CZ100004590,True
SUP004591,Supplier 004591,AT,Vienna,60,AT100004591,True
SUP004592,Supplier 004592,DE,Munich,60,DE100004592,True
SUP004593,Supplier 004593,DE,Munich,14,DE100004593,True
SUP004594,Supplier 004594,CZ,Brno,14,CZ100004594,True
SUP004595,Supplier 004595,CZ,Brno,14,CZ100004595,True
SUP004596,Supplier 004596,AT,Vienna,14,AT100004596,True
SUP004597,Supplier 004597,PL,Warsaw,14,PL100004597,True
SUP004598,Supplier 004598,PL,Warsaw,14,PL100004598,True
SUP004599,Supplier 004599,DE,Munich,60,DE100004599,True
SUP004600,Supplier 004600,SK,Bratislava,30,SK100004600,True
SUP004601,Supplier 004601,PL,Warsaw,60,PL100004601,True
SUP004602,Supplier 004602,CZ,Brno,30,CZ100004602,True
SUP004603,Supplier 004603,PL,Warsaw,14,PL100004603,True
SUP004604,Supplier 004604,DE,Berlin,60,DE100004604,True
SUP004605,Supplier 004605,AT,Vienna,60,AT100004605,True
SUP004606,Supplier 004606,CZ,Prague,45,CZ100004606,True
SUP004607,Supplier 004607,SK,Bratislava,45,SK100004607,True
SUP004608,Supplier 004608,DE,Munich,45,DE100004608,True
SUP004609,Supplier 004609,DE,Munich,60,DE100004609,True
SUP004610,Supplier 004610,SK,Bratislava,14,SK100004610,True
SUP004611,Supplier 004611,AT,Vienna,14,AT100004611,True
SUP004612,Supplier 004612,CZ,Prague,14,CZ100004612,True
SUP004613,Supplier 004613,CZ,Ostrava,45,CZ100004613,True
SUP004614,Supplier 004614,DE,Berlin,45,DE100004614,True
SUP004615,Supplier 004615,CZ,Ostrava,60,CZ100004615,True
SUP004616,Supplier 004616,SK,Bratislava,60,SK100004616,True
SUP004617,Supplier 004617,SK,Bratislava,60,SK100004617,True
SUP004618,Supplier 004618,CZ,Prague,60,CZ100004618,True
SUP004619,Supplier 004619,CZ,Ostrava,60,CZ100004619,True
SUP004620,Supplier 004620,CZ,Ostrava,60,CZ100004620,True
SUP004621,Supplier 004621,DE,Berlin,30,DE100004621,True
SUP004622,Supplier 004622,AT,Vienna,30,AT100004622,True
SUP004623,Supplier 004623,CZ,Brno,30,CZ100004623,True
SUP004624,Supplier 004624,CZ,Brno,60,CZ100004624,True
SUP004625,Supplier 004625,DE,Munich,30,DE100004625,True
SUP004626,Supplier 004626,DE,Berlin,30,DE100004626,True
SUP004627,Supplier 004627,CZ,Brno,14,CZ100004627,True
SUP004628,Supplier 004628,CZ,Prague,60,CZ100004628,True
SUP004629,Supplier 004629,CZ,Prague,30,CZ100004629,True
SUP004630,Supplier 004630,CZ,Prague,14,CZ100004630,True
SUP004631,Supplier 004631,AT,Vienna,14,AT100004631,True
SUP004632,Supplier 004632,CZ,Ostrava,60,CZ100004632,True
SUP004633,Supplier 004633,DE,Berlin,30,DE100004633,True
SUP004634,Supplier 004634,SK,Bratislava,30,SK100004634,True
SUP004635,Supplier 004635,DE,Munich,30,DE100004635,True
SUP004636,Supplier 004636,SK,Bratislava,60,SK100004636,True
SUP004637,Supplier 004637,DE,Munich,14,DE100004637,True
SUP004638,Supplier 004638,DE,Munich,14,DE100004638,True
SUP004639,Supplier 004639,CZ,Ostrava,14,CZ100004639,True
SUP004640,Supplier 004640,CZ,Brno,14,CZ100004640,True
SUP004641,Supplier 004641,PL,Warsaw,14,PL100004641,True
SUP004642,Supplier 004642,CZ,Brno,30,CZ100004642,True
SUP004643,Supplier 004643,DE,Munich,45,DE100004643,True
SUP004644,Supplier 004644,CZ,Ostrava,14,CZ100004644,True
SUP004645,Supplier 004645,CZ,Brno,60,CZ100004645,True
SUP004646,Supplier 004646,DE,Berlin,30,DE100004646,True
SUP004647,Supplier 004647,AT,Vienna,14,AT100004647,True
SUP004648,Supplier 004648,PL,Warsaw,14,PL100004648,True
SUP004649,Supplier 004649,AT,Vienna,14,AT100004649,True
SUP004650,Supplier 004650,PL,Warsaw,14,PL100004650,True
SUP004651,Supplier 004651,SK,Bratislava,60,SK100004651,True
SUP004652,Supplier 004652,AT,Vienna,45,AT100004652,True
SUP004653,Supplier 004653,PL,Warsaw,30,PL100004653,True
SUP004654,Supplier 004654,CZ,Ostrava,45,CZ100004654,True
SUP004655,Supplier 004655,CZ,Prague,30,CZ100004655,True
SUP004656,Supplier 004656,CZ,Prague,14,CZ100004656,True
SUP004657,Supplier 004657,DE,Berlin,45,DE100004657,True
SUP004658,Supplier 004658,PL,Warsaw,14,PL100004658,True
SUP004659,Supplier 004659,CZ,Ostrava,45,CZ100004659,True
SUP004660,Supplier 004660,CZ,Brno,30,CZ100004660,True
SUP004661,Supplier 004661,CZ,Prague,14,CZ100004661,True
SUP004662,Supplier 004662,CZ,Ostrava,30,CZ100004662,True
SUP004663,Supplier 004663,DE,Berlin,14,DE100004663,True
SUP004664,Supplier 004664,SK,Bratislava,14,SK100004664,True
SUP004665,Supplier 004665,DE,Berlin,30,DE100004665,True
SUP004666,Supplier 004666,SK,Bratislava,14,SK100004666,True
SUP004667,Supplier 004667,CZ,Ostrava,45,CZ100004667,True
SUP004668,Supplier 004668,DE,Munich,60,DE100004668,True
SUP004669,Supplier 004669,SK,Bratislava,14,SK100004669,True
SUP004670,Supplier 004670,DE,Berlin,45,DE100004670,True
SUP004671,Supplier 004671,PL,Warsaw,60,PL100004671,True
SUP004672,Supplier 004672,AT,Vienna,60,AT100004672,True
SUP004673,Supplier 004673,SK,Bratislava,45,SK100004673,True
SUP004674,Supplier 004674,CZ,Ostrava,30,CZ100004674,True
SUP004675,Supplier 004675,DE,Munich,60,DE100004675,True
SUP004676,Supplier 004676,CZ,Brno,45,CZ100004676,True
SUP004677,Supplier 004677,CZ,Ostrava,30,CZ100004677,True
SUP004678,Supplier 004678,PL,Warsaw,60,PL100004678,True
SUP004679,Supplier 004679,PL,Warsaw,60,PL100004679,True
SUP004680,Supplier 004680,DE,Munich,45,DE100004680,True
SUP004681,Supplier 004681,CZ,Brno,60,CZ100004681,True
SUP004682,Supplier 004682,AT,Vienna,30,AT100004682,True
SUP004683,Supplier 004683,DE,Berlin,45,DE100004683,True
SUP004684,Supplier 004684,CZ,Brno,60,CZ100004684,True
SUP004685,Supplier 004685,CZ,Ostrava,14,CZ100004685,True
SUP004686,Supplier 004686,DE,Munich,60,DE100004686,True
SUP004687,Supplier 004687,DE,Munich,45,DE100004687,True
SUP004688,Supplier 004688,AT,Vienna,14,AT100004688,True
SUP004689,Supplier 004689,CZ,Brno,30,CZ100004689,True
SUP004690,Supplier 004690,DE,Berlin,60,DE100004690,True
SUP004691,Supplier 004691,CZ,Ostrava,45,CZ100004691,True
SUP004692,Supplier 004692,SK,Bratislava,14,SK100004692,True
SUP004693,Supplier 004693,SK,Bratislava,45,SK100004693,True
SUP004694,Supplier 004694,DE,Berlin,30,DE100004694,True
SUP004695,Supplier 004695,DE,Berlin,14,DE100004695,True
SUP004696,Supplier 004696,CZ,Prague,45,CZ100004696,True
SUP004697,Supplier 004697,CZ,Prague,45,CZ100004697,True
SUP004698,Supplier 004698,SK,Bratislava,60,SK100004698,True
SUP004699,Supplier 004699,DE,Berlin,30,DE100004699,True
SUP004700,Supplier 004700,CZ,Brno,60,CZ100004700,True
SUP004701,Supplier 004701,DE,Munich,30,DE100004701,True
SUP004702,Supplier 004702,SK,Bratislava,14,SK100004702,True
SUP004703,Supplier 004703,DE,Munich,14,DE100004703,True
SUP004704,Supplier 004704,AT,Vienna,60,AT100004704,True
SUP004705,Supplier 004705,DE,Berlin,45,DE100004705,True
SUP004706,Supplier 004706,SK,Bratislava,30,SK100004706,True
SUP004707,Supplier 004707,CZ,Prague,60,CZ100004707,True
SUP004708,Supplier 004708,PL,Warsaw,14,PL100004708,True
SUP004709,Supplier 004709,DE,Munich,60,DE100004709,True
SUP004710,Supplier 004710,CZ,Brno,14,CZ100004710,True
SUP004711,Supplier 004711,PL,Warsaw,30,PL100004711,True
SUP004712,Supplier 004712,DE,Berlin,60,DE100004712,True
SUP004713,Supplier 004713,SK,Bratislava,14,SK100004713,True
SUP004714,Supplier 004714,DE,Munich,14,DE100004714,True
SUP004715,Supplier 004715,CZ,Prague,60,CZ100004715,True
SUP004716,Supplier 004716,DE,Munich,30,DE100004716,True
SUP004717,Supplier 004717,AT,Vienna,14,AT100004717,True
SUP004718,Supplier 004718,CZ,Prague,45,CZ100004718,True
SUP004719,Supplier 004719,CZ,Prague,14,CZ100004719,True
SUP004720,Supplier 004720,PL,Warsaw,14,PL100004720,True
SUP004721,Supplier 004721,AT,Vienna,45,AT100004721,True
SUP004722,Supplier 004722,DE,Munich,45,DE100004722,True
SUP004723,Supplier 004723,DE,Berlin,60,DE100004723,True
SUP004724,Supplier 004724,CZ,Brno,45,CZ100004724,True
SUP004725,Supplier 004725,PL,Warsaw,14,PL100004725,True
SUP004726,Supplier 004726,AT,Vienna,45,AT100004726,True
SUP004727,Supplier 004727,PL,Warsaw,60,PL100004727,True
SUP004728,Supplier 004728,CZ,Brno,45,CZ100004728,True
SUP004729,Supplier 004729,CZ,Brno,14,CZ100004729,True
SUP004730,Supplier 004730,SK,Bratislava,14,SK100004730,True
SUP004731,Supplier 004731,CZ,Prague,30,CZ100004731,True
SUP004732,Supplier 004732,CZ,Brno,45,CZ100004732,True
SUP004733,Supplier 004733,AT,Vienna,30,AT100004733,True
SUP004734,Supplier 004734,CZ,Ostrava,14,CZ100004734,True
SUP004735,Supplier 004735,SK,Bratislava,45,SK100004735,True
SUP004736,Supplier 004736,CZ,Prague,14,CZ100004736,True
SUP004737,Supplier 004737,DE,Munich,14,DE100004737,True
SUP004738,Supplier 004738,CZ,Brno,14,CZ100004738,True
SUP004739,Supplier 004739,DE,Munich,14,DE100004739,True
SUP004740,Supplier 004740,DE,Munich,45,DE100004740,True
SUP004741,Supplier 004741,AT,Vienna,45,AT100004741,True
SUP004742,Supplier 004742,CZ,Ostrava,30,CZ100004742,True
SUP004743,Supplier 004743,PL,Warsaw,14,PL100004743,True
SUP004744,Supplier 004744,CZ,Ostrava,45,CZ100004744,True
SUP004745,Supplier 004745,CZ,Ostrava,60,CZ100004745,True
SUP004746,Supplier 004746,PL,Warsaw,14,PL100004746,True
SUP004747,Supplier 004747,SK,Bratislava,60,SK100004747,True
SUP004748,Supplier 004748,PL,Warsaw,45,PL100004748,True
SUP004749,Supplier 004749,DE,Berlin,60,DE100004749,True
SUP004750,Supplier 004750,SK,Bratislava,14,SK100004750,True
SUP004751,Supplier 004751,DE,Munich,45,DE100004751,True
SUP004752,Supplier 004752,CZ,Brno,45,CZ100004752,True
SUP004753,Supplier 004753,SK,Bratislava,30,SK100004753,True
SUP004754,Supplier 004754,CZ,Brno,14,CZ100004754,True
SUP004755,Supplier 004755,PL,Warsaw,14,PL100004755,True
SUP004756,Supplier 004756,SK,Bratislava,14,SK100004756,True
SUP004757,Supplier 004757,SK,Bratislava,60,SK100004757,True
SUP004758,Supplier 004758,AT,Vienna,30,AT100004758,True
SUP004759,Supplier 004759,PL,Warsaw,14,PL100004759,True
SUP004760,Supplier 004760,DE,Berlin,30,DE100004760,True
SUP004761,Supplier 004761,DE,Berlin,45,DE100004761,True
SUP004762,Supplier 004762,PL,Warsaw,30,PL100004762,True
SUP004763,Supplier 004763,CZ,Brno,30,CZ100004763,True
SUP004764,Supplier 004764,SK,Bratislava,45,SK100004764,True
SUP004765,Supplier 004765,AT,Vienna,60,AT100004765,True
SUP004766,Supplier 004766,SK,Bratislava,60,SK100004766,True
SUP004767,Supplier 004767,SK,Bratislava,14,SK100004767,True
SUP004768,Supplier 004768,DE,Munich,60,DE100004768,True
SUP004769,Supplier 004769,CZ,Ostrava,45,CZ100004769,True
SUP004770,Supplier 004770,CZ,Brno,30,CZ100004770,True
SUP004771,Supplier 004771,PL,Warsaw,14,PL100004771,True
SUP004772,Supplier 004772,CZ,Brno,30,CZ100004772,True
SUP004773,Supplier 004773,CZ,Prague,60,CZ100004773,True
SUP004774,Supplier 004774,CZ,Ostrava,45,CZ100004774,True
SUP004775,Supplier 004775,CZ,Prague,60,CZ100004775,True
SUP004776,Supplier 004776,PL,Warsaw,45,PL100004776,True
SUP004777,Supplier 004777,DE,Munich,14,DE100004777,True
SUP004778,Supplier 004778,CZ,Brno,45,CZ100004778,True
SUP004779,Supplier 004779,AT,Vienna,30,AT100004779,True
SUP004780,Supplier 004780,CZ,Ostrava,60,CZ100004780,True
SUP004781,Supplier 004781,AT,Vienna,45,AT100004781,True
SUP004782,Supplier 004782,CZ,Prague,60,CZ100004782,True
SUP004783,Supplier 004783,DE,Munich,45,DE100004783,True
SUP004784,Supplier 004784,CZ,Brno,14,CZ100004784,True
SUP004785,Supplier 004785,AT,Vienna,60,AT100004785,True
SUP004786,Supplier 004786,SK,Bratislava,45,SK100004786,True
SUP004787,Supplier 004787,SK,Bratislava,60,SK100004787,True
SUP004788,Supplier 004788,CZ,Ostrava,45,CZ100004788,True
SUP004789,Supplier 004789,PL,Warsaw,60,PL100004789,True
SUP004790,Supplier 004790,CZ,Brno,14,CZ100004790,True
SUP004791,Supplier 004791,SK,Bratislava,14,SK100004791,True
SUP004792,Supplier 004792,SK,Bratislava,14,SK100004792,True
SUP004793,Supplier 004793,CZ,Prague,14,CZ100004793,True
SUP004794,Supplier 004794,DE,Munich,30,DE100004794,True
SUP004795,Supplier 004795,CZ,Brno,14,CZ100004795,True
SUP004796,Supplier 004796,DE,Munich,30,DE100004796,True
SUP004797,Supplier 004797,AT,Vienna,60,AT100004797,True
SUP004798,Supplier 004798,AT,Vienna,14,AT100004798,True
SUP004799,Supplier 004799,SK,Bratislava,45,SK100004799,True
SUP004800,Supplier 004800,PL,Warsaw,30,PL100004800,True
SUP004801,Supplier 004801,CZ,Ostrava,30,CZ100004801,True
SUP004802,Supplier 004802,DE,Berlin,45,DE100004802,True
SUP004803,Supplier 004803,DE,Munich,14,DE100004803,True
SUP004804,Supplier 004804,CZ,Brno,30,CZ100004804,True
SUP004805,Supplier 004805,PL,Warsaw,45,PL100004805,True
SUP004806,Supplier 004806,SK,Bratislava,30,SK100004806,True
SUP004807,Supplier 004807,DE,Berlin,14,DE100004807,True
SUP004808,Supplier 004808,CZ,Ostrava,30,CZ100004808,True
SUP004809,Supplier 004809,DE,Berlin,60,DE100004809,True
SUP004810,Supplier 004810,CZ,Ostrava,14,CZ100004810,True
SUP004811,Supplier 004811,PL,Warsaw,60,PL100004811,True
SUP004812,Supplier 004812,DE,Berlin,14,DE100004812,True
SUP004813,Supplier 004813,CZ,Ostrava,45,CZ100004813,True
SUP004814,Supplier 004814,CZ,Brno,30,CZ100004814,True
SUP004815,Supplier 004815,CZ,Prague,45,CZ100004815,True
SUP004816,Supplier 004816,PL,Warsaw,14,PL100004816,True
SUP004817,Supplier 004817,PL,Warsaw,30,PL100004817,True
SUP004818,Supplier 004818,PL,Warsaw,14,PL100004818,True
SUP004819,Supplier 004819,CZ,Prague,14,CZ100004819,True
SUP004820,Supplier 004820,DE,Munich,30,DE100004820,True
SUP004821,Supplier 004821,CZ,Ostrava,30,CZ100004821,True
SUP004822,Supplier 004822,CZ,Brno,14,CZ100004822,True
SUP004823,Supplier 004823,DE,Munich,45,DE100004823,True
SUP004824,Supplier 004824,PL,Warsaw,60,PL100004824,True
SUP004825,Supplier 004825,DE,Berlin,45,DE100004825,True
SUP004826,Supplier 004826,PL,Warsaw,45,PL100004826,True
SUP004827,Supplier 004827,DE,Berlin,60,DE100004827,True
SUP004828,Supplier 004828,CZ,Prague,45,CZ100004828,True
SUP004829,Supplier 004829,DE,Munich,45,DE100004829,True
SUP004830,Supplier 004830,PL,Warsaw,14,PL100004830,True
SUP004831,Supplier 004831,DE,Munich,14,DE100004831,True
SUP004832,Supplier 004832,CZ,Ostrava,60,CZ100004832,True
SUP004833,Supplier 004833,SK,Bratislava,30,SK100004833,True
SUP004834,Supplier 004834,DE,Berlin,60,DE100004834,True
SUP004835,Supplier 004835,CZ,Prague,30,CZ100004835,True
SUP004836,Supplier 004836,AT,Vienna,45,AT100004836,True
SUP004837,Supplier 004837,SK,Bratislava,14,SK100004837,True
SUP004838,Supplier 004838,SK,Bratislava,60,SK100004838,True
SUP004839,Supplier 004839,CZ,Brno,45,CZ100004839,True
SUP004840,Supplier 004840,PL,Warsaw,30,PL100004840,True
SUP004841,Supplier 004841,DE,Munich,45,DE100004841,True
SUP004842,Supplier 004842,DE,Berlin,60,DE100004842,True
SUP004843,Supplier 004843,AT,Vienna,45,AT100004843,True
SUP004844,Supplier 004844,DE,Munich,30,DE100004844,True
SUP004845,Supplier 004845,CZ,Prague,45,CZ100004845,True
SUP004846,Supplier 004846,CZ,Brno,60,CZ100004846,True
SUP004847,Supplier 004847,PL,Warsaw,45,PL100004847,True
SUP004848,Supplier 004848,DE,Munich,14,DE100004848,True
SUP004849,Supplier 004849,CZ,Prague,60,CZ100004849,True
SUP004850,Supplier 004850,CZ,Ostrava,60,CZ100004850,True
SUP004851,Supplier 004851,CZ,Ostrava,45,CZ100004851,True
SUP004852,Supplier 004852,CZ,Ostrava,45,CZ100004852,True
SUP004853,Supplier 004853,PL,Warsaw,45,PL100004853,True
SUP004854,Supplier 004854,CZ,Brno,45,CZ100004854,True
SUP004855,Supplier 004855,CZ,Prague,60,CZ100004855,True
SUP004856,Supplier 004856,CZ,Prague,30,CZ100004856,True
SUP004857,Supplier 004857,DE,Munich,14,DE100004857,True
SUP004858,Supplier 004858,CZ,Prague,60,CZ100004858,True
SUP004859,Supplier 004859,DE,Munich,14,DE100004859,True
SUP004860,Supplier 004860,AT,Vienna,45,AT100004860,True
SUP004861,Supplier 004861,CZ,Prague,14,CZ100004861,True
SUP004862,Supplier 004862,DE,Munich,30,DE100004862,True
SUP004863,Supplier 004863,DE,Berlin,45,DE100004863,True
SUP004864,Supplier 004864,CZ,Ostrava,14,CZ100004864,True
SUP004865,Supplier 004865,DE,Munich,30,DE100004865,True
SUP004866,Supplier 004866,SK,Bratislava,60,SK100004866,True
SUP004867,Supplier 004867,CZ,Brno,45,CZ100004867,True
SUP004868,Supplier 004868,SK,Bratislava,14,SK100004868,True
SUP004869,Supplier 004869,PL,Warsaw,45,PL100004869,True
SUP004870,Supplier 004870,SK,Bratislava,60,SK100004870,True
SUP004871,Supplier 004871,AT,Vienna,60,AT100004871,True
SUP004872,Supplier 004872,CZ,Brno,45,CZ100004872,True
SUP004873,Supplier 004873,DE,Munich,45,DE100004873,True
SUP004874,Supplier 004874,CZ,Ostrava,60,CZ100004874,True
SUP004875,Supplier 004875,DE,Berlin,30,DE100004875,True
SUP004876,Supplier 004876,SK,Bratislava,45,SK100004876,True
SUP004877,Supplier 004877,CZ,Ostrava,60,CZ100004877,True
SUP004878,Supplier 004878,SK,Bratislava,45,SK100004878,True
SUP004879,Supplier 004879,DE,Munich,14,DE100004879,True
SUP004880,Supplier 004880,DE,Munich,60,DE100004880,True
SUP004881,Supplier 004881,CZ,Ostrava,60,CZ100004881,True
SUP004882,Supplier 004882,AT,Vienna,14,AT100004882,True
SUP004883,Supplier 004883,CZ,Ostrava,60,CZ100004883,True
SUP004884,Supplier 004884,DE,Berlin,45,DE100004884,True
SUP004885,Supplier 004885,PL,Warsaw,45,PL100004885,True
SUP004886,Supplier 004886,AT,Vienna,60,AT100004886,True
SUP004887,Supplier 004887,AT,Vienna,60,AT100004887,True
SUP004888,Supplier 004888,PL,Warsaw,14,PL100004888,True
SUP004889,Supplier 004889,CZ,Prague,60,CZ100004889,True
SUP004890,Supplier 004890,CZ,Brno,30,CZ100004890,True
SUP004891,Supplier 004891,DE,Munich,30,DE100004891,True
SUP004892,Supplier 004892,DE,Berlin,30,DE100004892,True
SUP004893,Supplier 004893,DE,Munich,14,DE100004893,True
SUP004894,Supplier 004894,AT,Vienna,30,AT100004894,True
SUP004895,Supplier 004895,AT,Vienna,14,AT100004895,True
SUP004896,Supplier 004896,PL,Warsaw,60,PL100004896,True
SUP004897,Supplier 004897,CZ,Prague,14,CZ100004897,True
SUP004898,Supplier 004898,CZ,Prague,45,CZ100004898,True
SUP004899,Supplier 004899,CZ,Brno,45,CZ100004899,True
SUP004900,Supplier 004900,CZ,Brno,45,CZ100004900,True
SUP004901,Supplier 004901,PL,Warsaw,45,PL100004901,True
SUP004902,Supplier 004902,CZ,Prague,14,CZ100004902,True
SUP004903,Supplier 004903,CZ,Prague,30,CZ100004903,True
SUP004904,Supplier 004904,CZ,Ostrava,60,CZ100004904,True
SUP004905,Supplier 004905,CZ,Ostrava,30,CZ100004905,True
SUP004906,Supplier 004906,CZ,Ostrava,45,CZ100004906,True
SUP004907,Supplier 004907,DE,Munich,14,DE100004907,True
SUP004908,Supplier 004908,PL,Warsaw,30,PL100004908,True
SUP004909,Supplier 004909,CZ,Brno,14,CZ100004909,True
SUP004910,Supplier 004910,CZ,Prague,30,CZ100004910,True
SUP004911,Supplier 004911,CZ,Brno,14,CZ100004911,True
SUP004912,Supplier 004912,SK,Bratislava,30,SK100004912,True
SUP004913,Supplier 004913,CZ,Brno,60,CZ100004913,True
SUP004914,Supplier 004914,CZ,Prague,60,CZ100004914,True
SUP004915,Supplier 004915,AT,Vienna,14,AT100004915,True
SUP004916,Supplier 004916,CZ,Brno,45,CZ100004916,True
SUP004917,Supplier 004917,AT,Vienna,60,AT100004917,True
SUP004918,Supplier 004918,CZ,Ostrava,30,CZ100004918,True
SUP004919,Supplier 004919,DE,Munich,60,DE100004919,True
SUP004920,Supplier 004920,CZ,Brno,60,CZ100004920,True
SUP004921,Supplier 004921,CZ,Ostrava,14,CZ100004921,True
SUP004922,Supplier 004922,CZ,Ostrava,30,CZ100004922,True
SUP004923,Supplier 004923,SK,Bratislava,30,SK100004923,True
SUP004924,Supplier 004924,SK,Bratislava,60,SK100004924,True
SUP004925,Supplier 004925,PL,Warsaw,45,PL100004925,True
SUP004926,Supplier 004926,DE,Munich,14,DE100004926,True
SUP004927,Supplier 004927,PL,Warsaw,45,PL100004927,True
SUP004928,Supplier 004928,DE,Munich,60,DE100004928,True
SUP004929,Supplier 004929,AT,Vienna,14,AT100004929,True
SUP004930,Supplier 004930,PL,Warsaw,60,PL100004930,True
SUP004931,Supplier 004931,AT,Vienna,30,AT100004931,True
SUP004932,Supplier 004932,CZ,Prague,45,CZ100004932,True
SUP004933,Supplier 004933,PL,Warsaw,14,PL100004933,True
SUP004934,Supplier 004934,AT,Vienna,14,AT100004934,True
SUP004935,Supplier 004935,DE,Munich,14,DE100004935,True
SUP004936,Supplier 004936,PL,Warsaw,14,PL100004936,True
SUP004937,Supplier 004937,DE,Berlin,30,DE100004937,True
SUP004938,Supplier 004938,PL,Warsaw,60,PL100004938,True
SUP004939,Supplier 004939,DE,Munich,14,DE100004939,True
SUP004940,Supplier 004940,CZ,Ostrava,45,CZ100004940,True
SUP004941,Supplier 004941,SK,Bratislava,45,SK100004941,True
SUP004942,Supplier 004942,AT,Vienna,14,AT100004942,True
SUP004943,Supplier 004943,CZ,Ostrava,30,CZ100004943,True
SUP004944,Supplier 004944,DE,Berlin,45,DE100004944,True
SUP004945,Supplier 004945,PL,Warsaw,30,PL100004945,True
SUP004946,Supplier 004946,DE,Munich,45,DE100004946,True
SUP004947,Supplier 004947,AT,Vienna,14,AT100004947,True
SUP004948,Supplier 004948,PL,Warsaw,60,PL100004948,True
SUP004949,Supplier 004949,PL,Warsaw,30,PL100004949,True
SUP004950,Supplier 004950,DE,Munich,30,DE100004950,True
SUP004951,Supplier 004951,DE,Berlin,45,DE100004951,True
SUP004952,Supplier 004952,AT,Vienna,14,AT100004952,True
SUP004953,Supplier 004953,CZ,Prague,14,CZ100004953,True
SUP004954,Supplier 004954,CZ,Ostrava,30,CZ100004954,True
SUP004955,Supplier 004955,CZ,Brno,14,CZ100004955,True
SUP004956,Supplier 004956,PL,Warsaw,60,PL100004956,True
SUP004957,Supplier 004957,DE,Berlin,30,DE100004957,True
SUP004958,Supplier 004958,SK,Bratislava,14,SK100004958,True
SUP004959,Supplier 004959,CZ,Ostrava,60,CZ100004959,True
SUP004960,Supplier 004960,AT,Vienna,14,AT100004960,True
SUP004961,Supplier 004961,CZ,Prague,45,CZ100004961,True
SUP004962,Supplier 004962,CZ,Brno,14,CZ100004962,True
SUP004963,Supplier 004963,CZ,Brno,60,CZ100004963,True
SUP004964,Supplier 004964,DE,Berlin,14,DE100004964,True
SUP004965,Supplier 004965,CZ,Ostrava,45,CZ100004965,True
SUP004966,Supplier 004966,CZ,Brno,60,CZ100004966,True
SUP004967,Supplier 004967,AT,Vienna,30,AT100004967,True
SUP004968,Supplier 004968,SK,Bratislava,30,SK100004968,True
SUP004969,Supplier 004969,DE,Munich,60,DE100004969,True
SUP004970,Supplier 004970,PL,Warsaw,45,PL100004970,True
SUP004971,Supplier 004971,SK,Bratislava,30,SK100004971,True
SUP004972,Supplier 004972,CZ,Ostrava,60,CZ100004972,True
SUP004973,Supplier 004973,SK,Bratislava,14,SK100004973,True
SUP004974,Supplier 004974,CZ,Prague,14,CZ100004974,True
SUP004975,Supplier 004975,SK,Bratislava,14,SK100004975,True
SUP004976,Supplier 004976,CZ,Ostrava,14,CZ100004976,True
SUP004977,Supplier 004977,DE,Berlin,60,DE100004977,True
SUP004978,Supplier 004978,CZ,Brno,45,CZ100004978,True
SUP004979,Supplier 004979,CZ,Ostrava,60,CZ100004979,True
SUP004980,Supplier 004980,SK,Bratislava,30,SK100004980,True
SUP004981,Supplier 004981,PL,Warsaw,45,PL100004981,True
SUP004982,Supplier 004982,DE,Berlin,30,DE100004982,True
SUP004983,Supplier 004983,CZ,Brno,60,CZ100004983,True
SUP004984,Supplier 004984,AT,Vienna,60,AT100004984,True
SUP004985,Supplier 004985,CZ,Brno,14,CZ100004985,True
SUP004986,Supplier 004986,CZ,Ostrava,45,CZ100004986,True
SUP004987,Supplier 004987,CZ,Brno,14,CZ100004987,True
SUP004988,Supplier 004988,PL,Warsaw,30,PL100004988,True
SUP004989,Supplier 004989,CZ,Prague,45,CZ100004989,True
SUP004990,Supplier 004990,CZ,Prague,30,CZ100004990,True
SUP004991,Supplier 004991,DE,Munich,45,DE100004991,True
SUP004992,Supplier 004992,AT,Vienna,45,AT100004992,True
SUP004993,Supplier 004993,CZ,Brno,30,CZ100004993,True
SUP004994,Supplier 004994,DE,Munich,14,DE100004994,True
SUP004995,Supplier 004995,SK,Bratislava,45,SK100004995,True
SUP004996,Supplier 004996,AT,Vienna,14,AT100004996,True
SUP004997,Supplier 004997,CZ,Brno,60,CZ100004997,True
SUP004998,Supplier 004998,DE,Munich,14,DE100004998,True
SUP004999,Supplier 004999,CZ,Prague,45,CZ100004999,True
SUP005000,Supplier 005000,AT,Vienna,45,AT100005000,True
