period,metric,metric_label,actual_value,baseline_median,lower_bound,upper_bound,deviation,robust_score,anomaly_flag,severity,direction,detection_method,isolation_anomaly,isolation_score,combined_anomaly,controller_action
2021-01-01,revenue,Revenue,-9271506.6,,,,0.0,0.0,False,NORMAL,NORMAL,ROLLING_IQR,True,-0.07932225402086268,True,MONITOR
2021-02-01,revenue,Revenue,-5795763.39,,,,0.0,0.0,False,NORMAL,NORMAL,ROLLING_IQR,True,-0.10748311428161883,True,MONITOR
2021-03-01,revenue,Revenue,-7779051.09,,,,0.0,0.0,False,NORMAL,NORMAL,ROLLING_IQR,True,-0.013662675506236788,True,MONITOR
2021-04-01,revenue,Revenue,-9210169.6,,,,0.0,0.0,False,NORMAL,NORMAL,ROLLING_IQR,False,0.00858255862085433,False,NO_ACTION
2021-05-01,revenue,Revenue,-7772793.73,,,,0.0,0.0,False,NORMAL,NORMAL,ROLLING_IQR,False,0.04106910648197565,False,NO_ACTION
2021-06-01,revenue,Revenue,-7836161.75,,,,0.0,0.0,False,NORMAL,NORMAL,ROLLING_IQR,False,0.058604786217531846,False,NO_ACTION
2021-07-01,revenue,Revenue,-9782161.68,-7807606.42,-10505131.988749998,-6135893.718750002,0.0,0.0,False,NORMAL,NORMAL,ROLLING_IQR,False,0.03778857677718811,False,NO_ACTION
2021-08-01,revenue,Revenue,-8762319.16,-7836161.75,-11438211.634999998,-5578548.875000001,0.0,0.0,False,NORMAL,NORMAL,ROLLING_IQR,False,0.034149293290063165,False,NO_ACTION
2021-09-01,revenue,Revenue,-7964188.37,-8299240.455,-11397529.5,-5605461.100000001,0.0,0.0,False,NORMAL,NORMAL,ROLLING_IQR,False,0.06975701067799739,False,NO_ACTION
2021-10-01,revenue,Revenue,-5918231.21,-7964188.37,-11356847.364999998,-5632373.325,0.0,0.0,False,NORMAL,NORMAL,ROLLING_IQR,False,0.038023030753778886,False,NO_ACTION
2021-11-01,revenue,Revenue,-9112830.13,-7900175.0600000005,-11083980.370000001,-5788584.69,0.0,0.0,False,NORMAL,NORMAL,ROLLING_IQR,False,0.06303103990942027,False,NO_ACTION
2021-12-01,revenue,Revenue,-8402233.72,-7964188.37,-11239866.0475,-5697556.2275,0.0,0.0,False,NORMAL,NORMAL,ROLLING_IQR,False,0.03170592636364894,False,NO_ACTION
2022-01-01,revenue,Revenue,-6739553.95,-8183211.045,-11176682.368750002,-5737969.378749999,0.0,0.0,False,NORMAL,NORMAL,ROLLING_IQR,True,-0.005840284759335068,True,MONITOR
2022-02-01,revenue,Revenue,-7930526.78,-7900175.0600000005,-10853141.57875,-5511289.108750001,0.0,0.0,False,NORMAL,NORMAL,ROLLING_IQR,False,0.0530323537890936,False,NO_ACTION
2022-03-01,revenue,Revenue,-9632863.55,-7947357.575,-10458637.13125,-6168796.52125,0.0,0.0,False,NORMAL,NORMAL,ROLLING_IQR,False,0.004071874688991672,False,NO_ACTION
2022-04-01,revenue,Revenue,-8326267.13,-8183211.045,-11112432.87625,-5845051.866249999,0.0,0.0,False,NORMAL,NORMAL,ROLLING_IQR,False,0.08307895864322135,False,NO_ACTION
2022-05-01,revenue,Revenue,-8852259.05,-8145227.75,-10394387.63875,-6275879.008750001,0.0,0.0,False,NORMAL,NORMAL,ROLLING_IQR,False,0.07213256976998916,False,NO_ACTION
2022-06-01,revenue,Revenue,-8053369.06,-8364250.425000001,-10433101.266250001,-6391236.07625,0.0,0.0,False,NORMAL,NORMAL,ROLLING_IQR,False,0.052872141345504164,False,NO_ACTION
2022-07-01,revenue,Revenue,-9304011.06,-8364250.425000001,-10359845.09125,-6513329.70125,0.0,0.0,False,NORMAL,NORMAL,ROLLING_IQR,False,0.03293124420878918,False,NO_ACTION
2022-08-01,revenue,Revenue,-9316910.21,-8364250.425000001,-10359845.09125,-6513329.70125,0.0,0.0,False,NORMAL,NORMAL,ROLLING_IQR,True,-0.07357760298503868,True,MONITOR
2022-09-01,revenue,Revenue,-8226871.5,-8364250.425000001,-10967903.947500002,-6148494.387499999,0.0,0.0,False,NORMAL,NORMAL,ROLLING_IQR,False,0.05005372753067916,False,NO_ACTION
2022-10-01,revenue,Revenue,-6788009.97,-8364250.425000001,-10867575.67125,-6315708.181249999,0.0,0.0,False,NORMAL,NORMAL,ROLLING_IQR,False,0.03855702253685339,False,NO_ACTION
2022-11-01,revenue,Revenue,-9281059.91,-8364250.425000001,-10867575.67125,-6315708.181249999,0.0,0.0,False,NORMAL,NORMAL,ROLLING_IQR,False,0.03594361776527799,False,NO_ACTION
2022-12-01,revenue,Revenue,-8903025.09,-8364250.425000001,-11183006.50875,-6126449.678750001,0.0,0.0,False,NORMAL,NORMAL,ROLLING_IQR,False,0.08354273005944457,False,NO_ACTION
2023-01-01,revenue,Revenue,-8469215.64,-8589263.09,-11183006.50875,-6126449.678750001,0.0,0.0,False,NORMAL,NORMAL,ROLLING_IQR,False,0.09424354978839256,False,NO_ACTION
2023-02-01,revenue,Revenue,-8573483.27,-8660737.345,-10941750.40875,-6528543.178749999,0.0,0.0,False,NORMAL,NORMAL,ROLLING_IQR,False,0.05544799663594313,False,NO_ACTION
2023-03-01,revenue,Revenue,-8775260.06,-8712871.16,-10764866.91,-6823349.010000001,0.0,0.0,False,NORMAL,NORMAL,ROLLING_IQR,False,0.07008671249339127,False,NO_ACTION
2023-04-01,revenue,Revenue,-7227365.94,-8674371.665,-10041707.153749999,-7257244.8637500005,29878.923750000075,0.04292236078370461,True,LOW,ABOVE_EXPECTED,ROLLING_IQR,False,0.0006811716247240862,True,MONITOR
2023-05-01,revenue,Revenue,-8179706.8,-8674371.665,-10218590.6525,-6962439.032499999,0.0,0.0,False,NORMAL,NORMAL,ROLLING_IQR,False,0.07301072577856221,False,NO_ACTION
2023-06-01,revenue,Revenue,-7195597.64,-8521349.455,-10271650.94,-6874005.220000001,0.0,0.0,False,NORMAL,NORMAL,ROLLING_IQR,False,0.06436279359129177,False,NO_ACTION
2023-07-01,revenue,Revenue,-7452532.17,-8521349.455,-10581402.11,-6357753.27,0.0,0.0,False,NORMAL,NORMAL,ROLLING_IQR,False,0.08701561554274434,False,NO_ACTION
2023-08-01,revenue,Revenue,-8523660.96,-8348043.57,-10923642.375000002,-5279799.554999998,0.0,0.0,False,NORMAL,NORMAL,ROLLING_IQR,False,0.054450531380980716,False,NO_ACTION
2023-09-01,revenue,Revenue,-7926100.53,-8348043.57,-10465457.749999998,-5554710.33,0.0,0.0,False,NORMAL,NORMAL,ROLLING_IQR,False,0.09184206313974247,False,NO_ACTION
2023-10-01,revenue,Revenue,-8132192.73,-8324461.220000001,-10465457.749999998,-5554710.33,0.0,0.0,False,NORMAL,NORMAL,ROLLING_IQR,False,0.08920058174859385,False,NO_ACTION
2023-11-01,revenue,Revenue,-7618366.85,-8324461.220000001,-9848256.008749997,-6583379.898750002,0.0,0.0,False,NORMAL,NORMAL,ROLLING_IQR,False,0.012550538976568604,False,NO_ACTION
2023-12-01,revenue,Revenue,-7494819.48,-8155949.765000001,-9974929.073750004,-6138095.643749997,0.0,0.0,False,NORMAL,NORMAL,ROLLING_IQR,False,0.0862595582707249,False,NO_ACTION
2024-01-01,revenue,Revenue,-7546906.21,-8029146.630000001,-9980695.946250003,-5986378.676249999,0.0,0.0,False,NORMAL,NORMAL,ROLLING_IQR,False,0.07884749041823763,False,NO_ACTION
2024-02-01,revenue,Revenue,-8537780.29,-7772233.6899999995,-9437866.87125,-6312076.12125,0.0,0.0,False,NORMAL,NORMAL,ROLLING_IQR,False,0.09289702946895889,False,NO_ACTION
2024-03-01,revenue,Revenue,-9478969.42,-7772233.6899999995,-9437866.87125,-6312076.12125,-41102.548750000075,-0.05259795301396944,True,LOW,BELOW_EXPECTED,ROLLING_IQR,False,0.08522423880495245,True,MONITOR
2024-04-01,revenue,Revenue,-8490091.82,-7772233.6899999995,-9437866.87125,-6312076.12125,0.0,0.0,False,NORMAL,NORMAL,ROLLING_IQR,False,0.06274329877652207,False,NO_ACTION
2024-05-01,revenue,Revenue,-9772195.34,-8029146.630000001,-9945383.471250001,-6086985.161249999,0.0,0.0,False,NORMAL,NORMAL,ROLLING_IQR,False,0.08530739450438446,False,NO_ACTION
2024-06-01,revenue,Revenue,-8182499.02,-8029146.630000001,-10017150.190000001,-6043925.129999999,0.0,0.0,False,NORMAL,NORMAL,ROLLING_IQR,False,0.03962958814382633,False,NO_ACTION
2024-07-01,revenue,Revenue,-9812672.83,-8157345.875,-9917224.446250003,-6210468.036249998,0.0,0.0,False,NORMAL,NORMAL,ROLLING_IQR,False,0.09251271890504542,False,NO_ACTION
2024-08-01,revenue,Revenue,-10107090.96,-8336295.42,-10158943.26625,-6463301.416250002,0.0,0.0,False,NORMAL,NORMAL,ROLLING_IQR,False,0.058531431735014905,False,NO_ACTION
2024-09-01,revenue,Revenue,-7948529.02,-8336295.42,-12106939.085,-5294503.925000001,0.0,0.0,False,NORMAL,NORMAL,ROLLING_IQR,False,0.09129580144492394,False,NO_ACTION
2024-10-01,revenue,Revenue,-8774035.38,-8336295.42,-12081707.033750001,-5336557.343749997,0.0,0.0,False,NORMAL,NORMAL,ROLLING_IQR,False,0.08129279340617718,False,NO_ACTION
2024-11-01,revenue,Revenue,-6764438.44,-8513936.055,-12081707.033750001,-5336557.343749997,0.0,0.0,False,NORMAL,NORMAL,ROLLING_IQR,False,0.07286834485626303,False,NO_ACTION
2024-12-01,revenue,Revenue,-8025233.62,-8513936.055,-12108504.773750002,-5291894.44375,0.0,0.0,False,NORMAL,NORMAL,ROLLING_IQR,False,0.08024766184123888,False,NO_ACTION
2025-01-01,revenue,Revenue,-9637635.99,-8513936.055,-11871603.545000002,-5686729.824999999,0.0,0.0,False,NORMAL,NORMAL,ROLLING_IQR,False,0.06205984059101516,False,NO_ACTION
2025-02-01,revenue,Revenue,-8957983.54,-8655907.835,-11963415.563750003,-5851042.933749999,0.0,0.0,False,NORMAL,NORMAL,ROLLING_IQR,False,0.06037714550989781,False,NO_ACTION
2025-03-01,revenue,Revenue,-10001693.25,-8866009.46,-11963415.563750003,-5851042.933749999,0.0,0.0,False,NORMAL,NORMAL,ROLLING_IQR,False,0.07758807507321386,False,NO_ACTION
2025-04-01,revenue,Revenue,-9908902.12,-8866009.46,-12241012.776250001,-5684484.606249999,0.0,0.0,False,NORMAL,NORMAL,ROLLING_IQR,False,0.07360711805922815,False,NO_ACTION
2025-05-01,revenue,Revenue,-8180535.49,-9297809.765,-12377051.376249999,-5602861.44625,0.0,0.0,False,NORMAL,NORMAL,ROLLING_IQR,False,0.08135197437608027,False,NO_ACTION
2025-06-01,revenue,Revenue,-10325468.95,-8866009.46,-12379260.3475,-5599179.827500001,0.0,0.0,False,NORMAL,NORMAL,ROLLING_IQR,False,0.06359060959895407,False,NO_ACTION
2025-07-01,revenue,Revenue,-9325931.14,-9297809.765,-12617684.7225,-5456125.202500001,0.0,0.0,False,NORMAL,NORMAL,ROLLING_IQR,True,-0.15503845541382333,True,MONITOR
2025-08-01,revenue,Revenue,-6817721.9,-9141957.34,-12617684.7225,-5456125.202500001,0.0,0.0,False,NORMAL,NORMAL,ROLLING_IQR,False,0.03168337908065416,False,NO_ACTION
2025-09-01,revenue,Revenue,-7537122.84,-8866009.46,-12254545.101250002,-5456964.891249998,0.0,0.0,False,NORMAL,NORMAL,ROLLING_IQR,False,0.06677933147899529,False,NO_ACTION
2025-10-01,revenue,Revenue,-8543129.62,-8866009.46,-12408822.418750003,-5199836.028749999,0.0,0.0,False,NORMAL,NORMAL,ROLLING_IQR,False,0.06394137587617449,False,NO_ACTION
2025-11-01,revenue,Revenue,-8796003.97,-8750556.579999998,-12408822.418750003,-5199836.028749999,0.0,0.0,False,NORMAL,NORMAL,ROLLING_IQR,False,0.01848356059384615,False,NO_ACTION
2025-12-01,revenue,Revenue,-10589119.21,-8876993.754999999,-12051066.272500003,-5796096.272499999,0.0,0.0,False,NORMAL,NORMAL,ROLLING_IQR,True,-0.026689196548688066,True,MONITOR
2026-01-01,revenue,Revenue,-7971258.77,-9141957.34,-12151528.125000002,-6233052.8649999965,0.0,0.0,False,NORMAL,NORMAL,ROLLING_IQR,False,0.03822359288506344,False,NO_ACTION
2026-02-01,revenue,Revenue,-8864463.19,-8876993.754999999,-12637925.291249998,-5422390.9212500015,0.0,0.0,False,NORMAL,NORMAL,ROLLING_IQR,False,0.037118149939731115,False,NO_ACTION
2026-03-01,revenue,Revenue,-10944875.87,-8830233.58,-12637925.291249998,-5422390.9212500015,0.0,0.0,False,NORMAL,NORMAL,ROLLING_IQR,False,0.024625436371036313,False,NO_ACTION
2026-04-01,revenue,Revenue,-9759973.18,-8830233.58,-12840285.103749996,-5300975.033750003,0.0,0.0,False,NORMAL,NORMAL,ROLLING_IQR,False,0.03480241037795001,False,NO_ACTION
2026-05-01,revenue,Revenue,-7632254.5,-8830233.58,-12561043.341249995,-5468520.091250003,0.0,0.0,False,NORMAL,NORMAL,ROLLING_IQR,True,-0.045476727719187204,True,MONITOR
2026-06-01,revenue,Revenue,-8835072.4,-8830233.58,-12923606.252499998,-4864248.572500002,0.0,0.0,False,NORMAL,NORMAL,ROLLING_IQR,True,-0.0016832267083946029,True,MONITOR
2026-07-01,revenue,Revenue,-7755161.56,-8815538.185,-11756342.571250001,-5564606.781249998,0.0,0.0,False,NORMAL,NORMAL,ROLLING_IQR,False,0.0282425927424787,False,NO_ACTION
2026-08-01,revenue,Revenue,-2192619.9,-8669566.795,-11134199.526250001,-5678575.95625,3485956.05625,2.555862596839686,True,HIGH,ABOVE_EXPECTED,ROLLING_IQR,True,-0.30675555531801435,True,ROOT_CAUSE_REVIEW
2021-01-01,operating_costs,Operating Costs,-36374666.45,,,,0.0,0.0,False,NORMAL,NORMAL,ROLLING_IQR,True,-0.07932225402086268,True,MONITOR
2021-02-01,operating_costs,Operating Costs,-37466545.05,,,,0.0,0.0,False,NORMAL,NORMAL,ROLLING_IQR,True,-0.10748311428161883,True,MONITOR
2021-03-01,operating_costs,Operating Costs,-40960379.51,,,,0.0,0.0,False,NORMAL,NORMAL,ROLLING_IQR,True,-0.013662675506236788,True,MONITOR
2021-04-01,operating_costs,Operating Costs,-38755979.54,,,,0.0,0.0,False,NORMAL,NORMAL,ROLLING_IQR,False,0.00858255862085433,False,NO_ACTION
2021-05-01,operating_costs,Operating Costs,-38654746.5,,,,0.0,0.0,False,NORMAL,NORMAL,ROLLING_IQR,False,0.04106910648197565,False,NO_ACTION
2021-06-01,operating_costs,Operating Costs,-39152295.44,,,,0.0,0.0,False,NORMAL,NORMAL,ROLLING_IQR,False,0.058604786217531846,False,NO_ACTION
2021-07-01,operating_costs,Operating Costs,-36618568.17,-38705363.019999996,-40987648.04375,-35829163.833749995,0.0,0.0,False,NORMAL,NORMAL,ROLLING_IQR,False,0.03778857677718811,False,NO_ACTION
2021-08-01,operating_costs,Operating Costs,-38545853.55,-38654746.5,-41821508.80999999,-34175185.29000001,0.0,0.0,False,NORMAL,NORMAL,ROLLING_IQR,False,0.034149293290063165,False,NO_ACTION
2021-09-01,operating_costs,Operating Costs,-39605247.12,-38600300.025,-41255820.042500004,-34853789.302499995,0.0,0.0,False,NORMAL,NORMAL,ROLLING_IQR,False,0.06975701067799739,False,NO_ACTION
2021-10-01,operating_costs,Operating Costs,-37429779.31,-38654746.5,-41680921.025,-34937919.464999996,0.0,0.0,False,NORMAL,NORMAL,ROLLING_IQR,False,0.038023030753778886,False,NO_ACTION
2021-11-01,operating_costs,Operating Costs,-38195722.4,-38600300.025,-41474585.04499999,-35017602.16500002,0.0,0.0,False,NORMAL,NORMAL,ROLLING_IQR,False,0.06303103990942027,False,NO_ACTION
2021-12-01,operating_costs,Operating Costs,-44379408.43,-38545853.55,-41213100.45499998,-35189199.215,-3166307.9750000164,-2.102496604011408,True,MEDIUM,BELOW_EXPECTED,ROLLING_IQR,False,0.03170592636364894,True,MANAGEMENT_REVIEW
2022-01-01,operating_costs,Operating Costs,-34991924.84,-38600300.025,-41977802.97750001,-34745083.99749999,0.0,0.0,False,NORMAL,NORMAL,ROLLING_IQR,True,-0.005840284759335068,True,MONITOR
2022-02-01,operating_costs,Operating Costs,-38551819.03,-38600300.025,-41977802.97750001,-34745083.99749999,0.0,0.0,False,NORMAL,NORMAL,ROLLING_IQR,False,0.0530323537890936,False,NO_ACTION
2022-03-01,operating_costs,Operating Costs,-41011832.48,-38603282.765,-41157478.45875,-36112291.528749995,0.0,0.0,False,NORMAL,NORMAL,ROLLING_IQR,False,0.004071874688991672,False,NO_ACTION
2022-04-01,operating_costs,Operating Costs,-39388497.23,-38603282.765,-41157478.45875,-36112291.528749995,0.0,0.0,False,NORMAL,NORMAL,ROLLING_IQR,False,0.08307895864322135,False,NO_ACTION
2022-05-01,operating_costs,Operating Costs,-39878691.19,-38603282.765,-41600356.815000005,-35846564.51499999,0.0,0.0,False,NORMAL,NORMAL,ROLLING_IQR,False,0.07213256976998916,False,NO_ACTION
2022-06-01,operating_costs,Operating Costs,-38844651.89,-38852057.235,-42177665.40249999,-35500179.3625,0.0,0.0,False,NORMAL,NORMAL,ROLLING_IQR,False,0.052872141345504164,False,NO_ACTION
2022-07-01,operating_costs,Operating Costs,-38810811.46,-38698235.46,-42177665.40249999,-35500179.3625,0.0,0.0,False,NORMAL,NORMAL,ROLLING_IQR,False,0.03293124420878918,False,NO_ACTION
2022-08-01,operating_costs,Operating Costs,-39285656.12,-38827731.675,-41496539.199999996,-36635389.699999996,0.0,0.0,False,NORMAL,NORMAL,ROLLING_IQR,True,-0.07357760298503868,True,MONITOR
2022-09-01,operating_costs,Operating Costs,-41230429.69,-39065154.004999995,-41489828.03499998,-36646574.97500001,0.0,0.0,False,NORMAL,NORMAL,ROLLING_IQR,False,0.05005372753067916,False,NO_ACTION
2022-10-01,operating_costs,Operating Costs,-35795411.35,-39065154.004999995,-42710748.97249998,-35914022.41250001,118611.06250000745,0.06980481645270598,True,LOW,ABOVE_EXPECTED,ROLLING_IQR,False,0.03855702253685339,True,MONITOR
2022-11-01,operating_costs,Operating Costs,-42880086.98,-39065154.004999995,-42710748.97249998,-35914022.41250001,-169338.0075000152,-0.09965856710882062,True,LOW,BELOW_EXPECTED,ROLLING_IQR,False,0.03594361776527799,True,MONITOR
2022-12-01,operating_costs,Operating Costs,-38676518.46,-39337076.675,-44547109.427499995,-35265435.707499996,0.0,0.0,False,NORMAL,NORMAL,ROLLING_IQR,False,0.08354273005944457,False,NO_ACTION
2023-01-01,operating_costs,Operating Costs,-41138510.56,-39065154.004999995,-42436925.87749999,-36370394.237500004,0.0,0.0,False,NORMAL,NORMAL,ROLLING_IQR,False,0.09424354978839256,False,NO_ACTION
2023-02-01,operating_costs,Operating Costs,-34854876.07,-39337076.675,-44442897.685,-35377842.525000006,522966.45500000566,0.23076151033591985,True,LOW,ABOVE_EXPECTED,ROLLING_IQR,False,0.05544799663594313,True,MONITOR
2023-03-01,operating_costs,Operating Costs,-40421140.8,-39337076.675,-44442897.685,-35377842.525000006,0.0,0.0,False,NORMAL,NORMAL,ROLLING_IQR,False,0.07008671249339127,False,NO_ACTION
2023-04-01,operating_costs,Operating Costs,-34779742.04,-39337076.675,-43335350.78499998,-36042370.66500001,1262628.6250000075,0.6925172449256652,True,LOW,ABOVE_EXPECTED,ROLLING_IQR,False,0.0006811716247240862,True,MONITOR
2023-05-01,operating_costs,Operating Costs,-42840833.34,-39065154.004999995,-44566845.57624998,-33989879.34625002,0.0,0.0,False,NORMAL,NORMAL,ROLLING_IQR,False,0.07301072577856221,False,NO_ACTION
2023-06-01,operating_costs,Operating Costs,-41327239.89,-39065154.004999995,-45969363.332499996,-33148368.69250001,0.0,0.0,False,NORMAL,NORMAL,ROLLING_IQR,False,0.06436279359129177,False,NO_ACTION
2023-07-01,operating_costs,Operating Costs,-40634094.52,-39853398.45999999,-46202218.07624998,-33008655.84625002,0.0,0.0,False,NORMAL,NORMAL,ROLLING_IQR,False,0.08701561554274434,False,NO_ACTION
2023-08-01,operating_costs,Operating Costs,-41135827.75,-40527617.66,-46202218.07624998,-33008655.84625002,0.0,0.0,False,NORMAL,NORMAL,ROLLING_IQR,False,0.054450531380980716,False,NO_ACTION
2023-09-01,operating_costs,Operating Costs,-39268819.83,-40884961.135000005,-46202218.07624998,-33008655.84625002,0.0,0.0,False,NORMAL,NORMAL,ROLLING_IQR,False,0.09184206313974247,False,NO_ACTION
2023-10-01,operating_costs,Operating Costs,-39860451.81,-40527617.66,-46029869.70749999,-33112064.867500015,0.0,0.0,False,NORMAL,NORMAL,ROLLING_IQR,False,0.08920058174859385,False,NO_ACTION
2023-11-01,operating_costs,Operating Costs,-40416745.69,-40527617.66,-44283115.5,-36023321.879999995,0.0,0.0,False,NORMAL,NORMAL,ROLLING_IQR,False,0.012550538976568604,False,NO_ACTION
2023-12-01,operating_costs,Operating Costs,-37804474.36,-40418943.245,-44160129.400000006,-36097113.53999999,0.0,0.0,False,NORMAL,NORMAL,ROLLING_IQR,False,0.0862595582707249,False,NO_ACTION
2024-01-01,operating_costs,Operating Costs,-40459915.75,-40418943.245,-44487145.9375,-35552085.97749999,0.0,0.0,False,NORMAL,NORMAL,ROLLING_IQR,False,0.07884749041823763,False,NO_ACTION
2024-02-01,operating_costs,Operating Costs,-37995588.27,-40418943.245,-43544719.375,-36117541.91499999,0.0,0.0,False,NORMAL,NORMAL,ROLLING_IQR,False,0.09289702946895889,False,NO_ACTION
2024-03-01,operating_costs,Operating Costs,-39413517.6,-40418943.245,-43473051.658750005,-36236988.10874999,0.0,0.0,False,NORMAL,NORMAL,ROLLING_IQR,False,0.08522423880495245,False,NO_ACTION
2024-04-01,operating_costs,Operating Costs,-38091389.2,-40138598.75,-43473051.658750005,-36236988.10874999,0.0,0.0,False,NORMAL,NORMAL,ROLLING_IQR,False,0.06274329877652207,False,NO_ACTION
2024-05-01,operating_costs,Operating Costs,-39931802.81,-40138598.75,-43437126.31,-36296863.69,0.0,0.0,False,NORMAL,NORMAL,ROLLING_IQR,False,0.08530739450438446,False,NO_ACTION
2024-06-01,operating_costs,Operating Costs,-34376774.98,-39896127.31,-42796957.84750001,-36680964.7675,2304189.7875000015,1.5069930638312603,True,MEDIUM,ABOVE_EXPECTED,ROLLING_IQR,False,0.03962958814382633,True,MANAGEMENT_REVIEW
2024-07-01,operating_costs,Operating Costs,-39445524.07,-39636984.705,-43967687.061249994,-34527290.111250006,0.0,0.0,False,NORMAL,NORMAL,ROLLING_IQR,False,0.09251271890504542,False,NO_ACTION
2024-08-01,operating_costs,Operating Costs,-36831227.35,-39429520.835,-43031437.87375,-35089039.62375,0.0,0.0,False,NORMAL,NORMAL,ROLLING_IQR,False,0.058531431735014905,False,NO_ACTION
2024-09-01,operating_costs,Operating Costs,-40791526.84,-39341168.715,-42774009.21125,-35052090.14125001,0.0,0.0,False,NORMAL,NORMAL,ROLLING_IQR,False,0.09129580144492394,False,NO_ACTION
2024-10-01,operating_costs,Operating Costs,-43340234.45,-39429520.835,-43210881.63625,-34789966.68625001,-129352.81375000626,-0.06144359111476667,True,LOW,BELOW_EXPECTED,ROLLING_IQR,False,0.08129279340617718,True,MONITOR
2024-11-01,operating_costs,Operating Costs,-38867690.89,-39429520.835,-44147130.82374999,-34228217.17375001,0.0,0.0,False,NORMAL,NORMAL,ROLLING_IQR,False,0.07286834485626303,False,NO_ACTION
2024-12-01,operating_costs,Operating Costs,-40638245.65,-39140604.245000005,-43237862.92375,-34773777.91375001,0.0,0.0,False,NORMAL,NORMAL,ROLLING_IQR,False,0.08024766184123888,False,NO_ACTION
2025-01-01,operating_costs,Operating Costs,-42716546.93,-39429520.835,-44160087.11125,-34411850.08125,0.0,0.0,False,NORMAL,NORMAL,ROLLING_IQR,False,0.06205984059101516,False,NO_ACTION
2025-02-01,operating_costs,Operating Costs,-35157952.89,-39429520.835,-44590256.41749999,-34153748.4975,0.0,0.0,False,NORMAL,NORMAL,ROLLING_IQR,False,0.06037714550989781,False,NO_ACTION
2025-03-01,operating_costs,Operating Costs,-40180225.25,-39429520.835,-45026891.76249999,-33426022.922500014,0.0,0.0,False,NORMAL,NORMAL,ROLLING_IQR,False,0.07758807507321386,False,NO_ACTION
2025-04-01,operating_costs,Operating Costs,-40153451.26,-39688663.44,-45026891.76249999,-33426022.922500014,0.0,0.0,False,NORMAL,NORMAL,ROLLING_IQR,False,0.07360711805922815,False,NO_ACTION
2025-05-01,operating_costs,Operating Costs,-38978111.51,-40042627.035,-44153552.36124999,-34881588.59125001,0.0,0.0,False,NORMAL,NORMAL,ROLLING_IQR,False,0.08135197437608027,False,NO_ACTION
2025-06-01,operating_costs,Operating Costs,-39118940.69,-39799487.665,-44153552.36124999,-34881588.59125001,0.0,0.0,False,NORMAL,NORMAL,ROLLING_IQR,False,0.06359060959895407,False,NO_ACTION
2025-07-01,operating_costs,Operating Costs,-44403005.7,-39799487.665,-43265655.33625,-36361416.966249995,-1137350.3637500033,-0.6589287928945029,True,LOW,BELOW_EXPECTED,ROLLING_IQR,True,-0.15503845541382333,True,MONITOR
2025-08-01,operating_costs,Operating Costs,-38144710.91,-40166838.254999995,-44756195.123750016,-35467093.093749985,0.0,0.0,False,NORMAL,NORMAL,ROLLING_IQR,False,0.03168337908065416,False,NO_ACTION
2025-09-01,operating_costs,Operating Costs,-40232429.43,-40166838.254999995,-44756195.123750016,-35467093.093749985,0.0,0.0,False,NORMAL,NORMAL,ROLLING_IQR,False,0.06677933147899529,False,NO_ACTION
2025-10-01,operating_costs,Operating Costs,-40133649.8,-40166838.254999995,-44468792.8925,-35639534.43249999,0.0,0.0,False,NORMAL,NORMAL,ROLLING_IQR,False,0.06394137587617449,False,NO_ACTION
2025-11-01,operating_costs,Operating Costs,-37221575.71,-40143550.53,-42408949.18000001,-36875440.66,0.0,0.0,False,NORMAL,NORMAL,ROLLING_IQR,False,0.01848356059384615,False,NO_ACTION
2025-12-01,operating_costs,Operating Costs,-42526185.23,-40143550.53,-42680066.6725,-36423578.1725,0.0,0.0,False,NORMAL,NORMAL,ROLLING_IQR,True,-0.026689196548688066,True,MONITOR
2026-01-01,operating_costs,Operating Costs,-43345420.01,-40143550.53,-43860028.90999999,-35715600.830000006,0.0,0.0,False,NORMAL,NORMAL,ROLLING_IQR,False,0.03822359288506344,False,NO_ACTION
2026-02-01,operating_costs,Operating Costs,-36543014.98,-40143550.53,-43860028.90999999,-35715600.830000006,0.0,0.0,False,NORMAL,NORMAL,ROLLING_IQR,False,0.037118149939731115,False,NO_ACTION
2026-03-01,operating_costs,Operating Costs,-42107120.87,-40143550.53,-43860028.90999999,-35715600.830000006,0.0,0.0,False,NORMAL,NORMAL,ROLLING_IQR,False,0.024625436371036313,False,NO_ACTION
2026-04-01,operating_costs,Operating Costs,-38744533.56,-40143550.53,-47375075.359999985,-33606572.96000001,0.0,0.0,False,NORMAL,NORMAL,ROLLING_IQR,False,0.03480241037795001,False,NO_ACTION
2026-05-01,operating_costs,Operating Costs,-35219439.52,-39626295.245,-47637850.55374998,-33168614.303750012,0.0,0.0,False,NORMAL,NORMAL,ROLLING_IQR,True,-0.045476727719187204,True,MONITOR
2026-06-01,operating_costs,Operating Costs,-42734507.23,-39626295.245,-48658826.734999985,-31466987.33500001,0.0,0.0,False,NORMAL,NORMAL,ROLLING_IQR,True,-0.0016832267083946029,True,MONITOR
2026-07-01,operating_costs,Operating Costs,-42249989.85,-40183039.614999995,-49574773.66,-30917419.180000003,0.0,0.0,False,NORMAL,NORMAL,ROLLING_IQR,False,0.0282425927424787,False,NO_ACTION
2026-08-01,operating_costs,Operating Costs,-9391111.06,-40183039.614999995,-48926706.072500005,-31306259.732499998,21915148.6725,4.974936105392661,True,CRITICAL,ABOVE_EXPECTED,ROLLING_IQR,True,-0.30675555531801435,True,IMMEDIATE_REVIEW
2021-01-01,ebitda,EBITDA,-260070325.05,,,,0.0,0.0,False,NORMAL,NORMAL,ROLLING_IQR,True,-0.07932225402086268,True,MONITOR
2021-02-01,ebitda,EBITDA,-260247719.44,,,,0.0,0.0,False,NORMAL,NORMAL,ROLLING_IQR,True,-0.10748311428161883,True,MONITOR
2021-03-01,ebitda,EBITDA,-228296070.0,,,,0.0,0.0,False,NORMAL,NORMAL,ROLLING_IQR,True,-0.013662675506236788,True,MONITOR
2021-04-01,ebitda,EBITDA,-66242093.54,,,,0.0,0.0,False,NORMAL,NORMAL,ROLLING_IQR,False,0.00858255862085433,False,NO_ACTION
2021-05-01,ebitda,EBITDA,-127720058.83,,,,0.0,0.0,False,NORMAL,NORMAL,ROLLING_IQR,False,0.04106910648197565,False,NO_ACTION
2021-06-01,ebitda,EBITDA,-156928506.59,,,,0.0,0.0,False,NORMAL,NORMAL,ROLLING_IQR,False,0.058604786217531846,False,NO_ACTION
2021-07-01,ebitda,EBITDA,-160383077.65,-192612288.29500002,-427783647.06375,40634715.006249994,0.0,0.0,False,NORMAL,NORMAL,ROLLING_IQR,False,0.03778857677718811,False,NO_ACTION
2021-08-01,ebitda,EBITDA,-58121752.51,-160383077.65,-396971569.7475,10464089.512499988,0.0,0.0,False,NORMAL,NORMAL,ROLLING_IQR,False,0.034149293290063165,False,NO_ACTION
2021-09-01,ebitda,EBITDA,-164427343.49,-158655792.12,-422073233.145,73483031.875,0.0,0.0,False,NORMAL,NORMAL,ROLLING_IQR,False,0.06975701067799739,False,NO_ACTION
2021-10-01,ebitda,EBITDA,-136624532.92,-160383077.65,-379160086.755,23143957.924999997,0.0,0.0,False,NORMAL,NORMAL,ROLLING_IQR,False,0.038023030753778886,False,NO_ACTION
2021-11-01,ebitda,EBITDA,-91637971.93,-158655792.12,-335902954.90250003,-6372110.822499976,0.0,0.0,False,NORMAL,NORMAL,ROLLING_IQR,False,0.06303103990942027,False,NO_ACTION
2021-12-01,ebitda,EBITDA,-147177309.95,-156928506.59,-326385743.7925,20345021.66750002,0.0,0.0,False,NORMAL,NORMAL,ROLLING_IQR,False,0.03170592636364894,False,NO_ACTION
2022-01-01,ebitda,EBITDA,-53172301.59,-152052908.26999998,-272937007.13625,-26157055.086249992,0.0,0.0,False,NORMAL,NORMAL,ROLLING_IQR,True,-0.005840284759335068,True,MONITOR
2022-02-01,ebitda,EBITDA,-54658507.81,-141900921.435,-275551856.77625,28868710.333749995,0.0,0.0,False,NORMAL,NORMAL,ROLLING_IQR,False,0.0530323537890936,False,NO_ACTION
2022-03-01,ebitda,EBITDA,-267488958.43,-132172295.875,-298162360.96375006,76158203.32625005,0.0,0.0,False,NORMAL,NORMAL,ROLLING_IQR,False,0.004071874688991672,False,NO_ACTION
2022-04-01,ebitda,EBITDA,-150523403.76,-132172295.875,-298162360.96375006,76158203.32625005,0.0,0.0,False,NORMAL,NORMAL,ROLLING_IQR,False,0.08307895864322135,False,NO_ACTION
2022-05-01,ebitda,EBITDA,-77778746.04,-141900921.435,-269591997.77500004,28540931.345000014,0.0,0.0,False,NORMAL,NORMAL,ROLLING_IQR,False,0.07213256976998916,False,NO_ACTION
2022-06-01,ebitda,EBITDA,-220750862.95,-141900921.435,-285183626.90125006,54526979.88875003,0.0,0.0,False,NORMAL,NORMAL,ROLLING_IQR,False,0.052872141345504164,False,NO_ACTION
2022-07-01,ebitda,EBITDA,-205336329.72,-141900921.435,-294188613.78875005,59929972.021250024,0.0,0.0,False,NORMAL,NORMAL,ROLLING_IQR,False,0.03293124420878918,False,NO_ACTION
2022-08-01,ebitda,EBITDA,-354958132.73,-141900921.435,-327339728.63250005,79820640.92750004,-27618404.097499967,-0.27132703634536864,True,LOW,BELOW_EXPECTED,ROLLING_IQR,True,-0.07357760298503868,True,MONITOR
2022-09-01,ebitda,EBITDA,-65016285.79,-148850356.855,-390715159.3825,93352030.89749998,0.0,0.0,False,NORMAL,NORMAL,ROLLING_IQR,False,0.05005372753067916,False,NO_ACTION
2022-10-01,ebitda,EBITDA,-90138196.12,-141900921.435,-411092711.1025,127314617.09750001,0.0,0.0,False,NORMAL,NORMAL,ROLLING_IQR,False,0.03855702253685339,False,NO_ACTION
2022-11-01,ebitda,EBITDA,-167772020.69,-119407640.94,-411092711.1025,127314617.09750001,0.0,0.0,False,NORMAL,NORMAL,ROLLING_IQR,False,0.03594361776527799,False,NO_ACTION
2022-12-01,ebitda,EBITDA,-84409988.35,-148850356.855,-411092711.1025,127314617.09750001,0.0,0.0,False,NORMAL,NORMAL,ROLLING_IQR,False,0.08354273005944457,False,NO_ACTION
2023-01-01,ebitda,EBITDA,-133863406.0,-120330799.94,-411092711.1025,127314617.09750001,0.0,0.0,False,NORMAL,NORMAL,ROLLING_IQR,False,0.09424354978839256,False,NO_ACTION
2023-02-01,ebitda,EBITDA,-209256148.74,-142193404.88,-398846640.91,106904500.11000003,0.0,0.0,False,NORMAL,NORMAL,ROLLING_IQR,False,0.05544799663594313,False,NO_ACTION
2023-03-01,ebitda,EBITDA,-75846105.66,-159147712.225,-397265351.96500003,96429380.495,0.0,0.0,False,NORMAL,NORMAL,ROLLING_IQR,False,0.07008671249339127,False,NO_ACTION
2023-04-01,ebitda,EBITDA,-200908124.58,-142193404.88,-391662444.52875,102593982.28125001,0.0,0.0,False,NORMAL,NORMAL,ROLLING_IQR,False,0.0006811716247240862,False,NO_ACTION
2023-05-01,ebitda,EBITDA,-101167274.94,-150817713.345,-391662444.52875,102593982.28125001,0.0,0.0,False,NORMAL,NORMAL,ROLLING_IQR,False,0.07301072577856221,False,NO_ACTION
2023-06-01,ebitda,EBITDA,-164825915.53,-150817713.345,-382731494.92125,87709066.26874995,0.0,0.0,False,NORMAL,NORMAL,ROLLING_IQR,False,0.06436279359129177,False,NO_ACTION
2023-07-01,ebitda,EBITDA,-141205157.49,-149344660.765,-371978723.39625,81257403.35374999,0.0,0.0,False,NORMAL,NORMAL,ROLLING_IQR,False,0.08701561554274434,False,NO_ACTION
2023-08-01,ebitda,EBITDA,-135245774.71,-137534281.745,-307080900.39,42318709.54999997,0.0,0.0,False,NORMAL,NORMAL,ROLLING_IQR,False,0.054450531380980716,False,NO_ACTION
2023-09-01,ebitda,EBITDA,-130274045.96,-134554590.35500002,-280846888.28374994,26578302.286249965,0.0,0.0,False,NORMAL,NORMAL,ROLLING_IQR,False,0.09184206313974247,False,NO_ACTION
2023-10-01,ebitda,EBITDA,-67242573.74,-134554590.35500002,-266291096.6975,2318649.642499998,0.0,0.0,False,NORMAL,NORMAL,ROLLING_IQR,False,0.08920058174859385,False,NO_ACTION
2023-11-01,ebitda,EBITDA,-278721057.34,-134554590.35500002,-268439174.61125,5898779.498750016,-10281882.72874999,-0.14991557055393526,True,LOW,BELOW_EXPECTED,ROLLING_IQR,False,0.012550538976568604,True,MONITOR
2023-12-01,ebitda,EBITDA,-85705686.84,-134554590.35500002,-289149239.5425001,18324818.457500055,0.0,0.0,False,NORMAL,NORMAL,ROLLING_IQR,False,0.0862595582707249,False,NO_ACTION
2024-01-01,ebitda,EBITDA,-203847830.36,-134554590.35500002,-288663352.60875005,17515006.90125005,0.0,0.0,False,NORMAL,NORMAL,ROLLING_IQR,False,0.07884749041823763,False,NO_ACTION
2024-02-01,ebitda,EBITDA,-72058559.36,-138225466.10000002,-358154810.69000006,59209881.75000003,0.0,0.0,False,NORMAL,NORMAL,ROLLING_IQR,False,0.09289702946895889,False,NO_ACTION
2024-03-01,ebitda,EBITDA,-146206731.22,-132759910.33500001,-309754982.16375005,52667722.82625003,0.0,0.0,False,NORMAL,NORMAL,ROLLING_IQR,False,0.08522423880495245,False,NO_ACTION
2024-04-01,ebitda,EBITDA,-234028313.02,-138225466.10000002,-288663352.60875005,17515006.90125005,0.0,0.0,False,NORMAL,NORMAL,ROLLING_IQR,False,0.06274329877652207,False,NO_ACTION
2024-05-01,ebitda,EBITDA,-147888224.15,-138225466.10000002,-290500668.72125006,18617396.56875004,0.0,0.0,False,NORMAL,NORMAL,ROLLING_IQR,False,0.08530739450438446,False,NO_ACTION
2024-06-01,ebitda,EBITDA,-212173463.8,-143705944.35500002,-257755551.32375005,-35957799.093749955,0.0,0.0,False,NORMAL,NORMAL,ROLLING_IQR,False,0.03962958814382633,False,NO_ACTION
2024-07-01,ebitda,EBITDA,-151293570.5,-143705944.35500002,-336125162.5300001,11063967.63000007,0.0,0.0,False,NORMAL,NORMAL,ROLLING_IQR,False,0.09251271890504542,False,NO_ACTION
2024-08-01,ebitda,EBITDA,-82276126.91,-147047477.685,-336125162.5300001,11063967.63000007,0.0,0.0,False,NORMAL,NORMAL,ROLLING_IQR,False,0.058531431735014905,False,NO_ACTION
2024-09-01,ebitda,EBITDA,-65365954.66,-147047477.685,-387550651.5137501,96773115.93625005,0.0,0.0,False,NORMAL,NORMAL,ROLLING_IQR,False,0.09129580144492394,False,NO_ACTION
2024-10-01,ebitda,EBITDA,-165436982.63,-147047477.685,-395240494.2662501,109589520.52375005,0.0,0.0,False,NORMAL,NORMAL,ROLLING_IQR,False,0.08129279340617718,False,NO_ACTION
2024-11-01,ebitda,EBITDA,-95355153.93,-149590897.325,-387550651.5137501,96773115.93625005,0.0,0.0,False,NORMAL,NORMAL,ROLLING_IQR,False,0.07286834485626303,False,NO_ACTION
2024-12-01,ebitda,EBITDA,-84370933.87,-147047477.685,-310326791.12,50438799.7,0.0,0.0,False,NORMAL,NORMAL,ROLLING_IQR,False,0.08024766184123888,False,NO_ACTION
2025-01-01,ebitda,EBITDA,-162094367.12,-147047477.685,-311828388.21125,52941461.51875001,0.0,0.0,False,NORMAL,NORMAL,ROLLING_IQR,False,0.06205984059101516,False,NO_ACTION
2025-02-01,ebitda,EBITDA,-169779585.63,-147047477.685,-281554204.29875004,34776951.171250015,0.0,0.0,False,NORMAL,NORMAL,ROLLING_IQR,False,0.06037714550989781,False,NO_ACTION
2025-03-01,ebitda,EBITDA,-52491567.7,-149590897.325,-277392935.0775,18261202.782499984,0.0,0.0,False,NORMAL,NORMAL,ROLLING_IQR,False,0.07758807507321386,False,NO_ACTION
2025-04-01,ebitda,EBITDA,-152596217.58,-149590897.325,-290535735.255,40165869.745000005,0.0,0.0,False,NORMAL,NORMAL,ROLLING_IQR,False,0.07360711805922815,False,NO_ACTION
2025-05-01,ebitda,EBITDA,-64518280.8,-149590897.325,-281554204.29875004,34776951.171250015,0.0,0.0,False,NORMAL,NORMAL,ROLLING_IQR,False,0.08135197437608027,False,NO_ACTION
2025-06-01,ebitda,EBITDA,-53616367.04,-123324362.215,-290252176.7225,49273571.87750001,0.0,0.0,False,NORMAL,NORMAL,ROLLING_IQR,False,0.06359060959895407,False,NO_ACTION
2025-07-01,ebitda,EBITDA,-385222000.44,-89863043.9,-289695833.12,69571041.96000004,-95526167.32,-1.063567770323703,True,LOW,BELOW_EXPECTED,ROLLING_IQR,True,-0.15503845541382333,True,MONITOR
2025-08-01,ebitda,EBITDA,-100876312.41,-89863043.9,-309593998.20125,81509941.00875002,0.0,0.0,False,NORMAL,NORMAL,ROLLING_IQR,False,0.03168337908065416,False,NO_ACTION
2025-09-01,ebitda,EBITDA,-93900567.07,-98115733.17,-309593998.20125,81509941.00875002,0.0,0.0,False,NORMAL,NORMAL,ROLLING_IQR,False,0.06677933147899529,False,NO_ACTION
2025-10-01,ebitda,EBITDA,-96300822.22,-98115733.17,-288213396.59000003,45875604.989999995,0.0,0.0,False,NORMAL,NORMAL,ROLLING_IQR,False,0.06394137587617449,False,NO_ACTION
2025-11-01,ebitda,EBITDA,-143525888.08,-95827988.075,-268315231.50875,33936705.94124998,0.0,0.0,False,NORMAL,NORMAL,ROLLING_IQR,False,0.01848356059384615,False,NO_ACTION
2025-12-01,ebitda,EBITDA,-202050170.44,-98588567.315,-268315231.50875,33936705.94124998,0.0,0.0,False,NORMAL,NORMAL,ROLLING_IQR,True,-0.026689196548688066,True,MONITOR
2026-01-01,ebitda,EBITDA,-51316678.78,-122201100.245,-280206686.115,29636018.86500001,0.0,0.0,False,NORMAL,NORMAL,ROLLING_IQR,False,0.03822359288506344,False,NO_ACTION
2026-02-01,ebitda,EBITDA,-45407478.17,-98588567.315,-299540945.44124997,80856083.48875,0.0,0.0,False,NORMAL,NORMAL,ROLLING_IQR,False,0.037118149939731115,False,NO_ACTION
2026-03-01,ebitda,EBITDA,-53051996.74,-95100694.645,-284480925.33000004,85352287.67000003,0.0,0.0,False,NORMAL,NORMAL,ROLLING_IQR,False,0.024625436371036313,False,NO_ACTION
2026-04-01,ebitda,EBITDA,-48504506.74,-95100694.645,-284270764.44000006,85002019.52000001,0.0,0.0,False,NORMAL,NORMAL,ROLLING_IQR,False,0.03480241037795001,False,NO_ACTION
2026-05-01,ebitda,EBITDA,-42851694.02,-79209423.935,-199919514.94375002,35762641.36625001,0.0,0.0,False,NORMAL,NORMAL,ROLLING_IQR,True,-0.045476727719187204,True,MONITOR
2026-06-01,ebitda,EBITDA,-51569579.63,-73758467.05499999,-202926312.16375,40773970.06624999,0.0,0.0,False,NORMAL,NORMAL,ROLLING_IQR,True,-0.0016832267083946029,True,MONITOR
2026-07-01,ebitda,EBITDA,-50005151.41,-73476281.905,-202926312.16375,40773970.06624999,0.0,0.0,False,NORMAL,NORMAL,ROLLING_IQR,False,0.0282425927424787,False,NO_ACTION
2026-08-01,ebitda,EBITDA,-11583730.96,-52310788.185,-169166751.555,22092066.544999994,0.0,0.0,False,NORMAL,NORMAL,ROLLING_IQR,True,-0.30675555531801435,True,MONITOR
2021-01-01,net_profit,Net Profit,-277645817.88,,,,0.0,0.0,False,NORMAL,NORMAL,ROLLING_IQR,True,-0.07932225402086268,True,MONITOR
2021-02-01,net_profit,Net Profit,-282529855.98,,,,0.0,0.0,False,NORMAL,NORMAL,ROLLING_IQR,True,-0.10748311428161883,True,MONITOR
2021-03-01,net_profit,Net Profit,-258809270.51,,,,0.0,0.0,False,NORMAL,NORMAL,ROLLING_IQR,True,-0.013662675506236788,True,MONITOR
2021-04-01,net_profit,Net Profit,-83187645.21,,,,0.0,0.0,False,NORMAL,NORMAL,ROLLING_IQR,False,0.00858255862085433,False,NO_ACTION
2021-05-01,net_profit,Net Profit,-139479566.55,,,,0.0,0.0,False,NORMAL,NORMAL,ROLLING_IQR,False,0.04106910648197565,False,NO_ACTION
2021-06-01,net_profit,Net Profit,-173505136.57,,,,0.0,0.0,False,NORMAL,NORMAL,ROLLING_IQR,False,0.058604786217531846,False,NO_ACTION
2021-07-01,net_profit,Net Profit,-164809654.02,-216157203.54,-460362764.01125,39440123.91875002,0.0,0.0,False,NORMAL,NORMAL,ROLLING_IQR,False,0.03778857677718811,False,NO_ACTION
2021-08-01,net_profit,Net Profit,-69690408.92,-173505136.57,-442351945.05999994,21979790.579999924,0.0,0.0,False,NORMAL,NORMAL,ROLLING_IQR,False,0.034149293290063165,False,NO_ACTION
2021-09-01,net_profit,Net Profit,-184849114.96,-169157395.29500002,-470686139.05875,81761145.49124998,0.0,0.0,False,NORMAL,NORMAL,ROLLING_IQR,False,0.06975701067799739,False,NO_ACTION
2021-10-01,net_profit,Net Profit,-145568194.22,-173505136.57,-437803826.4499999,39514989.389999956,0.0,0.0,False,NORMAL,NORMAL,ROLLING_IQR,False,0.038023030753778886,False,NO_ACTION
2021-11-01,net_profit,Net Profit,-111865927.42,-169157395.29500002,-389295493.855,7974538.7650000155,0.0,0.0,False,NORMAL,NORMAL,ROLLING_IQR,False,0.06303103990942027,False,NO_ACTION
2021-12-01,net_profit,Net Profit,-156088464.46,-164809654.02,-366063861.36,18561921.639999986,0.0,0.0,False,NORMAL,NORMAL,ROLLING_IQR,False,0.03170592636364894,False,NO_ACTION
2022-01-01,net_profit,Net Profit,-61488863.86,-160449059.24,-309483649.4675,-26431661.14750004,0.0,0.0,False,NORMAL,NORMAL,ROLLING_IQR,True,-0.005840284759335068,True,MONITOR
2022-02-01,net_profit,Net Profit,-64233722.29,-150828329.34,-283808292.61749995,2770804.582499966,0.0,0.0,False,NORMAL,NORMAL,ROLLING_IQR,False,0.0530323537890936,False,NO_ACTION
2022-03-01,net_profit,Net Profit,-280359415.7,-142523880.385,-297738807.4375,50941946.64250003,0.0,0.0,False,NORMAL,NORMAL,ROLLING_IQR,False,0.004071874688991672,False,NO_ACTION
2022-04-01,net_profit,Net Profit,-160909698.42,-142523880.385,-297738807.4375,50941946.64250003,0.0,0.0,False,NORMAL,NORMAL,ROLLING_IQR,False,0.08307895864322135,False,NO_ACTION
2022-05-01,net_profit,Net Profit,-89668289.93,-150828329.34,-265475739.95125,-2829832.5012500137,0.0,0.0,False,NORMAL,NORMAL,ROLLING_IQR,False,0.07213256976998916,False,NO_ACTION
2022-06-01,net_profit,Net Profit,-228570266.88,-150828329.34,-290448082.1275,38790737.792499974,0.0,0.0,False,NORMAL,NORMAL,ROLLING_IQR,False,0.052872141345504164,False,NO_ACTION
2022-07-01,net_profit,Net Profit,-220422008.42,-150828329.34,-297538068.62125,43044729.68874997,0.0,0.0,False,NORMAL,NORMAL,ROLLING_IQR,False,0.03293124420878918,False,NO_ACTION
2022-08-01,net_profit,Net Profit,-392267277.15,-150828329.34,-357345116.29625,78928958.29374996,-34922160.85374999,-0.3201855245381611,True,LOW,BELOW_EXPECTED,ROLLING_IQR,True,-0.07357760298503868,True,MONITOR
2022-09-01,net_profit,Net Profit,-87673278.09,-158499081.44,-396672905.51625,67897314.43374999,0.0,0.0,False,NORMAL,NORMAL,ROLLING_IQR,False,0.05005372753067916,False,NO_ACTION
2022-10-01,net_profit,Net Profit,-111050628.51,-150828329.34,-422393377.1325,110764767.1275,0.0,0.0,False,NORMAL,NORMAL,ROLLING_IQR,False,0.03855702253685339,False,NO_ACTION
2022-11-01,net_profit,Net Profit,-197320685.84,-133977195.94,-422393377.1325,110764767.1275,0.0,0.0,False,NORMAL,NORMAL,ROLLING_IQR,False,0.03594361776527799,False,NO_ACTION
2022-12-01,net_profit,Net Profit,-105731754.4,-158499081.44,-422393377.1325,110764767.1275,0.0,0.0,False,NORMAL,NORMAL,ROLLING_IQR,False,0.08354273005944457,False,NO_ACTION
2023-01-01,net_profit,Net Profit,-142991606.58,-135980163.465,-422393377.1325,110764767.1275,0.0,0.0,False,NORMAL,NORMAL,ROLLING_IQR,False,0.09424354978839256,False,NO_ACTION
2023-02-01,net_profit,Net Profit,-223474866.27,-151950652.5,-403573850.16375,79398888.84625,0.0,0.0,False,NORMAL,NORMAL,ROLLING_IQR,False,0.05544799663594313,False,NO_ACTION
2023-03-01,net_profit,Net Profit,-87708188.26,-179115192.13,-397290426.08250004,62820799.677500024,0.0,0.0,False,NORMAL,NORMAL,ROLLING_IQR,False,0.07008671249339127,False,NO_ACTION
2023-04-01,net_profit,Net Profit,-225906683.79,-151950652.5,-400389224.78249997,77488113.61749998,0.0,0.0,False,NORMAL,NORMAL,ROLLING_IQR,False,0.0006811716247240862,False,NO_ACTION
2023-05-01,net_profit,Net Profit,-112250815.16,-170156146.21,-407633219.20125,81834510.26875001,0.0,0.0,False,NORMAL,NORMAL,ROLLING_IQR,False,0.07301072577856221,False,NO_ACTION
2023-06-01,net_profit,Net Profit,-191377938.85,-170156146.21,-395625686.65125,61821956.01875,0.0,0.0,False,NORMAL,NORMAL,ROLLING_IQR,False,0.06436279359129177,False,NO_ACTION
2023-07-01,net_profit,Net Profit,-167151200.6,-167184772.715,-388381692.23249996,57475559.36749999,0.0,0.0,False,NORMAL,NORMAL,ROLLING_IQR,False,0.08701561554274434,False,NO_ACTION
2023-08-01,net_profit,Net Profit,-144429205.81,-155071403.59,-345066712.395,31486571.46499999,0.0,0.0,False,NORMAL,NORMAL,ROLLING_IQR,False,0.054450531380980716,False,NO_ACTION
2023-09-01,net_profit,Net Profit,-173172935.63,-143710406.195,-317577699.02,14993163.439999983,0.0,0.0,False,NORMAL,NORMAL,ROLLING_IQR,False,0.09184206313974247,False,NO_ACTION
2023-10-01,net_profit,Net Profit,-92896523.64,-155790203.20499998,-314232911.2475,9418517.152499989,0.0,0.0,False,NORMAL,NORMAL,ROLLING_IQR,False,0.08920058174859385,False,NO_ACTION
2023-11-01,net_profit,Net Profit,-294695247.7,-155790203.20499998,-316227489.03875,12742813.471249998,0.0,0.0,False,NORMAL,NORMAL,ROLLING_IQR,False,0.012550538976568604,False,NO_ACTION
2023-12-01,net_profit,Net Profit,-105904956.92,-155790203.20499998,-332573851.80749995,22550631.132499978,0.0,0.0,False,NORMAL,NORMAL,ROLLING_IQR,False,0.0862595582707249,False,NO_ACTION
2024-01-01,net_profit,Net Profit,-220086060.93,-155790203.20499998,-332508900.86249995,22442379.55749999,0.0,0.0,False,NORMAL,NORMAL,ROLLING_IQR,False,0.07884749041823763,False,NO_ACTION
2024-02-01,net_profit,Net Profit,-89577376.09,-170162068.115,-386336629.76250005,54739016.89750004,0.0,0.0,False,NORMAL,NORMAL,ROLLING_IQR,False,0.09289702946895889,False,NO_ACTION
2024-03-01,net_profit,Net Profit,-164794906.9,-155790203.20499998,-342408150.52500004,41200332.55500004,0.0,0.0,False,NORMAL,NORMAL,ROLLING_IQR,False,0.08522423880495245,False,NO_ACTION
2024-04-01,net_profit,Net Profit,-264893991.8,-165973053.75,-330390897.52500004,21171577.555000022,0.0,0.0,False,NORMAL,NORMAL,ROLLING_IQR,False,0.06274329877652207,False,NO_ACTION
2024-05-01,net_profit,Net Profit,-170486262.71,-165973053.75,-330390897.52500004,21171577.555000022,0.0,0.0,False,NORMAL,NORMAL,ROLLING_IQR,False,0.08530739450438446,False,NO_ACTION
2024-06-01,net_profit,Net Profit,-225804337.79,-168818731.655,-294190208.04375,-39162904.91375001,0.0,0.0,False,NORMAL,NORMAL,ROLLING_IQR,False,0.03962958814382633,False,NO_ACTION
2024-07-01,net_profit,Net Profit,-167111602.45,-168818731.655,-351591859.98125005,-4721913.751249999,0.0,0.0,False,NORMAL,NORMAL,ROLLING_IQR,False,0.09251271890504542,False,NO_ACTION
2024-08-01,net_profit,Net Profit,-112739903.6,-168798932.57999998,-351591859.98125005,-4721913.751249999,0.0,0.0,False,NORMAL,NORMAL,ROLLING_IQR,False,0.058531431735014905,False,NO_ACTION
2024-09-01,net_profit,Net Profit,-76121050.49,-168798932.57999998,-387242324.96750003,54695527.89250003,0.0,0.0,False,NORMAL,NORMAL,ROLLING_IQR,False,0.09129580144492394,False,NO_ACTION
2024-10-01,net_profit,Net Profit,-179205778.83,-165953254.675,-399809802.46250004,75641323.71750003,0.0,0.0,False,NORMAL,NORMAL,ROLLING_IQR,False,0.08129279340617718,False,NO_ACTION
2024-11-01,net_profit,Net Profit,-123659217.18,-168798932.57999998,-387242324.96750003,54695527.89250003,0.0,0.0,False,NORMAL,NORMAL,ROLLING_IQR,False,0.07286834485626303,False,NO_ACTION
2024-12-01,net_profit,Net Profit,-93047826.29,-165953254.675,-307017872.99250007,6560856.707500055,0.0,0.0,False,NORMAL,NORMAL,ROLLING_IQR,False,0.08024766184123888,False,NO_ACTION
2025-01-01,net_profit,Net Profit,-175252133.94,-165953254.675,-311839296.97875005,14596563.351250038,0.0,0.0,False,NORMAL,NORMAL,ROLLING_IQR,False,0.06205984059101516,False,NO_ACTION
2025-02-01,net_profit,Net Profit,-200267995.06,-165953254.675,-278876036.4975,-5181392.937499985,0.0,0.0,False,NORMAL,NORMAL,ROLLING_IQR,False,0.06037714550989781,False,NO_ACTION
2025-03-01,net_profit,Net Profit,-94965100.6,-168798932.57999998,-279784249.04125005,-25616472.631249964,0.0,0.0,False,NORMAL,NORMAL,ROLLING_IQR,False,0.07758807507321386,False,NO_ACTION
2025-04-01,net_profit,Net Profit,-176821876.36,-168798932.57999998,-298734027.94375,5966492.206250042,0.0,0.0,False,NORMAL,NORMAL,ROLLING_IQR,False,0.07360711805922815,False,NO_ACTION
2025-05-01,net_profit,Net Profit,-76609734.48,-168798932.57999998,-281100325.66875005,-4613729.158749953,0.0,0.0,False,NORMAL,NORMAL,ROLLING_IQR,False,0.08135197437608027,False,NO_ACTION
2025-06-01,net_profit,Net Profit,-73460623.89,-145385409.815,-301815956.9100001,29912322.91000004,0.0,0.0,False,NORMAL,NORMAL,ROLLING_IQR,False,0.06359060959895407,False,NO_ACTION
2025-07-01,net_profit,Net Profit,-395788392.02,-118199560.39,-305703968.85625005,41121095.97375001,-90084423.16374993,-1.038960932167988,True,LOW,BELOW_EXPECTED,ROLLING_IQR,True,-0.15503845541382333,True,MONITOR
2025-08-01,net_profit,Net Profit,-114192803.9,-118199560.39,-310137174.93750006,43781019.62250002,0.0,0.0,False,NORMAL,NORMAL,ROLLING_IQR,False,0.03168337908065416,False,NO_ACTION
2025-09-01,net_profit,Net Profit,-107560561.48,-118926010.54,-310137174.93750006,43781019.62250002,0.0,0.0,False,NORMAL,NORMAL,ROLLING_IQR,False,0.06677933147899529,False,NO_ACTION
2025-10-01,net_profit,Net Profit,-118431591.2,-118926010.54,-301815956.9100001,29912322.91000004,0.0,0.0,False,NORMAL,NORMAL,ROLLING_IQR,False,0.06394137587617449,False,NO_ACTION
2025-11-01,net_profit,Net Profit,-152276963.62,-116312197.55000001,-297382750.82875,27252399.261250034,0.0,0.0,False,NORMAL,NORMAL,ROLLING_IQR,False,0.01848356059384615,False,NO_ACTION
2025-12-01,net_profit,Net Profit,-216194240.6,-116312197.55000001,-297382750.82875,27252399.261250034,0.0,0.0,False,NORMAL,NORMAL,ROLLING_IQR,True,-0.026689196548688066,True,MONITOR
2026-01-01,net_profit,Net Profit,-53749305.49,-135354277.41,-300090970.69750005,12995868.402500018,0.0,0.0,False,NORMAL,NORMAL,ROLLING_IQR,False,0.03822359288506344,False,NO_ACTION
2026-02-01,net_profit,Net Profit,-44120019.2,-116312197.55000001,-321144126.4825001,48084461.37750006,0.0,0.0,False,NORMAL,NORMAL,ROLLING_IQR,False,0.037118149939731115,False,NO_ACTION
2026-03-01,net_profit,Net Profit,-67808958.76,-110876682.69,-282299294.26375,48063645.626249984,0.0,0.0,False,NORMAL,NORMAL,ROLLING_IQR,False,0.024625436371036313,False,NO_ACTION
2026-04-01,net_profit,Net Profit,-59543522.64,-110876682.69,-287961418.10125005,57500518.68875001,0.0,0.0,False,NORMAL,NORMAL,ROLLING_IQR,False,0.03480241037795001,False,NO_ACTION
2026-05-01,net_profit,Net Profit,-52439116.89,-92085147.98,-218618436.16750002,25982902.132500008,0.0,0.0,False,NORMAL,NORMAL,ROLLING_IQR,True,-0.045476727719187204,True,MONITOR
2026-06-01,net_profit,Net Profit,-56862209.26,-90510592.685,-230089883.23375005,45101980.576250024,0.0,0.0,False,NORMAL,NORMAL,ROLLING_IQR,True,-0.0016832267083946029,True,MONITOR
2026-07-01,net_profit,Net Profit,-59369660.12,-87684760.12,-233106360.78625003,50129443.16375002,0.0,0.0,False,NORMAL,NORMAL,ROLLING_IQR,False,0.0282425927424787,False,NO_ACTION
2026-08-01,net_profit,Net Profit,-14587782.26,-63676240.7,-204005276.83625,32668792.793750018,0.0,0.0,False,NORMAL,NORMAL,ROLLING_IQR,True,-0.30675555531801435,True,MONITOR
2021-01-01,closing_cash,Closing Cash,26317810.49,,,,0.0,0.0,False,NORMAL,NORMAL,ROLLING_IQR,True,-0.07932225402086268,True,MONITOR
2021-02-01,closing_cash,Closing Cash,44231047.42,,,,0.0,0.0,False,NORMAL,NORMAL,ROLLING_IQR,True,-0.10748311428161883,True,MONITOR
2021-03-01,closing_cash,Closing Cash,68369894.73,,,,0.0,0.0,False,NORMAL,NORMAL,ROLLING_IQR,True,-0.013662675506236788,True,MONITOR
2021-04-01,closing_cash,Closing Cash,85663569.92,,,,0.0,0.0,False,NORMAL,NORMAL,ROLLING_IQR,False,0.00858255862085433,False,NO_ACTION
2021-05-01,closing_cash,Closing Cash,103260386.43,,,,0.0,0.0,False,NORMAL,NORMAL,ROLLING_IQR,False,0.04106910648197565,False,NO_ACTION
2021-06-01,closing_cash,Closing Cash,124641428.4,,,,0.0,0.0,False,NORMAL,NORMAL,ROLLING_IQR,False,0.058604786217531846,False,NO_ACTION
2021-07-01,closing_cash,Closing Cash,147560992.98,77016732.325,-22627375.33500001,171754316.88500002,0.0,0.0,False,NORMAL,NORMAL,ROLLING_IQR,False,0.03778857677718811,False,NO_ACTION
2021-08-01,closing_cash,Closing Cash,171094202.81,85663569.92,-30175183.435000002,200426561.925,0.0,0.0,False,NORMAL,NORMAL,ROLLING_IQR,False,0.034149293290063165,False,NO_ACTION
2021-09-01,closing_cash,Closing Cash,188841842.53,94461978.17500001,-39719022.06125,232425524.50875002,0.0,0.0,False,NORMAL,NORMAL,ROLLING_IQR,False,0.06975701067799739,False,NO_ACTION
2021-10-01,closing_cash,Closing Cash,213566381.84,103260386.43,-50416752.644999966,266347640.35499996,0.0,0.0,False,NORMAL,NORMAL,ROLLING_IQR,False,0.038023030753778886,False,NO_ACTION
2021-11-01,closing_cash,Closing Cash,231884317.25,113950907.415,-66083066.70999998,303987280.59,0.0,0.0,False,NORMAL,NORMAL,ROLLING_IQR,False,0.06303103990942027,False,NO_ACTION
2021-12-01,closing_cash,Closing Cash,252587912.34,124641428.4,-77410203.19250001,334394958.1875,0.0,0.0,False,NORMAL,NORMAL,ROLLING_IQR,False,0.03170592636364894,False,NO_ACTION
2022-01-01,closing_cash,Closing Cash,271483763.22,136101210.69,-89184088.23000002,365547216.71000004,0.0,0.0,False,NORMAL,NORMAL,ROLLING_IQR,True,-0.005840284759335068,True,MONITOR
2022-02-01,closing_cash,Closing Cash,292174107.79,159327597.89499998,-80065842.78249997,397072890.7775,0.0,0.0,False,NORMAL,NORMAL,ROLLING_IQR,False,0.0530323537890936,False,NO_ACTION
2022-03-01,closing_cash,Closing Cash,316370814.37,179968022.67000002,-57349904.265000015,413706288.19500005,0.0,0.0,False,NORMAL,NORMAL,ROLLING_IQR,False,0.004071874688991672,False,NO_ACTION
2022-04-01,closing_cash,Closing Cash,342293746.73,201204112.185,-31390058.002500057,430533034.89750004,0.0,0.0,False,NORMAL,NORMAL,ROLLING_IQR,False,0.08307895864322135,False,NO_ACTION
2022-05-01,closing_cash,Closing Cash,358748160.69,222725349.54500002,-1957273.1625000536,443824522.87750006,0.0,0.0,False,NORMAL,NORMAL,ROLLING_IQR,False,0.07213256976998916,False,NO_ACTION
2022-06-01,closing_cash,Closing Cash,376519759.96,242236114.79500002,13677404.847499996,468950812.1875,0.0,0.0,False,NORMAL,NORMAL,ROLLING_IQR,False,0.052872141345504164,False,NO_ACTION
2022-07-01,closing_cash,Closing Cash,399190791.03,262035837.78000003,34185796.34124991,496050998.13125014,0.0,0.0,False,NORMAL,NORMAL,ROLLING_IQR,False,0.03293124420878918,False,NO_ACTION
2022-08-01,closing_cash,Closing Cash,418652218.16,281828935.505,48651058.16374996,525061125.4537501,0.0,0.0,False,NORMAL,NORMAL,ROLLING_IQR,True,-0.07357760298503868,True,MONITOR
2022-09-01,closing_cash,Closing Cash,437487280.22,304272461.08000004,73743443.1575,536859630.9175,0.0,0.0,False,NORMAL,NORMAL,ROLLING_IQR,False,0.05005372753067916,False,NO_ACTION
2022-10-01,closing_cash,Closing Cash,450631168.47,329332280.55,93618224.65875015,555329093.5687499,0.0,0.0,False,NORMAL,NORMAL,ROLLING_IQR,False,0.03855702253685339,False,NO_ACTION
2022-11-01,closing_cash,Closing Cash,473749027.81,350520953.71000004,111419582.4000001,579638087.06,0.0,0.0,False,NORMAL,NORMAL,ROLLING_IQR,False,0.03594361776527799,False,NO_ACTION
2022-12-01,closing_cash,Closing Cash,493126069.57,367633960.325,140762618.80000004,592920002.6,0.0,0.0,False,NORMAL,NORMAL,ROLLING_IQR,False,0.08354273005944457,False,NO_ACTION
2023-01-01,closing_cash,Closing Cash,517000520.86,387855275.495,178372655.67624992,598213610.2462502,0.0,0.0,False,NORMAL,NORMAL,ROLLING_IQR,False,0.09424354978839256,False,NO_ACTION
2023-02-01,closing_cash,Closing Cash,535143377.21,408921504.595,201970443.04249996,609074747.4625001,0.0,0.0,False,NORMAL,NORMAL,ROLLING_IQR,False,0.05544799663594313,False,NO_ACTION
2023-03-01,closing_cash,Closing Cash,555873472.94,428069749.19000006,212302217.98124996,638367930.41125,0.0,0.0,False,NORMAL,NORMAL,ROLLING_IQR,False,0.07008671249339127,False,NO_ACTION
2023-04-01,closing_cash,Closing Cash,579833232.97,444059224.345,235165559.5675,657452156.0875,0.0,0.0,False,NORMAL,NORMAL,ROLLING_IQR,False,0.0006811716247240862,False,NO_ACTION
2023-05-01,closing_cash,Closing Cash,601941028.24,462190098.14,252162801.0225,683160295.3025,0.0,0.0,False,NORMAL,NORMAL,ROLLING_IQR,False,0.07301072577856221,False,NO_ACTION
2023-06-01,closing_cash,Closing Cash,619067536.61,483437548.69,271457435.04875004,701646980.79875,0.0,0.0,False,NORMAL,NORMAL,ROLLING_IQR,False,0.06436279359129177,False,NO_ACTION
2023-07-01,closing_cash,Closing Cash,640570968.44,505063295.21500003,275567871.5975001,733640737.7574999,0.0,0.0,False,NORMAL,NORMAL,ROLLING_IQR,False,0.08701561554274434,False,NO_ACTION
2023-08-01,closing_cash,Closing Cash,663959920.33,526071949.03499997,291883634.75625,761446110.00625,0.0,0.0,False,NORMAL,NORMAL,ROLLING_IQR,False,0.054450531380980716,False,NO_ACTION
2023-09-01,closing_cash,Closing Cash,682489123.93,545508425.075,311370539.82625,783133924.63625,0.0,0.0,False,NORMAL,NORMAL,ROLLING_IQR,False,0.09184206313974247,False,NO_ACTION
2023-10-01,closing_cash,Closing Cash,709424462.26,567853352.955,340914678.24250007,794560624.3625,0.0,0.0,False,NORMAL,NORMAL,ROLLING_IQR,False,0.08920058174859385,False,NO_ACTION
2023-11-01,closing_cash,Closing Cash,726995591.92,590887130.605,356891848.1875,820134021.3475001,0.0,0.0,False,NORMAL,NORMAL,ROLLING_IQR,False,0.012550538976568604,False,NO_ACTION
2023-12-01,closing_cash,Closing Cash,750819432.44,610504282.425,373839040.6737501,845444129.56375,0.0,0.0,False,NORMAL,NORMAL,ROLLING_IQR,False,0.0862595582707249,False,NO_ACTION
2024-01-01,closing_cash,Closing Cash,772587404.22,629819252.5250001,400773794.63750035,862292456.8374996,0.0,0.0,False,NORMAL,NORMAL,ROLLING_IQR,False,0.07884749041823763,False,NO_ACTION
2024-02-01,closing_cash,Closing Cash,789816811.79,652265444.385,420309331.5437501,889921992.5537498,0.0,0.0,False,NORMAL,NORMAL,ROLLING_IQR,False,0.09289702946895889,False,NO_ACTION
2024-03-01,closing_cash,Closing Cash,805796769.73,673224522.13,437537445.7187502,910200015.8487499,0.0,0.0,False,NORMAL,NORMAL,ROLLING_IQR,False,0.08522423880495245,False,NO_ACTION
2024-04-01,closing_cash,Closing Cash,821567057.22,695956793.095,453595638.1287502,937860897.7387499,0.0,0.0,False,NORMAL,NORMAL,ROLLING_IQR,False,0.06274329877652207,False,NO_ACTION
2024-05-01,closing_cash,Closing Cash,840383328.3,718210027.0899999,479939571.72500026,955067866.7449998,0.0,0.0,False,NORMAL,NORMAL,ROLLING_IQR,False,0.08530739450438446,False,NO_ACTION
2024-06-01,closing_cash,Closing Cash,856458586.94,738907512.1800001,503924355.66249996,967744268.6424999,0.0,0.0,False,NORMAL,NORMAL,ROLLING_IQR,False,0.03962958814382633,False,NO_ACTION
2024-07-01,closing_cash,Closing Cash,881626342.32,761703418.33,542117556.7900001,970312412.4899999,0.0,0.0,False,NORMAL,NORMAL,ROLLING_IQR,False,0.09251271890504542,False,NO_ACTION
2024-08-01,closing_cash,Closing Cash,897249291.87,781202108.005,567100336.2774999,981773598.2175,0.0,0.0,False,NORMAL,NORMAL,ROLLING_IQR,False,0.058531431735014905,False,NO_ACTION
2024-09-01,closing_cash,Closing Cash,916408030.47,797806790.76,595555466.335,993710148.935,0.0,0.0,False,NORMAL,NORMAL,ROLLING_IQR,False,0.09129580144492394,False,NO_ACTION
2024-10-01,closing_cash,Closing Cash,932357750.04,813681913.475,623737739.5100001,1006158197.5500001,0.0,0.0,False,NORMAL,NORMAL,ROLLING_IQR,False,0.08129279340617718,False,NO_ACTION
2024-11-01,closing_cash,Closing Cash,951113130.18,830975192.76,635475530.1825001,1035566009.4224999,0.0,0.0,False,NORMAL,NORMAL,ROLLING_IQR,False,0.07286834485626303,False,NO_ACTION
2024-12-01,closing_cash,Closing Cash,971213700.39,848420957.62,651445985.8325,1052394770.9324999,0.0,0.0,False,NORMAL,NORMAL,ROLLING_IQR,False,0.08024766184123888,False,NO_ACTION
2025-01-01,closing_cash,Closing Cash,985415401.41,869042464.6300001,663468022.8250003,1074551922.8849998,0.0,0.0,False,NORMAL,NORMAL,ROLLING_IQR,False,0.06205984059101516,False,NO_ACTION
2025-02-01,closing_cash,Closing Cash,1001761777.35,889437817.095,683628258.7125001,1089097596.8925,0.0,0.0,False,NORMAL,NORMAL,ROLLING_IQR,False,0.06037714550989781,False,NO_ACTION
2025-03-01,closing_cash,Closing Cash,1023820066.96,906828661.1700001,696892021.6012499,1111686023.4112499,0.0,0.0,False,NORMAL,NORMAL,ROLLING_IQR,False,0.07758807507321386,False,NO_ACTION
2025-04-01,closing_cash,Closing Cash,1041229329.98,924382890.255,726189820.22,1123908708.8999999,0.0,0.0,False,NORMAL,NORMAL,ROLLING_IQR,False,0.07360711805922815,False,NO_ACTION
2025-05-01,closing_cash,Closing Cash,1059734024.58,941735440.1099999,749105893.1137502,1133739656.7637498,0.0,0.0,False,NORMAL,NORMAL,ROLLING_IQR,False,0.08135197437608027,False,NO_ACTION
2025-06-01,closing_cash,Closing Cash,1072995553.17,961163415.285,768131339.9212501,1150763355.6512501,0.0,0.0,False,NORMAL,NORMAL,ROLLING_IQR,False,0.06359060959895407,False,NO_ACTION
2025-07-01,closing_cash,Closing Cash,1098975873.09,978314550.9,778667226.2962501,1177875476.56625,0.0,0.0,False,NORMAL,NORMAL,ROLLING_IQR,True,-0.15503845541382333,True,MONITOR
2025-08-01,closing_cash,Closing Cash,1119833332.86,993588589.38,797277457.4175,1195002331.3575,0.0,0.0,False,NORMAL,NORMAL,ROLLING_IQR,False,0.03168337908065416,False,NO_ACTION
2025-09-01,closing_cash,Closing Cash,1131411798.88,1012790922.155,820897284.5025,1208340680.0625,0.0,0.0,False,NORMAL,NORMAL,ROLLING_IQR,False,0.06677933147899529,False,NO_ACTION
2025-10-01,closing_cash,Closing Cash,1149750983.18,1032524698.47,835426490.6625001,1225929118.6424997,0.0,0.0,False,NORMAL,NORMAL,ROLLING_IQR,False,0.06394137587617449,False,NO_ACTION
2025-11-01,closing_cash,Closing Cash,1171162614.71,1050481677.28,837902601.3637503,1263962820.0337496,0.0,0.0,False,NORMAL,NORMAL,ROLLING_IQR,False,0.01848356059384615,False,NO_ACTION
2025-12-01,closing_cash,Closing Cash,1191000681.54,1066364788.875,861671812.34625,1279361631.57625,0.0,0.0,False,NORMAL,NORMAL,ROLLING_IQR,True,-0.026689196548688066,True,MONITOR
2026-01-01,closing_cash,Closing Cash,1215785349.18,1085985713.1299999,888197643.1299999,1284675966.0500004,0.0,0.0,False,NORMAL,NORMAL,ROLLING_IQR,False,0.03822359288506344,False,NO_ACTION
2026-02-01,closing_cash,Closing Cash,1239639187.52,1109404602.975,905113790.7312502,1305097951.26125,0.0,0.0,False,NORMAL,NORMAL,ROLLING_IQR,False,0.037118149939731115,False,NO_ACTION
2026-03-01,closing_cash,Closing Cash,1256856159.98,1125622565.87,910017230.4300001,1335785072.01,0.0,0.0,False,NORMAL,NORMAL,ROLLING_IQR,False,0.024625436371036313,False,NO_ACTION
2026-04-01,closing_cash,Closing Cash,1278044199.59,1140581391.0300002,935406710.0999997,1354270931.4600003,0.0,0.0,False,NORMAL,NORMAL,ROLLING_IQR,False,0.03480241037795001,False,NO_ACTION
2026-05-01,closing_cash,Closing Cash,1297832690.52,1160456798.9450002,953924206.6462499,1382443570.03625,0.0,0.0,False,NORMAL,NORMAL,ROLLING_IQR,True,-0.045476727719187204,True,MONITOR
2026-06-01,closing_cash,Closing Cash,1319005554.27,1181081648.125,955377809.985,1417082803.025,0.0,0.0,False,NORMAL,NORMAL,ROLLING_IQR,True,-0.0016832267083946029,True,MONITOR
2026-07-01,closing_cash,Closing Cash,1344970858.49,1203393015.3600001,969685712.9387501,1437633644.04875,0.0,0.0,False,NORMAL,NORMAL,ROLLING_IQR,False,0.0282425927424787,False,NO_ACTION
2026-08-01,closing_cash,Closing Cash,1352437919.75,1227712268.35,990037283.5850003,1458763745.5649998,0.0,0.0,False,NORMAL,NORMAL,ROLLING_IQR,True,-0.30675555531801435,True,MONITOR
2021-01-01,net_working_capital,Net Working Capital,218482248.36,,,,0.0,0.0,False,NORMAL,NORMAL,ROLLING_IQR,True,-0.07932225402086268,True,MONITOR
2021-02-01,net_working_capital,Net Working Capital,552201182.17,,,,0.0,0.0,False,NORMAL,NORMAL,ROLLING_IQR,True,-0.10748311428161883,True,MONITOR
2021-03-01,net_working_capital,Net Working Capital,592804313.03,,,,0.0,0.0,False,NORMAL,NORMAL,ROLLING_IQR,True,-0.013662675506236788,True,MONITOR
2021-04-01,net_working_capital,Net Working Capital,700982076.97,,,,0.0,0.0,False,NORMAL,NORMAL,ROLLING_IQR,False,0.00858255862085433,False,NO_ACTION
2021-05-01,net_working_capital,Net Working Capital,873499946.87,,,,0.0,0.0,False,NORMAL,NORMAL,ROLLING_IQR,False,0.04106910648197565,False,NO_ACTION
2021-06-01,net_working_capital,Net Working Capital,1004496996.48,,,,0.0,0.0,False,NORMAL,NORMAL,ROLLING_IQR,False,0.058604786217531846,False,NO_ACTION
2021-07-01,net_working_capital,Net Working Capital,1135442151.77,646893195.0,160324193.12,1232398251.1599998,0.0,0.0,False,NORMAL,NORMAL,ROLLING_IQR,False,0.03778857677718811,False,NO_ACTION
2021-08-01,net_working_capital,Net Working Capital,1166891738.4,700982076.97,22759161.487499833,1488742057.7875,0.0,0.0,False,NORMAL,NORMAL,ROLLING_IQR,False,0.034149293290063165,False,NO_ACTION
2021-09-01,net_working_capital,Net Working Capital,1188640847.81,787241011.9200001,-99216102.16625011,1719102917.78375,0.0,0.0,False,NORMAL,NORMAL,ROLLING_IQR,False,0.06975701067799739,False,NO_ACTION
2021-10-01,net_working_capital,Net Working Capital,1283086091.38,873499946.87,-221152445.08000004,1949398909.88,0.0,0.0,False,NORMAL,NORMAL,ROLLING_IQR,False,0.038023030753778886,False,NO_ACTION
2021-11-01,net_working_capital,Net Working Capital,1332853285.23,938998471.675,-188922127.5762502,1967800223.3337502,0.0,0.0,False,NORMAL,NORMAL,ROLLING_IQR,False,0.06303103990942027,False,NO_ACTION
2021-12-01,net_working_capital,Net Working Capital,1354461186.94,1004496996.48,-149416452.15750003,1974075940.2625,0.0,0.0,False,NORMAL,NORMAL,ROLLING_IQR,False,0.03170592636364894,False,NO_ACTION
2022-01-01,net_working_capital,Net Working Capital,1369851759.44,1069969574.125,-133534148.09124982,2019723942.7787497,0.0,0.0,False,NORMAL,NORMAL,ROLLING_IQR,True,-0.005840284759335068,True,MONITOR
2022-02-01,net_working_capital,Net Working Capital,1591193565.45,1151166945.085,132634363.72374964,1993264005.5137506,0.0,0.0,False,NORMAL,NORMAL,ROLLING_IQR,False,0.0530323537890936,False,NO_ACTION
2022-03-01,net_working_capital,Net Working Capital,1625610729.62,1177766293.105,421986444.20749986,1888016550.5275002,0.0,0.0,False,NORMAL,NORMAL,ROLLING_IQR,False,0.004071874688991672,False,NO_ACTION
2022-04-01,net_working_capital,Net Working Capital,1719105032.96,1235863469.595,719301412.2712499,1741713280.74125,0.0,0.0,False,NORMAL,NORMAL,ROLLING_IQR,False,0.08307895864322135,False,NO_ACTION
2022-05-01,net_working_capital,Net Working Capital,1841216799.85,1307969688.305,759792537.9425,1824424014.7425003,16792785.1074996,0.06309332561901798,True,LOW,ABOVE_EXPECTED,ROLLING_IQR,False,0.07213256976998916,True,MONITOR
2022-06-01,net_working_capital,Net Working Capital,1932135217.93,1343657236.085,558312141.4049999,2224689285.545,0.0,0.0,False,NORMAL,NORMAL,ROLLING_IQR,False,0.052872141345504164,False,NO_ACTION
2022-07-01,net_working_capital,Net Working Capital,2142420869.15,1362156473.19,675210493.0362506,2233248592.9062495,0.0,0.0,False,NORMAL,NORMAL,ROLLING_IQR,False,0.03293124420878918,False,NO_ACTION
2022-08-01,net_working_capital,Net Working Capital,2261055163.41,1480522662.4450002,676579254.895,2393465206.555,0.0,0.0,False,NORMAL,NORMAL,ROLLING_IQR,True,-0.07357760298503868,True,MONITOR
2022-09-01,net_working_capital,Net Working Capital,2274708449.6,1608402147.5349998,576728422.2262503,2636277193.6562495,0.0,0.0,False,NORMAL,NORMAL,ROLLING_IQR,False,0.05005372753067916,False,NO_ACTION
2022-10-01,net_working_capital,Net Working Capital,2305523500.95,1672357881.29,437950344.68499994,2912760402.3650002,0.0,0.0,False,NORMAL,NORMAL,ROLLING_IQR,False,0.03855702253685339,False,NO_ACTION
2022-11-01,net_working_capital,Net Working Capital,2504358010.07,1780160916.405,581526120.7962497,3126411435.8662505,0.0,0.0,False,NORMAL,NORMAL,ROLLING_IQR,False,0.03594361776527799,False,NO_ACTION
2022-12-01,net_working_capital,Net Working Capital,2646840316.72,1886676008.8899999,645813369.0074997,3235661554.5275,0.0,0.0,False,NORMAL,NORMAL,ROLLING_IQR,False,0.08354273005944457,False,NO_ACTION
2023-01-01,net_working_capital,Net Working Capital,2730608103.82,2037278043.54,815710324.15625,3162433345.40625,0.0,0.0,False,NORMAL,NORMAL,ROLLING_IQR,False,0.09424354978839256,False,NO_ACTION
2023-02-01,net_working_capital,Net Working Capital,2837081402.03,2201738016.2799997,993873952.9737501,3172047033.38375,0.0,0.0,False,NORMAL,NORMAL,ROLLING_IQR,False,0.05544799663594313,False,NO_ACTION
2023-03-01,net_working_capital,Net Working Capital,2871711859.84,2267881806.505,963546153.4262501,3485838046.71625,0.0,0.0,False,NORMAL,NORMAL,ROLLING_IQR,False,0.07008671249339127,False,NO_ACTION
2023-04-01,net_working_capital,Net Working Capital,3092791033.46,2290115975.2749996,1222950245.6200004,3534681474.22,0.0,0.0,False,NORMAL,NORMAL,ROLLING_IQR,False,0.0006811716247240862,False,NO_ACTION
2023-05-01,net_working_capital,Net Working Capital,3253364936.47,2404940755.51,1442651832.0537488,3545971186.1637516,0.0,0.0,False,NORMAL,NORMAL,ROLLING_IQR,False,0.07301072577856221,False,NO_ACTION
2023-06-01,net_working_capital,Net Working Capital,3405285414.58,2575599163.395,1409629295.4074993,3707404849.1275005,0.0,0.0,False,NORMAL,NORMAL,ROLLING_IQR,False,0.06436279359129177,False,NO_ACTION
2023-07-01,net_working_capital,Net Working Capital,3490432835.58,2688724210.27,1354076865.4137495,3870724525.9437504,0.0,0.0,False,NORMAL,NORMAL,ROLLING_IQR,False,0.08701561554274434,False,NO_ACTION
2023-08-01,net_working_capital,Net Working Capital,3744795087.47,2783844752.925,1437221693.1562498,4150362198.8462505,0.0,0.0,False,NORMAL,NORMAL,ROLLING_IQR,False,0.054450531380980716,False,NO_ACTION
2023-09-01,net_working_capital,Net Working Capital,3904017626.7,2854396630.9350004,1591031766.1474998,4311533029.9075,0.0,0.0,False,NORMAL,NORMAL,ROLLING_IQR,False,0.09184206313974247,False,NO_ACTION
2023-10-01,net_working_capital,Net Working Capital,4043810396.62,2982251446.65,1634306987.8675003,4501931439.0075,0.0,0.0,False,NORMAL,NORMAL,ROLLING_IQR,False,0.08920058174859385,False,NO_ACTION
2023-11-01,net_working_capital,Net Working Capital,4134902955.85,3173077984.965,1695122595.8650002,4669363880.164999,0.0,0.0,False,NORMAL,NORMAL,ROLLING_IQR,False,0.012550538976568604,False,NO_ACTION
2023-12-01,net_working_capital,Net Working Capital,4207940682.34,3329325175.5249996,1480734530.0525012,5166920437.612499,0.0,0.0,False,NORMAL,NORMAL,ROLLING_IQR,False,0.0862595582707249,False,NO_ACTION
2024-01-01,net_working_capital,Net Working Capital,4277019472.26,3447859125.08,1685354371.367501,5291132687.867499,0.0,0.0,False,NORMAL,NORMAL,ROLLING_IQR,False,0.07884749041823763,False,NO_ACTION
2024-02-01,net_working_capital,Net Working Capital,4344343881.57,3617613961.5249996,1933178347.1524997,5346626649.9925,0.0,0.0,False,NORMAL,NORMAL,ROLLING_IQR,False,0.09289702946895889,False,NO_ACTION
2024-03-01,net_working_capital,Net Working Capital,4505720711.8,3824406357.085,2188519656.4224997,5331948026.1025,0.0,0.0,False,NORMAL,NORMAL,ROLLING_IQR,False,0.08522423880495245,False,NO_ACTION
2024-04-01,net_working_capital,Net Working Capital,4534423211.85,3973914011.66,2335049381.0949993,5359306979.055,0.0,0.0,False,NORMAL,NORMAL,ROLLING_IQR,False,0.06274329877652207,False,NO_ACTION
2024-05-01,net_working_capital,Net Working Capital,4543675602.18,4089356676.2349997,2762235449.3624997,5212819649.7225,0.0,0.0,False,NORMAL,NORMAL,ROLLING_IQR,False,0.08530739450438446,False,NO_ACTION
2024-06-01,net_working_capital,Net Working Capital,4580163924.13,4171421819.0950003,3083497846.0400004,5165402234.98,0.0,0.0,False,NORMAL,NORMAL,ROLLING_IQR,False,0.03962958814382633,False,NO_ACTION
2024-07-01,net_working_capital,Net Working Capital,4684505414.79,4242480077.3,3252811005.1312494,5268947535.82125,0.0,0.0,False,NORMAL,NORMAL,ROLLING_IQR,False,0.09251271890504542,False,NO_ACTION
2024-08-01,net_working_capital,Net Working Capital,4701264759.16,4310681676.915,3475220075.9574986,5173646049.517502,0.0,0.0,False,NORMAL,NORMAL,ROLLING_IQR,False,0.058531431735014905,False,NO_ACTION
2024-09-01,net_working_capital,Net Working Capital,4805483403.87,4425032296.684999,3645006602.7924995,5097472330.592501,0.0,0.0,False,NORMAL,NORMAL,ROLLING_IQR,False,0.09129580144492394,False,NO_ACTION
2024-10-01,net_working_capital,Net Working Capital,4880559246.69,4520071961.825001,3740000491.7575006,5125998579.8175,0.0,0.0,False,NORMAL,NORMAL,ROLLING_IQR,False,0.08129279340617718,False,NO_ACTION
2024-11-01,net_working_capital,Net Working Capital,4940236126.35,4539049407.015,3785739071.782501,5230468958.342499,0.0,0.0,False,NORMAL,NORMAL,ROLLING_IQR,False,0.07286834485626303,False,NO_ACTION
2024-12-01,net_working_capital,Net Working Capital,4954590488.2,4561919763.155001,4072462130.1000013,5120233794.479999,0.0,0.0,False,NORMAL,NORMAL,ROLLING_IQR,False,0.08024766184123888,False,NO_ACTION
2025-01-01,net_working_capital,Net Working Capital,5113841548.15,4632334669.46,4081740420.2312517,5269759531.181249,0.0,0.0,False,NORMAL,NORMAL,ROLLING_IQR,False,0.06205984059101516,False,NO_ACTION
2025-02-01,net_working_capital,Net Working Capital,5195178146.06,4692885086.975,4010188561.5862503,5426652409.616249,0.0,0.0,False,NORMAL,NORMAL,ROLLING_IQR,False,0.06037714550989781,False,NO_ACTION
2025-03-01,net_working_capital,Net Working Capital,5294170907.57,4753374081.514999,4011867533.8875,5502999026.5675,0.0,0.0,False,NORMAL,NORMAL,ROLLING_IQR,False,0.07758807507321386,False,NO_ACTION
2025-04-01,net_working_capital,Net Working Capital,5357344164.65,4843021325.28,4154445225.53125,5498378069.78125,0.0,0.0,False,NORMAL,NORMAL,ROLLING_IQR,False,0.07360711805922815,False,NO_ACTION
2025-05-01,net_working_capital,Net Working Capital,5406131041.89,4910397686.52,4041423761.227501,5789826859.467499,0.0,0.0,False,NORMAL,NORMAL,ROLLING_IQR,False,0.08135197437608027,False,NO_ACTION
2025-06-01,net_working_capital,Net Working Capital,5452726282.13,4947413307.275,4118682352.0750003,5880672727.055,0.0,0.0,False,NORMAL,NORMAL,ROLLING_IQR,False,0.06359060959895407,False,NO_ACTION
2025-07-01,net_working_capital,Net Working Capital,5778189511.65,5034216018.174999,4189529382.202499,5982225125.622501,0.0,0.0,False,NORMAL,NORMAL,ROLLING_IQR,True,-0.15503845541382333,True,MONITOR
2025-08-01,net_working_capital,Net Working Capital,5930197674.38,5154509847.105,4258980940.147501,6035876850.247499,0.0,0.0,False,NORMAL,NORMAL,ROLLING_IQR,False,0.03168337908065416,False,NO_ACTION
2025-09-01,net_working_capital,Net Working Capital,5996561656.5,5244674526.815001,4250834966.4187493,6117946783.268751,0.0,0.0,False,NORMAL,NORMAL,ROLLING_IQR,False,0.06677933147899529,False,NO_ACTION
2025-10-01,net_working_capital,Net Working Capital,6027991686.63,5325757536.11,4383933823.641249,6224187049.031252,0.0,0.0,False,NORMAL,NORMAL,ROLLING_IQR,False,0.06394137587617449,False,NO_ACTION
2025-11-01,net_working_capital,Net Working Capital,6126013838.6,5381737603.27,4212822662.957502,6778212885.957499,0.0,0.0,False,NORMAL,NORMAL,ROLLING_IQR,False,0.01848356059384615,False,NO_ACTION
2025-12-01,net_working_capital,Net Working Capital,6249810209.85,5429428662.01,4253373788.1162505,6962837598.98625,0.0,0.0,False,NORMAL,NORMAL,ROLLING_IQR,True,-0.026689196548688066,True,MONITOR
2026-01-01,net_working_capital,Net Working Capital,6254376363.95,5615457896.889999,4347248379.901247,6998721634.511251,0.0,0.0,False,NORMAL,NORMAL,ROLLING_IQR,False,0.03822359288506344,False,NO_ACTION
2026-02-01,net_working_capital,Net Working Capital,6288008285.54,5854193593.014999,4406089969.516249,7040341577.686251,0.0,0.0,False,NORMAL,NORMAL,ROLLING_IQR,False,0.037118149939731115,False,NO_ACTION
2026-03-01,net_working_capital,Net Working Capital,6302614901.33,5963379665.440001,4367249283.056249,7230791120.426251,0.0,0.0,False,NORMAL,NORMAL,ROLLING_IQR,False,0.024625436371036313,False,NO_ACTION
2026-04-01,net_working_capital,Net Working Capital,6302142796.33,6012276671.565001,4865631638.112499,7082143814.532501,0.0,0.0,False,NORMAL,NORMAL,ROLLING_IQR,False,0.03480241037795001,False,NO_ACTION
2026-05-01,net_working_capital,Net Working Capital,6312017907.49,6077002762.615,5336312567.722501,6818667410.322499,0.0,0.0,False,NORMAL,NORMAL,ROLLING_IQR,True,-0.045476727719187204,True,MONITOR
2026-06-01,net_working_capital,Net Working Capital,6228363883.54,6187912024.225,5512613782.56875,6758898791.63875,0.0,0.0,False,NORMAL,NORMAL,ROLLING_IQR,True,-0.0016832267083946029,True,MONITOR
2026-07-01,net_working_capital,Net Working Capital,6359159584.72,6239087046.695,5613022577.887499,6698653514.4475,0.0,0.0,False,NORMAL,NORMAL,ROLLING_IQR,False,0.0282425927424787,False,NO_ACTION
2026-08-01,net_working_capital,Net Working Capital,6225439647.51,6252093286.9,5800379517.64875,6603389605.53875,0.0,0.0,False,NORMAL,NORMAL,ROLLING_IQR,True,-0.30675555531801435,True,MONITOR
2021-01-01,operating_cash_flow,Operating Cash Flow,-459921996.29,,,,0.0,0.0,False,NORMAL,NORMAL,ROLLING_IQR,True,-0.07932225402086268,True,MONITOR
2021-02-01,operating_cash_flow,Operating Cash Flow,-581118665.5,,,,0.0,0.0,False,NORMAL,NORMAL,ROLLING_IQR,True,-0.10748311428161883,True,MONITOR
2021-03-01,operating_cash_flow,Operating Cash Flow,-250482799.51,,,,0.0,0.0,False,NORMAL,NORMAL,ROLLING_IQR,True,-0.013662675506236788,True,MONITOR
2021-04-01,operating_cash_flow,Operating Cash Flow,-166244090.88,,,,0.0,0.0,False,NORMAL,NORMAL,ROLLING_IQR,False,0.00858255862085433,False,NO_ACTION
2021-05-01,operating_cash_flow,Operating Cash Flow,-291421226.84,,,,0.0,0.0,False,NORMAL,NORMAL,ROLLING_IQR,False,0.04106910648197565,False,NO_ACTION
2021-06-01,operating_cash_flow,Operating Cash Flow,-277840273.26,,,,0.0,0.0,False,NORMAL,NORMAL,ROLLING_IQR,False,0.058604786217531846,False,NO_ACTION
2021-07-01,operating_cash_flow,Operating Cash Flow,-270134018.91,-284630750.04999995,-658508757.8975,-16610213.977499962,0.0,0.0,False,NORMAL,NORMAL,ROLLING_IQR,False,0.03778857677718811,False,NO_ACTION
2021-08-01,operating_cash_flow,Operating Cash Flow,-73431054.84,-277840273.26,-548716415.0975,-87263605.67750004,13832550.837500036,0.11990435906012725,True,LOW,ABOVE_EXPECTED,ROLLING_IQR,False,0.034149293290063165,True,MONITOR
2021-09-01,operating_cash_flow,Operating Cash Flow,-183512500.36,-273987146.08500004,-489731364.47749996,-73238177.07750002,0.0,0.0,False,NORMAL,NORMAL,ROLLING_IQR,False,0.06975701067799739,False,NO_ACTION
2021-10-01,operating_cash_flow,Operating Cash Flow,-212780982.04,-270134018.91,-453284316.55999994,-21649410.640000075,0.0,0.0,False,NORMAL,NORMAL,ROLLING_IQR,False,0.038023030753778886,False,NO_ACTION
2021-11-01,operating_cash_flow,Operating Cash Flow,-140638714.18,-260308409.21,-433820539.9425,-45035069.2825,0.0,0.0,False,NORMAL,NORMAL,ROLLING_IQR,False,0.06303103990942027,False,NO_ACTION
2021-12-01,operating_cash_flow,Operating Cash Flow,-153553566.34,-250482799.51,-449259431.6949999,-10249613.975000083,0.0,0.0,False,NORMAL,NORMAL,ROLLING_IQR,False,0.03170592636364894,False,NO_ACTION
2022-01-01,operating_cash_flow,Operating Cash Flow,-54808147.37,-231631890.77499998,-458481589.5199999,14174618.119999945,0.0,0.0,False,NORMAL,NORMAL,ROLLING_IQR,True,-0.005840284759335068,True,MONITOR
2022-02-01,operating_cash_flow,Operating Cash Flow,-260826444.16,-198146741.2,-454664176.29375,32278740.496249974,0.0,0.0,False,NORMAL,NORMAL,ROLLING_IQR,False,0.0530323537890936,False,NO_ACTION
2022-03-01,operating_cash_flow,Operating Cash Flow,-284238935.26,-198146741.2,-432396064.6687499,18917873.52124995,0.0,0.0,False,NORMAL,NORMAL,ROLLING_IQR,False,0.004071874688991672,False,NO_ACTION
2022-04-01,operating_cash_flow,Operating Cash Flow,-224949737.26,-198146741.2,-454664176.29375,32278740.496249974,0.0,0.0,False,NORMAL,NORMAL,ROLLING_IQR,False,0.08307895864322135,False,NO_ACTION
2022-05-01,operating_cash_flow,Operating Cash Flow,-192092896.14,-218865359.64999998,-454664176.29375,32278740.496249974,0.0,0.0,False,NORMAL,NORMAL,ROLLING_IQR,False,0.07213256976998916,False,NO_ACTION
2022-06-01,operating_cash_flow,Operating Cash Flow,-298839570.95,-202436939.08999997,-432396064.6687499,18917873.52124995,0.0,0.0,False,NORMAL,NORMAL,ROLLING_IQR,False,0.052872141345504164,False,NO_ACTION
2022-07-01,operating_cash_flow,Operating Cash Flow,-405324375.78,-202436939.08999997,-432396064.6687499,18917873.52124995,0.0,0.0,False,NORMAL,NORMAL,ROLLING_IQR,False,0.03293124420878918,False,NO_ACTION
2022-08-01,operating_cash_flow,Operating Cash Flow,-466724441.29,-202436939.08999997,-441211637.3875,24207217.152499974,-25512803.902500033,-0.2192674719009035,True,LOW,BELOW_EXPECTED,ROLLING_IQR,True,-0.07357760298503868,True,MONITOR
2022-09-01,operating_cash_flow,Operating Cash Flow,-68172454.68,-218865359.64999998,-455688585.17375,-8223275.8637500405,0.0,0.0,False,NORMAL,NORMAL,ROLLING_IQR,False,0.05005372753067916,False,NO_ACTION
2022-10-01,operating_cash_flow,Operating Cash Flow,-118195178.38,-218865359.64999998,-494235455.50625,56021508.02374998,0.0,0.0,False,NORMAL,NORMAL,ROLLING_IQR,False,0.03855702253685339,False,NO_ACTION
2022-11-01,operating_cash_flow,Operating Cash Flow,-360393874.07,-208521316.7,-517180990.11125,94264065.69874996,0.0,0.0,False,NORMAL,NORMAL,ROLLING_IQR,False,0.03594361776527799,False,NO_ACTION
2022-12-01,operating_cash_flow,Operating Cash Flow,-222452307.86,-242888090.70999998,-568499412.8000001,109557296.72000006,0.0,0.0,False,NORMAL,NORMAL,ROLLING_IQR,False,0.08354273005944457,False,NO_ACTION
2023-01-01,operating_cash_flow,Operating Cash Flow,-200223878.05,-242888090.70999998,-525142666.7750001,37296053.34500006,0.0,0.0,False,NORMAL,NORMAL,ROLLING_IQR,False,0.09424354978839256,False,NO_ACTION
2023-02-01,operating_cash_flow,Operating Cash Flow,-310026238.85,-242888090.70999998,-488283667.96625006,-24135611.336249948,0.0,0.0,False,NORMAL,NORMAL,ROLLING_IQR,False,0.05544799663594313,False,NO_ACTION
2023-03-01,operating_cash_flow,Operating Cash Flow,-99430438.29,-254594336.26,-509258670.27875006,-11550609.94874993,0.0,0.0,False,NORMAL,NORMAL,ROLLING_IQR,False,0.07008671249339127,False,NO_ACTION
2023-04-01,operating_cash_flow,Operating Cash Flow,-419062744.7,-223701022.56,-546117669.0875001,49881054.73250008,0.0,0.0,False,NORMAL,NORMAL,ROLLING_IQR,False,0.0006811716247240862,False,NO_ACTION
2023-05-01,operating_cash_flow,Operating Cash Flow,-248992611.39,-260645939.405,-668638548.69375,123393582.49625003,0.0,0.0,False,NORMAL,NORMAL,ROLLING_IQR,False,0.07301072577856221,False,NO_ACTION
2023-06-01,operating_cash_flow,Operating Cash Flow,-312090787.4,-273916091.16999996,-659491194.0450001,108147991.41500002,0.0,0.0,False,NORMAL,NORMAL,ROLLING_IQR,False,0.06436279359129177,False,NO_ACTION
2023-07-01,operating_cash_flow,Operating Cash Flow,-215445907.07,-279509425.12,-659491194.0450001,108147991.41500002,0.0,0.0,False,NORMAL,NORMAL,ROLLING_IQR,False,0.08701561554274434,False,NO_ACTION
2023-08-01,operating_cash_flow,Operating Cash Flow,-371350328.08,-235722459.625,-540841342.97,36958080.77000001,0.0,0.0,False,NORMAL,NORMAL,ROLLING_IQR,False,0.054450531380980716,False,NO_ACTION
2023-09-01,operating_cash_flow,Operating Cash Flow,-282067393.0,-235722459.625,-540841342.97,36958080.77000001,0.0,0.0,False,NORMAL,NORMAL,ROLLING_IQR,False,0.09184206313974247,False,NO_ACTION
2023-10-01,operating_cash_flow,Operating Cash Flow,-188694438.71,-265530002.195,-492955797.94624996,-42851160.93625,0.0,0.0,False,NORMAL,NORMAL,ROLLING_IQR,False,0.08920058174859385,False,NO_ACTION
2023-11-01,operating_cash_flow,Operating Cash Flow,-365327953.34,-265530002.195,-492955797.94624996,-42851160.93625,0.0,0.0,False,NORMAL,NORMAL,ROLLING_IQR,False,0.012550538976568604,False,NO_ACTION
2023-12-01,operating_cash_flow,Operating Cash Flow,-144482274.5,-265530002.195,-496039597.49,-41000881.21000001,0.0,0.0,False,NORMAL,NORMAL,ROLLING_IQR,False,0.0862595582707249,False,NO_ACTION
2024-01-01,operating_cash_flow,Operating Cash Flow,-262128411.45,-265530002.195,-517487919.89,-5253677.210000008,0.0,0.0,False,NORMAL,NORMAL,ROLLING_IQR,False,0.07884749041823763,False,NO_ACTION
2024-02-01,operating_cash_flow,Operating Cash Flow,-132057420.32,-272097902.225,-500363137.2425,-33794981.62249997,0.0,0.0,False,NORMAL,NORMAL,ROLLING_IQR,False,0.09289702946895889,False,NO_ACTION
2024-03-01,operating_cash_flow,Operating Cash Flow,-305246893.71,-255560511.42,-547038100.7262499,43996624.18375,0.0,0.0,False,NORMAL,NORMAL,ROLLING_IQR,False,0.08522423880495245,False,NO_ACTION
2024-04-01,operating_cash_flow,Operating Cash Flow,-259265365.27,-272097902.225,-500363137.2425,-33794981.62249997,0.0,0.0,False,NORMAL,NORMAL,ROLLING_IQR,False,0.06274329877652207,False,NO_ACTION
2024-05-01,operating_cash_flow,Operating Cash Flow,-147214028.76,-260696888.36,-454257607.86125,-61458299.25125,0.0,0.0,False,NORMAL,NORMAL,ROLLING_IQR,False,0.08530739450438446,False,NO_ACTION
2024-06-01,operating_cash_flow,Operating Cash Flow,-244617102.28,-260696888.36,-499908163.4975,14625960.142500013,0.0,0.0,False,NORMAL,NORMAL,ROLLING_IQR,False,0.03962958814382633,False,NO_ACTION
2024-07-01,operating_cash_flow,Operating Cash Flow,-242907768.29,-251941233.775,-452169166.11,-14017438.289999992,0.0,0.0,False,NORMAL,NORMAL,ROLLING_IQR,False,0.09251271890504542,False,NO_ACTION
2024-08-01,operating_cash_flow,Operating Cash Flow,-99799314.33,-251941233.775,-452169166.11,-14017438.289999992,0.0,0.0,False,NORMAL,NORMAL,ROLLING_IQR,False,0.058531431735014905,False,NO_ACTION
2024-09-01,operating_cash_flow,Operating Cash Flow,-155506367.68,-243762435.285,-447986256.80125,34342009.76874998,0.0,0.0,False,NORMAL,NORMAL,ROLLING_IQR,False,0.09129580144492394,False,NO_ACTION
2024-10-01,operating_cash_flow,Operating Cash Flow,-236533902.98,-215801103.5,-430156181.745,23643964.735000014,0.0,0.0,False,NORMAL,NORMAL,ROLLING_IQR,False,0.08129279340617718,False,NO_ACTION
2024-11-01,operating_cash_flow,Operating Cash Flow,-141512259.01,-239720835.635,-430156181.745,23643964.735000014,0.0,0.0,False,NORMAL,NORMAL,ROLLING_IQR,False,0.07286834485626303,False,NO_ACTION
2024-12-01,operating_cash_flow,Operating Cash Flow,-84539824.72,-196020135.32999998,-405088264.12750006,13069325.472500026,0.0,0.0,False,NORMAL,NORMAL,ROLLING_IQR,False,0.08024766184123888,False,NO_ACTION
2025-01-01,operating_cash_flow,Operating Cash Flow,-318124377.63,-196020135.32999998,-411975096.0625,24547378.69750005,0.0,0.0,False,NORMAL,NORMAL,ROLLING_IQR,False,0.06205984059101516,False,NO_ACTION
2025-02-01,operating_cash_flow,Operating Cash Flow,-242946732.91,-196020135.32999998,-411975096.0625,24547378.69750005,0.0,0.0,False,NORMAL,NORMAL,ROLLING_IQR,False,0.06037714550989781,False,NO_ACTION
2025-03-01,operating_cash_flow,Operating Cash Flow,-140008342.56,-239720835.635,-402015040.58500004,7947286.235000014,0.0,0.0,False,NORMAL,NORMAL,ROLLING_IQR,False,0.07758807507321386,False,NO_ACTION
2025-04-01,operating_cash_flow,Operating Cash Flow,-212042227.94,-196020135.32999998,-396706393.285,12205788.13500005,0.0,0.0,False,NORMAL,NORMAL,ROLLING_IQR,False,0.07360711805922815,False,NO_ACTION
2025-05-01,operating_cash_flow,Operating Cash Flow,-104877082.92,-183774297.81,-395589353.76625,11535564.423750043,0.0,0.0,False,NORMAL,NORMAL,ROLLING_IQR,False,0.08135197437608027,False,NO_ACTION
2025-06-01,operating_cash_flow,Operating Cash Flow,-102841911.16,-183774297.81,-410455482.1375,36312445.04249999,0.0,0.0,False,NORMAL,NORMAL,ROLLING_IQR,False,0.06359060959895407,False,NO_ACTION
2025-07-01,operating_cash_flow,Operating Cash Flow,-692083315.85,-148509313.345,-438765988.29875004,96270329.01125,-253317327.55124998,-1.8938327687724266,True,MEDIUM,BELOW_EXPECTED,ROLLING_IQR,True,-0.15503845541382333,True,MANAGEMENT_REVIEW
2025-08-01,operating_cash_flow,Operating Cash Flow,-242488848.53,-148509313.345,-438790341.18625,96284940.74374996,0.0,0.0,False,NORMAL,NORMAL,ROLLING_IQR,False,0.03168337908065416,False,NO_ACTION
2025-09-01,operating_cash_flow,Operating Cash Flow,-160142513.05,-183774297.81,-409670007.5875,35841160.31249997,0.0,0.0,False,NORMAL,NORMAL,ROLLING_IQR,False,0.06677933147899529,False,NO_ACTION
2025-10-01,operating_cash_flow,Operating Cash Flow,-116587714.39,-186092370.495,-409670007.5875,35841160.31249997,0.0,0.0,False,NORMAL,NORMAL,ROLLING_IQR,False,0.06394137587617449,False,NO_ACTION
2025-11-01,operating_cash_flow,Operating Cash Flow,-225284653.49,-150827386.03,-436018214.27875,79754838.13125,0.0,0.0,False,NORMAL,NORMAL,ROLLING_IQR,False,0.01848356059384615,False,NO_ACTION
2025-12-01,operating_cash_flow,Operating Cash Flow,-316829211.22,-186092370.495,-436018214.27875,79754838.13125,0.0,0.0,False,NORMAL,NORMAL,ROLLING_IQR,True,-0.026689196548688066,True,MONITOR
2026-01-01,operating_cash_flow,Operating Cash Flow,-31825268.44,-218663440.715,-452313602.9425,56743064.937500015,0.0,0.0,False,NORMAL,NORMAL,ROLLING_IQR,False,0.03822359288506344,False,NO_ACTION
2026-02-01,operating_cash_flow,Operating Cash Flow,-53785853.55,-186092370.495,-436018214.27875,79754838.13125,0.0,0.0,False,NORMAL,NORMAL,ROLLING_IQR,False,0.037118149939731115,False,NO_ACTION
2026-03-01,operating_cash_flow,Operating Cash Flow,-63178530.94,-150075427.805,-417411820.655,83457828.425,0.0,0.0,False,NORMAL,NORMAL,ROLLING_IQR,False,0.024625436371036313,False,NO_ACTION
2026-04-01,operating_cash_flow,Operating Cash Flow,-35965081.81,-138365113.72,-434575156.46750003,112063388.11250004,0.0,0.0,False,NORMAL,NORMAL,ROLLING_IQR,False,0.03480241037795001,False,NO_ACTION
2026-05-01,operating_cash_flow,Operating Cash Flow,-41392430.58,-110732398.655,-482718713.23625,192302649.39374998,0.0,0.0,False,NORMAL,NORMAL,ROLLING_IQR,True,-0.045476727719187204,True,MONITOR
2026-06-01,operating_cash_flow,Operating Cash Flow,48872871.91,-109714812.775,-497933008.91375,217659808.85625,0.0,0.0,False,NORMAL,NORMAL,ROLLING_IQR,True,-0.0016832267083946029,True,MONITOR
2026-07-01,operating_cash_flow,Operating Cash Flow,-162834153.72,-89883122.66499999,-513910865.54375005,244289569.90625006,0.0,0.0,False,NORMAL,NORMAL,ROLLING_IQR,False,0.0282425927424787,False,NO_ACTION
2026-08-01,operating_cash_flow,Operating Cash Flow,127480329.44,-89883122.66499999,-386063556.5749999,167581184.52499998,0.0,0.0,False,NORMAL,NORMAL,ROLLING_IQR,True,-0.30675555531801435,True,MONITOR
2021-01-01,free_cash_flow,Free Cash Flow,-459921996.29,,,,0.0,0.0,False,NORMAL,NORMAL,ROLLING_IQR,True,-0.07932225402086268,True,MONITOR
2021-02-01,free_cash_flow,Free Cash Flow,-581118665.5,,,,0.0,0.0,False,NORMAL,NORMAL,ROLLING_IQR,True,-0.10748311428161883,True,MONITOR
2021-03-01,free_cash_flow,Free Cash Flow,-250482799.51,,,,0.0,0.0,False,NORMAL,NORMAL,ROLLING_IQR,True,-0.013662675506236788,True,MONITOR
2021-04-01,free_cash_flow,Free Cash Flow,-166244090.88,,,,0.0,0.0,False,NORMAL,NORMAL,ROLLING_IQR,False,0.00858255862085433,False,NO_ACTION
2021-05-01,free_cash_flow,Free Cash Flow,-291421226.84,,,,0.0,0.0,False,NORMAL,NORMAL,ROLLING_IQR,False,0.04106910648197565,False,NO_ACTION
2021-06-01,free_cash_flow,Free Cash Flow,-277840273.26,,,,0.0,0.0,False,NORMAL,NORMAL,ROLLING_IQR,False,0.058604786217531846,False,NO_ACTION
2021-07-01,free_cash_flow,Free Cash Flow,-270134018.91,-284630750.04999995,-658508757.8975,-16610213.977499962,0.0,0.0,False,NORMAL,NORMAL,ROLLING_IQR,False,0.03778857677718811,False,NO_ACTION
2021-08-01,free_cash_flow,Free Cash Flow,-73431054.84,-277840273.26,-548716415.0975,-87263605.67750004,13832550.837500036,0.11990435906012725,True,LOW,ABOVE_EXPECTED,ROLLING_IQR,False,0.034149293290063165,True,MONITOR
2021-09-01,free_cash_flow,Free Cash Flow,-183512500.36,-273987146.08500004,-489731364.47749996,-73238177.07750002,0.0,0.0,False,NORMAL,NORMAL,ROLLING_IQR,False,0.06975701067799739,False,NO_ACTION
2021-10-01,free_cash_flow,Free Cash Flow,-212780982.04,-270134018.91,-453284316.55999994,-21649410.640000075,0.0,0.0,False,NORMAL,NORMAL,ROLLING_IQR,False,0.038023030753778886,False,NO_ACTION
2021-11-01,free_cash_flow,Free Cash Flow,-140638714.18,-260308409.21,-433820539.9425,-45035069.2825,0.0,0.0,False,NORMAL,NORMAL,ROLLING_IQR,False,0.06303103990942027,False,NO_ACTION
2021-12-01,free_cash_flow,Free Cash Flow,-153553566.34,-250482799.51,-449259431.6949999,-10249613.975000083,0.0,0.0,False,NORMAL,NORMAL,ROLLING_IQR,False,0.03170592636364894,False,NO_ACTION
2022-01-01,free_cash_flow,Free Cash Flow,-54808147.37,-231631890.77499998,-458481589.5199999,14174618.119999945,0.0,0.0,False,NORMAL,NORMAL,ROLLING_IQR,True,-0.005840284759335068,True,MONITOR
2022-02-01,free_cash_flow,Free Cash Flow,-260826444.16,-198146741.2,-454664176.29375,32278740.496249974,0.0,0.0,False,NORMAL,NORMAL,ROLLING_IQR,False,0.0530323537890936,False,NO_ACTION
2022-03-01,free_cash_flow,Free Cash Flow,-284238935.26,-198146741.2,-432396064.6687499,18917873.52124995,0.0,0.0,False,NORMAL,NORMAL,ROLLING_IQR,False,0.004071874688991672,False,NO_ACTION
2022-04-01,free_cash_flow,Free Cash Flow,-224949737.26,-198146741.2,-454664176.29375,32278740.496249974,0.0,0.0,False,NORMAL,NORMAL,ROLLING_IQR,False,0.08307895864322135,False,NO_ACTION
2022-05-01,free_cash_flow,Free Cash Flow,-192092896.14,-218865359.64999998,-454664176.29375,32278740.496249974,0.0,0.0,False,NORMAL,NORMAL,ROLLING_IQR,False,0.07213256976998916,False,NO_ACTION
2022-06-01,free_cash_flow,Free Cash Flow,-298839570.95,-202436939.08999997,-432396064.6687499,18917873.52124995,0.0,0.0,False,NORMAL,NORMAL,ROLLING_IQR,False,0.052872141345504164,False,NO_ACTION
2022-07-01,free_cash_flow,Free Cash Flow,-405324375.78,-202436939.08999997,-432396064.6687499,18917873.52124995,0.0,0.0,False,NORMAL,NORMAL,ROLLING_IQR,False,0.03293124420878918,False,NO_ACTION
2022-08-01,free_cash_flow,Free Cash Flow,-466724441.29,-202436939.08999997,-441211637.3875,24207217.152499974,-25512803.902500033,-0.2192674719009035,True,LOW,BELOW_EXPECTED,ROLLING_IQR,True,-0.07357760298503868,True,MONITOR
2022-09-01,free_cash_flow,Free Cash Flow,-68172454.68,-218865359.64999998,-455688585.17375,-8223275.8637500405,0.0,0.0,False,NORMAL,NORMAL,ROLLING_IQR,False,0.05005372753067916,False,NO_ACTION
2022-10-01,free_cash_flow,Free Cash Flow,-118195178.38,-218865359.64999998,-494235455.50625,56021508.02374998,0.0,0.0,False,NORMAL,NORMAL,ROLLING_IQR,False,0.03855702253685339,False,NO_ACTION
2022-11-01,free_cash_flow,Free Cash Flow,-360393874.07,-208521316.7,-517180990.11125,94264065.69874996,0.0,0.0,False,NORMAL,NORMAL,ROLLING_IQR,False,0.03594361776527799,False,NO_ACTION
2022-12-01,free_cash_flow,Free Cash Flow,-222452307.86,-242888090.70999998,-568499412.8000001,109557296.72000006,0.0,0.0,False,NORMAL,NORMAL,ROLLING_IQR,False,0.08354273005944457,False,NO_ACTION
2023-01-01,free_cash_flow,Free Cash Flow,-200223878.05,-242888090.70999998,-525142666.7750001,37296053.34500006,0.0,0.0,False,NORMAL,NORMAL,ROLLING_IQR,False,0.09424354978839256,False,NO_ACTION
2023-02-01,free_cash_flow,Free Cash Flow,-310026238.85,-242888090.70999998,-488283667.96625006,-24135611.336249948,0.0,0.0,False,NORMAL,NORMAL,ROLLING_IQR,False,0.05544799663594313,False,NO_ACTION
2023-03-01,free_cash_flow,Free Cash Flow,-99430438.29,-254594336.26,-509258670.27875006,-11550609.94874993,0.0,0.0,False,NORMAL,NORMAL,ROLLING_IQR,False,0.07008671249339127,False,NO_ACTION
2023-04-01,free_cash_flow,Free Cash Flow,-419062744.7,-223701022.56,-546117669.0875001,49881054.73250008,0.0,0.0,False,NORMAL,NORMAL,ROLLING_IQR,False,0.0006811716247240862,False,NO_ACTION
2023-05-01,free_cash_flow,Free Cash Flow,-248992611.39,-260645939.405,-668638548.69375,123393582.49625003,0.0,0.0,False,NORMAL,NORMAL,ROLLING_IQR,False,0.07301072577856221,False,NO_ACTION
2023-06-01,free_cash_flow,Free Cash Flow,-312090787.4,-273916091.16999996,-659491194.0450001,108147991.41500002,0.0,0.0,False,NORMAL,NORMAL,ROLLING_IQR,False,0.06436279359129177,False,NO_ACTION
2023-07-01,free_cash_flow,Free Cash Flow,-215445907.07,-279509425.12,-659491194.0450001,108147991.41500002,0.0,0.0,False,NORMAL,NORMAL,ROLLING_IQR,False,0.08701561554274434,False,NO_ACTION
2023-08-01,free_cash_flow,Free Cash Flow,-371350328.08,-235722459.625,-540841342.97,36958080.77000001,0.0,0.0,False,NORMAL,NORMAL,ROLLING_IQR,False,0.054450531380980716,False,NO_ACTION
2023-09-01,free_cash_flow,Free Cash Flow,-282067393.0,-235722459.625,-540841342.97,36958080.77000001,0.0,0.0,False,NORMAL,NORMAL,ROLLING_IQR,False,0.09184206313974247,False,NO_ACTION
2023-10-01,free_cash_flow,Free Cash Flow,-188694438.71,-265530002.195,-492955797.94624996,-42851160.93625,0.0,0.0,False,NORMAL,NORMAL,ROLLING_IQR,False,0.08920058174859385,False,NO_ACTION
2023-11-01,free_cash_flow,Free Cash Flow,-365327953.34,-265530002.195,-492955797.94624996,-42851160.93625,0.0,0.0,False,NORMAL,NORMAL,ROLLING_IQR,False,0.012550538976568604,False,NO_ACTION
2023-12-01,free_cash_flow,Free Cash Flow,-144482274.5,-265530002.195,-496039597.49,-41000881.21000001,0.0,0.0,False,NORMAL,NORMAL,ROLLING_IQR,False,0.0862595582707249,False,NO_ACTION
2024-01-01,free_cash_flow,Free Cash Flow,-262128411.45,-265530002.195,-517487919.89,-5253677.210000008,0.0,0.0,False,NORMAL,NORMAL,ROLLING_IQR,False,0.07884749041823763,False,NO_ACTION
2024-02-01,free_cash_flow,Free Cash Flow,-132057420.32,-272097902.225,-500363137.2425,-33794981.62249997,0.0,0.0,False,NORMAL,NORMAL,ROLLING_IQR,False,0.09289702946895889,False,NO_ACTION
2024-03-01,free_cash_flow,Free Cash Flow,-305246893.71,-255560511.42,-547038100.7262499,43996624.18375,0.0,0.0,False,NORMAL,NORMAL,ROLLING_IQR,False,0.08522423880495245,False,NO_ACTION
2024-04-01,free_cash_flow,Free Cash Flow,-259265365.27,-272097902.225,-500363137.2425,-33794981.62249997,0.0,0.0,False,NORMAL,NORMAL,ROLLING_IQR,False,0.06274329877652207,False,NO_ACTION
2024-05-01,free_cash_flow,Free Cash Flow,-147214028.76,-260696888.36,-454257607.86125,-61458299.25125,0.0,0.0,False,NORMAL,NORMAL,ROLLING_IQR,False,0.08530739450438446,False,NO_ACTION
2024-06-01,free_cash_flow,Free Cash Flow,-244617102.28,-260696888.36,-499908163.4975,14625960.142500013,0.0,0.0,False,NORMAL,NORMAL,ROLLING_IQR,False,0.03962958814382633,False,NO_ACTION
2024-07-01,free_cash_flow,Free Cash Flow,-242907768.29,-251941233.775,-452169166.11,-14017438.289999992,0.0,0.0,False,NORMAL,NORMAL,ROLLING_IQR,False,0.09251271890504542,False,NO_ACTION
2024-08-01,free_cash_flow,Free Cash Flow,-99799314.33,-251941233.775,-452169166.11,-14017438.289999992,0.0,0.0,False,NORMAL,NORMAL,ROLLING_IQR,False,0.058531431735014905,False,NO_ACTION
2024-09-01,free_cash_flow,Free Cash Flow,-155506367.68,-243762435.285,-447986256.80125,34342009.76874998,0.0,0.0,False,NORMAL,NORMAL,ROLLING_IQR,False,0.09129580144492394,False,NO_ACTION
2024-10-01,free_cash_flow,Free Cash Flow,-236533902.98,-215801103.5,-430156181.745,23643964.735000014,0.0,0.0,False,NORMAL,NORMAL,ROLLING_IQR,False,0.08129279340617718,False,NO_ACTION
2024-11-01,free_cash_flow,Free Cash Flow,-141512259.01,-239720835.635,-430156181.745,23643964.735000014,0.0,0.0,False,NORMAL,NORMAL,ROLLING_IQR,False,0.07286834485626303,False,NO_ACTION
2024-12-01,free_cash_flow,Free Cash Flow,-84539824.72,-196020135.32999998,-405088264.12750006,13069325.472500026,0.0,0.0,False,NORMAL,NORMAL,ROLLING_IQR,False,0.08024766184123888,False,NO_ACTION
2025-01-01,free_cash_flow,Free Cash Flow,-318124377.63,-196020135.32999998,-411975096.0625,24547378.69750005,0.0,0.0,False,NORMAL,NORMAL,ROLLING_IQR,False,0.06205984059101516,False,NO_ACTION
2025-02-01,free_cash_flow,Free Cash Flow,-242946732.91,-196020135.32999998,-411975096.0625,24547378.69750005,0.0,0.0,False,NORMAL,NORMAL,ROLLING_IQR,False,0.06037714550989781,False,NO_ACTION
2025-03-01,free_cash_flow,Free Cash Flow,-140008342.56,-239720835.635,-402015040.58500004,7947286.235000014,0.0,0.0,False,NORMAL,NORMAL,ROLLING_IQR,False,0.07758807507321386,False,NO_ACTION
2025-04-01,free_cash_flow,Free Cash Flow,-212042227.94,-196020135.32999998,-396706393.285,12205788.13500005,0.0,0.0,False,NORMAL,NORMAL,ROLLING_IQR,False,0.07360711805922815,False,NO_ACTION
2025-05-01,free_cash_flow,Free Cash Flow,-104877082.92,-183774297.81,-395589353.76625,11535564.423750043,0.0,0.0,False,NORMAL,NORMAL,ROLLING_IQR,False,0.08135197437608027,False,NO_ACTION
2025-06-01,free_cash_flow,Free Cash Flow,-102841911.16,-183774297.81,-410455482.1375,36312445.04249999,0.0,0.0,False,NORMAL,NORMAL,ROLLING_IQR,False,0.06359060959895407,False,NO_ACTION
2025-07-01,free_cash_flow,Free Cash Flow,-692083315.85,-148509313.345,-438765988.29875004,96270329.01125,-253317327.55124998,-1.8938327687724266,True,MEDIUM,BELOW_EXPECTED,ROLLING_IQR,True,-0.15503845541382333,True,MANAGEMENT_REVIEW
2025-08-01,free_cash_flow,Free Cash Flow,-242488848.53,-148509313.345,-438790341.18625,96284940.74374996,0.0,0.0,False,NORMAL,NORMAL,ROLLING_IQR,False,0.03168337908065416,False,NO_ACTION
2025-09-01,free_cash_flow,Free Cash Flow,-160142513.05,-183774297.81,-409670007.5875,35841160.31249997,0.0,0.0,False,NORMAL,NORMAL,ROLLING_IQR,False,0.06677933147899529,False,NO_ACTION
2025-10-01,free_cash_flow,Free Cash Flow,-116587714.39,-186092370.495,-409670007.5875,35841160.31249997,0.0,0.0,False,NORMAL,NORMAL,ROLLING_IQR,False,0.06394137587617449,False,NO_ACTION
2025-11-01,free_cash_flow,Free Cash Flow,-225284653.49,-150827386.03,-436018214.27875,79754838.13125,0.0,0.0,False,NORMAL,NORMAL,ROLLING_IQR,False,0.01848356059384615,False,NO_ACTION
2025-12-01,free_cash_flow,Free Cash Flow,-316829211.22,-186092370.495,-436018214.27875,79754838.13125,0.0,0.0,False,NORMAL,NORMAL,ROLLING_IQR,True,-0.026689196548688066,True,MONITOR
2026-01-01,free_cash_flow,Free Cash Flow,-31825268.44,-218663440.715,-452313602.9425,56743064.937500015,0.0,0.0,False,NORMAL,NORMAL,ROLLING_IQR,False,0.03822359288506344,False,NO_ACTION
2026-02-01,free_cash_flow,Free Cash Flow,-53785853.55,-186092370.495,-436018214.27875,79754838.13125,0.0,0.0,False,NORMAL,NORMAL,ROLLING_IQR,False,0.037118149939731115,False,NO_ACTION
2026-03-01,free_cash_flow,Free Cash Flow,-63178530.94,-150075427.805,-417411820.655,83457828.425,0.0,0.0,False,NORMAL,NORMAL,ROLLING_IQR,False,0.024625436371036313,False,NO_ACTION
2026-04-01,free_cash_flow,Free Cash Flow,-35965081.81,-138365113.72,-434575156.46750003,112063388.11250004,0.0,0.0,False,NORMAL,NORMAL,ROLLING_IQR,False,0.03480241037795001,False,NO_ACTION
2026-05-01,free_cash_flow,Free Cash Flow,-41392430.58,-110732398.655,-482718713.23625,192302649.39374998,0.0,0.0,False,NORMAL,NORMAL,ROLLING_IQR,True,-0.045476727719187204,True,MONITOR
2026-06-01,free_cash_flow,Free Cash Flow,48872871.91,-109714812.775,-497933008.91375,217659808.85625,0.0,0.0,False,NORMAL,NORMAL,ROLLING_IQR,True,-0.0016832267083946029,True,MONITOR
2026-07-01,free_cash_flow,Free Cash Flow,-162834153.72,-89883122.66499999,-513910865.54375005,244289569.90625006,0.0,0.0,False,NORMAL,NORMAL,ROLLING_IQR,False,0.0282425927424787,False,NO_ACTION
2026-08-01,free_cash_flow,Free Cash Flow,127480329.44,-89883122.66499999,-386063556.5749999,167581184.52499998,0.0,0.0,False,NORMAL,NORMAL,ROLLING_IQR,True,-0.30675555531801435,True,MONITOR
2021-01-01,dio_days,DIO,9.584271912134604,,,,0.0,0.0,False,NORMAL,NORMAL,ROLLING_IQR,True,-0.07932225402086268,True,MONITOR
2021-02-01,dio_days,DIO,12.237617003866228,,,,0.0,0.0,False,NORMAL,NORMAL,ROLLING_IQR,True,-0.10748311428161883,True,MONITOR
2021-03-01,dio_days,DIO,21.0515337593365,,,,0.0,0.0,False,NORMAL,NORMAL,ROLLING_IQR,True,-0.013662675506236788,True,MONITOR
2021-04-01,dio_days,DIO,30.9321985401688,,,,0.0,0.0,False,NORMAL,NORMAL,ROLLING_IQR,False,0.00858255862085433,False,NO_ACTION
2021-05-01,dio_days,DIO,42.00243294377833,,,,0.0,0.0,False,NORMAL,NORMAL,ROLLING_IQR,False,0.04106910648197565,False,NO_ACTION
2021-06-01,dio_days,DIO,49.43982802148573,,,,0.0,0.0,False,NORMAL,NORMAL,ROLLING_IQR,False,0.058604786217531846,False,NO_ACTION
2021-07-01,dio_days,DIO,62.942482682003785,25.991866149752653,-22.749571032479437,76.42554156808919,0.0,0.0,False,NORMAL,NORMAL,ROLLING_IQR,False,0.03778857677718811,False,NO_ACTION
2021-08-01,dio_days,DIO,69.3287101345042,30.9321985401688,-26.970257269944646,89.33596313417804,0.0,0.0,False,NORMAL,NORMAL,ROLLING_IQR,False,0.034149293290063165,False,NO_ACTION
2021-09-01,dio_days,DIO,75.51881174450806,36.467315741973565,-32.10310110375054,103.76664736083472,0.0,0.0,False,NORMAL,NORMAL,ROLLING_IQR,False,0.06975701067799739,False,NO_ACTION
2021-10-01,dio_days,DIO,91.1722145970088,42.00243294377833,-41.78488962466442,125.77890606600471,0.0,0.0,False,NORMAL,NORMAL,ROLLING_IQR,False,0.038023030753778886,False,NO_ACTION
2021-11-01,dio_days,DIO,94.3488055458273,45.721130482632034,-42.793980020707224,134.0478332466309,0.0,0.0,False,NORMAL,NORMAL,ROLLING_IQR,False,0.06303103990942027,False,NO_ACTION
2021-12-01,dio_days,DIO,93.05927467958816,49.43982802148573,-43.65597603487758,142.07160312413637,0.0,0.0,False,NORMAL,NORMAL,ROLLING_IQR,False,0.03170592636364894,False,NO_ACTION
2022-01-01,dio_days,DIO,129.26794694298388,56.191155351744754,-47.99316282404805,155.88735762664203,0.0,0.0,False,NORMAL,NORMAL,ROLLING_IQR,True,-0.005840284759335068,True,MONITOR
2022-02-01,dio_days,DIO,113.61749676847867,66.135596408254,-39.3787835692906,170.2576375298202,0.0,0.0,False,NORMAL,NORMAL,ROLLING_IQR,False,0.0530323537890936,False,NO_ACTION
2022-03-01,dio_days,DIO,127.26994032296408,72.42376093950614,-21.12128796407471,162.08342461228153,0.0,0.0,False,NORMAL,NORMAL,ROLLING_IQR,False,0.004071874688991672,False,NO_ACTION
2022-04-01,dio_days,DIO,137.01136523532202,83.34551317075844,0.1680800149504691,158.56471735341393,0.0,0.0,False,NORMAL,NORMAL,ROLLING_IQR,False,0.08307895864322135,False,NO_ACTION
2022-05-01,dio_days,DIO,148.17691052224825,92.11574463829848,-6.215528307202277,190.97828923568142,0.0,0.0,False,NORMAL,NORMAL,ROLLING_IQR,False,0.07213256976998916,False,NO_ACTION
2022-06-01,dio_days,DIO,157.71851573542315,93.70404011270773,-6.72594711193581,208.46667543191194,0.0,0.0,False,NORMAL,NORMAL,ROLLING_IQR,False,0.052872141345504164,False,NO_ACTION
2022-07-01,dio_days,DIO,174.217232870374,103.98315115715299,21.341457435606443,197.1212079643456,0.0,0.0,False,NORMAL,NORMAL,ROLLING_IQR,False,0.03293124420878918,False,NO_ACTION
2022-08-01,dio_days,DIO,181.32710647636245,120.44371854572137,21.76464681177795,210.62561440421894,0.0,0.0,False,NORMAL,NORMAL,ROLLING_IQR,True,-0.07357760298503868,True,MONITOR
2022-09-01,dio_days,DIO,173.51820372818435,128.268943632974,9.22258933485584,235.36614531995366,0.0,0.0,False,NORMAL,NORMAL,ROLLING_IQR,False,0.05005372753067916,False,NO_ACTION
2022-10-01,dio_days,DIO,215.588979762346,133.13965608915294,29.49815330661943,240.97060838980985,0.0,0.0,False,NORMAL,NORMAL,ROLLING_IQR,False,0.03855702253685339,False,NO_ACTION
2022-11-01,dio_days,DIO,184.54123972138453,142.59413787878515,49.1026320652592,248.44715838281527,0.0,0.0,False,NORMAL,NORMAL,ROLLING_IQR,False,0.03594361776527799,False,NO_ACTION
2022-12-01,dio_days,DIO,221.6214700074377,152.9477131288357,57.92906131214062,246.83408524770942,0.0,0.0,False,NORMAL,NORMAL,ROLLING_IQR,False,0.08354273005944457,False,NO_ACTION
2023-01-01,dio_days,DIO,216.68035283397484,165.61835973180376,64.4928169741668,252.71333347568864,0.0,0.0,False,NORMAL,NORMAL,ROLLING_IQR,False,0.09424354978839256,False,NO_ACTION
2023-02-01,dio_days,DIO,239.41756769585896,173.86771829927918,75.00904840385441,262.6796505282872,0.0,0.0,False,NORMAL,NORMAL,ROLLING_IQR,False,0.05544799663594313,False,NO_ACTION
2023-03-01,dio_days,DIO,234.4546567464766,177.77216967336824,64.54005153494376,306.6548859274389,0.0,0.0,False,NORMAL,NORMAL,ROLLING_IQR,False,0.07008671249339127,False,NO_ACTION
2023-04-01,dio_days,DIO,273.90437235543106,182.9341730988735,97.0472561339743,290.4366577233603,0.0,0.0,False,NORMAL,NORMAL,ROLLING_IQR,False,0.0006811716247240862,False,NO_ACTION
2023-05-01,dio_days,DIO,237.4067609421064,200.06510974186529,97.8615389237704,301.01070335325363,0.0,0.0,False,NORMAL,NORMAL,ROLLING_IQR,False,0.07301072577856221,False,NO_ACTION
2023-06-01,dio_days,DIO,244.15008053904663,216.13466629816043,96.08507099408727,318.6572498761621,0.0,0.0,False,NORMAL,NORMAL,ROLLING_IQR,False,0.06436279359129177,False,NO_ACTION
2023-07-01,dio_days,DIO,269.0393429708201,219.15091142070628,102.48007207950575,319.16709696116783,0.0,0.0,False,NORMAL,NORMAL,ROLLING_IQR,False,0.08701561554274434,False,NO_ACTION
2023-08-01,dio_days,DIO,277.55578644141906,228.03806337695715,158.6665680202803,289.76117263848124,0.0,0.0,False,NORMAL,NORMAL,ROLLING_IQR,False,0.054450531380980716,False,NO_ACTION
2023-09-01,dio_days,DIO,287.0452828299322,235.93070884429147,165.4601796946841,301.3197260183735,0.0,0.0,False,NORMAL,NORMAL,ROLLING_IQR,False,0.09184206313974247,False,NO_ACTION
2023-10-01,dio_days,DIO,298.27218599356866,238.41216431898266,145.58207630972066,345.05971472132416,0.0,0.0,False,NORMAL,NORMAL,ROLLING_IQR,False,0.08920058174859385,False,NO_ACTION
2023-11-01,dio_days,DIO,296.90409690676904,241.7838241174528,165.89006133890004,340.17352459974495,0.0,0.0,False,NORMAL,NORMAL,ROLLING_IQR,False,0.012550538976568604,False,NO_ACTION
2023-12-01,dio_days,DIO,341.5820003619276,256.59471175493337,171.77959642517635,344.8172990065699,0.0,0.0,False,NORMAL,NORMAL,ROLLING_IQR,False,0.0862595582707249,False,NO_ACTION
2024-01-01,dio_days,DIO,328.7748132370987,271.47185766312555,163.02218549483993,365.4026668617223,0.0,0.0,False,NORMAL,NORMAL,ROLLING_IQR,False,0.07884749041823763,False,NO_ACTION
2024-02-01,dio_days,DIO,336.70879480042856,275.73007939842506,161.54820205292089,378.66486945379773,0.0,0.0,False,NORMAL,NORMAL,ROLLING_IQR,False,0.09289702946895889,False,NO_ACTION
2024-03-01,dio_days,DIO,356.94163177571846,282.3005346356756,198.19580420051508,370.51906596681283,0.0,0.0,False,NORMAL,NORMAL,ROLLING_IQR,False,0.08522423880495245,False,NO_ACTION
2024-04-01,dio_days,DIO,368.2149511220767,291.97468986835065,185.582824581299,417.86359905591047,0.0,0.0,False,NORMAL,NORMAL,ROLLING_IQR,False,0.06274329877652207,False,NO_ACTION
2024-05-01,dio_days,DIO,372.96972556095824,297.58814145016885,181.6760446482183,431.6777271163544,0.0,0.0,False,NORMAL,NORMAL,ROLLING_IQR,False,0.08530739450438446,False,NO_ACTION
2024-06-01,dio_days,DIO,429.0933636759663,313.52349961533366,193.54940950894687,436.54540743923235,0.0,0.0,False,NORMAL,NORMAL,ROLLING_IQR,False,0.03962958814382633,False,NO_ACTION
2024-07-01,dio_days,DIO,395.3296164221808,332.7418040187637,196.4585410504376,457.7408139494303,0.0,0.0,False,NORMAL,NORMAL,ROLLING_IQR,False,0.09251271890504542,False,NO_ACTION
2024-08-01,dio_days,DIO,428.90799268015707,339.1453975811781,190.71994220697638,476.61386624668944,0.0,0.0,False,NORMAL,NORMAL,ROLLING_IQR,False,0.058531431735014905,False,NO_ACTION
2024-09-01,dio_days,DIO,383.77278846299737,349.261816068823,235.03334365114475,464.6755110513353,0.0,0.0,False,NORMAL,NORMAL,ROLLING_IQR,False,0.09129580144492394,False,NO_ACTION
2024-10-01,dio_days,DIO,386.5740164835449,362.5782914488976,256.82025534480044,464.5670395175889,0.0,0.0,False,NORMAL,NORMAL,ROLLING_IQR,False,0.08129279340617718,False,NO_ACTION
2024-11-01,dio_days,DIO,427.1195449926045,370.59233834151746,267.7648727265763,461.36174271318043,0.0,0.0,False,NORMAL,NORMAL,ROLLING_IQR,False,0.07286834485626303,False,NO_ACTION
2024-12-01,dio_days,DIO,431.6642232808837,378.37125701197783,277.8386619584969,478.5401605285606,0.0,0.0,False,NORMAL,NORMAL,ROLLING_IQR,False,0.08024766184123888,False,NO_ACTION
2025-01-01,dio_days,DIO,414.3873874372879,385.17340247327115,272.1415678419788,520.821710358001,0.0,0.0,False,NORMAL,NORMAL,ROLLING_IQR,False,0.06205984059101516,False,NO_ACTION
2025-02-01,dio_days,DIO,457.6771039731602,390.95181645286283,288.1025945063557,511.2450943593749,0.0,0.0,False,NORMAL,NORMAL,ROLLING_IQR,False,0.06037714550989781,False,NO_ACTION
2025-03-01,dio_days,DIO,453.5931809151568,404.8585019297343,309.2485537000549,500.7778044665421,0.0,0.0,False,NORMAL,NORMAL,ROLLING_IQR,False,0.07758807507321386,False,NO_ACTION
2025-04-01,dio_days,DIO,454.9434382243934,420.75346621494623,320.0801558302265,495.52963222537716,0.0,0.0,False,NORMAL,NORMAL,ROLLING_IQR,False,0.07360711805922815,False,NO_ACTION
2025-05-01,dio_days,DIO,499.00085054710746,428.0137688363808,327.13209705962663,503.15508206734717,0.0,0.0,False,NORMAL,NORMAL,ROLLING_IQR,False,0.08135197437608027,False,NO_ACTION
2025-06-01,dio_days,DIO,489.58326682388497,429.00067817806166,343.16124384507884,520.3924460808983,0.0,0.0,False,NORMAL,NORMAL,ROLLING_IQR,False,0.06359060959895407,False,NO_ACTION
2025-07-01,dio_days,DIO,454.2000627734532,430.28610798052034,340.6170797164001,524.632719628696,0.0,0.0,False,NORMAL,NORMAL,ROLLING_IQR,True,-0.15503845541382333,True,MONITOR
2025-08-01,dio_days,DIO,531.8236328795132,442.6287020980202,376.40098201706076,503.16237824829966,28.661254631213524,0.9044158705519302,True,LOW,ABOVE_EXPECTED,ROLLING_IQR,False,0.03168337908065416,True,MONITOR
2025-09-01,dio_days,DIO,497.4897628870333,453.896621844305,361.36079698067635,528.2293533089404,0.0,0.0,False,NORMAL,NORMAL,ROLLING_IQR,False,0.06677933147899529,False,NO_ACTION
2025-10-01,dio_days,DIO,532.9098215678605,454.5717504989233,338.98029801252665,583.1076465359592,0.0,0.0,False,NORMAL,NORMAL,ROLLING_IQR,False,0.06394137587617449,False,NO_ACTION
2025-11-01,dio_days,DIO,566.2806280817175,456.31027109877675,373.4760515633935,572.5024247452469,0.0,0.0,False,NORMAL,NORMAL,ROLLING_IQR,False,0.01848356059384615,False,NO_ACTION
2025-12-01,dio_days,DIO,521.1370418775745,473.6301853985226,374.3110365768845,586.9438518622036,0.0,0.0,False,NORMAL,NORMAL,ROLLING_IQR,True,-0.026689196548688066,True,MONITOR
2026-01-01,dio_days,DIO,515.2690991177917,493.53651485545913,351.1809514620571,627.3853325276604,0.0,0.0,False,NORMAL,NORMAL,ROLLING_IQR,False,0.03822359288506344,False,NO_ACTION
2026-02-01,dio_days,DIO,561.5002265776375,498.2453067170704,356.7711843978325,624.0311927661951,0.0,0.0,False,NORMAL,NORMAL,ROLLING_IQR,False,0.037118149939731115,False,NO_ACTION
2026-03-01,dio_days,DIO,554.3142043009981,507.1349748324496,404.1655041076303,608.8529856179819,0.0,0.0,False,NORMAL,NORMAL,ROLLING_IQR,False,0.024625436371036313,False,NO_ACTION
2026-04-01,dio_days,DIO,586.5066498570592,518.203070497683,431.39147130139827,602.3825848209929,0.0,0.0,False,NORMAL,NORMAL,ROLLING_IQR,False,0.03480241037795001,False,NO_ACTION
2026-05-01,dio_days,DIO,667.9641118604604,526.4803373785438,412.3916317749853,642.3421567272616,25.621955133198867,0.4456950926903328,True,LOW,ABOVE_EXPECTED,ROLLING_IQR,True,-0.045476727719187204,True,MONITOR
2026-06-01,dio_days,DIO,539.3131263479413,532.3667272236869,433.017672219769,640.5019197939906,0.0,0.0,False,NORMAL,NORMAL,ROLLING_IQR,True,-0.0016832267083946029,True,MONITOR
2026-07-01,dio_days,DIO,579.6148945899688,536.1114739579009,455.13215003858573,627.2332331027005,0.0,0.0,False,NORMAL,NORMAL,ROLLING_IQR,False,0.0282425927424787,False,NO_ACTION
2026-08-01,dio_days,DIO,2604.8051609779386,546.8136653244696,468.4586707594007,630.3075090784082,1974.4976518995304,48.79856222403659,True,CRITICAL,ABOVE_EXPECTED,ROLLING_IQR,True,-0.30675555531801435,True,IMMEDIATE_REVIEW
2021-01-01,dpo_days,DPO,-89.54198201231891,,,,0.0,0.0,False,NORMAL,NORMAL,ROLLING_IQR,True,-0.07932225402086268,True,MONITOR
2021-02-01,dpo_days,DPO,-195.7027136933727,,,,0.0,0.0,False,NORMAL,NORMAL,ROLLING_IQR,True,-0.10748311428161883,True,MONITOR
2021-03-01,dpo_days,DPO,-330.12097269200814,,,,0.0,0.0,False,NORMAL,NORMAL,ROLLING_IQR,True,-0.013662675506236788,True,MONITOR
2021-04-01,dpo_days,DPO,-389.2047726720933,,,,0.0,0.0,False,NORMAL,NORMAL,ROLLING_IQR,False,0.00858255862085433,False,NO_ACTION
2021-05-01,dpo_days,DPO,-482.9375902502685,,,,0.0,0.0,False,NORMAL,NORMAL,ROLLING_IQR,False,0.04106910648197565,False,NO_ACTION
2021-06-01,dpo_days,DPO,-548.7845483817691,,,,0.0,0.0,False,NORMAL,NORMAL,ROLLING_IQR,False,0.058604786217531846,False,NO_ACTION
2021-07-01,dpo_days,DPO,-697.1044705566378,-359.66287268205076,-804.8000469747644,115.98838267600817,0.0,0.0,False,NORMAL,NORMAL,ROLLING_IQR,False,0.03778857677718811,False,NO_ACTION
2021-08-01,dpo_days,DPO,-704.2358354675739,-389.2047726720933,-895.2849085010113,116.5119959923021,0.0,0.0,False,NORMAL,NORMAL,ROLLING_IQR,False,0.034149293290063165,False,NO_ACTION
2021-09-01,dpo_days,DPO,-677.9146490312316,-436.0711814611809,-1019.8867104001919,137.50577353235633,0.0,0.0,False,NORMAL,NORMAL,ROLLING_IQR,False,0.06975701067799739,False,NO_ACTION
2021-10-01,dpo_days,DPO,-787.5669360803399,-482.9375902502685,-1199.6051635400668,191.5695418168271,0.0,0.0,False,NORMAL,NORMAL,ROLLING_IQR,False,0.038023030753778886,False,NO_ACTION
2021-11-01,dpo_days,DPO,-797.1627547539198,-515.8610693160188,-1213.4296539076718,176.2307160453559,0.0,0.0,False,NORMAL,NORMAL,ROLLING_IQR,False,0.06303103990942027,False,NO_ACTION
2021-12-01,dpo_days,DPO,-726.5707340267942,-548.7845483817691,-1212.1810735071886,151.84804781303188,0.0,0.0,False,NORMAL,NORMAL,ROLLING_IQR,False,0.03170592636364894,False,NO_ACTION
2022-01-01,dpo_days,DPO,-932.558144262835,-613.3495987065004,-1212.8981662528392,128.6447834683883,0.0,0.0,False,NORMAL,NORMAL,ROLLING_IQR,True,-0.005840284759335068,True,MONITOR
2022-02-01,dpo_days,DPO,-848.3933616810195,-687.5095597939347,-1165.2928825668646,-36.031287829040764,0.0,0.0,False,NORMAL,NORMAL,ROLLING_IQR,False,0.0530323537890936,False,NO_ACTION
2022-03-01,dpo_days,DPO,-974.3024769478674,-700.6701530121059,-1176.4305135984962,-145.85818599913256,0.0,0.0,False,NORMAL,NORMAL,ROLLING_IQR,False,0.004071874688991672,False,NO_ACTION
2022-04-01,dpo_days,DPO,-1022.8359217996498,-715.403284747184,-1056.4778304109377,-399.12469994362306,0.0,0.0,False,NORMAL,NORMAL,ROLLING_IQR,False,0.08307895864322135,False,NO_ACTION
2022-05-01,dpo_days,DPO,-1118.4625582351014,-757.068835053567,-1135.1258705532541,-426.6157019485057,0.0,0.0,False,NORMAL,NORMAL,ROLLING_IQR,False,0.07213256976998916,False,NO_ACTION
2022-06-01,dpo_days,DPO,-1183.2825521351326,-792.3648454171298,-1303.806077225473,-341.64114444846007,0.0,0.0,False,NORMAL,NORMAL,ROLLING_IQR,False,0.052872141345504164,False,NO_ACTION
2022-07-01,dpo_days,DPO,-1294.464814186083,-822.7780582174696,-1384.6090813215487,-322.8137662262534,0.0,0.0,False,NORMAL,NORMAL,ROLLING_IQR,False,0.03293124420878918,False,NO_ACTION
2022-08-01,dpo_days,DPO,-1355.5579591778496,-890.4757529719272,-1458.3796239208518,-360.6808425546145,0.0,0.0,False,NORMAL,NORMAL,ROLLING_IQR,True,-0.07357760298503868,True,MONITOR
2022-09-01,dpo_days,DPO,-1292.1643605431948,-953.4303106053512,-1644.5231916469859,-284.90816514864827,0.0,0.0,False,NORMAL,NORMAL,ROLLING_IQR,False,0.05005372753067916,False,NO_ACTION
2022-10-01,dpo_days,DPO,-1560.0386736797482,-998.5691993737586,-1772.8789456690035,-273.2097685173892,0.0,0.0,False,NORMAL,NORMAL,ROLLING_IQR,False,0.03855702253685339,False,NO_ACTION
2022-11-01,dpo_days,DPO,-1319.7930851550243,-1070.6492400173756,-1864.5732619587202,-339.6831606125776,0.0,0.0,False,NORMAL,NORMAL,ROLLING_IQR,False,0.03594361776527799,False,NO_ACTION
2022-12-01,dpo_days,DPO,-1618.3254175434124,-1150.872555185117,-1806.1926141558818,-458.4706615490457,0.0,0.0,False,NORMAL,NORMAL,ROLLING_IQR,False,0.08354273005944457,False,NO_ACTION
2023-01-01,dpo_days,DPO,-1595.8268261772723,-1237.7234563391637,-1805.78191827177,-533.6549459756645,0.0,0.0,False,NORMAL,NORMAL,ROLLING_IQR,False,0.09424354978839256,False,NO_ACTION
2023-02-01,dpo_days,DPO,-1741.9510205517136,-1293.314587364639,-1874.8614958189528,-626.3725411106099,0.0,0.0,False,NORMAL,NORMAL,ROLLING_IQR,False,0.05544799663594313,False,NO_ACTION
2023-03-01,dpo_days,DPO,-1684.2996022703792,-1307.1289496705535,-2171.8479490201357,-564.2153164441182,0.0,0.0,False,NORMAL,NORMAL,ROLLING_IQR,False,0.07008671249339127,False,NO_ACTION
2023-04-01,dpo_days,DPO,-1966.3640970710887,-1337.675522166437,-2106.2128223852496,-760.182560074737,0.0,0.0,False,NORMAL,NORMAL,ROLLING_IQR,False,0.0006811716247240862,False,NO_ACTION
2023-05-01,dpo_days,DPO,-1761.6062024810276,-1457.798316428799,-2146.2128581498437,-782.4958063506713,0.0,0.0,False,NORMAL,NORMAL,ROLLING_IQR,False,0.07301072577856221,False,NO_ACTION
2023-06-01,dpo_days,DPO,-1855.3024268456657,-1577.9327499285102,-2276.5896159825984,-735.5838582709034,0.0,0.0,False,NORMAL,NORMAL,ROLLING_IQR,False,0.06436279359129177,False,NO_ACTION
2023-07-01,dpo_days,DPO,-1988.0960668797009,-1607.0761218603425,-2347.23692907689,-746.2446276292951,0.0,0.0,False,NORMAL,NORMAL,ROLLING_IQR,False,0.08701561554274434,False,NO_ACTION
2023-08-01,dpo_days,DPO,-2037.555108078748,-1651.3125099068957,-2199.197903849057,-1094.7508497774033,0.0,0.0,False,NORMAL,NORMAL,ROLLING_IQR,False,0.054450531380980716,False,NO_ACTION
2023-09-01,dpo_days,DPO,-2192.427802900946,-1713.1253114110464,-2327.349928925716,-1142.5977035291965,0.0,0.0,False,NORMAL,NORMAL,ROLLING_IQR,False,0.09184206313974247,False,NO_ACTION
2023-10-01,dpo_days,DPO,-2341.0751573624725,-1751.7786115163706,-2510.4415692552884,-1074.0562899698307,0.0,0.0,False,NORMAL,NORMAL,ROLLING_IQR,False,0.08920058174859385,False,NO_ACTION
2023-11-01,dpo_days,DPO,-2309.189066105139,-1808.4543146633466,-2499.4429838157007,-1168.8238994523995,0.0,0.0,False,NORMAL,NORMAL,ROLLING_IQR,False,0.012550538976568604,False,NO_ACTION
2023-12-01,dpo_days,DPO,-2594.9810197666507,-1910.833261958377,-2599.3759554886738,-1204.4354922770035,0.0,0.0,False,NORMAL,NORMAL,ROLLING_IQR,False,0.0862595582707249,False,NO_ACTION
2024-01-01,dpo_days,DPO,-2440.9903619417446,-1977.2300819753948,-2919.0066862569374,-1059.303839443756,0.0,0.0,False,NORMAL,NORMAL,ROLLING_IQR,False,0.07884749041823763,False,NO_ACTION
2024-02-01,dpo_days,DPO,-2463.2118839832874,-2012.8255874792244,-3045.083916166922,-1103.9550435070569,0.0,0.0,False,NORMAL,NORMAL,ROLLING_IQR,False,0.09289702946895889,False,NO_ACTION
2024-03-01,dpo_days,DPO,-2591.4411153435085,-2114.991455489847,-3007.236876996127,-1297.4157610258967,0.0,0.0,False,NORMAL,NORMAL,ROLLING_IQR,False,0.08522423880495245,False,NO_ACTION
2024-04-01,dpo_days,DPO,-2627.679585943009,-2250.8084345030425,-3142.3697444890036,-1286.8390723906746,0.0,0.0,False,NORMAL,NORMAL,ROLLING_IQR,False,0.06274329877652207,False,NO_ACTION
2024-05-01,dpo_days,DPO,-2598.032520204539,-2325.1321117338057,-3200.3874578898776,-1320.072081712451,0.0,0.0,False,NORMAL,NORMAL,ROLLING_IQR,False,0.08530739450438446,False,NO_ACTION
2024-06-01,dpo_days,DPO,-2935.8966731061287,-2391.0327596521083,-3250.2507848301398,-1495.7849358145509,0.0,0.0,False,NORMAL,NORMAL,ROLLING_IQR,False,0.03962958814382633,False,NO_ACTION
2024-07-01,dpo_days,DPO,-2668.385200803088,-2452.101122962516,-3069.3616117341708,-1806.3810334460425,0.0,0.0,False,NORMAL,NORMAL,ROLLING_IQR,False,0.09251271890504542,False,NO_ACTION
2024-08-01,dpo_days,DPO,-2882.5821155851327,-2527.326499663398,-3013.9552647756827,-1924.5926564116126,0.0,0.0,False,NORMAL,NORMAL,ROLLING_IQR,False,0.058531431735014905,False,NO_ACTION
2024-09-01,dpo_days,DPO,-2560.462278023423,-2593.2110675550794,-2970.622632949682,-2083.2449175052734,0.0,0.0,False,NORMAL,NORMAL,ROLLING_IQR,False,0.09129580144492394,False,NO_ACTION
2024-10-01,dpo_days,DPO,-2536.769134174354,-2593.2110675550794,-2908.155218935719,-2187.357274195212,0.0,0.0,False,NORMAL,NORMAL,ROLLING_IQR,False,0.08129279340617718,False,NO_ACTION
2024-11-01,dpo_days,DPO,-2760.410453553702,-2593.2110675550794,-2817.0702417051907,-2339.165569579425,0.0,0.0,False,NORMAL,NORMAL,ROLLING_IQR,False,0.07286834485626303,False,NO_ACTION
2024-12-01,dpo_days,DPO,-2738.8242294414845,-2596.506769985595,-2896.6702968851205,-2349.2602091667777,0.0,0.0,False,NORMAL,NORMAL,ROLLING_IQR,False,0.08024766184123888,False,NO_ACTION
2025-01-01,dpo_days,DPO,-2669.181638710936,-2612.856053073774,-3028.743475582113,-2270.0163019485817,0.0,0.0,False,NORMAL,NORMAL,ROLLING_IQR,False,0.06205984059101516,False,NO_ACTION
2025-02-01,dpo_days,DPO,-3024.171246220132,-2648.0323933730488,-2985.007354653617,-2342.909836829409,-39.163891566515304,-0.24397472645105295,True,LOW,BELOW_EXPECTED,ROLLING_IQR,False,0.06037714550989781,True,MONITOR
2025-03-01,dpo_days,DPO,-2991.946887488392,-2668.783419757012,-3082.8064191699773,-2304.5316188808642,0.0,0.0,False,NORMAL,NORMAL,ROLLING_IQR,False,0.07758807507321386,False,NO_ACTION
2025-04-01,dpo_days,DPO,-2938.444013954232,-2704.0029340762103,-3309.375158150867,-2206.8034163229067,0.0,0.0,False,NORMAL,NORMAL,ROLLING_IQR,False,0.07360711805922815,False,NO_ACTION
2025-05-01,dpo_days,DPO,-3153.510086323831,-2749.6173414975933,-3365.13822481521,-2222.1923141563952,0.0,0.0,False,NORMAL,NORMAL,ROLLING_IQR,False,0.08135197437608027,False,NO_ACTION
2025-06-01,dpo_days,DPO,-3076.3553501210617,-2821.496284569417,-3376.075536993469,-2244.7267245782773,0.0,0.0,False,NORMAL,NORMAL,ROLLING_IQR,False,0.06359060959895407,False,NO_ACTION
2025-07-01,dpo_days,DPO,-2907.601700457972,-2821.496284569417,-3496.533649077356,-2172.4518573279447,0.0,0.0,False,NORMAL,NORMAL,ROLLING_IQR,True,-0.15503845541382333,True,MONITOR
2025-08-01,dpo_days,DPO,-3551.967073606798,-2895.0919080215526,-3417.8870702900463,-2303.5294886401284,-134.08000331675157,-0.4812817914990365,True,LOW,BELOW_EXPECTED,ROLLING_IQR,False,0.03168337908065416,True,MONITOR
2025-09-01,dpo_days,DPO,-3323.377852108992,-2923.0228572061023,-3510.9228078501405,-2247.708046104072,0.0,0.0,False,NORMAL,NORMAL,ROLLING_IQR,False,0.06677933147899529,False,NO_ACTION
2025-10-01,dpo_days,DPO,-3452.862782104607,-2965.195450721312,-3606.5892391409134,-2244.0686925564887,0.0,0.0,False,NORMAL,NORMAL,ROLLING_IQR,False,0.06394137587617449,False,NO_ACTION
2025-11-01,dpo_days,DPO,-3630.540993018589,-3008.059066854262,-3683.7367363274457,-2383.0441801745797,0.0,0.0,False,NORMAL,NORMAL,ROLLING_IQR,False,0.01848356059384615,False,NO_ACTION
2025-12-01,dpo_days,DPO,-3333.7649218370766,-3050.263298170597,-3993.2725581494888,-2293.2099620385743,0.0,0.0,False,NORMAL,NORMAL,ROLLING_IQR,True,-0.026689196548688066,True,MONITOR
2026-01-01,dpo_days,DPO,-3303.6032918392293,-3114.932718222446,-3940.9917136026197,-2401.118842406191,0.0,0.0,False,NORMAL,NORMAL,ROLLING_IQR,False,0.03822359288506344,False,NO_ACTION
2026-02-01,dpo_days,DPO,-3547.1959445531224,-3228.55668908153,-3884.675732454102,-2494.978810987054,0.0,0.0,False,NORMAL,NORMAL,ROLLING_IQR,False,0.037118149939731115,False,NO_ACTION
2026-03-01,dpo_days,DPO,-3416.3767370111573,-3313.490571974111,-4108.235330097499,-2423.463977082132,0.0,0.0,False,NORMAL,NORMAL,ROLLING_IQR,False,0.024625436371036313,False,NO_ACTION
2026-04-01,dpo_days,DPO,-3603.542987294903,-3328.5713869730344,-3989.7830783821323,-2620.8843966077425,0.0,0.0,False,NORMAL,NORMAL,ROLLING_IQR,False,0.03480241037795001,False,NO_ACTION
2026-05-01,dpo_days,DPO,-4107.05934532714,-3375.0708294241167,-3971.851831350784,-2842.616885926137,-135.2075139763565,-0.47893492678093463,True,LOW,BELOW_EXPECTED,ROLLING_IQR,True,-0.045476727719187204,True,MONITOR
2026-06-01,dpo_days,DPO,-3283.2801453529246,-3434.6197595578824,-3934.501312009733,-2948.7939520606424,0.0,0.0,False,NORMAL,NORMAL,ROLLING_IQR,True,-0.0016832267083946029,True,MONITOR
2026-07-01,dpo_days,DPO,-3440.991132457041,-3434.6197595578824,-3934.501312009733,-2948.7939520606424,0.0,0.0,False,NORMAL,NORMAL,ROLLING_IQR,False,0.0282425927424787,False,NO_ACTION
2026-08-01,dpo_days,DPO,-15508.474667893024,-3446.9269572808244,-3915.400398464477,-2980.6288079694023,-11593.074269428547,-49.60815834502892,True,CRITICAL,BELOW_EXPECTED,ROLLING_IQR,True,-0.30675555531801435,True,IMMEDIATE_REVIEW
2021-01-01,cash_conversion_cycle_days,Cash Conversion Cycle,99.12625392445352,,,,0.0,0.0,False,NORMAL,NORMAL,ROLLING_IQR,True,-0.07932225402086268,True,MONITOR
2021-02-01,cash_conversion_cycle_days,Cash Conversion Cycle,207.9403306972389,,,,0.0,0.0,False,NORMAL,NORMAL,ROLLING_IQR,True,-0.10748311428161883,True,MONITOR
2021-03-01,cash_conversion_cycle_days,Cash Conversion Cycle,351.17250645134465,,,,0.0,0.0,False,NORMAL,NORMAL,ROLLING_IQR,True,-0.013662675506236788,True,MONITOR
2021-04-01,cash_conversion_cycle_days,Cash Conversion Cycle,420.13697121226215,,,,0.0,0.0,False,NORMAL,NORMAL,ROLLING_IQR,False,0.00858255862085433,False,NO_ACTION
2021-05-01,cash_conversion_cycle_days,Cash Conversion Cycle,524.9400231940468,,,,0.0,0.0,False,NORMAL,NORMAL,ROLLING_IQR,False,0.04106910648197565,False,NO_ACTION
2021-06-01,cash_conversion_cycle_days,Cash Conversion Cycle,598.2243764032548,,,,0.0,0.0,False,NORMAL,NORMAL,ROLLING_IQR,False,0.058604786217531846,False,NO_ACTION
2021-07-01,cash_conversion_cycle_days,Cash Conversion Cycle,760.0469532386417,385.6547388318034,-138.73795370848768,881.2255885428538,0.0,0.0,False,NORMAL,NORMAL,ROLLING_IQR,False,0.03778857677718811,False,NO_ACTION
2021-08-01,cash_conversion_cycle_days,Cash Conversion Cycle,773.5645456020782,420.13697121226215,-143.48225326224684,984.6208716351896,0.0,0.0,False,NORMAL,NORMAL,ROLLING_IQR,False,0.034149293290063165,False,NO_ACTION
2021-09-01,cash_conversion_cycle_days,Cash Conversion Cycle,753.4334607757397,472.5384972031545,-169.6088746361068,1123.6533577610267,0.0,0.0,False,NORMAL,NORMAL,ROLLING_IQR,False,0.06975701067799739,False,NO_ACTION
2021-10-01,cash_conversion_cycle_days,Cash Conversion Cycle,878.7391506773488,524.9400231940468,-252.218925035248,1356.8248922623325,0.0,0.0,False,NORMAL,NORMAL,ROLLING_IQR,False,0.038023030753778886,False,NO_ACTION
2021-11-01,cash_conversion_cycle_days,Cash Conversion Cycle,891.5115602997471,561.5821997986509,-216.55631358043928,1343.3635163449294,0.0,0.0,False,NORMAL,NORMAL,ROLLING_IQR,False,0.06303103990942027,False,NO_ACTION
2021-12-01,cash_conversion_cycle_days,Cash Conversion Cycle,819.6300087063823,598.2243764032548,-186.07177705103135,1338.5322653031947,0.0,0.0,False,NORMAL,NORMAL,ROLLING_IQR,False,0.03170592636364894,False,NO_ACTION
2022-01-01,cash_conversion_cycle_days,Cash Conversion Cycle,1061.826091205819,675.8289185894973,-170.38172951214943,1358.3584959123364,0.0,0.0,False,NORMAL,NORMAL,ROLLING_IQR,True,-0.005840284759335068,True,MONITOR
2022-02-01,cash_conversion_cycle_days,Cash Conversion Cycle,962.0108584494982,756.7402070071907,-4.76279080218427,1337.9093451999088,0.0,0.0,False,NORMAL,NORMAL,ROLLING_IQR,False,0.0530323537890936,False,NO_ACTION
2022-03-01,cash_conversion_cycle_days,Cash Conversion Cycle,1101.5724172708317,766.8057494203599,126.85984062795961,1334.9757005559416,0.0,0.0,False,NORMAL,NORMAL,ROLLING_IQR,False,0.004071874688991672,False,NO_ACTION
2022-04-01,cash_conversion_cycle_days,Cash Conversion Cycle,1159.8472870349715,796.5972771542303,422.87339695076884,1200.8941775690346,0.0,0.0,False,NORMAL,NORMAL,ROLLING_IQR,False,0.08307895864322135,False,NO_ACTION
2022-05-01,cash_conversion_cycle_days,Cash Conversion Cycle,1266.6394687573495,849.1845796918656,415.53695034942297,1329.8212964120717,0.0,0.0,False,NORMAL,NORMAL,ROLLING_IQR,False,0.07213256976998916,False,NO_ACTION
2022-06-01,cash_conversion_cycle_days,Cash Conversion Cycle,1341.0010678705555,885.1253554885479,317.81885969493925,1524.128960538352,0.0,0.0,False,NORMAL,NORMAL,ROLLING_IQR,False,0.052872141345504164,False,NO_ACTION
2022-07-01,cash_conversion_cycle_days,Cash Conversion Cycle,1468.682047056457,926.7612093746227,346.07240525796556,1578.1823723842074,0.0,0.0,False,NORMAL,NORMAL,ROLLING_IQR,False,0.03293124420878918,False,NO_ACTION
2022-08-01,cash_conversion_cycle_days,Cash Conversion Cycle,1536.8850656542122,1011.9184748276587,380.08666426316904,1670.420533387004,0.0,0.0,False,NORMAL,NORMAL,ROLLING_IQR,True,-0.07357760298503868,True,MONITOR
2022-09-01,cash_conversion_cycle_days,Cash Conversion Cycle,1465.682564271379,1081.6992542383255,292.95134193189244,1880.5969844979059,0.0,0.0,False,NORMAL,NORMAL,ROLLING_IQR,False,0.05005372753067916,False,NO_ACTION
2022-10-01,cash_conversion_cycle_days,Cash Conversion Cycle,1775.627653442094,1130.7098521529015,302.70792182400885,2013.8495540588128,0.0,0.0,False,NORMAL,NORMAL,ROLLING_IQR,False,0.03855702253685339,False,NO_ACTION
2022-11-01,cash_conversion_cycle_days,Cash Conversion Cycle,1504.334324876409,1213.2433778961604,392.532055090374,2110.772662894013,0.0,0.0,False,NORMAL,NORMAL,ROLLING_IQR,False,0.03594361776527799,False,NO_ACTION
2022-12-01,cash_conversion_cycle_days,Cash Conversion Cycle,1839.94688755085,1303.8202683139525,512.6969146192787,2056.5340376467448,0.0,0.0,False,NORMAL,NORMAL,ROLLING_IQR,False,0.08354273005944457,False,NO_ACTION
2023-01-01,cash_conversion_cycle_days,Cash Conversion Cycle,1812.5071790112472,1403.3418160709673,594.4884088785515,2063.262170786245,0.0,0.0,False,NORMAL,NORMAL,ROLLING_IQR,False,0.09424354978839256,False,NO_ACTION
2023-02-01,cash_conversion_cycle_days,Cash Conversion Cycle,1981.3685882475725,1467.182305663918,704.9974894151138,2131.5146465128237,0.0,0.0,False,NORMAL,NORMAL,ROLLING_IQR,False,0.05544799663594313,False,NO_ACTION
2023-03-01,cash_conversion_cycle_days,Cash Conversion Cycle,1918.754259016856,1486.5081859664328,628.7553679790619,2478.5028349475742,0.0,0.0,False,NORMAL,NORMAL,ROLLING_IQR,False,0.07008671249339127,False,NO_ACTION
2023-04-01,cash_conversion_cycle_days,Cash Conversion Cycle,2240.2684694265204,1520.6096952653106,857.229816208711,2396.64948010861,0.0,0.0,False,NORMAL,NORMAL,ROLLING_IQR,False,0.0006811716247240862,False,NO_ACTION
2023-05-01,cash_conversion_cycle_days,Cash Conversion Cycle,1999.012963423134,1656.2563595481531,880.3573452744413,2447.2235615030977,0.0,0.0,False,NORMAL,NORMAL,ROLLING_IQR,False,0.07301072577856221,False,NO_ACTION
2023-06-01,cash_conversion_cycle_days,Cash Conversion Cycle,2099.452507384712,1794.0674162266705,836.9413765667496,2592.8877201792066,0.0,0.0,False,NORMAL,NORMAL,ROLLING_IQR,False,0.06436279359129177,False,NO_ACTION
2023-07-01,cash_conversion_cycle_days,Cash Conversion Cycle,2257.135409850521,1826.2270332810485,843.1989280872093,2671.328134414015,0.0,0.0,False,NORMAL,NORMAL,ROLLING_IQR,False,0.08701561554274434,False,NO_ACTION
2023-08-01,cash_conversion_cycle_days,Cash Conversion Cycle,2315.1108945201668,1879.350573283853,1253.6707421175165,2486.3941137911356,0.0,0.0,False,NORMAL,NORMAL,ROLLING_IQR,False,0.054450531380980716,False,NO_ACTION
2023-09-01,cash_conversion_cycle_days,Cash Conversion Cycle,2479.473085730878,1950.0614236322142,1306.233497204651,2631.710298309472,0.0,0.0,False,NORMAL,NORMAL,ROLLING_IQR,False,0.09184206313974247,False,NO_ACTION
2023-10-01,cash_conversion_cycle_days,Cash Conversion Cycle,2639.347343356041,1990.1907758353532,1215.9895942410924,2861.5825707073773,0.0,0.0,False,NORMAL,NORMAL,ROLLING_IQR,False,0.08920058174859385,False,NO_ACTION
2023-11-01,cash_conversion_cycle_days,Cash Conversion Cycle,2606.093163011908,2049.232735403923,1340.1871188489881,2830.4945783192984,0.0,0.0,False,NORMAL,NORMAL,ROLLING_IQR,False,0.012550538976568604,False,NO_ACTION
2023-12-01,cash_conversion_cycle_days,Cash Conversion Cycle,2936.563020128578,2169.8604884056163,1379.985351365466,2941.9310968972723,0.0,0.0,False,NORMAL,NORMAL,ROLLING_IQR,False,0.0862595582707249,False,NO_ACTION
2024-01-01,cash_conversion_cycle_days,Cash Conversion Cycle,2769.7651751788435,2248.7019396385203,1219.8125164964054,3285.917458183974,0.0,0.0,False,NORMAL,NORMAL,ROLLING_IQR,False,0.07884749041823763,False,NO_ACTION
2024-02-01,cash_conversion_cycle_days,Cash Conversion Cycle,2799.920678783716,2286.1231521853438,1264.2464913388822,3424.5028381533766,0.0,0.0,False,NORMAL,NORMAL,ROLLING_IQR,False,0.09289702946895889,False,NO_ACTION
2024-03-01,cash_conversion_cycle_days,Cash Conversion Cycle,2948.382747119227,2397.2919901255227,1504.7334953225582,3372.282784905252,0.0,0.0,False,NORMAL,NORMAL,ROLLING_IQR,False,0.08522423880495245,False,NO_ACTION
2024-04-01,cash_conversion_cycle_days,Cash Conversion Cycle,2995.8945370650854,2542.783124371393,1466.340610241209,3563.882115583373,0.0,0.0,False,NORMAL,NORMAL,ROLLING_IQR,False,0.06274329877652207,False,NO_ACTION
2024-05-01,cash_conversion_cycle_days,Cash Conversion Cycle,2971.0022457654973,2622.720253183975,1500.420662201991,3634.2776252706963,0.0,0.0,False,NORMAL,NORMAL,ROLLING_IQR,False,0.08530739450438446,False,NO_ACTION
2024-06-01,cash_conversion_cycle_days,Cash Conversion Cycle,3364.990036782095,2704.5562592674423,1686.6794170061403,3691.2210727983,0.0,0.0,False,NORMAL,NORMAL,ROLLING_IQR,False,0.03962958814382633,False,NO_ACTION
2024-07-01,cash_conversion_cycle_days,Cash Conversion Cycle,3063.714817225269,2784.8429269812796,2005.0389265579342,3523.436838914511,0.0,0.0,False,NORMAL,NORMAL,ROLLING_IQR,False,0.09251271890504542,False,NO_ACTION
2024-08-01,cash_conversion_cycle_days,Cash Conversion Cycle,3311.4901082652896,2868.241849456147,2111.7465177894287,3496.5125990709735,0.0,0.0,False,NORMAL,NORMAL,ROLLING_IQR,False,0.058531431735014905,False,NO_ACTION
2024-09-01,cash_conversion_cycle_days,Cash Conversion Cycle,2944.23506648642,2942.472883623903,2323.62738240016,3426.3829419281137,0.0,0.0,False,NORMAL,NORMAL,ROLLING_IQR,False,0.09129580144492394,False,NO_ACTION
2024-10-01,cash_conversion_cycle_days,Cash Conversion Cycle,2923.3431506578986,2946.3089068028235,2461.680096548548,3343.5513134390812,0.0,0.0,False,NORMAL,NORMAL,ROLLING_IQR,False,0.08129279340617718,False,NO_ACTION
2024-11-01,cash_conversion_cycle_days,Cash Conversion Cycle,3187.5299985463066,2946.3089068028235,2711.9444210656857,3193.392718728799,0.0,0.0,False,NORMAL,NORMAL,ROLLING_IQR,False,0.07286834485626303,False,NO_ACTION
2024-12-01,cash_conversion_cycle_days,Cash Conversion Cycle,3170.488452722368,2959.6924964423624,2691.142213068977,3336.784452247459,0.0,0.0,False,NORMAL,NORMAL,ROLLING_IQR,False,0.08024766184123888,False,NO_ACTION
2025-01-01,cash_conversion_cycle_days,Cash Conversion Cycle,3083.569026148224,2983.4483914152916,2585.406960055695,3528.3539666519473,0.0,0.0,False,NORMAL,NORMAL,ROLLING_IQR,False,0.06205984059101516,False,NO_ACTION
2025-02-01,cash_conversion_cycle_days,Cash Conversion Cycle,3481.8483501932924,3029.8046771451773,2606.241308635035,3515.8533575043434,0.0,0.0,False,NORMAL,NORMAL,ROLLING_IQR,False,0.06037714550989781,False,NO_ACTION
2025-03-01,cash_conversion_cycle_days,Cash Conversion Cycle,3445.540068403549,3073.6419216867466,2585.5883887957457,3598.279008284236,0.0,0.0,False,NORMAL,NORMAL,ROLLING_IQR,False,0.07758807507321386,False,NO_ACTION
2025-04-01,cash_conversion_cycle_days,Cash Conversion Cycle,3393.387452178625,3127.0287394352963,2486.881025008735,3827.6555296259444,0.0,0.0,False,NORMAL,NORMAL,ROLLING_IQR,False,0.07360711805922815,False,NO_ACTION
2025-05-01,cash_conversion_cycle_days,Cash Conversion Cycle,3652.510936870938,3179.0092256343373,2543.2075999539743,3869.4184650375796,0.0,0.0,False,NORMAL,NORMAL,ROLLING_IQR,False,0.08135197437608027,False,NO_ACTION
2025-06-01,cash_conversion_cycle_days,Cash Conversion Cycle,3565.9386169449467,3249.5100534057983,2586.875275441429,3898.155804710912,0.0,0.0,False,NORMAL,NORMAL,ROLLING_IQR,False,0.06359060959895407,False,NO_ACTION
2025-07-01,cash_conversion_cycle_days,Cash Conversion Cycle,3361.8017632314245,3249.5100534057983,2514.587976517236,4018.634636251234,0.0,0.0,False,NORMAL,NORMAL,ROLLING_IQR,True,-0.15503845541382333,True,MONITOR
2025-08-01,cash_conversion_cycle_days,Cash Conversion Cycle,4083.790706486311,3336.6459357483573,2689.970781920603,3913.404953009214,170.3857534770973,0.5570737110456483,True,LOW,ABOVE_EXPECTED,ROLLING_IQR,False,0.03168337908065416,True,MONITOR
2025-09-01,cash_conversion_cycle_days,Cash Conversion Cycle,3820.867614996025,3377.594607705025,2617.590114875271,4034.0393980847675,0.0,0.0,False,NORMAL,NORMAL,ROLLING_IQR,False,0.06677933147899529,False,NO_ACTION
2025-10-01,cash_conversion_cycle_days,Cash Conversion Cycle,3985.772603672468,3419.463760291087,2576.801484836138,4194.049824180629,0.0,0.0,False,NORMAL,NORMAL,ROLLING_IQR,False,0.06394137587617449,False,NO_ACTION
2025-11-01,cash_conversion_cycle_days,Cash Conversion Cycle,4196.821621100306,3463.694209298421,2753.6843955470476,4259.149532915307,0.0,0.0,False,NORMAL,NORMAL,ROLLING_IQR,False,0.01848356059384615,False,NO_ACTION
2025-12-01,cash_conversion_cycle_days,Cash Conversion Cycle,3854.901963714651,3523.89348356912,2670.5867816068594,4576.998110500102,0.0,0.0,False,NORMAL,NORMAL,ROLLING_IQR,True,-0.026689196548688066,True,MONITOR
2026-01-01,cash_conversion_cycle_days,Cash Conversion Cycle,3818.872390957021,3609.224776907942,2749.8253503121377,4570.296187739286,0.0,0.0,False,NORMAL,NORMAL,ROLLING_IQR,False,0.03822359288506344,False,NO_ACTION
2026-02-01,cash_conversion_cycle_days,Cash Conversion Cycle,4108.69617113076,3735.6916639139795,2850.4987638084835,4509.892139641479,0.0,0.0,False,NORMAL,NORMAL,ROLLING_IQR,False,0.037118149939731115,False,NO_ACTION
2026-03-01,cash_conversion_cycle_days,Cash Conversion Cycle,3970.6909413121552,3819.870002976523,2824.1817554601002,4721.934353725426,0.0,0.0,False,NORMAL,NORMAL,ROLLING_IQR,False,0.024625436371036313,False,NO_ACTION
2026-04-01,cash_conversion_cycle_days,Cash Conversion Cycle,4190.049637151961,3837.8847893553384,3061.7539481597073,4579.391038105661,0.0,0.0,False,NORMAL,NORMAL,ROLLING_IQR,False,0.03480241037795001,False,NO_ACTION
2026-05-01,cash_conversion_cycle_days,Cash Conversion Cycle,4775.023457187601,3912.796452513403,3308.1794596176146,4559.119640465309,215.9038167222916,0.6903729531686649,True,LOW,ABOVE_EXPECTED,ROLLING_IQR,True,-0.045476727719187204,True,MONITOR
2026-06-01,cash_conversion_cycle_days,Cash Conversion Cycle,3822.593271700866,3978.2317724923114,3357.3702160115945,4592.033130610739,0.0,0.0,False,NORMAL,NORMAL,ROLLING_IQR,True,-0.0016832267083946029,True,MONITOR
2026-07-01,cash_conversion_cycle_days,Cash Conversion Cycle,4020.60602704701,3978.2317724923114,3361.852837357549,4589.343557803167,0.0,0.0,False,NORMAL,NORMAL,ROLLING_IQR,False,0.0282425927424787,False,NO_ACTION
2026-08-01,cash_conversion_cycle_days,Cash Conversion Cycle,18113.279828870964,4003.189315359739,3423.5101703239225,4552.349158023343,13560.930670847622,48.05266585798871,True,CRITICAL,ABOVE_EXPECTED,ROLLING_IQR,True,-0.30675555531801435,True,IMMEDIATE_REVIEW
