calendar_year,calendar_month,year_month,period,management_group,management_line,actual_amount,plan_amount,variance,abs_variance,contribution_pct,driver_rank,driver_type,root_cause_status,analysis_level
2021,1,2021-01,2021-01-01,Closing Accounts,Closing Balance Sheet Account,134037709.08,0.0,134037709.08,134037709.08,23.55417732671774,1,MANAGEMENT_LINE,DRIVER_IDENTIFIED,MANAGEMENT_LINE
2021,1,2021-01,2021-01-01,Closing Accounts,Opening Balance Sheet Account,-91888669.98,0.0,-91888669.98,91888669.98,16.147411365658094,4,MANAGEMENT_LINE,DRIVER_IDENTIFIED,MANAGEMENT_LINE
2021,1,2021-01,2021-01-01,Closing Accounts,Profit and Loss Account,-42149039.1,0.0,-42149039.1,42149039.1,7.406765961059645,5,MANAGEMENT_LINE,DRIVER_IDENTIFIED,MANAGEMENT_LINE
2021,1,2021-01,2021-01-01,EBITDA Adjustments,Depreciation,-8674874.87,0.0,-8674874.87,8674874.87,1.5244183325538188,9,MANAGEMENT_LINE,DRIVER_IDENTIFIED,MANAGEMENT_LINE
2021,1,2021-01,2021-01-01,EBITDA Adjustments,Provisions,-1213384.59,0.0,-1213384.59,1213384.59,0.21322563623725208,17,MANAGEMENT_LINE,DRIVER_IDENTIFIED,MANAGEMENT_LINE
2021,1,2021-01,2021-01-01,Financial Result,FX Gains,-2562161.44,0.0,-2562161.44,2562161.44,0.45024348231301825,14,MANAGEMENT_LINE,DRIVER_IDENTIFIED,MANAGEMENT_LINE
2021,1,2021-01,2021-01-01,Financial Result,FX Losses,-520200.7,0.0,-520200.7,520200.7,0.09141382389615142,20,MANAGEMENT_LINE,DRIVER_IDENTIFIED,MANAGEMENT_LINE
2021,1,2021-01,2021-01-01,Financial Result,Interest Expense,-2211661.66,0.0,-2211661.66,2211661.66,0.3886508601489962,15,MANAGEMENT_LINE,DRIVER_IDENTIFIED,MANAGEMENT_LINE
2021,1,2021-01,2021-01-01,Financial Result,Interest Income,-7838795.75,0.0,-7838795.75,7838795.75,1.3774958285300274,10,MANAGEMENT_LINE,DRIVER_IDENTIFIED,MANAGEMENT_LINE
2021,1,2021-01,2021-01-01,Financial Result,Other Financial Expenses,-6565528.67,0.0,-6565528.67,6565528.67,1.15374716263264,12,MANAGEMENT_LINE,DRIVER_IDENTIFIED,MANAGEMENT_LINE
2021,1,2021-01,2021-01-01,Non-Core Operating Items,Fixed Asset Disposal Costs,-106594970.0,0.0,-106594970.0,106594970.0,18.73171992232141,3,MANAGEMENT_LINE,DRIVER_IDENTIFIED,MANAGEMENT_LINE
2021,1,2021-01,2021-01-01,Operating Costs,Cost of Goods Sold,-23152397.98,0.0,-23152397.98,23152397.98,4.068524382449565,6,MANAGEMENT_LINE,DRIVER_IDENTIFIED,MANAGEMENT_LINE
2021,1,2021-01,2021-01-01,Operating Costs,Energy Consumption,499759.84,0.0,499759.84,499759.84,0.08782179263528252,21,MANAGEMENT_LINE,DRIVER_IDENTIFIED,MANAGEMENT_LINE
2021,1,2021-01,2021-01-01,Operating Costs,Inventory Change,-70245.92,0.0,-70245.92,70245.92,0.012344174393273866,23,MANAGEMENT_LINE,DRIVER_IDENTIFIED,MANAGEMENT_LINE
2021,1,2021-01,2021-01-01,Operating Costs,Material Consumption,-7077580.47,0.0,-7077580.47,7077580.47,1.2437289967034273,11,MANAGEMENT_LINE,DRIVER_IDENTIFIED,MANAGEMENT_LINE
2021,1,2021-01,2021-01-01,Operating Costs,Other Operating Costs,-947460.02,0.0,-947460.02,947460.02,0.1664952458097886,18,MANAGEMENT_LINE,DRIVER_IDENTIFIED,MANAGEMENT_LINE
2021,1,2021-01,2021-01-01,Operating Costs,Other Services,769317.88,0.0,769317.88,769317.88,0.13519068544598373,19,MANAGEMENT_LINE,DRIVER_IDENTIFIED,MANAGEMENT_LINE
2021,1,2021-01,2021-01-01,Operating Costs,Payroll Costs,-2164169.36,0.0,-2164169.36,2164169.36,0.38030513368491564,16,MANAGEMENT_LINE,DRIVER_IDENTIFIED,MANAGEMENT_LINE
2021,1,2021-01,2021-01-01,Operating Costs,Repairs & Maintenance,-390241.61,0.0,-390241.61,390241.61,0.06857637410616825,22,MANAGEMENT_LINE,DRIVER_IDENTIFIED,MANAGEMENT_LINE
2021,1,2021-01,2021-01-01,Operating Costs,Shortages & Damages,-3837911.43,0.0,-3837911.43,3837911.43,0.6744284649963883,13,MANAGEMENT_LINE,DRIVER_IDENTIFIED,MANAGEMENT_LINE
2021,1,2021-01,2021-01-01,Operating Costs,Social & Health Insurance,-3737.38,0.0,-3737.38,3737.38,0.0006567622787762462,24,MANAGEMENT_LINE,DRIVER_IDENTIFIED,MANAGEMENT_LINE
2021,1,2021-01,2021-01-01,Other Operating Income,Other Operating Income,-107829182.0,0.0,-107829182.0,107829182.0,18.94860551747443,2,MANAGEMENT_LINE,DRIVER_IDENTIFIED,MANAGEMENT_LINE
2021,1,2021-01,2021-01-01,Revenue,Sales Revenue,-9271506.6,0.0,-9271506.6,9271506.6,1.629263227797282,7,MANAGEMENT_LINE,DRIVER_IDENTIFIED,MANAGEMENT_LINE
2021,1,2021-01,2021-01-01,Tax,Income Tax,-8790799.530000001,0.0,-8790799.530000001,8790799.530000001,1.544789540155926,8,MANAGEMENT_LINE,DRIVER_IDENTIFIED,MANAGEMENT_LINE
2021,2,2021-02,2021-02-01,Closing Accounts,Closing Balance Sheet Account,113241418.02,0.0,113241418.02,113241418.02,21.755042084906993,2,MANAGEMENT_LINE,DRIVER_IDENTIFIED,MANAGEMENT_LINE
2021,2,2021-02,2021-02-01,Closing Accounts,Opening Balance Sheet Account,-101966184.6,0.0,-101966184.6,101966184.6,19.58893376643002,3,MANAGEMENT_LINE,DRIVER_IDENTIFIED,MANAGEMENT_LINE
2021,2,2021-02,2021-02-01,Closing Accounts,Profit and Loss Account,-11275233.42,0.0,-11275233.42,11275233.42,2.1661083184769696,7,MANAGEMENT_LINE,DRIVER_IDENTIFIED,MANAGEMENT_LINE
2021,2,2021-02,2021-02-01,EBITDA Adjustments,Depreciation,-16319580.8,0.0,-16319580.8,16319580.8,3.135188284637485,6,MANAGEMENT_LINE,DRIVER_IDENTIFIED,MANAGEMENT_LINE
2021,2,2021-02,2021-02-01,EBITDA Adjustments,Provisions,-897306.5599999999,0.0,-897306.5599999999,897306.5599999999,0.17238341162785026,17,MANAGEMENT_LINE,DRIVER_IDENTIFIED,MANAGEMENT_LINE
2021,2,2021-02,2021-02-01,Financial Result,FX Gains,-1928856.61,0.0,-1928856.61,1928856.61,0.37055661665142614,15,MANAGEMENT_LINE,DRIVER_IDENTIFIED,MANAGEMENT_LINE
2021,2,2021-02,2021-02-01,Financial Result,FX Losses,-643984.49,0.0,-643984.49,643984.49,0.12371718693511083,18,MANAGEMENT_LINE,DRIVER_IDENTIFIED,MANAGEMENT_LINE
2021,2,2021-02,2021-02-01,Financial Result,Interest Expense,-2293377.5,0.0,-2293377.5,2293377.5,0.44058547571584705,14,MANAGEMENT_LINE,DRIVER_IDENTIFIED,MANAGEMENT_LINE
2021,2,2021-02,2021-02-01,Financial Result,Interest Income,-3829561.7,0.0,-3829561.7,3829561.7,0.7357049868055685,12,MANAGEMENT_LINE,DRIVER_IDENTIFIED,MANAGEMENT_LINE
2021,2,2021-02,2021-02-01,Financial Result,Other Financial Expenses,-5192224.71,0.0,-5192224.71,5192224.71,0.9974889846433592,10,MANAGEMENT_LINE,DRIVER_IDENTIFIED,MANAGEMENT_LINE
2021,2,2021-02,2021-02-01,Non-Core Operating Items,Fixed Asset Disposal Costs,-197605531.0,0.0,-197605531.0,197605531.0,37.96240561343152,1,MANAGEMENT_LINE,DRIVER_IDENTIFIED,MANAGEMENT_LINE
2021,2,2021-02,2021-02-01,Operating Costs,Cost of Goods Sold,-23939698.93,0.0,-23939698.93,23939698.93,4.5991048754809025,4,MANAGEMENT_LINE,DRIVER_IDENTIFIED,MANAGEMENT_LINE
2021,2,2021-02,2021-02-01,Operating Costs,Energy Consumption,-497987.98,0.0,-497987.98,497987.98,0.0956694966568189,20,MANAGEMENT_LINE,DRIVER_IDENTIFIED,MANAGEMENT_LINE
2021,2,2021-02,2021-02-01,Operating Costs,Material Consumption,-5257125.2,0.0,-5257125.2,5257125.2,1.0099571514675485,9,MANAGEMENT_LINE,DRIVER_IDENTIFIED,MANAGEMENT_LINE
2021,2,2021-02,2021-02-01,Operating Costs,Other Operating Costs,-1668779.03,0.0,-1668779.03,1668779.03,0.3205925770167274,16,MANAGEMENT_LINE,DRIVER_IDENTIFIED,MANAGEMENT_LINE
2021,2,2021-02,2021-02-01,Operating Costs,Other Services,-297415.62,0.0,-297415.62,297415.62,0.057137127412745424,22,MANAGEMENT_LINE,DRIVER_IDENTIFIED,MANAGEMENT_LINE
2021,2,2021-02,2021-02-01,Operating Costs,Payroll Costs,-409612.98,0.0,-409612.98,409612.98,0.07869159336074663,21,MANAGEMENT_LINE,DRIVER_IDENTIFIED,MANAGEMENT_LINE
2021,2,2021-02,2021-02-01,Operating Costs,Repairs & Maintenance,-117501.2,0.0,-117501.2,117501.2,0.022573397575925847,23,MANAGEMENT_LINE,DRIVER_IDENTIFIED,MANAGEMENT_LINE
2021,2,2021-02,2021-02-01,Operating Costs,Shortages & Damages,-4691555.63,0.0,-4691555.63,4691555.63,0.9013044163426693,11,MANAGEMENT_LINE,DRIVER_IDENTIFIED,MANAGEMENT_LINE
2021,2,2021-02,2021-02-01,Operating Costs,Social & Health Insurance,-586868.48,0.0,-586868.48,586868.48,0.1127445125991844,19,MANAGEMENT_LINE,DRIVER_IDENTIFIED,MANAGEMENT_LINE
2021,2,2021-02,2021-02-01,Other Operating Income,Other Operating Income,-19379880.0,0.0,-19379880.0,19379880.0,3.7231086679432535,5,MANAGEMENT_LINE,DRIVER_IDENTIFIED,MANAGEMENT_LINE
2021,2,2021-02,2021-02-01,Revenue,Sales Revenue,-5795763.390000001,0.0,-5795763.390000001,5795763.390000001,1.1134360437039434,8,MANAGEMENT_LINE,DRIVER_IDENTIFIED,MANAGEMENT_LINE
2021,2,2021-02,2021-02-01,Tax,Income Tax,-2694080.79,0.0,-2694080.79,2694080.79,0.5175654101773803,13,MANAGEMENT_LINE,DRIVER_IDENTIFIED,MANAGEMENT_LINE
2021,3,2021-03,2021-03-01,Closing Accounts,Closing Balance Sheet Account,210576523.45,0.0,210576523.45,210576523.45,30.225782475375556,1,MANAGEMENT_LINE,DRIVER_IDENTIFIED,MANAGEMENT_LINE
2021,3,2021-03,2021-03-01,Closing Accounts,Opening Balance Sheet Account,-187739368.37,0.0,-187739368.37,187739368.37,26.94777754635792,2,MANAGEMENT_LINE,DRIVER_IDENTIFIED,MANAGEMENT_LINE
2021,3,2021-03,2021-03-01,Closing Accounts,Profit and Loss Account,-22837155.08,0.0,-22837155.08,22837155.08,3.2780049290176363,5,MANAGEMENT_LINE,DRIVER_IDENTIFIED,MANAGEMENT_LINE
2021,3,2021-03,2021-03-01,EBITDA Adjustments,Depreciation,-22237374.81,0.0,-22237374.81,22237374.81,3.191913527768216,6,MANAGEMENT_LINE,DRIVER_IDENTIFIED,MANAGEMENT_LINE
2021,3,2021-03,2021-03-01,EBITDA Adjustments,Provisions,-2553379.74,0.0,-2553379.74,2553379.74,0.3665076207633202,15,MANAGEMENT_LINE,DRIVER_IDENTIFIED,MANAGEMENT_LINE
2021,3,2021-03,2021-03-01,Financial Result,FX Gains,-3645907.67,0.0,-3645907.67,3645907.67,0.5233271513521291,14,MANAGEMENT_LINE,DRIVER_IDENTIFIED,MANAGEMENT_LINE
2021,3,2021-03,2021-03-01,Financial Result,FX Losses,-964004.14,0.0,-964004.14,964004.14,0.13837145263688458,19,MANAGEMENT_LINE,DRIVER_IDENTIFIED,MANAGEMENT_LINE
2021,3,2021-03,2021-03-01,Financial Result,Interest Expense,-2187644.04,0.0,-2187644.04,2187644.04,0.31401056396627386,16,MANAGEMENT_LINE,DRIVER_IDENTIFIED,MANAGEMENT_LINE
2021,3,2021-03,2021-03-01,Financial Result,Interest Income,-4635685.77,0.0,-4635685.77,4635685.77,0.6653981527123262,11,MANAGEMENT_LINE,DRIVER_IDENTIFIED,MANAGEMENT_LINE
2021,3,2021-03,2021-03-01,Financial Result,Other Financial Expenses,-4093901.83,0.0,-4093901.83,4093901.83,0.587631442298474,13,MANAGEMENT_LINE,DRIVER_IDENTIFIED,MANAGEMENT_LINE
2021,3,2021-03,2021-03-01,Non-Core Operating Items,Fixed Asset Disposal Costs,-174631237.0,0.0,-174631237.0,174631237.0,25.066259507418774,3,MANAGEMENT_LINE,DRIVER_IDENTIFIED,MANAGEMENT_LINE
2021,3,2021-03,2021-03-01,Operating Costs,Cost of Goods Sold,-24283718.19,0.0,-24283718.19,24283718.19,3.4856420444159473,4,MANAGEMENT_LINE,DRIVER_IDENTIFIED,MANAGEMENT_LINE
2021,3,2021-03,2021-03-01,Operating Costs,Energy Consumption,-367619.33,0.0,-367619.33,367619.33,0.05276742972234355,22,MANAGEMENT_LINE,DRIVER_IDENTIFIED,MANAGEMENT_LINE
2021,3,2021-03,2021-03-01,Operating Costs,Inventory Change,-565549.0,0.0,-565549.0,565549.0,0.08117790517718879,21,MANAGEMENT_LINE,DRIVER_IDENTIFIED,MANAGEMENT_LINE
2021,3,2021-03,2021-03-01,Operating Costs,Material Consumption,-7136004.08,0.0,-7136004.08,7136004.08,1.0242894294752043,8,MANAGEMENT_LINE,DRIVER_IDENTIFIED,MANAGEMENT_LINE
2021,3,2021-03,2021-03-01,Operating Costs,Other Operating Costs,-1463829.96,0.0,-1463829.96,1463829.96,0.21011556856860863,18,MANAGEMENT_LINE,DRIVER_IDENTIFIED,MANAGEMENT_LINE
2021,3,2021-03,2021-03-01,Operating Costs,Other Services,76490.39,0.0,76490.39,76490.39,0.010979295563047923,24,MANAGEMENT_LINE,DRIVER_IDENTIFIED,MANAGEMENT_LINE
2021,3,2021-03,2021-03-01,Operating Costs,Payroll Costs,-1614933.66,0.0,-1614933.66,1614933.66,0.2318047269448455,17,MANAGEMENT_LINE,DRIVER_IDENTIFIED,MANAGEMENT_LINE
2021,3,2021-03,2021-03-01,Operating Costs,Repairs & Maintenance,-118138.22,0.0,-118138.22,118138.22,0.016957351566286687,23,MANAGEMENT_LINE,DRIVER_IDENTIFIED,MANAGEMENT_LINE
2021,3,2021-03,2021-03-01,Operating Costs,Shortages & Damages,-4615278.94,0.0,-4615278.94,4615278.94,0.6624689923553864,12,MANAGEMENT_LINE,DRIVER_IDENTIFIED,MANAGEMENT_LINE
2021,3,2021-03,2021-03-01,Operating Costs,Social & Health Insurance,-871798.52,0.0,-871798.52,871798.52,0.12513642069948586,20,MANAGEMENT_LINE,DRIVER_IDENTIFIED,MANAGEMENT_LINE
2021,3,2021-03,2021-03-01,Other Operating Income,Other Operating Income,-4925402.4,0.0,-4925402.4,4925402.4,0.706983566387171,10,MANAGEMENT_LINE,DRIVER_IDENTIFIED,MANAGEMENT_LINE
2021,3,2021-03,2021-03-01,Revenue,Sales Revenue,-7779051.090000001,0.0,-7779051.090000001,7779051.090000001,1.1165912622116336,7,MANAGEMENT_LINE,DRIVER_IDENTIFIED,MANAGEMENT_LINE
2021,3,2021-03,2021-03-01,Tax,Income Tax,-6758489.390000001,0.0,-6758489.390000001,6758489.390000001,0.9701016372453254,9,MANAGEMENT_LINE,DRIVER_IDENTIFIED,MANAGEMENT_LINE
2021,4,2021-04,2021-04-01,Closing Accounts,Closing Balance Sheet Account,190541830.07,0.0,190541830.07,190541830.07,39.64089919249806,1,MANAGEMENT_LINE,DRIVER_IDENTIFIED,MANAGEMENT_LINE
2021,4,2021-04,2021-04-01,Closing Accounts,Opening Balance Sheet Account,-174919121.32,0.0,-174919121.32,174919121.32,36.390703566451045,2,MANAGEMENT_LINE,DRIVER_IDENTIFIED,MANAGEMENT_LINE
2021,4,2021-04,2021-04-01,Closing Accounts,Profit and Loss Account,-15622708.75,0.0,-15622708.75,15622708.75,3.2501956260470135,4,MANAGEMENT_LINE,DRIVER_IDENTIFIED,MANAGEMENT_LINE
2021,4,2021-04,2021-04-01,EBITDA Adjustments,Depreciation,-6170651.99,0.0,-6170651.99,6170651.99,1.2837611216272788,9,MANAGEMENT_LINE,DRIVER_IDENTIFIED,MANAGEMENT_LINE
2021,4,2021-04,2021-04-01,EBITDA Adjustments,Provisions,-1656991.09,0.0,-1656991.09,1656991.09,0.3447254428984266,17,MANAGEMENT_LINE,DRIVER_IDENTIFIED,MANAGEMENT_LINE
2021,4,2021-04,2021-04-01,Financial Result,FX Gains,-2629386.77,0.0,-2629386.77,2629386.77,0.5470255840902036,15,MANAGEMENT_LINE,DRIVER_IDENTIFIED,MANAGEMENT_LINE
2021,4,2021-04,2021-04-01,Financial Result,FX Losses,-1579020.02,0.0,-1579020.02,1579020.02,0.3285041054384803,18,MANAGEMENT_LINE,DRIVER_IDENTIFIED,MANAGEMENT_LINE
2021,4,2021-04,2021-04-01,Financial Result,Interest Expense,-4024895.32,0.0,-4024895.32,4024895.32,0.8373514077295396,14,MANAGEMENT_LINE,DRIVER_IDENTIFIED,MANAGEMENT_LINE
2021,4,2021-04,2021-04-01,Financial Result,Interest Income,-5195587.24,0.0,-5195587.24,5195587.24,1.0809056990321015,11,MANAGEMENT_LINE,DRIVER_IDENTIFIED,MANAGEMENT_LINE
2021,4,2021-04,2021-04-01,Financial Result,Other Financial Expenses,-4358633.71,0.0,-4358633.71,4358633.71,0.9067833527769676,13,MANAGEMENT_LINE,DRIVER_IDENTIFIED,MANAGEMENT_LINE
2021,4,2021-04,2021-04-01,Non-Core Operating Items,Fixed Asset Disposal Costs,-7660426.0,0.0,-7660426.0,7660426.0,1.5936982169533704,7,MANAGEMENT_LINE,DRIVER_IDENTIFIED,MANAGEMENT_LINE
2021,4,2021-04,2021-04-01,Operating Costs,Cost of Goods Sold,-23444258.92,0.0,-23444258.92,23444258.92,4.877414603130056,3,MANAGEMENT_LINE,DRIVER_IDENTIFIED,MANAGEMENT_LINE
2021,4,2021-04,2021-04-01,Operating Costs,Energy Consumption,-704868.2,0.0,-704868.2,704868.2,0.14664291431405144,21,MANAGEMENT_LINE,DRIVER_IDENTIFIED,MANAGEMENT_LINE
2021,4,2021-04,2021-04-01,Operating Costs,Inventory Change,-908687.43,0.0,-908687.43,908687.43,0.18904608398526934,20,MANAGEMENT_LINE,DRIVER_IDENTIFIED,MANAGEMENT_LINE
2021,4,2021-04,2021-04-01,Operating Costs,Material Consumption,-6057808.61,0.0,-6057808.61,6057808.61,1.260284843219134,10,MANAGEMENT_LINE,DRIVER_IDENTIFIED,MANAGEMENT_LINE
2021,4,2021-04,2021-04-01,Operating Costs,Other Operating Costs,-1715634.98,0.0,-1715634.98,1715634.98,0.35692589531820185,16,MANAGEMENT_LINE,DRIVER_IDENTIFIED,MANAGEMENT_LINE
2021,4,2021-04,2021-04-01,Operating Costs,Other Services,374272.31,0.0,374272.31,374272.31,0.07786474448053139,23,MANAGEMENT_LINE,DRIVER_IDENTIFIED,MANAGEMENT_LINE
2021,4,2021-04,2021-04-01,Operating Costs,Payroll Costs,-1330477.34,0.0,-1330477.34,1330477.34,0.27679653382917135,19,MANAGEMENT_LINE,DRIVER_IDENTIFIED,MANAGEMENT_LINE
2021,4,2021-04,2021-04-01,Operating Costs,Shortages & Damages,-4478927.9,0.0,-4478927.9,4478927.9,0.9318097202548142,12,MANAGEMENT_LINE,DRIVER_IDENTIFIED,MANAGEMENT_LINE
2021,4,2021-04,2021-04-01,Operating Costs,Social & Health Insurance,-489588.47,0.0,-489588.47,489588.47,0.10185546752620922,22,MANAGEMENT_LINE,DRIVER_IDENTIFIED,MANAGEMENT_LINE
2021,4,2021-04,2021-04-01,Other Operating Income,Other Operating Income,-10615518.4,0.0,-10615518.4,10615518.4,2.208484586381449,5,MANAGEMENT_LINE,DRIVER_IDENTIFIED,MANAGEMENT_LINE
2021,4,2021-04,2021-04-01,Revenue,Sales Revenue,-9210169.600000001,0.0,-9210169.600000001,9210169.600000001,1.9161115673407905,6,MANAGEMENT_LINE,DRIVER_IDENTIFIED,MANAGEMENT_LINE
2021,4,2021-04,2021-04-01,Tax,Income Tax,-6980333.550000001,0.0,-6980333.550000001,6980333.550000001,1.4522097246778174,8,MANAGEMENT_LINE,DRIVER_IDENTIFIED,MANAGEMENT_LINE
2021,5,2021-05,2021-05-01,Closing Accounts,Closing Balance Sheet Account,93476754.74,0.0,93476754.74,93476754.74,27.767645192258865,1,MANAGEMENT_LINE,DRIVER_IDENTIFIED,MANAGEMENT_LINE
2021,5,2021-05,2021-05-01,Closing Accounts,Opening Balance Sheet Account,-63843557.76,0.0,-63843557.76,63843557.76,18.96498508770508,3,MANAGEMENT_LINE,DRIVER_IDENTIFIED,MANAGEMENT_LINE
2021,5,2021-05,2021-05-01,Closing Accounts,Profit and Loss Account,-29633196.98,0.0,-29633196.98,29633196.98,8.802660104553786,4,MANAGEMENT_LINE,DRIVER_IDENTIFIED,MANAGEMENT_LINE
2021,5,2021-05,2021-05-01,EBITDA Adjustments,Depreciation,-2037149.31,0.0,-2037149.31,2037149.31,0.6051433792398148,14,MANAGEMENT_LINE,DRIVER_IDENTIFIED,MANAGEMENT_LINE
2021,5,2021-05,2021-05-01,EBITDA Adjustments,Provisions,-942243.79,0.0,-942243.79,942243.79,0.2798972997950407,17,MANAGEMENT_LINE,DRIVER_IDENTIFIED,MANAGEMENT_LINE
2021,5,2021-05,2021-05-01,Financial Result,FX Gains,-1267198.75,0.0,-1267198.75,1267198.75,0.3764264749663681,16,MANAGEMENT_LINE,DRIVER_IDENTIFIED,MANAGEMENT_LINE
2021,5,2021-05,2021-05-01,Financial Result,FX Losses,-723041.57,0.0,-723041.57,723041.57,0.2147824005107711,18,MANAGEMENT_LINE,DRIVER_IDENTIFIED,MANAGEMENT_LINE
2021,5,2021-05,2021-05-01,Financial Result,Interest Expense,-3883347.84,0.0,-3883347.84,3883347.84,1.153564062842912,12,MANAGEMENT_LINE,DRIVER_IDENTIFIED,MANAGEMENT_LINE
2021,5,2021-05,2021-05-01,Financial Result,Interest Income,-3349064.54,0.0,-3349064.54,3349064.54,0.9948530640730677,13,MANAGEMENT_LINE,DRIVER_IDENTIFIED,MANAGEMENT_LINE
2021,5,2021-05,2021-05-01,Financial Result,Other Financial Expenses,-3956215.15,0.0,-3956215.15,3956215.15,1.1752095897530213,11,MANAGEMENT_LINE,DRIVER_IDENTIFIED,MANAGEMENT_LINE
2021,5,2021-05,2021-05-01,Non-Core Operating Items,Fixed Asset Disposal Costs,-9357009.0,0.0,-9357009.0,9357009.0,2.7795370805870676,6,MANAGEMENT_LINE,DRIVER_IDENTIFIED,MANAGEMENT_LINE
2021,5,2021-05,2021-05-01,Operating Costs,Cost of Goods Sold,-23285599.06,0.0,-23285599.06,23285599.06,6.917080664446658,5,MANAGEMENT_LINE,DRIVER_IDENTIFIED,MANAGEMENT_LINE
2021,5,2021-05,2021-05-01,Operating Costs,Energy Consumption,-493522.82,0.0,-493522.82,493522.82,0.1466029345815417,19,MANAGEMENT_LINE,DRIVER_IDENTIFIED,MANAGEMENT_LINE
2021,5,2021-05,2021-05-01,Operating Costs,Inventory Change,-437370.88,0.0,-437370.88,437370.88,0.1299227754220389,21,MANAGEMENT_LINE,DRIVER_IDENTIFIED,MANAGEMENT_LINE
2021,5,2021-05,2021-05-01,Operating Costs,Material Consumption,-6472062.68,0.0,-6472062.68,6472062.68,1.9225521966414387,8,MANAGEMENT_LINE,DRIVER_IDENTIFIED,MANAGEMENT_LINE
2021,5,2021-05,2021-05-01,Operating Costs,Other Operating Costs,-99480.57,0.0,-99480.57,99480.57,0.029551102613339094,24,MANAGEMENT_LINE,DRIVER_IDENTIFIED,MANAGEMENT_LINE
2021,5,2021-05,2021-05-01,Operating Costs,Other Services,350605.81,0.0,350605.81,350605.81,0.10414886312113882,22,MANAGEMENT_LINE,DRIVER_IDENTIFIED,MANAGEMENT_LINE
2021,5,2021-05,2021-05-01,Operating Costs,Payroll Costs,-1763094.96,0.0,-1763094.96,1763094.96,0.523734434573716,15,MANAGEMENT_LINE,DRIVER_IDENTIFIED,MANAGEMENT_LINE
2021,5,2021-05,2021-05-01,Operating Costs,Repairs & Maintenance,136149.86,0.0,136149.86,136149.86,0.04044386239093475,23,MANAGEMENT_LINE,DRIVER_IDENTIFIED,MANAGEMENT_LINE
2021,5,2021-05,2021-05-01,Operating Costs,Shortages & Damages,-6151548.92,0.0,-6151548.92,6151548.92,1.8273422977561875,9,MANAGEMENT_LINE,DRIVER_IDENTIFIED,MANAGEMENT_LINE
2021,5,2021-05,2021-05-01,Operating Costs,Social & Health Insurance,-438822.28,0.0,-438822.28,438822.28,0.13035391961766424,20,MANAGEMENT_LINE,DRIVER_IDENTIFIED,MANAGEMENT_LINE
2021,5,2021-05,2021-05-01,Other Operating Income,Other Operating Income,-71935509.6,0.0,-71935509.6,71935509.6,21.368731861231186,2,MANAGEMENT_LINE,DRIVER_IDENTIFIED,MANAGEMENT_LINE
2021,5,2021-05,2021-05-01,Revenue,Sales Revenue,-7772793.73,0.0,-7772793.73,7772793.73,2.308939575914661,7,MANAGEMENT_LINE,DRIVER_IDENTIFIED,MANAGEMENT_LINE
2021,5,2021-05,2021-05-01,Tax,Income Tax,-4833773.35,0.0,-4833773.35,4833773.35,1.4358917754037182,10,MANAGEMENT_LINE,DRIVER_IDENTIFIED,MANAGEMENT_LINE
2021,6,2021-06,2021-06-01,Closing Accounts,Closing Balance Sheet Account,150141515.76,0.0,150141515.76,150141515.76,30.84374252492902,1,MANAGEMENT_LINE,DRIVER_IDENTIFIED,MANAGEMENT_LINE
2021,6,2021-06,2021-06-01,Closing Accounts,Opening Balance Sheet Account,-129632768.13,0.0,-129632768.13,129632768.13,26.630607149237058,2,MANAGEMENT_LINE,DRIVER_IDENTIFIED,MANAGEMENT_LINE
2021,6,2021-06,2021-06-01,Closing Accounts,Profit and Loss Account,-20508747.63,0.0,-20508747.63,20508747.63,4.213135375691962,5,MANAGEMENT_LINE,DRIVER_IDENTIFIED,MANAGEMENT_LINE
2021,6,2021-06,2021-06-01,EBITDA Adjustments,Depreciation,-2865514.92,0.0,-2865514.92,2865514.92,0.5886659925233632,14,MANAGEMENT_LINE,DRIVER_IDENTIFIED,MANAGEMENT_LINE
2021,6,2021-06,2021-06-01,EBITDA Adjustments,Provisions,-2415356.0300000003,0.0,-2415356.0300000003,2415356.0300000003,0.49618933922606845,18,MANAGEMENT_LINE,DRIVER_IDENTIFIED,MANAGEMENT_LINE
2021,6,2021-06,2021-06-01,Financial Result,FX Gains,-3052288.67,0.0,-3052288.67,3052288.67,0.6270351366355357,13,MANAGEMENT_LINE,DRIVER_IDENTIFIED,MANAGEMENT_LINE
2021,6,2021-06,2021-06-01,Financial Result,FX Losses,-2818520.24,0.0,-2818520.24,2818520.24,0.579011821905568,16,MANAGEMENT_LINE,DRIVER_IDENTIFIED,MANAGEMENT_LINE
2021,6,2021-06,2021-06-01,Financial Result,Interest Expense,-2833851.44,0.0,-2833851.44,2833851.44,0.582161327776776,15,MANAGEMENT_LINE,DRIVER_IDENTIFIED,MANAGEMENT_LINE
2021,6,2021-06,2021-06-01,Financial Result,Interest Income,-3075847.06,0.0,-3075847.06,3075847.06,0.6318747635154413,11,MANAGEMENT_LINE,DRIVER_IDENTIFIED,MANAGEMENT_LINE
2021,6,2021-06,2021-06-01,Financial Result,Other Financial Expenses,-4655333.32,0.0,-4655333.32,4655333.32,0.9563504242179565,9,MANAGEMENT_LINE,DRIVER_IDENTIFIED,MANAGEMENT_LINE
2021,6,2021-06,2021-06-01,Non-Core Operating Items,Fixed Asset Disposal Costs,-106878163.0,0.0,-106878163.0,106878163.0,21.956102710318042,3,MANAGEMENT_LINE,DRIVER_IDENTIFIED,MANAGEMENT_LINE
2021,6,2021-06,2021-06-01,Operating Costs,Cost of Goods Sold,-24420936.89,0.0,-24420936.89,24420936.89,5.016820869563738,4,MANAGEMENT_LINE,DRIVER_IDENTIFIED,MANAGEMENT_LINE
2021,6,2021-06,2021-06-01,Operating Costs,Energy Consumption,368340.95,0.0,368340.95,368340.95,0.0756687007299716,22,MANAGEMENT_LINE,DRIVER_IDENTIFIED,MANAGEMENT_LINE
2021,6,2021-06,2021-06-01,Operating Costs,Inventory Change,-657529.32,0.0,-657529.32,657529.32,0.13507699683204302,20,MANAGEMENT_LINE,DRIVER_IDENTIFIED,MANAGEMENT_LINE
2021,6,2021-06,2021-06-01,Operating Costs,Material Consumption,-6673410.18,0.0,-6673410.18,6673410.18,1.3709262512320877,8,MANAGEMENT_LINE,DRIVER_IDENTIFIED,MANAGEMENT_LINE
2021,6,2021-06,2021-06-01,Operating Costs,Other Operating Costs,-866911.12,0.0,-866911.12,866911.12,0.17809053839591957,19,MANAGEMENT_LINE,DRIVER_IDENTIFIED,MANAGEMENT_LINE
2021,6,2021-06,2021-06-01,Operating Costs,Other Services,-25326.28,0.0,-25326.28,25326.28,0.0052028065354217745,24,MANAGEMENT_LINE,DRIVER_IDENTIFIED,MANAGEMENT_LINE
2021,6,2021-06,2021-06-01,Operating Costs,Payroll Costs,-2618472.0,0.0,-2618472.0,2618472.0,0.5379156841991372,17,MANAGEMENT_LINE,DRIVER_IDENTIFIED,MANAGEMENT_LINE
2021,6,2021-06,2021-06-01,Operating Costs,Repairs & Maintenance,-284611.46,0.0,-284611.46,284611.46,0.05846805626976931,23,MANAGEMENT_LINE,DRIVER_IDENTIFIED,MANAGEMENT_LINE
2021,6,2021-06,2021-06-01,Operating Costs,Shortages & Damages,-3586383.02,0.0,-3586383.02,3586383.02,0.7367547470446382,10,MANAGEMENT_LINE,DRIVER_IDENTIFIED,MANAGEMENT_LINE
2021,6,2021-06,2021-06-01,Operating Costs,Social & Health Insurance,-387056.12,0.0,-387056.12,387056.12,0.07951337941107002,21,MANAGEMENT_LINE,DRIVER_IDENTIFIED,MANAGEMENT_LINE
2021,6,2021-06,2021-06-01,Other Operating Income,Other Operating Income,-3061886.4,0.0,-3061886.4,3061886.4,0.6290068092368499,12,MANAGEMENT_LINE,DRIVER_IDENTIFIED,MANAGEMENT_LINE
2021,6,2021-06,2021-06-01,Revenue,Sales Revenue,-7836161.75,0.0,-7836161.75,7836161.75,1.6097916300981479,6,MANAGEMENT_LINE,DRIVER_IDENTIFIED,MANAGEMENT_LINE
2021,6,2021-06,2021-06-01,Tax,Income Tax,-7116189.76,0.0,-7116189.76,7116189.76,1.4618869644744314,7,MANAGEMENT_LINE,DRIVER_IDENTIFIED,MANAGEMENT_LINE
2021,7,2021-07,2021-07-01,Closing Accounts,Closing Balance Sheet Account,95896242.56,0.0,95896242.56,95896242.56,25.567662552335975,1,MANAGEMENT_LINE,DRIVER_IDENTIFIED,MANAGEMENT_LINE
2021,7,2021-07,2021-07-01,Closing Accounts,Opening Balance Sheet Account,-88216110.83,0.0,-88216110.83,88216110.83,23.52000133863129,2,MANAGEMENT_LINE,DRIVER_IDENTIFIED,MANAGEMENT_LINE
2021,7,2021-07,2021-07-01,Closing Accounts,Profit and Loss Account,-7680131.73,0.0,-7680131.73,7680131.73,2.047661213704683,7,MANAGEMENT_LINE,DRIVER_IDENTIFIED,MANAGEMENT_LINE
2021,7,2021-07,2021-07-01,EBITDA Adjustments,Depreciation,-1053264.72,0.0,-1053264.72,1053264.72,0.28081931283586503,18,MANAGEMENT_LINE,DRIVER_IDENTIFIED,MANAGEMENT_LINE
2021,7,2021-07,2021-07-01,EBITDA Adjustments,Provisions,-1647961.0999999999,0.0,-1647961.0999999999,1647961.0999999999,0.4393760608275536,16,MANAGEMENT_LINE,DRIVER_IDENTIFIED,MANAGEMENT_LINE
2021,7,2021-07,2021-07-01,Financial Result,FX Gains,-2317957.96,0.0,-2317957.96,2317957.96,0.6180092707459369,13,MANAGEMENT_LINE,DRIVER_IDENTIFIED,MANAGEMENT_LINE
2021,7,2021-07,2021-07-01,Financial Result,FX Losses,-1928978.35,0.0,-1928978.35,1928978.35,0.5143003125769376,15,MANAGEMENT_LINE,DRIVER_IDENTIFIED,MANAGEMENT_LINE
2021,7,2021-07,2021-07-01,Financial Result,Interest Expense,-2308088.19,0.0,-2308088.19,2308088.19,0.6153778125981239,14,MANAGEMENT_LINE,DRIVER_IDENTIFIED,MANAGEMENT_LINE
2021,7,2021-07,2021-07-01,Financial Result,Interest Income,-6518914.3,0.0,-6518914.3,6518914.3,1.738059767312717,8,MANAGEMENT_LINE,DRIVER_IDENTIFIED,MANAGEMENT_LINE
2021,7,2021-07,2021-07-01,Financial Result,Other Financial Expenses,-3529043.64,0.0,-3529043.64,3529043.64,0.940906489256167,11,MANAGEMENT_LINE,DRIVER_IDENTIFIED,MANAGEMENT_LINE
2021,7,2021-07,2021-07-01,Non-Core Operating Items,Fixed Asset Disposal Costs,-70849783.0,0.0,-70849783.0,70849783.0,18.88982607964895,3,MANAGEMENT_LINE,DRIVER_IDENTIFIED,MANAGEMENT_LINE
2021,7,2021-07,2021-07-01,Operating Costs,Cost of Goods Sold,-24727122.75,0.0,-24727122.75,24727122.75,6.592695537227416,5,MANAGEMENT_LINE,DRIVER_IDENTIFIED,MANAGEMENT_LINE
2021,7,2021-07,2021-07-01,Operating Costs,Energy Consumption,172968.3,0.0,172968.3,172968.3,0.046116458878816095,21,MANAGEMENT_LINE,DRIVER_IDENTIFIED,MANAGEMENT_LINE
2021,7,2021-07,2021-07-01,Operating Costs,Inventory Change,-14520.86,0.0,-14520.86,14520.86,0.0038715223718741847,24,MANAGEMENT_LINE,DRIVER_IDENTIFIED,MANAGEMENT_LINE
2021,7,2021-07,2021-07-01,Operating Costs,Material Consumption,-6351860.03,0.0,-6351860.03,6351860.03,1.6935200951705636,9,MANAGEMENT_LINE,DRIVER_IDENTIFIED,MANAGEMENT_LINE
2021,7,2021-07,2021-07-01,Operating Costs,Other Operating Costs,-277097.09,0.0,-277097.09,277097.09,0.07387906660598852,19,MANAGEMENT_LINE,DRIVER_IDENTIFIED,MANAGEMENT_LINE
2021,7,2021-07,2021-07-01,Operating Costs,Other Services,-205650.1,0.0,-205650.1,205650.1,0.054830014401913055,20,MANAGEMENT_LINE,DRIVER_IDENTIFIED,MANAGEMENT_LINE
2021,7,2021-07,2021-07-01,Operating Costs,Payroll Costs,-1406928.29,0.0,-1406928.29,1406928.29,0.3751123797321709,17,MANAGEMENT_LINE,DRIVER_IDENTIFIED,MANAGEMENT_LINE
2021,7,2021-07,2021-07-01,Operating Costs,Repairs & Maintenance,88443.93,0.0,88443.93,88443.93,0.023580742025711584,23,MANAGEMENT_LINE,DRIVER_IDENTIFIED,MANAGEMENT_LINE
2021,7,2021-07,2021-07-01,Operating Costs,Shortages & Damages,-4031685.76,0.0,-4031685.76,4031685.76,1.0749199163277225,10,MANAGEMENT_LINE,DRIVER_IDENTIFIED,MANAGEMENT_LINE
2021,7,2021-07,2021-07-01,Operating Costs,Social & Health Insurance,134884.48,0.0,134884.48,134884.48,0.03596262769137751,22,MANAGEMENT_LINE,DRIVER_IDENTIFIED,MANAGEMENT_LINE
2021,7,2021-07,2021-07-01,Other Operating Income,Other Operating Income,-43132564.8,0.0,-43132564.8,43132564.8,11.499917331309092,4,MANAGEMENT_LINE,DRIVER_IDENTIFIED,MANAGEMENT_LINE
2021,7,2021-07,2021-07-01,Revenue,Sales Revenue,-9782161.68,0.0,-9782161.68,9782161.68,2.608100194438233,6,MANAGEMENT_LINE,DRIVER_IDENTIFIED,MANAGEMENT_LINE
2021,7,2021-07,2021-07-01,Tax,Income Tax,-2796112.63,0.0,-2796112.63,2796112.63,0.7454939033449096,12,MANAGEMENT_LINE,DRIVER_IDENTIFIED,MANAGEMENT_LINE
2021,8,2021-08,2021-08-01,Closing Accounts,Closing Balance Sheet Account,80041472.7,0.0,80041472.7,80041472.7,32.96804324214474,1,MANAGEMENT_LINE,DRIVER_IDENTIFIED,MANAGEMENT_LINE
2021,8,2021-08,2021-08-01,Closing Accounts,Opening Balance Sheet Account,-42441097.53,0.0,-42441097.53,42441097.53,17.480936961984735,2,MANAGEMENT_LINE,DRIVER_IDENTIFIED,MANAGEMENT_LINE
2021,8,2021-08,2021-08-01,Closing Accounts,Profit and Loss Account,-37600375.17,0.0,-37600375.17,37600375.17,15.48710628016,3,MANAGEMENT_LINE,DRIVER_IDENTIFIED,MANAGEMENT_LINE
2021,8,2021-08,2021-08-01,EBITDA Adjustments,Depreciation,-2444351.56,0.0,-2444351.56,2444351.56,1.0067966669119515,14,MANAGEMENT_LINE,DRIVER_IDENTIFIED,MANAGEMENT_LINE
2021,8,2021-08,2021-08-01,EBITDA Adjustments,Provisions,-1731379.3199999998,0.0,-1731379.3199999998,1731379.3199999998,0.713132659418386,15,MANAGEMENT_LINE,DRIVER_IDENTIFIED,MANAGEMENT_LINE
2021,8,2021-08,2021-08-01,Financial Result,FX Gains,-1565135.69,0.0,-1565135.69,1565135.69,0.6446590669457289,16,MANAGEMENT_LINE,DRIVER_IDENTIFIED,MANAGEMENT_LINE
2021,8,2021-08,2021-08-01,Financial Result,FX Losses,-933811.12,0.0,-933811.12,933811.12,0.3846246745052157,20,MANAGEMENT_LINE,DRIVER_IDENTIFIED,MANAGEMENT_LINE
2021,8,2021-08,2021-08-01,Financial Result,Interest Expense,-2629075.0,0.0,-2629075.0,2629075.0,1.0828818531576279,13,MANAGEMENT_LINE,DRIVER_IDENTIFIED,MANAGEMENT_LINE
2021,8,2021-08,2021-08-01,Financial Result,Interest Income,-3720915.92,0.0,-3720915.92,3720915.92,1.5325969502175933,12,MANAGEMENT_LINE,DRIVER_IDENTIFIED,MANAGEMENT_LINE
2021,8,2021-08,2021-08-01,Financial Result,Other Financial Expenses,-4653513.51,0.0,-4653513.51,4653513.51,1.9167217874738671,10,MANAGEMENT_LINE,DRIVER_IDENTIFIED,MANAGEMENT_LINE
2021,8,2021-08,2021-08-01,Non-Core Operating Items,Fixed Asset Disposal Costs,-4934999.0,0.0,-4934999.0,4934999.0,2.032662005629752,9,MANAGEMENT_LINE,DRIVER_IDENTIFIED,MANAGEMENT_LINE
2021,8,2021-08,2021-08-01,Operating Costs,Cost of Goods Sold,-23887952.93,0.0,-23887952.93,23887952.93,9.839137619497574,4,MANAGEMENT_LINE,DRIVER_IDENTIFIED,MANAGEMENT_LINE
2021,8,2021-08,2021-08-01,Operating Costs,Energy Consumption,1219784.75,0.0,1219784.75,1219784.75,0.502413499247231,18,MANAGEMENT_LINE,DRIVER_IDENTIFIED,MANAGEMENT_LINE
2021,8,2021-08,2021-08-01,Operating Costs,Inventory Change,-390281.37,0.0,-390281.37,390281.37,0.16075182838013286,22,MANAGEMENT_LINE,DRIVER_IDENTIFIED,MANAGEMENT_LINE
2021,8,2021-08,2021-08-01,Operating Costs,Material Consumption,-6760444.41,0.0,-6760444.41,6760444.41,2.784539266042211,6,MANAGEMENT_LINE,DRIVER_IDENTIFIED,MANAGEMENT_LINE
2021,8,2021-08,2021-08-01,Operating Costs,Other Operating Costs,-1041529.82,0.0,-1041529.82,1041529.82,0.4289926082749752,19,MANAGEMENT_LINE,DRIVER_IDENTIFIED,MANAGEMENT_LINE
2021,8,2021-08,2021-08-01,Operating Costs,Other Services,-102332.97,0.0,-102332.97,102332.97,0.042149621518109574,24,MANAGEMENT_LINE,DRIVER_IDENTIFIED,MANAGEMENT_LINE
2021,8,2021-08,2021-08-01,Operating Costs,Payroll Costs,-1291785.9,0.0,-1291785.9,1291785.9,0.5320698379752932,17,MANAGEMENT_LINE,DRIVER_IDENTIFIED,MANAGEMENT_LINE
2021,8,2021-08,2021-08-01,Operating Costs,Repairs & Maintenance,-224947.04,0.0,-224947.04,224947.04,0.09265276476993735,23,MANAGEMENT_LINE,DRIVER_IDENTIFIED,MANAGEMENT_LINE
2021,8,2021-08,2021-08-01,Operating Costs,Shortages & Damages,-5674537.7,0.0,-5674537.7,5674537.7,2.337268393023715,8,MANAGEMENT_LINE,DRIVER_IDENTIFIED,MANAGEMENT_LINE
2021,8,2021-08,2021-08-01,Operating Costs,Social & Health Insurance,-391826.16,0.0,-391826.16,391826.16,0.16138810732156258,21,MANAGEMENT_LINE,DRIVER_IDENTIFIED,MANAGEMENT_LINE
2021,8,2021-08,2021-08-01,Other Operating Income,Other Operating Income,-5878580.8,0.0,-5878580.8,5878580.8,2.4213110963517015,7,MANAGEMENT_LINE,DRIVER_IDENTIFIED,MANAGEMENT_LINE
2021,8,2021-08,2021-08-01,Revenue,Sales Revenue,-8762319.159999998,0.0,-8762319.159999998,8762319.159999998,3.6090854806117694,5,MANAGEMENT_LINE,DRIVER_IDENTIFIED,MANAGEMENT_LINE
2021,8,2021-08,2021-08-01,Tax,Income Tax,-4462577.51,0.0,-4462577.51,4462577.51,1.838077728436181,11,MANAGEMENT_LINE,DRIVER_IDENTIFIED,MANAGEMENT_LINE
2021,9,2021-09,2021-09-01,Closing Accounts,Closing Balance Sheet Account,159248216.41,0.0,159248216.41,159248216.41,30.847552453552012,1,MANAGEMENT_LINE,DRIVER_IDENTIFIED,MANAGEMENT_LINE
2021,9,2021-09,2021-09-01,Closing Accounts,Opening Balance Sheet Account,-154140402.01,0.0,-154140402.01,154140402.01,29.858131182915326,2,MANAGEMENT_LINE,DRIVER_IDENTIFIED,MANAGEMENT_LINE
2021,9,2021-09,2021-09-01,Closing Accounts,Profit and Loss Account,-5107814.4,0.0,-5107814.4,5107814.4,0.9894212706366871,8,MANAGEMENT_LINE,DRIVER_IDENTIFIED,MANAGEMENT_LINE
2021,9,2021-09,2021-09-01,EBITDA Adjustments,Depreciation,-2840304.87,0.0,-2840304.87,2840304.87,0.5501879734453488,13,MANAGEMENT_LINE,DRIVER_IDENTIFIED,MANAGEMENT_LINE
2021,9,2021-09,2021-09-01,EBITDA Adjustments,Provisions,-2497779.42,0.0,-2497779.42,2497779.42,0.48383827092593,16,MANAGEMENT_LINE,DRIVER_IDENTIFIED,MANAGEMENT_LINE
2021,9,2021-09,2021-09-01,Financial Result,FX Gains,-2518882.21,0.0,-2518882.21,2518882.21,0.48792603678049584,15,MANAGEMENT_LINE,DRIVER_IDENTIFIED,MANAGEMENT_LINE
2021,9,2021-09,2021-09-01,Financial Result,FX Losses,-1685131.33,0.0,-1685131.33,1685131.33,0.32642235037324185,19,MANAGEMENT_LINE,DRIVER_IDENTIFIED,MANAGEMENT_LINE
2021,9,2021-09,2021-09-01,Financial Result,Interest Expense,-4652442.62,0.0,-4652442.62,4652442.62,0.901212402832154,11,MANAGEMENT_LINE,DRIVER_IDENTIFIED,MANAGEMENT_LINE
2021,9,2021-09,2021-09-01,Financial Result,Interest Income,-2799840.35,0.0,-2799840.35,2799840.35,0.5423496978819095,14,MANAGEMENT_LINE,DRIVER_IDENTIFIED,MANAGEMENT_LINE
2021,9,2021-09,2021-09-01,Financial Result,Other Financial Expenses,-4661032.49,0.0,-4661032.49,4661032.49,0.9028763239194206,10,MANAGEMENT_LINE,DRIVER_IDENTIFIED,MANAGEMENT_LINE
2021,9,2021-09,2021-09-01,Non-Core Operating Items,Fixed Asset Disposal Costs,-113703778.0,0.0,-113703778.0,113703778.0,22.02525927820552,3,MANAGEMENT_LINE,DRIVER_IDENTIFIED,MANAGEMENT_LINE
2021,9,2021-09,2021-09-01,Operating Costs,Cost of Goods Sold,-24767828.29,0.0,-24767828.29,24767828.29,4.797710765998678,4,MANAGEMENT_LINE,DRIVER_IDENTIFIED,MANAGEMENT_LINE
2021,9,2021-09,2021-09-01,Operating Costs,Energy Consumption,660583.03,0.0,660583.03,660583.03,0.12795979840293975,20,MANAGEMENT_LINE,DRIVER_IDENTIFIED,MANAGEMENT_LINE
2021,9,2021-09,2021-09-01,Operating Costs,Inventory Change,-243151.01,0.0,-243151.01,243151.01,0.047100141553850075,23,MANAGEMENT_LINE,DRIVER_IDENTIFIED,MANAGEMENT_LINE
2021,9,2021-09,2021-09-01,Operating Costs,Material Consumption,-6480276.13,0.0,-6480276.13,6480276.13,1.2552772165373105,7,MANAGEMENT_LINE,DRIVER_IDENTIFIED,MANAGEMENT_LINE
2021,9,2021-09,2021-09-01,Operating Costs,Other Operating Costs,-2013782.3,0.0,-2013782.3,2013782.3,0.39008446392485796,18,MANAGEMENT_LINE,DRIVER_IDENTIFIED,MANAGEMENT_LINE
2021,9,2021-09,2021-09-01,Operating Costs,Other Services,249457.6,0.0,249457.6,249457.6,0.0483217744877297,22,MANAGEMENT_LINE,DRIVER_IDENTIFIED,MANAGEMENT_LINE
2021,9,2021-09,2021-09-01,Operating Costs,Payroll Costs,-2133394.23,0.0,-2133394.23,2133394.23,0.4132541757616675,17,MANAGEMENT_LINE,DRIVER_IDENTIFIED,MANAGEMENT_LINE
2021,9,2021-09,2021-09-01,Operating Costs,Repairs & Maintenance,219778.46,0.0,219778.46,219778.46,0.04257270646947827,24,MANAGEMENT_LINE,DRIVER_IDENTIFIED,MANAGEMENT_LINE
2021,9,2021-09,2021-09-01,Operating Costs,Shortages & Damages,-4732576.38,0.0,-4732576.38,4732576.38,0.9167349023654369,9,MANAGEMENT_LINE,DRIVER_IDENTIFIED,MANAGEMENT_LINE
2021,9,2021-09,2021-09-01,Operating Costs,Social & Health Insurance,-364057.87,0.0,-364057.87,364057.87,0.07052069086940313,21,MANAGEMENT_LINE,DRIVER_IDENTIFIED,MANAGEMENT_LINE
2021,9,2021-09,2021-09-01,Other Operating Income,Other Operating Income,-3154130.0,0.0,-3154130.0,3154130.0,0.6109782125899668,12,MANAGEMENT_LINE,DRIVER_IDENTIFIED,MANAGEMENT_LINE
2021,9,2021-09,2021-09-01,Revenue,Sales Revenue,-7964188.369999999,0.0,-7964188.369999999,7964188.369999999,1.5427219471082043,6,MANAGEMENT_LINE,DRIVER_IDENTIFIED,MANAGEMENT_LINE
2021,9,2021-09,2021-09-01,Tax,Income Tax,-9403803.3,0.0,-9403803.3,9403803.3,1.8215859624624322,5,MANAGEMENT_LINE,DRIVER_IDENTIFIED,MANAGEMENT_LINE
2021,10,2021-10,2021-10-01,Closing Accounts,Closing Balance Sheet Account,104410833.63,0.0,104410833.63,104410833.63,28.112273291510952,1,MANAGEMENT_LINE,DRIVER_IDENTIFIED,MANAGEMENT_LINE
2021,10,2021-10,2021-10-01,Closing Accounts,Opening Balance Sheet Account,-78705311.94,0.0,-78705311.94,78705311.94,21.191146184998622,3,MANAGEMENT_LINE,DRIVER_IDENTIFIED,MANAGEMENT_LINE
2021,10,2021-10,2021-10-01,Closing Accounts,Profit and Loss Account,-25705521.69,0.0,-25705521.69,25705521.69,6.921127106512334,4,MANAGEMENT_LINE,DRIVER_IDENTIFIED,MANAGEMENT_LINE
2021,10,2021-10,2021-10-01,EBITDA Adjustments,Depreciation,-997963.37,0.0,-997963.37,997963.37,0.26869835262282893,18,MANAGEMENT_LINE,DRIVER_IDENTIFIED,MANAGEMENT_LINE
2021,10,2021-10,2021-10-01,EBITDA Adjustments,Provisions,-1509953.07,0.0,-1509953.07,1509953.07,0.4065498941577215,15,MANAGEMENT_LINE,DRIVER_IDENTIFIED,MANAGEMENT_LINE
2021,10,2021-10,2021-10-01,Financial Result,FX Gains,-1560523.44,0.0,-1560523.44,1560523.44,0.42016579983021823,14,MANAGEMENT_LINE,DRIVER_IDENTIFIED,MANAGEMENT_LINE
2021,10,2021-10,2021-10-01,Financial Result,FX Losses,-1000637.97,0.0,-1000637.97,1000637.97,0.26941847986950834,17,MANAGEMENT_LINE,DRIVER_IDENTIFIED,MANAGEMENT_LINE
2021,10,2021-10,2021-10-01,Financial Result,Interest Expense,-2928765.57,0.0,-2928765.57,2928765.57,0.7885604898278586,13,MANAGEMENT_LINE,DRIVER_IDENTIFIED,MANAGEMENT_LINE
2021,10,2021-10,2021-10-01,Financial Result,Interest Income,-6520924.96,0.0,-6520924.96,6520924.96,1.7557375821610433,7,MANAGEMENT_LINE,DRIVER_IDENTIFIED,MANAGEMENT_LINE
2021,10,2021-10,2021-10-01,Financial Result,Other Financial Expenses,-3779917.6,0.0,-3779917.6,3779917.6,1.0177303723783342,11,MANAGEMENT_LINE,DRIVER_IDENTIFIED,MANAGEMENT_LINE
2021,10,2021-10,2021-10-01,Non-Core Operating Items,Fixed Asset Disposal Costs,-90021766.0,0.0,-90021766.0,90021766.0,24.238064193075335,2,MANAGEMENT_LINE,DRIVER_IDENTIFIED,MANAGEMENT_LINE
2021,10,2021-10,2021-10-01,Operating Costs,Cost of Goods Sold,-23873117.77,0.0,-23873117.77,23873117.77,6.427758382323975,5,MANAGEMENT_LINE,DRIVER_IDENTIFIED,MANAGEMENT_LINE
2021,10,2021-10,2021-10-01,Operating Costs,Energy Consumption,-207005.56,0.0,-207005.56,207005.56,0.05573556568089885,23,MANAGEMENT_LINE,DRIVER_IDENTIFIED,MANAGEMENT_LINE
2021,10,2021-10,2021-10-01,Operating Costs,Material Consumption,-6466972.31,0.0,-6466972.31,6466972.31,1.7412110087311625,8,MANAGEMENT_LINE,DRIVER_IDENTIFIED,MANAGEMENT_LINE
2021,10,2021-10,2021-10-01,Operating Costs,Other Operating Costs,-412686.99,0.0,-412686.99,412686.99,0.11111461371760957,21,MANAGEMENT_LINE,DRIVER_IDENTIFIED,MANAGEMENT_LINE
2021,10,2021-10,2021-10-01,Operating Costs,Other Services,426912.35,0.0,426912.35,426912.35,0.11494474507550366,20,MANAGEMENT_LINE,DRIVER_IDENTIFIED,MANAGEMENT_LINE
2021,10,2021-10,2021-10-01,Operating Costs,Payroll Costs,-1368923.03,0.0,-1368923.03,1368923.03,0.36857802008149,16,MANAGEMENT_LINE,DRIVER_IDENTIFIED,MANAGEMENT_LINE
2021,10,2021-10,2021-10-01,Operating Costs,Repairs & Maintenance,-218147.17,0.0,-218147.17,218147.17,0.05873540750131161,22,MANAGEMENT_LINE,DRIVER_IDENTIFIED,MANAGEMENT_LINE
2021,10,2021-10,2021-10-01,Operating Costs,Shortages & Damages,-4369485.42,0.0,-4369485.42,4369485.42,1.1764695673784797,10,MANAGEMENT_LINE,DRIVER_IDENTIFIED,MANAGEMENT_LINE
2021,10,2021-10,2021-10-01,Operating Costs,Social & Health Insurance,-940353.41,0.0,-940353.41,940353.41,0.25318706051331286,19,MANAGEMENT_LINE,DRIVER_IDENTIFIED,MANAGEMENT_LINE
2021,10,2021-10,2021-10-01,Other Operating Income,Other Operating Income,-3254756.4,0.0,-3254756.4,3254756.4,0.8763324478218166,12,MANAGEMENT_LINE,DRIVER_IDENTIFIED,MANAGEMENT_LINE
2021,10,2021-10,2021-10-01,Revenue,Sales Revenue,-5918231.210000001,0.0,-5918231.210000001,5918231.210000001,1.5934642737117815,9,MANAGEMENT_LINE,DRIVER_IDENTIFIED,MANAGEMENT_LINE
2021,10,2021-10,2021-10-01,Tax,Income Tax,-6807872.12,0.0,-6807872.12,6807872.12,1.8329971605179116,6,MANAGEMENT_LINE,DRIVER_IDENTIFIED,MANAGEMENT_LINE
2021,11,2021-11,2021-11-01,Closing Accounts,Closing Balance Sheet Account,146764995.12,0.0,146764995.12,146764995.12,34.81615093981378,1,MANAGEMENT_LINE,DRIVER_IDENTIFIED,MANAGEMENT_LINE
2021,11,2021-11,2021-11-01,Closing Accounts,Opening Balance Sheet Account,-115840096.35,0.0,-115840096.35,115840096.35,27.48002870920663,2,MANAGEMENT_LINE,DRIVER_IDENTIFIED,MANAGEMENT_LINE
2021,11,2021-11,2021-11-01,Closing Accounts,Profit and Loss Account,-30924898.77,0.0,-30924898.77,30924898.77,7.336122230607146,3,MANAGEMENT_LINE,DRIVER_IDENTIFIED,MANAGEMENT_LINE
2021,11,2021-11,2021-11-01,EBITDA Adjustments,Depreciation,-1343275.26,0.0,-1343275.26,1343275.26,0.31865687160374156,16,MANAGEMENT_LINE,DRIVER_IDENTIFIED,MANAGEMENT_LINE
2021,11,2021-11,2021-11-01,EBITDA Adjustments,Provisions,-1333196.42,0.0,-1333196.42,1333196.42,0.31626593080446364,17,MANAGEMENT_LINE,DRIVER_IDENTIFIED,MANAGEMENT_LINE
2021,11,2021-11,2021-11-01,Financial Result,FX Gains,-2817405.7,0.0,-2817405.7,2817405.7,0.6683557072290229,14,MANAGEMENT_LINE,DRIVER_IDENTIFIED,MANAGEMENT_LINE
2021,11,2021-11,2021-11-01,Financial Result,FX Losses,-964348.67,0.0,-964348.67,964348.67,0.2287664631874698,19,MANAGEMENT_LINE,DRIVER_IDENTIFIED,MANAGEMENT_LINE
2021,11,2021-11,2021-11-01,Financial Result,Interest Expense,-3344238.25,0.0,-3344238.25,3344238.25,0.793332930618086,13,MANAGEMENT_LINE,DRIVER_IDENTIFIED,MANAGEMENT_LINE
2021,11,2021-11,2021-11-01,Financial Result,Interest Income,-3354791.37,0.0,-3354791.37,3354791.37,0.7958363819247518,12,MANAGEMENT_LINE,DRIVER_IDENTIFIED,MANAGEMENT_LINE
2021,11,2021-11,2021-11-01,Financial Result,Other Financial Expenses,-5769052.43,0.0,-5769052.43,5769052.43,1.3685565827079724,10,MANAGEMENT_LINE,DRIVER_IDENTIFIED,MANAGEMENT_LINE
2021,11,2021-11,2021-11-01,Non-Core Operating Items,Fixed Asset Disposal Costs,-28132539.0,0.0,-28132539.0,28132539.0,6.673708014253349,4,MANAGEMENT_LINE,DRIVER_IDENTIFIED,MANAGEMENT_LINE
2021,11,2021-11,2021-11-01,Operating Costs,Cost of Goods Sold,-25100441.81,0.0,-25100441.81,25100441.81,5.954422374343704,5,MANAGEMENT_LINE,DRIVER_IDENTIFIED,MANAGEMENT_LINE
2021,11,2021-11,2021-11-01,Operating Costs,Energy Consumption,-499302.49,0.0,-499302.49,499302.49,0.11844643773708631,21,MANAGEMENT_LINE,DRIVER_IDENTIFIED,MANAGEMENT_LINE
2021,11,2021-11,2021-11-01,Operating Costs,Inventory Change,-82676.97,0.0,-82676.97,82676.97,0.019612945610177016,24,MANAGEMENT_LINE,DRIVER_IDENTIFIED,MANAGEMENT_LINE
2021,11,2021-11,2021-11-01,Operating Costs,Material Consumption,-6553654.7,0.0,-6553654.7,6553654.7,1.554682920515604,9,MANAGEMENT_LINE,DRIVER_IDENTIFIED,MANAGEMENT_LINE
2021,11,2021-11,2021-11-01,Operating Costs,Other Operating Costs,-908984.02,0.0,-908984.02,908984.02,0.2156326501174397,20,MANAGEMENT_LINE,DRIVER_IDENTIFIED,MANAGEMENT_LINE
2021,11,2021-11,2021-11-01,Operating Costs,Other Services,420542.59,0.0,420542.59,420542.59,0.09976271438627919,22,MANAGEMENT_LINE,DRIVER_IDENTIFIED,MANAGEMENT_LINE
2021,11,2021-11,2021-11-01,Operating Costs,Payroll Costs,-1875059.5,0.0,-1875059.5,1875059.5,0.44480875374781775,15,MANAGEMENT_LINE,DRIVER_IDENTIFIED,MANAGEMENT_LINE
2021,11,2021-11,2021-11-01,Operating Costs,Repairs & Maintenance,289873.57,0.0,289873.57,289873.57,0.06876491194873059,23,MANAGEMENT_LINE,DRIVER_IDENTIFIED,MANAGEMENT_LINE
2021,11,2021-11,2021-11-01,Operating Costs,Shortages & Damages,-5076872.28,0.0,-5076872.28,5076872.28,1.2043549720974944,11,MANAGEMENT_LINE,DRIVER_IDENTIFIED,MANAGEMENT_LINE
2021,11,2021-11,2021-11-01,Operating Costs,Social & Health Insurance,1190853.21,0.0,1190853.21,1190853.21,0.28249873256645364,18,MANAGEMENT_LINE,DRIVER_IDENTIFIED,MANAGEMENT_LINE
2021,11,2021-11,2021-11-01,Other Operating Income,Other Operating Income,-16196880.4,0.0,-16196880.4,16196880.4,3.8422856369765626,6,MANAGEMENT_LINE,DRIVER_IDENTIFIED,MANAGEMENT_LINE
2021,11,2021-11,2021-11-01,Revenue,Sales Revenue,-9112830.13,0.0,-9112830.13,9112830.13,2.1617802599015468,8,MANAGEMENT_LINE,DRIVER_IDENTIFIED,MANAGEMENT_LINE
2021,11,2021-11,2021-11-01,Tax,Income Tax,-13646041.53,0.0,-13646041.53,13646041.53,3.2371659280946887,7,MANAGEMENT_LINE,DRIVER_IDENTIFIED,MANAGEMENT_LINE
2021,12,2021-12,2021-12-01,Closing Accounts,Closing Balance Sheet Account,115572684.03,0.0,115572684.03,115572684.03,28.597656269934824,1,MANAGEMENT_LINE,DRIVER_IDENTIFIED,MANAGEMENT_LINE
2021,12,2021-12,2021-12-01,Closing Accounts,Opening Balance Sheet Account,-101622954.69,0.0,-101622954.69,101622954.69,25.145892835762158,2,MANAGEMENT_LINE,DRIVER_IDENTIFIED,MANAGEMENT_LINE
2021,12,2021-12,2021-12-01,Closing Accounts,Profit and Loss Account,-13949729.34,0.0,-13949729.34,13949729.34,3.451763434172662,5,MANAGEMENT_LINE,DRIVER_IDENTIFIED,MANAGEMENT_LINE
2021,12,2021-12,2021-12-01,EBITDA Adjustments,Depreciation,-1942349.66,0.0,-1942349.66,1942349.66,0.4806209044888682,15,MANAGEMENT_LINE,DRIVER_IDENTIFIED,MANAGEMENT_LINE
2021,12,2021-12,2021-12-01,EBITDA Adjustments,Provisions,-1496855.08,0.0,-1496855.08,1496855.08,0.3703863713386997,19,MANAGEMENT_LINE,DRIVER_IDENTIFIED,MANAGEMENT_LINE
2021,12,2021-12,2021-12-01,Financial Result,FX Gains,-2840407.23,0.0,-2840407.23,2840407.23,0.7028389996471185,13,MANAGEMENT_LINE,DRIVER_IDENTIFIED,MANAGEMENT_LINE
2021,12,2021-12,2021-12-01,Financial Result,FX Losses,-1137026.89,0.0,-1137026.89,1137026.89,0.2813493901504659,20,MANAGEMENT_LINE,DRIVER_IDENTIFIED,MANAGEMENT_LINE
2021,12,2021-12,2021-12-01,Financial Result,Interest Expense,-1897526.43,0.0,-1897526.43,1897526.43,0.46952970819792195,17,MANAGEMENT_LINE,DRIVER_IDENTIFIED,MANAGEMENT_LINE
2021,12,2021-12,2021-12-01,Financial Result,Interest Income,-4594172.4,0.0,-4594172.4,4594172.4,1.1367959846456248,11,MANAGEMENT_LINE,DRIVER_IDENTIFIED,MANAGEMENT_LINE
2021,12,2021-12,2021-12-01,Financial Result,Other Financial Expenses,-5003108.72,0.0,-5003108.72,5003108.72,1.237984430806626,8,MANAGEMENT_LINE,DRIVER_IDENTIFIED,MANAGEMENT_LINE
2021,12,2021-12,2021-12-01,Non-Core Operating Items,Fixed Asset Disposal Costs,-90196451.0,0.0,-90196451.0,90196451.0,22.318484026869744,3,MANAGEMENT_LINE,DRIVER_IDENTIFIED,MANAGEMENT_LINE
2021,12,2021-12,2021-12-01,Operating Costs,Cost of Goods Sold,-27479192.42,0.0,-27479192.42,27479192.42,6.7995349073884315,4,MANAGEMENT_LINE,DRIVER_IDENTIFIED,MANAGEMENT_LINE
2021,12,2021-12,2021-12-01,Operating Costs,Energy Consumption,1015210.1,0.0,1015210.1,1015210.1,0.25120667331763236,21,MANAGEMENT_LINE,DRIVER_IDENTIFIED,MANAGEMENT_LINE
2021,12,2021-12,2021-12-01,Operating Costs,Inventory Change,-321888.87,0.0,-321888.87,321888.87,0.07964916051433278,22,MANAGEMENT_LINE,DRIVER_IDENTIFIED,MANAGEMENT_LINE
2021,12,2021-12,2021-12-01,Operating Costs,Material Consumption,-6806761.4,0.0,-6806761.4,6806761.4,1.6842857329343648,7,MANAGEMENT_LINE,DRIVER_IDENTIFIED,MANAGEMENT_LINE
2021,12,2021-12,2021-12-01,Operating Costs,Other Operating Costs,-1571950.19,0.0,-1571950.19,1571950.19,0.38896813364142074,18,MANAGEMENT_LINE,DRIVER_IDENTIFIED,MANAGEMENT_LINE
2021,12,2021-12,2021-12-01,Operating Costs,Other Services,-258802.77,0.0,-258802.77,258802.77,0.06403894415263238,23,MANAGEMENT_LINE,DRIVER_IDENTIFIED,MANAGEMENT_LINE
2021,12,2021-12,2021-12-01,Operating Costs,Payroll Costs,-2094675.58,0.0,-2094675.58,2094675.58,0.5183128931947014,14,MANAGEMENT_LINE,DRIVER_IDENTIFIED,MANAGEMENT_LINE
2021,12,2021-12,2021-12-01,Operating Costs,Shortages & Damages,-4934047.86,0.0,-4934047.86,4934047.86,1.2208958016676381,9,MANAGEMENT_LINE,DRIVER_IDENTIFIED,MANAGEMENT_LINE
2021,12,2021-12,2021-12-01,Operating Costs,Social & Health Insurance,-1927299.44,0.0,-1927299.44,1927299.44,0.47689683230036406,16,MANAGEMENT_LINE,DRIVER_IDENTIFIED,MANAGEMENT_LINE
2021,12,2021-12,2021-12-01,Other Operating Income,Other Operating Income,-4199216.8,0.0,-4199216.8,4199216.8,1.039066970341916,12,MANAGEMENT_LINE,DRIVER_IDENTIFIED,MANAGEMENT_LINE
2021,12,2021-12,2021-12-01,Revenue,Sales Revenue,-8402233.719999999,0.0,-8402233.719999999,8402233.719999999,2.079074253928753,6,MANAGEMENT_LINE,DRIVER_IDENTIFIED,MANAGEMENT_LINE
2021,12,2021-12,2021-12-01,Tax,Income Tax,-4868867.36,0.0,-4868867.36,4868867.36,1.204767340603096,10,MANAGEMENT_LINE,DRIVER_IDENTIFIED,MANAGEMENT_LINE
2022,1,2022-01,2022-01-01,Closing Accounts,Closing Balance Sheet Account,155870835.28,0.0,155870835.28,155870835.28,40.04600603777974,1,MANAGEMENT_LINE,DRIVER_IDENTIFIED,MANAGEMENT_LINE
2022,1,2022-01,2022-01-01,Closing Accounts,Opening Balance Sheet Account,-128854061.67,0.0,-128854061.67,128854061.67,33.104913580272324,2,MANAGEMENT_LINE,DRIVER_IDENTIFIED,MANAGEMENT_LINE
2022,1,2022-01,2022-01-01,Closing Accounts,Profit and Loss Account,-27016773.61,0.0,-27016773.61,27016773.61,6.941092457507413,3,MANAGEMENT_LINE,DRIVER_IDENTIFIED,MANAGEMENT_LINE
2022,1,2022-01,2022-01-01,EBITDA Adjustments,Depreciation,-2058954.26,0.0,-2058954.26,2058954.26,0.5289821830963907,13,MANAGEMENT_LINE,DRIVER_IDENTIFIED,MANAGEMENT_LINE
2022,1,2022-01,2022-01-01,EBITDA Adjustments,Provisions,-1116483.85,0.0,-1116483.85,1116483.85,0.2868446744246097,16,MANAGEMENT_LINE,DRIVER_IDENTIFIED,MANAGEMENT_LINE
2022,1,2022-01,2022-01-01,Financial Result,FX Gains,-706104.9,0.0,-706104.9,706104.9,0.18141098068737996,19,MANAGEMENT_LINE,DRIVER_IDENTIFIED,MANAGEMENT_LINE
2022,1,2022-01,2022-01-01,Financial Result,FX Losses,-1379475.44,0.0,-1379475.44,1379475.44,0.3544119186887882,15,MANAGEMENT_LINE,DRIVER_IDENTIFIED,MANAGEMENT_LINE
2022,1,2022-01,2022-01-01,Financial Result,Interest Expense,-1772688.79,0.0,-1772688.79,1772688.79,0.45543546270168206,14,MANAGEMENT_LINE,DRIVER_IDENTIFIED,MANAGEMENT_LINE
2022,1,2022-01,2022-01-01,Financial Result,Interest Income,-7191194.47,0.0,-7191194.47,7191194.47,1.8475465063567231,6,MANAGEMENT_LINE,DRIVER_IDENTIFIED,MANAGEMENT_LINE
2022,1,2022-01,2022-01-01,Financial Result,Other Financial Expenses,-3283657.74,0.0,-3283657.74,3283657.74,0.843630416465182,11,MANAGEMENT_LINE,DRIVER_IDENTIFIED,MANAGEMENT_LINE
2022,1,2022-01,2022-01-01,Non-Core Operating Items,Fixed Asset Disposal Costs,-8859600.0,0.0,-8859600.0,8859600.0,2.2761897339869916,5,MANAGEMENT_LINE,DRIVER_IDENTIFIED,MANAGEMENT_LINE
2022,1,2022-01,2022-01-01,Operating Costs,Cost of Goods Sold,-22885372.75,0.0,-22885372.75,22885372.75,5.879661667797151,4,MANAGEMENT_LINE,DRIVER_IDENTIFIED,MANAGEMENT_LINE
2022,1,2022-01,2022-01-01,Operating Costs,Energy Consumption,-80711.71,0.0,-80711.71,80711.71,0.020736282192710193,23,MANAGEMENT_LINE,DRIVER_IDENTIFIED,MANAGEMENT_LINE
2022,1,2022-01,2022-01-01,Operating Costs,Inventory Change,-291467.64,0.0,-291467.64,291467.64,0.07488325093203037,20,MANAGEMENT_LINE,DRIVER_IDENTIFIED,MANAGEMENT_LINE
2022,1,2022-01,2022-01-01,Operating Costs,Material Consumption,-5789447.2,0.0,-5789447.2,5789447.2,1.4874125561085978,9,MANAGEMENT_LINE,DRIVER_IDENTIFIED,MANAGEMENT_LINE
2022,1,2022-01,2022-01-01,Operating Costs,Other Operating Costs,-946630.87,0.0,-946630.87,946630.87,0.2432064052744113,17,MANAGEMENT_LINE,DRIVER_IDENTIFIED,MANAGEMENT_LINE
2022,1,2022-01,2022-01-01,Operating Costs,Other Services,-38080.58,0.0,-38080.58,38080.58,0.009783582245278607,24,MANAGEMENT_LINE,DRIVER_IDENTIFIED,MANAGEMENT_LINE
2022,1,2022-01,2022-01-01,Operating Costs,Payroll Costs,-810234.86,0.0,-810234.86,810234.86,0.20816383024633026,18,MANAGEMENT_LINE,DRIVER_IDENTIFIED,MANAGEMENT_LINE
2022,1,2022-01,2022-01-01,Operating Costs,Repairs & Maintenance,-277747.71,0.0,-277747.71,277747.71,0.07135835547207506,21,MANAGEMENT_LINE,DRIVER_IDENTIFIED,MANAGEMENT_LINE
2022,1,2022-01,2022-01-01,Operating Costs,Shortages & Damages,-3974372.75,0.0,-3974372.75,3974372.75,1.0210874590938246,10,MANAGEMENT_LINE,DRIVER_IDENTIFIED,MANAGEMENT_LINE
2022,1,2022-01,2022-01-01,Operating Costs,Social & Health Insurance,102141.23,0.0,102141.23,102141.23,0.026241909244526174,22,MANAGEMENT_LINE,DRIVER_IDENTIFIED,MANAGEMENT_LINE
2022,1,2022-01,2022-01-01,Other Operating Income,Other Operating Income,-2581222.8,0.0,-2581222.8,2581222.8,0.663162314155623,12,MANAGEMENT_LINE,DRIVER_IDENTIFIED,MANAGEMENT_LINE
2022,1,2022-01,2022-01-01,Revenue,Sales Revenue,-6739553.95,0.0,-6739553.95,6739553.95,1.7315119771368324,7,MANAGEMENT_LINE,DRIVER_IDENTIFIED,MANAGEMENT_LINE
2022,1,2022-01,2022-01-01,Tax,Income Tax,-6602601.56,0.0,-6602601.56,6602601.56,1.6963264581333803,8,MANAGEMENT_LINE,DRIVER_IDENTIFIED,MANAGEMENT_LINE
2022,2,2022-02,2022-02-01,Closing Accounts,Closing Balance Sheet Account,53460016.84,0.0,53460016.84,53460016.84,29.53232669302081,1,MANAGEMENT_LINE,DRIVER_IDENTIFIED,MANAGEMENT_LINE
2022,2,2022-02,2022-02-01,Closing Accounts,Opening Balance Sheet Account,-266737.4,0.0,-266737.4,266737.4,0.1473507960467558,22,MANAGEMENT_LINE,DRIVER_IDENTIFIED,MANAGEMENT_LINE
2022,2,2022-02,2022-02-01,Closing Accounts,Profit and Loss Account,-53193279.44,0.0,-53193279.44,53193279.44,29.38497589697405,2,MANAGEMENT_LINE,DRIVER_IDENTIFIED,MANAGEMENT_LINE
2022,2,2022-02,2022-02-01,EBITDA Adjustments,Depreciation,-2309864.17,0.0,-2309864.17,2309864.17,1.2760127534023304,13,MANAGEMENT_LINE,DRIVER_IDENTIFIED,MANAGEMENT_LINE
2022,2,2022-02,2022-02-01,EBITDA Adjustments,Provisions,-1748875.4,0.0,-1748875.4,1748875.4,0.9661119227247038,16,MANAGEMENT_LINE,DRIVER_IDENTIFIED,MANAGEMENT_LINE
2022,2,2022-02,2022-02-01,Financial Result,FX Gains,-621337.49,0.0,-621337.49,621337.49,0.343238607578814,18,MANAGEMENT_LINE,DRIVER_IDENTIFIED,MANAGEMENT_LINE
2022,2,2022-02,2022-02-01,Financial Result,FX Losses,-1367803.11,0.0,-1367803.11,1367803.11,0.7556003661043719,17,MANAGEMENT_LINE,DRIVER_IDENTIFIED,MANAGEMENT_LINE
2022,2,2022-02,2022-02-01,Financial Result,Interest Expense,-2718107.64,0.0,-2718107.64,2718107.64,1.5015341849128343,11,MANAGEMENT_LINE,DRIVER_IDENTIFIED,MANAGEMENT_LINE
2022,2,2022-02,2022-02-01,Financial Result,Interest Income,-4312798.77,0.0,-4312798.77,4312798.77,2.3824717941652316,7,MANAGEMENT_LINE,DRIVER_IDENTIFIED,MANAGEMENT_LINE
2022,2,2022-02,2022-02-01,Financial Result,Other Financial Expenses,-3524449.76,0.0,-3524449.76,3524449.76,1.9469728570601548,9,MANAGEMENT_LINE,DRIVER_IDENTIFIED,MANAGEMENT_LINE
2022,2,2022-02,2022-02-01,Non-Core Operating Items,Fixed Asset Disposal Costs,-5604666.0,0.0,-5604666.0,5604666.0,3.0961237407134754,6,MANAGEMENT_LINE,DRIVER_IDENTIFIED,MANAGEMENT_LINE
2022,2,2022-02,2022-02-01,Operating Costs,Cost of Goods Sold,-23192484.91,0.0,-23192484.91,23192484.91,12.811968302123628,3,MANAGEMENT_LINE,DRIVER_IDENTIFIED,MANAGEMENT_LINE
2022,2,2022-02,2022-02-01,Operating Costs,Energy Consumption,-44072.96,0.0,-44072.96,44072.96,0.024346738553111882,24,MANAGEMENT_LINE,DRIVER_IDENTIFIED,MANAGEMENT_LINE
2022,2,2022-02,2022-02-01,Operating Costs,Inventory Change,-301004.84,0.0,-301004.84,301004.84,0.16628077947796732,21,MANAGEMENT_LINE,DRIVER_IDENTIFIED,MANAGEMENT_LINE
2022,2,2022-02,2022-02-01,Operating Costs,Material Consumption,-6464748.98,0.0,-6464748.98,6464748.98,3.5712498826390773,5,MANAGEMENT_LINE,DRIVER_IDENTIFIED,MANAGEMENT_LINE
2022,2,2022-02,2022-02-01,Operating Costs,Other Operating Costs,-1756403.26,0.0,-1756403.26,1756403.26,0.9702704552871736,15,MANAGEMENT_LINE,DRIVER_IDENTIFIED,MANAGEMENT_LINE
2022,2,2022-02,2022-02-01,Operating Costs,Other Services,-481446.8,0.0,-481446.8,481446.8,0.2659603386482856,20,MANAGEMENT_LINE,DRIVER_IDENTIFIED,MANAGEMENT_LINE
2022,2,2022-02,2022-02-01,Operating Costs,Payroll Costs,-1797466.82,0.0,-1797466.82,1797466.82,0.992954744233957,14,MANAGEMENT_LINE,DRIVER_IDENTIFIED,MANAGEMENT_LINE
2022,2,2022-02,2022-02-01,Operating Costs,Repairs & Maintenance,-102025.84,0.0,-102025.84,102025.84,0.05636100802264301,23,MANAGEMENT_LINE,DRIVER_IDENTIFIED,MANAGEMENT_LINE
2022,2,2022-02,2022-02-01,Operating Costs,Shortages & Damages,-3822968.49,0.0,-3822968.49,3822968.49,2.1118802622473036,8,MANAGEMENT_LINE,DRIVER_IDENTIFIED,MANAGEMENT_LINE
2022,2,2022-02,2022-02-01,Operating Costs,Social & Health Insurance,-589196.13,0.0,-589196.13,589196.13,0.32548311104167543,19,MANAGEMENT_LINE,DRIVER_IDENTIFIED,MANAGEMENT_LINE
2022,2,2022-02,2022-02-01,Other Operating Income,Other Operating Income,-2571496.0,0.0,-2571496.0,2571496.0,1.4205431357996603,12,MANAGEMENT_LINE,DRIVER_IDENTIFIED,MANAGEMENT_LINE
2022,2,2022-02,2022-02-01,Revenue,Sales Revenue,-7930526.78,0.0,-7930526.78,7930526.78,4.380973324712301,4,MANAGEMENT_LINE,DRIVER_IDENTIFIED,MANAGEMENT_LINE
2022,2,2022-02,2022-02-01,Tax,Income Tax,-2840250.66,0.0,-2840250.66,2840250.66,1.5690083045096919,10,MANAGEMENT_LINE,DRIVER_IDENTIFIED,MANAGEMENT_LINE
2022,3,2022-03,2022-03-01,Closing Accounts,Closing Balance Sheet Account,176635341.51,0.0,176635341.51,176635341.51,27.17138566553725,2,MANAGEMENT_LINE,DRIVER_IDENTIFIED,MANAGEMENT_LINE
2022,3,2022-03,2022-03-01,Closing Accounts,Opening Balance Sheet Account,-163555581.94,0.0,-163555581.94,163555581.94,25.15935801211971,3,MANAGEMENT_LINE,DRIVER_IDENTIFIED,MANAGEMENT_LINE
2022,3,2022-03,2022-03-01,Closing Accounts,Profit and Loss Account,-13079759.57,0.0,-13079759.57,13079759.57,2.0120276534175434,5,MANAGEMENT_LINE,DRIVER_IDENTIFIED,MANAGEMENT_LINE
2022,3,2022-03,2022-03-01,EBITDA Adjustments,Depreciation,-5237422.3,0.0,-5237422.3,5237422.3,0.8056599545144172,13,MANAGEMENT_LINE,DRIVER_IDENTIFIED,MANAGEMENT_LINE
2022,3,2022-03,2022-03-01,EBITDA Adjustments,Provisions,-1103515.73,0.0,-1103515.73,1103515.73,0.16975114510772674,15,MANAGEMENT_LINE,DRIVER_IDENTIFIED,MANAGEMENT_LINE
2022,3,2022-03,2022-03-01,Financial Result,FX Gains,-1035445.43,0.0,-1035445.43,1035445.43,0.15928005615204283,16,MANAGEMENT_LINE,DRIVER_IDENTIFIED,MANAGEMENT_LINE
2022,3,2022-03,2022-03-01,Financial Result,FX Losses,-333060.16,0.0,-333060.16,333060.16,0.05123383565158847,21,MANAGEMENT_LINE,DRIVER_IDENTIFIED,MANAGEMENT_LINE
2022,3,2022-03,2022-03-01,Financial Result,Interest Expense,-2744552.75,0.0,-2744552.75,2744552.75,0.42218788500736687,14,MANAGEMENT_LINE,DRIVER_IDENTIFIED,MANAGEMENT_LINE
2022,3,2022-03,2022-03-01,Financial Result,Interest Income,-6708594.19,0.0,-6708594.19,6708594.19,1.0319667539451773,8,MANAGEMENT_LINE,DRIVER_IDENTIFIED,MANAGEMENT_LINE
2022,3,2022-03,2022-03-01,Financial Result,Other Financial Expenses,-5917110.09,0.0,-5917110.09,5917110.09,0.9102146767821643,10,MANAGEMENT_LINE,DRIVER_IDENTIFIED,MANAGEMENT_LINE
2022,3,2022-03,2022-03-01,Non-Core Operating Items,Fixed Asset Disposal Costs,-210633650.0,0.0,-210633650.0,210633650.0,32.401262903357186,1,MANAGEMENT_LINE,DRIVER_IDENTIFIED,MANAGEMENT_LINE
2022,3,2022-03,2022-03-01,Operating Costs,Cost of Goods Sold,-26951286.25,0.0,-26951286.25,26951286.25,4.145850918739175,4,MANAGEMENT_LINE,DRIVER_IDENTIFIED,MANAGEMENT_LINE
2022,3,2022-03,2022-03-01,Operating Costs,Energy Consumption,-219969.13,0.0,-219969.13,219969.13,0.033837317122657064,22,MANAGEMENT_LINE,DRIVER_IDENTIFIED,MANAGEMENT_LINE
2022,3,2022-03,2022-03-01,Operating Costs,Inventory Change,-744621.55,0.0,-744621.55,744621.55,0.11454332489160841,18,MANAGEMENT_LINE,DRIVER_IDENTIFIED,MANAGEMENT_LINE
2022,3,2022-03,2022-03-01,Operating Costs,Material Consumption,-7093322.96,0.0,-7093322.96,7093322.96,1.0911486464075413,7,MANAGEMENT_LINE,DRIVER_IDENTIFIED,MANAGEMENT_LINE
2022,3,2022-03,2022-03-01,Operating Costs,Other Services,129343.08,0.0,129343.08,129343.08,0.01989653191600659,23,MANAGEMENT_LINE,DRIVER_IDENTIFIED,MANAGEMENT_LINE
2022,3,2022-03,2022-03-01,Operating Costs,Payroll Costs,-413483.64,0.0,-413483.64,413483.64,0.06360518428977088,19,MANAGEMENT_LINE,DRIVER_IDENTIFIED,MANAGEMENT_LINE
2022,3,2022-03,2022-03-01,Operating Costs,Repairs & Maintenance,350827.41,0.0,350827.41,350827.41,0.0539669285753434,20,MANAGEMENT_LINE,DRIVER_IDENTIFIED,MANAGEMENT_LINE
2022,3,2022-03,2022-03-01,Operating Costs,Shortages & Damages,-5295416.28,0.0,-5295416.28,5295416.28,0.8145810276325636,11,MANAGEMENT_LINE,DRIVER_IDENTIFIED,MANAGEMENT_LINE
2022,3,2022-03,2022-03-01,Operating Costs,Social & Health Insurance,-773903.16,0.0,-773903.16,773903.16,0.11904764385414632,17,MANAGEMENT_LINE,DRIVER_IDENTIFIED,MANAGEMENT_LINE
2022,3,2022-03,2022-03-01,Other Operating Income,Other Operating Income,-6210612.4,0.0,-6210612.4,6210612.4,0.9553634244255378,9,MANAGEMENT_LINE,DRIVER_IDENTIFIED,MANAGEMENT_LINE
2022,3,2022-03,2022-03-01,Revenue,Sales Revenue,-9632863.55,0.0,-9632863.55,9632863.55,1.481800008667735,6,MANAGEMENT_LINE,DRIVER_IDENTIFIED,MANAGEMENT_LINE
2022,3,2022-03,2022-03-01,Tax,Income Tax,-5278835.86,0.0,-5278835.86,5278835.86,0.8120305018857606,12,MANAGEMENT_LINE,DRIVER_IDENTIFIED,MANAGEMENT_LINE
2022,4,2022-04,2022-04-01,Closing Accounts,Closing Balance Sheet Account,282077938.2,0.0,282077938.2,282077938.2,38.14283220822007,1,MANAGEMENT_LINE,DRIVER_IDENTIFIED,MANAGEMENT_LINE
2022,4,2022-04,2022-04-01,Closing Accounts,Opening Balance Sheet Account,-250655673.76,0.0,-250655673.76,250655673.76,33.893885382440835,2,MANAGEMENT_LINE,DRIVER_IDENTIFIED,MANAGEMENT_LINE
2022,4,2022-04,2022-04-01,Closing Accounts,Profit and Loss Account,-31422264.44,0.0,-31422264.44,31422264.44,4.248946825779231,4,MANAGEMENT_LINE,DRIVER_IDENTIFIED,MANAGEMENT_LINE
2022,4,2022-04,2022-04-01,EBITDA Adjustments,Depreciation,-2252507.61,0.0,-2252507.61,2252507.61,0.30458610256521224,14,MANAGEMENT_LINE,DRIVER_IDENTIFIED,MANAGEMENT_LINE
2022,4,2022-04,2022-04-01,EBITDA Adjustments,Provisions,-1278824.53,0.0,-1278824.53,1278824.53,0.17292380177907118,17,MANAGEMENT_LINE,DRIVER_IDENTIFIED,MANAGEMENT_LINE
2022,4,2022-04,2022-04-01,Financial Result,FX Gains,-887275.02,0.0,-887275.02,887275.02,0.11997812528822967,18,MANAGEMENT_LINE,DRIVER_IDENTIFIED,MANAGEMENT_LINE
2022,4,2022-04,2022-04-01,Financial Result,FX Losses,-2007432.61,0.0,-2007432.61,2007432.61,0.2714468409019989,15,MANAGEMENT_LINE,DRIVER_IDENTIFIED,MANAGEMENT_LINE
2022,4,2022-04,2022-04-01,Financial Result,Interest Expense,-2366838.56,0.0,-2366838.56,2366838.56,0.32004603633346185,13,MANAGEMENT_LINE,DRIVER_IDENTIFIED,MANAGEMENT_LINE
2022,4,2022-04,2022-04-01,Financial Result,Interest Income,-5044751.35,0.0,-5044751.35,5044751.35,0.6821558095011688,10,MANAGEMENT_LINE,DRIVER_IDENTIFIED,MANAGEMENT_LINE
2022,4,2022-04,2022-04-01,Financial Result,Other Financial Expenses,-3145024.12,0.0,-3145024.12,3145024.12,0.4252729868399363,12,MANAGEMENT_LINE,DRIVER_IDENTIFIED,MANAGEMENT_LINE
2022,4,2022-04,2022-04-01,Non-Core Operating Items,Fixed Asset Disposal Costs,-98530357.0,0.0,-98530357.0,98530357.0,13.32336338832124,3,MANAGEMENT_LINE,DRIVER_IDENTIFIED,MANAGEMENT_LINE
2022,4,2022-04,2022-04-01,Operating Costs,Cost of Goods Sold,-25196027.02,0.0,-25196027.02,25196027.02,3.4070294085042314,5,MANAGEMENT_LINE,DRIVER_IDENTIFIED,MANAGEMENT_LINE
2022,4,2022-04,2022-04-01,Operating Costs,Energy Consumption,881543.04,0.0,881543.04,881543.04,0.11920304180330339,19,MANAGEMENT_LINE,DRIVER_IDENTIFIED,MANAGEMENT_LINE
2022,4,2022-04,2022-04-01,Operating Costs,Inventory Change,-144798.53,0.0,-144798.53,144798.53,0.019579787306410905,24,MANAGEMENT_LINE,DRIVER_IDENTIFIED,MANAGEMENT_LINE
2022,4,2022-04,2022-04-01,Operating Costs,Material Consumption,-7478231.8,0.0,-7478231.8,7478231.8,1.0112132220681962,7,MANAGEMENT_LINE,DRIVER_IDENTIFIED,MANAGEMENT_LINE
2022,4,2022-04,2022-04-01,Operating Costs,Other Operating Costs,-524328.64,0.0,-524328.64,524328.64,0.07090018973162016,21,MANAGEMENT_LINE,DRIVER_IDENTIFIED,MANAGEMENT_LINE
2022,4,2022-04,2022-04-01,Operating Costs,Other Services,199091.79,0.0,199091.79,199091.79,0.02692137069798033,23,MANAGEMENT_LINE,DRIVER_IDENTIFIED,MANAGEMENT_LINE
2022,4,2022-04,2022-04-01,Operating Costs,Payroll Costs,-1310860.33,0.0,-1310860.33,1310860.33,0.17725571143444352,16,MANAGEMENT_LINE,DRIVER_IDENTIFIED,MANAGEMENT_LINE
2022,4,2022-04,2022-04-01,Operating Costs,Repairs & Maintenance,219880.64,0.0,219880.64,219880.64,0.02973245767065112,22,MANAGEMENT_LINE,DRIVER_IDENTIFIED,MANAGEMENT_LINE
2022,4,2022-04,2022-04-01,Operating Costs,Shortages & Damages,-5503084.63,0.0,-5503084.63,5503084.63,0.7441320473666339,8,MANAGEMENT_LINE,DRIVER_IDENTIFIED,MANAGEMENT_LINE
2022,4,2022-04,2022-04-01,Operating Costs,Social & Health Insurance,-531681.75,0.0,-531681.75,531681.75,0.07189448387148914,20,MANAGEMENT_LINE,DRIVER_IDENTIFIED,MANAGEMENT_LINE
2022,4,2022-04,2022-04-01,Other Operating Income,Other Operating Income,-4278282.4,0.0,-4278282.4,4278282.4,0.5785131895245151,11,MANAGEMENT_LINE,DRIVER_IDENTIFIED,MANAGEMENT_LINE
2022,4,2022-04,2022-04-01,Revenue,Sales Revenue,-8326267.13,0.0,-8326267.13,8326267.13,1.1258853212236364,6,MANAGEMENT_LINE,DRIVER_IDENTIFIED,MANAGEMENT_LINE
2022,4,2022-04,2022-04-01,Tax,Income Tax,-5267693.6,0.0,-5267693.6,5267693.6,0.7123022608264182,9,MANAGEMENT_LINE,DRIVER_IDENTIFIED,MANAGEMENT_LINE
2022,5,2022-05,2022-05-01,Closing Accounts,Closing Balance Sheet Account,260525908.23,0.0,260525908.23,260525908.23,41.79421569805895,1,MANAGEMENT_LINE,DRIVER_IDENTIFIED,MANAGEMENT_LINE
2022,5,2022-05,2022-05-01,Closing Accounts,Opening Balance Sheet Account,-233006038.67,0.0,-233006038.67,233006038.67,37.37940961528856,2,MANAGEMENT_LINE,DRIVER_IDENTIFIED,MANAGEMENT_LINE
2022,5,2022-05,2022-05-01,Closing Accounts,Profit and Loss Account,-27519869.56,0.0,-27519869.56,27519869.56,4.414806082770399,3,MANAGEMENT_LINE,DRIVER_IDENTIFIED,MANAGEMENT_LINE
2022,5,2022-05,2022-05-01,EBITDA Adjustments,Depreciation,-2258709.09,0.0,-2258709.09,2258709.09,0.36234774325510255,14,MANAGEMENT_LINE,DRIVER_IDENTIFIED,MANAGEMENT_LINE
2022,5,2022-05,2022-05-01,EBITDA Adjustments,Provisions,-974037.63,0.0,-974037.63,974037.63,0.1562575449129877,18,MANAGEMENT_LINE,DRIVER_IDENTIFIED,MANAGEMENT_LINE
2022,5,2022-05,2022-05-01,Financial Result,FX Gains,-712881.0,0.0,-712881.0,712881.0,0.11436214725617488,19,MANAGEMENT_LINE,DRIVER_IDENTIFIED,MANAGEMENT_LINE
2022,5,2022-05,2022-05-01,Financial Result,FX Losses,-1629338.81,0.0,-1629338.81,1629338.81,0.2613825938963456,15,MANAGEMENT_LINE,DRIVER_IDENTIFIED,MANAGEMENT_LINE
2022,5,2022-05,2022-05-01,Financial Result,Interest Expense,-3057813.83,0.0,-3057813.83,3057813.83,0.49054211784074503,13,MANAGEMENT_LINE,DRIVER_IDENTIFIED,MANAGEMENT_LINE
2022,5,2022-05,2022-05-01,Financial Result,Interest Income,-5529500.99,0.0,-5529500.99,5529500.99,0.8870563340466991,10,MANAGEMENT_LINE,DRIVER_IDENTIFIED,MANAGEMENT_LINE
2022,5,2022-05,2022-05-01,Financial Result,Other Financial Expenses,-6252435.54,0.0,-6252435.54,6252435.54,1.0030312968577104,9,MANAGEMENT_LINE,DRIVER_IDENTIFIED,MANAGEMENT_LINE
2022,5,2022-05,2022-05-01,Non-Core Operating Items,Fixed Asset Disposal Costs,-10540319.0,0.0,-10540319.0,10540319.0,1.6909042513477819,6,MANAGEMENT_LINE,DRIVER_IDENTIFIED,MANAGEMENT_LINE
2022,5,2022-05,2022-05-01,Operating Costs,Cost of Goods Sold,-25290555.2,0.0,-25290555.2,25290555.2,4.057173915383942,4,MANAGEMENT_LINE,DRIVER_IDENTIFIED,MANAGEMENT_LINE
2022,5,2022-05,2022-05-01,Operating Costs,Energy Consumption,-107388.81,0.0,-107388.81,107388.81,0.017227580624094886,22,MANAGEMENT_LINE,DRIVER_IDENTIFIED,MANAGEMENT_LINE
2022,5,2022-05,2022-05-01,Operating Costs,Inventory Change,-183553.48,0.0,-183553.48,183553.48,0.029446106866564483,21,MANAGEMENT_LINE,DRIVER_IDENTIFIED,MANAGEMENT_LINE
2022,5,2022-05,2022-05-01,Operating Costs,Material Consumption,-6939300.19,0.0,-6939300.19,6939300.19,1.1132198363872545,8,MANAGEMENT_LINE,DRIVER_IDENTIFIED,MANAGEMENT_LINE
2022,5,2022-05,2022-05-01,Operating Costs,Other Operating Costs,-1462839.4,0.0,-1462839.4,1462839.4,0.234672343455548,16,MANAGEMENT_LINE,DRIVER_IDENTIFIED,MANAGEMENT_LINE
2022,5,2022-05,2022-05-01,Operating Costs,Payroll Costs,-1081592.83,0.0,-1081592.83,1081592.83,0.17351181823569845,17,MANAGEMENT_LINE,DRIVER_IDENTIFIED,MANAGEMENT_LINE
2022,5,2022-05,2022-05-01,Operating Costs,Repairs & Maintenance,74556.33,0.0,74556.33,74556.33,0.011960512330024183,23,MANAGEMENT_LINE,DRIVER_IDENTIFIED,MANAGEMENT_LINE
2022,5,2022-05,2022-05-01,Operating Costs,Shortages & Damages,-4433284.52,0.0,-4433284.52,4433284.52,0.7111985550249769,11,MANAGEMENT_LINE,DRIVER_IDENTIFIED,MANAGEMENT_LINE
2022,5,2022-05,2022-05-01,Operating Costs,Social & Health Insurance,-454733.09,0.0,-454733.09,454733.09,0.07294941596260165,20,MANAGEMENT_LINE,DRIVER_IDENTIFIED,MANAGEMENT_LINE
2022,5,2022-05,2022-05-01,Other Operating Income,Other Operating Income,-18507476.8,0.0,-18507476.8,18507476.8,2.969015568014634,5,MANAGEMENT_LINE,DRIVER_IDENTIFIED,MANAGEMENT_LINE
2022,5,2022-05,2022-05-01,Revenue,Sales Revenue,-8852259.05,0.0,-8852259.05,8852259.05,1.4201014657788704,7,MANAGEMENT_LINE,DRIVER_IDENTIFIED,MANAGEMENT_LINE
2022,5,2022-05,2022-05-01,Tax,Income Tax,-3959590.98,0.0,-3959590.98,3959590.98,0.6352074564043394,12,MANAGEMENT_LINE,DRIVER_IDENTIFIED,MANAGEMENT_LINE
2022,6,2022-06,2022-06-01,Closing Accounts,Closing Balance Sheet Account,94564215.87,0.0,94564215.87,94564215.87,21.671907337426212,2,MANAGEMENT_LINE,DRIVER_IDENTIFIED,MANAGEMENT_LINE
2022,6,2022-06,2022-06-01,Closing Accounts,Opening Balance Sheet Account,-82463012.5,0.0,-82463012.5,82463012.5,18.898594454818262,3,MANAGEMENT_LINE,DRIVER_IDENTIFIED,MANAGEMENT_LINE
2022,6,2022-06,2022-06-01,Closing Accounts,Profit and Loss Account,-12101203.37,0.0,-12101203.37,12101203.37,2.7733128826079456,5,MANAGEMENT_LINE,DRIVER_IDENTIFIED,MANAGEMENT_LINE
2022,6,2022-06,2022-06-01,EBITDA Adjustments,Depreciation,-1347664.83,0.0,-1347664.83,1347664.83,0.3088532702245337,17,MANAGEMENT_LINE,DRIVER_IDENTIFIED,MANAGEMENT_LINE
2022,6,2022-06,2022-06-01,EBITDA Adjustments,Provisions,-1529849.9100000001,0.0,-1529849.9100000001,1529849.9100000001,0.3506058310182425,16,MANAGEMENT_LINE,DRIVER_IDENTIFIED,MANAGEMENT_LINE
2022,6,2022-06,2022-06-01,Financial Result,FX Gains,-2100242.07,0.0,-2100242.07,2100242.07,0.4813263781489674,14,MANAGEMENT_LINE,DRIVER_IDENTIFIED,MANAGEMENT_LINE
2022,6,2022-06,2022-06-01,Financial Result,FX Losses,-870160.84,0.0,-870160.84,870160.84,0.19942051990429044,19,MANAGEMENT_LINE,DRIVER_IDENTIFIED,MANAGEMENT_LINE
2022,6,2022-06,2022-06-01,Financial Result,Interest Expense,-2185369.26,0.0,-2185369.26,2185369.26,0.5008355397975096,13,MANAGEMENT_LINE,DRIVER_IDENTIFIED,MANAGEMENT_LINE
2022,6,2022-06,2022-06-01,Financial Result,Interest Income,-6978205.22,0.0,-6978205.22,6978205.22,1.5992414838746745,7,MANAGEMENT_LINE,DRIVER_IDENTIFIED,MANAGEMENT_LINE
2022,6,2022-06,2022-06-01,Financial Result,Other Financial Expenses,-5316984.01,0.0,-5316984.01,5316984.01,1.218528422397173,12,MANAGEMENT_LINE,DRIVER_IDENTIFIED,MANAGEMENT_LINE
2022,6,2022-06,2022-06-01,Non-Core Operating Items,Fixed Asset Disposal Costs,-167666902.0,0.0,-167666902.0,167666902.0,38.425333835503004,1,MANAGEMENT_LINE,DRIVER_IDENTIFIED,MANAGEMENT_LINE
2022,6,2022-06,2022-06-01,Operating Costs,Cost of Goods Sold,-23776793.01,0.0,-23776793.01,23776793.01,5.44908504927767,4,MANAGEMENT_LINE,DRIVER_IDENTIFIED,MANAGEMENT_LINE
2022,6,2022-06,2022-06-01,Operating Costs,Energy Consumption,-1778196.6,0.0,-1778196.6,1778196.6,0.40752108594549213,15,MANAGEMENT_LINE,DRIVER_IDENTIFIED,MANAGEMENT_LINE
2022,6,2022-06,2022-06-01,Operating Costs,Material Consumption,-5684580.39,0.0,-5684580.39,5684580.39,1.3027729181785912,10,MANAGEMENT_LINE,DRIVER_IDENTIFIED,MANAGEMENT_LINE
2022,6,2022-06,2022-06-01,Operating Costs,Other Operating Costs,-569787.9,0.0,-569787.9,569787.9,0.1305820648665066,20,MANAGEMENT_LINE,DRIVER_IDENTIFIED,MANAGEMENT_LINE
2022,6,2022-06,2022-06-01,Operating Costs,Other Services,244546.05,0.0,244546.05,244546.05,0.056044237099362695,22,MANAGEMENT_LINE,DRIVER_IDENTIFIED,MANAGEMENT_LINE
2022,6,2022-06,2022-06-01,Operating Costs,Payroll Costs,-1060224.65,0.0,-1060224.65,1060224.65,0.2429787014069081,18,MANAGEMENT_LINE,DRIVER_IDENTIFIED,MANAGEMENT_LINE
2022,6,2022-06,2022-06-01,Operating Costs,Shortages & Damages,-5686313.81,0.0,-5686313.81,5686313.81,1.3031701775147069,9,MANAGEMENT_LINE,DRIVER_IDENTIFIED,MANAGEMENT_LINE
2022,6,2022-06,2022-06-01,Operating Costs,Social & Health Insurance,-533301.58,0.0,-533301.58,533301.58,0.12222025338370723,21,MANAGEMENT_LINE,DRIVER_IDENTIFIED,MANAGEMENT_LINE
2022,6,2022-06,2022-06-01,Other Operating Income,Other Operating Income,-6185940.0,0.0,-6185940.0,6185940.0,1.417672818851221,8,MANAGEMENT_LINE,DRIVER_IDENTIFIED,MANAGEMENT_LINE
2022,6,2022-06,2022-06-01,Revenue,Sales Revenue,-8053369.059999999,0.0,-8053369.059999999,8053369.059999999,1.8456438983468004,6,MANAGEMENT_LINE,DRIVER_IDENTIFIED,MANAGEMENT_LINE
2022,6,2022-06,2022-06-01,Tax,Income Tax,-5647822.37,0.0,-5647822.37,5647822.37,1.29434883940822,11,MANAGEMENT_LINE,DRIVER_IDENTIFIED,MANAGEMENT_LINE
2022,7,2022-07,2022-07-01,Closing Accounts,Closing Balance Sheet Account,193301963.45,0.0,193301963.45,193301963.45,31.152002971478833,1,MANAGEMENT_LINE,DRIVER_IDENTIFIED,MANAGEMENT_LINE
2022,7,2022-07,2022-07-01,Closing Accounts,Opening Balance Sheet Account,-173551845.68,0.0,-173551845.68,173551845.68,27.969129313719844,2,MANAGEMENT_LINE,DRIVER_IDENTIFIED,MANAGEMENT_LINE
2022,7,2022-07,2022-07-01,Closing Accounts,Profit and Loss Account,-19750117.77,0.0,-19750117.77,19750117.77,3.1828736577589947,6,MANAGEMENT_LINE,DRIVER_IDENTIFIED,MANAGEMENT_LINE
2022,7,2022-07,2022-07-01,EBITDA Adjustments,Depreciation,-972241.52,0.0,-972241.52,972241.52,0.1566837200175118,17,MANAGEMENT_LINE,DRIVER_IDENTIFIED,MANAGEMENT_LINE
2022,7,2022-07,2022-07-01,EBITDA Adjustments,Provisions,-1740011.27,0.0,-1740011.27,1740011.27,0.2804153423276915,15,MANAGEMENT_LINE,DRIVER_IDENTIFIED,MANAGEMENT_LINE
2022,7,2022-07,2022-07-01,Financial Result,FX Gains,-991891.53,0.0,-991891.53,991891.53,0.15985046058746946,16,MANAGEMENT_LINE,DRIVER_IDENTIFIED,MANAGEMENT_LINE
2022,7,2022-07,2022-07-01,Financial Result,FX Losses,-742820.73,0.0,-742820.73,742820.73,0.11971090813167877,19,MANAGEMENT_LINE,DRIVER_IDENTIFIED,MANAGEMENT_LINE
2022,7,2022-07,2022-07-01,Financial Result,Interest Expense,-2097694.66,0.0,-2097694.66,2097694.66,0.3380585955531601,13,MANAGEMENT_LINE,DRIVER_IDENTIFIED,MANAGEMENT_LINE
2022,7,2022-07,2022-07-01,Financial Result,Interest Income,-5307039.27,0.0,-5307039.27,5307039.27,0.8552675832056834,11,MANAGEMENT_LINE,DRIVER_IDENTIFIED,MANAGEMENT_LINE
2022,7,2022-07,2022-07-01,Financial Result,Other Financial Expenses,-3964560.18,0.0,-3964560.18,3964560.18,0.6389174134794163,12,MANAGEMENT_LINE,DRIVER_IDENTIFIED,MANAGEMENT_LINE
2022,7,2022-07,2022-07-01,Non-Core Operating Items,Fixed Asset Disposal Costs,-50021670.0,0.0,-50021670.0,50021670.0,8.061352221501885,4,MANAGEMENT_LINE,DRIVER_IDENTIFIED,MANAGEMENT_LINE
2022,7,2022-07,2022-07-01,Operating Costs,Cost of Goods Sold,-23791526.06,0.0,-23791526.06,23791526.06,3.834175697386772,5,MANAGEMENT_LINE,DRIVER_IDENTIFIED,MANAGEMENT_LINE
2022,7,2022-07,2022-07-01,Operating Costs,Energy Consumption,-326148.2,0.0,-326148.2,326148.2,0.052561130338288214,22,MANAGEMENT_LINE,DRIVER_IDENTIFIED,MANAGEMENT_LINE
2022,7,2022-07,2022-07-01,Operating Costs,Material Consumption,-6662357.71,0.0,-6662357.71,6662357.71,1.0736869066136479,9,MANAGEMENT_LINE,DRIVER_IDENTIFIED,MANAGEMENT_LINE
2022,7,2022-07,2022-07-01,Operating Costs,Other Operating Costs,-801715.98,0.0,-801715.98,801715.98,0.12920230165019603,18,MANAGEMENT_LINE,DRIVER_IDENTIFIED,MANAGEMENT_LINE
2022,7,2022-07,2022-07-01,Operating Costs,Other Services,16747.02,0.0,16747.02,16747.02,0.0026989028331228545,23,MANAGEMENT_LINE,DRIVER_IDENTIFIED,MANAGEMENT_LINE
2022,7,2022-07,2022-07-01,Operating Costs,Payroll Costs,-1755563.41,0.0,-1755563.41,1755563.41,0.28292168164699266,14,MANAGEMENT_LINE,DRIVER_IDENTIFIED,MANAGEMENT_LINE
2022,7,2022-07,2022-07-01,Operating Costs,Repairs & Maintenance,427429.59,0.0,427429.59,427429.59,0.06888335545139017,21,MANAGEMENT_LINE,DRIVER_IDENTIFIED,MANAGEMENT_LINE
2022,7,2022-07,2022-07-01,Operating Costs,Shortages & Damages,-5436747.06,0.0,-5436747.06,5436747.06,0.8761709273175973,10,MANAGEMENT_LINE,DRIVER_IDENTIFIED,MANAGEMENT_LINE
2022,7,2022-07,2022-07-01,Operating Costs,Social & Health Insurance,-480929.65,0.0,-480929.65,480929.65,0.07750527526197394,20,MANAGEMENT_LINE,DRIVER_IDENTIFIED,MANAGEMENT_LINE
2022,7,2022-07,2022-07-01,Other Operating Income,Other Operating Income,-107199837.2,0.0,-107199837.2,107199837.2,17.276025485691708,3,MANAGEMENT_LINE,DRIVER_IDENTIFIED,MANAGEMENT_LINE
2022,7,2022-07,2022-07-01,Revenue,Sales Revenue,-9304011.06,0.0,-9304011.06,9304011.06,1.49940836096454,8,MANAGEMENT_LINE,DRIVER_IDENTIFIED,MANAGEMENT_LINE
2022,7,2022-07,2022-07-01,Tax,Income Tax,-11867281.14,0.0,-11867281.14,11867281.14,1.9124977870816073,7,MANAGEMENT_LINE,DRIVER_IDENTIFIED,MANAGEMENT_LINE
2022,8,2022-08,2022-08-01,Closing Accounts,Closing Balance Sheet Account,129830424.01,0.0,129830424.01,129830424.01,19.45007870158608,2,MANAGEMENT_LINE,DRIVER_IDENTIFIED,MANAGEMENT_LINE
2022,8,2022-08,2022-08-01,Closing Accounts,Opening Balance Sheet Account,-104748371.03,0.0,-104748371.03,104748371.03,15.692501013780207,3,MANAGEMENT_LINE,DRIVER_IDENTIFIED,MANAGEMENT_LINE
2022,8,2022-08,2022-08-01,Closing Accounts,Profit and Loss Account,-25082052.98,0.0,-25082052.98,25082052.98,3.757577687805871,5,MANAGEMENT_LINE,DRIVER_IDENTIFIED,MANAGEMENT_LINE
2022,8,2022-08,2022-08-01,EBITDA Adjustments,Depreciation,-23928307.85,0.0,-23928307.85,23928307.85,3.5847335047017386,6,MANAGEMENT_LINE,DRIVER_IDENTIFIED,MANAGEMENT_LINE
2022,8,2022-08,2022-08-01,EBITDA Adjustments,Provisions,-787395.14,0.0,-787395.14,787395.14,0.11796077505736853,18,MANAGEMENT_LINE,DRIVER_IDENTIFIED,MANAGEMENT_LINE
2022,8,2022-08,2022-08-01,Financial Result,FX Gains,-1713379.06,0.0,-1713379.06,1713379.06,0.25668373046430737,16,MANAGEMENT_LINE,DRIVER_IDENTIFIED,MANAGEMENT_LINE
2022,8,2022-08,2022-08-01,Financial Result,FX Losses,-2102384.55,0.0,-2102384.55,2102384.55,0.31496119087887303,15,MANAGEMENT_LINE,DRIVER_IDENTIFIED,MANAGEMENT_LINE
2022,8,2022-08,2022-08-01,Financial Result,Interest Expense,-3721603.86,0.0,-3721603.86,3721603.86,0.5575387165611594,14,MANAGEMENT_LINE,DRIVER_IDENTIFIED,MANAGEMENT_LINE
2022,8,2022-08,2022-08-01,Financial Result,Interest Income,-5183491.19,0.0,-5183491.19,5183491.19,0.7765461166999857,12,MANAGEMENT_LINE,DRIVER_IDENTIFIED,MANAGEMENT_LINE
2022,8,2022-08,2022-08-01,Financial Result,Other Financial Expenses,-5550686.21,0.0,-5550686.21,5550686.21,0.8315561198813692,11,MANAGEMENT_LINE,DRIVER_IDENTIFIED,MANAGEMENT_LINE
2022,8,2022-08,2022-08-01,Non-Core Operating Items,Fixed Asset Disposal Costs,-282647910.0,0.0,-282647910.0,282647910.0,42.343881538239295,1,MANAGEMENT_LINE,DRIVER_IDENTIFIED,MANAGEMENT_LINE
2022,8,2022-08,2022-08-01,Operating Costs,Cost of Goods Sold,-27803070.7,0.0,-27803070.7,27803070.7,4.165217185296335,4,MANAGEMENT_LINE,DRIVER_IDENTIFIED,MANAGEMENT_LINE
2022,8,2022-08,2022-08-01,Operating Costs,Energy Consumption,113190.23,0.0,113190.23,113190.23,0.016957187797376812,23,MANAGEMENT_LINE,DRIVER_IDENTIFIED,MANAGEMENT_LINE
2022,8,2022-08,2022-08-01,Operating Costs,Inventory Change,-196680.58,0.0,-196680.58,196680.58,0.02946499473635661,21,MANAGEMENT_LINE,DRIVER_IDENTIFIED,MANAGEMENT_LINE
2022,8,2022-08,2022-08-01,Operating Costs,Material Consumption,-6826846.9,0.0,-6826846.9,6826846.9,1.0227395504650862,10,MANAGEMENT_LINE,DRIVER_IDENTIFIED,MANAGEMENT_LINE
2022,8,2022-08,2022-08-01,Operating Costs,Other Operating Costs,-221127.77,0.0,-221127.77,221127.77,0.03312746270685329,20,MANAGEMENT_LINE,DRIVER_IDENTIFIED,MANAGEMENT_LINE
2022,8,2022-08,2022-08-01,Operating Costs,Other Services,79408.64,0.0,79408.64,79408.64,0.011896320214335532,24,MANAGEMENT_LINE,DRIVER_IDENTIFIED,MANAGEMENT_LINE
2022,8,2022-08,2022-08-01,Operating Costs,Payroll Costs,-918122.1,0.0,-918122.1,918122.1,0.13754516507848755,17,MANAGEMENT_LINE,DRIVER_IDENTIFIED,MANAGEMENT_LINE
2022,8,2022-08,2022-08-01,Operating Costs,Repairs & Maintenance,699421.18,0.0,699421.18,699421.18,0.10478127218862346,19,MANAGEMENT_LINE,DRIVER_IDENTIFIED,MANAGEMENT_LINE
2022,8,2022-08,2022-08-01,Operating Costs,Shortages & Damages,-4079885.73,0.0,-4079885.73,4079885.73,0.611213428185876,13,MANAGEMENT_LINE,DRIVER_IDENTIFIED,MANAGEMENT_LINE
2022,8,2022-08,2022-08-01,Operating Costs,Social & Health Insurance,-131942.39,0.0,-131942.39,131942.39,0.019766475301487882,22,MANAGEMENT_LINE,DRIVER_IDENTIFIED,MANAGEMENT_LINE
2022,8,2022-08,2022-08-01,Other Operating Income,Other Operating Income,-23707656.4,0.0,-23707656.4,23707656.4,3.551677400165034,7,MANAGEMENT_LINE,DRIVER_IDENTIFIED,MANAGEMENT_LINE
2022,8,2022-08,2022-08-01,Revenue,Sales Revenue,-9316910.21,0.0,-9316910.21,9316910.21,1.3957794424683778,8,MANAGEMENT_LINE,DRIVER_IDENTIFIED,MANAGEMENT_LINE
2022,8,2022-08,2022-08-01,Tax,Income Tax,-8115637.06,0.0,-8115637.06,8115637.06,1.2158150197395219,9,MANAGEMENT_LINE,DRIVER_IDENTIFIED,MANAGEMENT_LINE
2022,9,2022-09,2022-09-01,Closing Accounts,Closing Balance Sheet Account,67410308.21,0.0,67410308.21,67410308.21,29.01360407582717,1,MANAGEMENT_LINE,DRIVER_IDENTIFIED,MANAGEMENT_LINE
2022,9,2022-09,2022-09-01,Closing Accounts,Opening Balance Sheet Account,-50767151.85,0.0,-50767151.85,50767151.85,21.8503383673121,2,MANAGEMENT_LINE,DRIVER_IDENTIFIED,MANAGEMENT_LINE
2022,9,2022-09,2022-09-01,Closing Accounts,Profit and Loss Account,-16643156.36,0.0,-16643156.36,16643156.36,7.163265708515071,4,MANAGEMENT_LINE,DRIVER_IDENTIFIED,MANAGEMENT_LINE
2022,9,2022-09,2022-09-01,EBITDA Adjustments,Depreciation,-13632896.77,0.0,-13632896.77,13632896.77,5.867640718377945,5,MANAGEMENT_LINE,DRIVER_IDENTIFIED,MANAGEMENT_LINE
2022,9,2022-09,2022-09-01,EBITDA Adjustments,Provisions,-686150.77,0.0,-686150.77,686150.77,0.295321402701297,19,MANAGEMENT_LINE,DRIVER_IDENTIFIED,MANAGEMENT_LINE
2022,9,2022-09,2022-09-01,Financial Result,FX Gains,-1246934.6,0.0,-1246934.6,1246934.6,0.5366844886711716,17,MANAGEMENT_LINE,DRIVER_IDENTIFIED,MANAGEMENT_LINE
2022,9,2022-09,2022-09-01,Financial Result,FX Losses,-1544309.89,0.0,-1544309.89,1544309.89,0.6646757285141363,15,MANAGEMENT_LINE,DRIVER_IDENTIFIED,MANAGEMENT_LINE
2022,9,2022-09,2022-09-01,Financial Result,Interest Expense,-6622503.68,0.0,-6622503.68,6622503.68,2.85034596138703,8,MANAGEMENT_LINE,DRIVER_IDENTIFIED,MANAGEMENT_LINE
2022,9,2022-09,2022-09-01,Financial Result,Interest Income,-3370077.85,0.0,-3370077.85,3370077.85,1.4504918764057804,11,MANAGEMENT_LINE,DRIVER_IDENTIFIED,MANAGEMENT_LINE
2022,9,2022-09,2022-09-01,Financial Result,Other Financial Expenses,-2725869.42,0.0,-2725869.42,2725869.42,1.1732225858975145,12,MANAGEMENT_LINE,DRIVER_IDENTIFIED,MANAGEMENT_LINE
2022,9,2022-09,2022-09-01,Non-Core Operating Items,Fixed Asset Disposal Costs,-13070293.0,0.0,-13070293.0,13070293.0,5.625494324632096,6,MANAGEMENT_LINE,DRIVER_IDENTIFIED,MANAGEMENT_LINE
2022,9,2022-09,2022-09-01,Operating Costs,Cost of Goods Sold,-28020760.06,0.0,-28020760.06,28020760.06,12.06022135000399,3,MANAGEMENT_LINE,DRIVER_IDENTIFIED,MANAGEMENT_LINE
2022,9,2022-09,2022-09-01,Operating Costs,Material Consumption,-6282031.24,0.0,-6282031.24,6282031.24,2.7038055755736714,9,MANAGEMENT_LINE,DRIVER_IDENTIFIED,MANAGEMENT_LINE
2022,9,2022-09,2022-09-01,Operating Costs,Other Operating Costs,-1120613.8,0.0,-1120613.8,1120613.8,0.4823156276607117,18,MANAGEMENT_LINE,DRIVER_IDENTIFIED,MANAGEMENT_LINE
2022,9,2022-09,2022-09-01,Operating Costs,Payroll Costs,-1293744.51,0.0,-1293744.51,1293744.51,0.5568316179697679,16,MANAGEMENT_LINE,DRIVER_IDENTIFIED,MANAGEMENT_LINE
2022,9,2022-09,2022-09-01,Operating Costs,Repairs & Maintenance,306213.49,0.0,306213.49,306213.49,0.1317952283182012,21,MANAGEMENT_LINE,DRIVER_IDENTIFIED,MANAGEMENT_LINE
2022,9,2022-09,2022-09-01,Operating Costs,Shortages & Damages,-4403992.38,0.0,-4403992.38,4403992.38,1.895491871483906,10,MANAGEMENT_LINE,DRIVER_IDENTIFIED,MANAGEMENT_LINE
2022,9,2022-09,2022-09-01,Operating Costs,Social & Health Insurance,-415501.19,0.0,-415501.19,415501.19,0.1788329906776292,20,MANAGEMENT_LINE,DRIVER_IDENTIFIED,MANAGEMENT_LINE
2022,9,2022-09,2022-09-01,Other Operating Income,Other Operating Income,-2488691.6,0.0,-2488691.6,2488691.6,1.0711405223708121,13,MANAGEMENT_LINE,DRIVER_IDENTIFIED,MANAGEMENT_LINE
2022,9,2022-09,2022-09-01,Revenue,Sales Revenue,-8226871.5,0.0,-8226871.5,8226871.5,3.5408708077720625,7,MANAGEMENT_LINE,DRIVER_IDENTIFIED,MANAGEMENT_LINE
2022,9,2022-09,2022-09-01,Tax,Income Tax,-2062274.22,0.0,-2062274.22,2062274.22,0.8876091699279489,14,MANAGEMENT_LINE,DRIVER_IDENTIFIED,MANAGEMENT_LINE
2022,10,2022-10,2022-10-01,Closing Accounts,Closing Balance Sheet Account,319281592.45,0.0,319281592.45,319281592.45,41.60060661646766,1,MANAGEMENT_LINE,DRIVER_IDENTIFIED,MANAGEMENT_LINE
2022,10,2022-10,2022-10-01,Closing Accounts,Opening Balance Sheet Account,-286150632.41,0.0,-286150632.41,286150632.41,37.28382773524923,2,MANAGEMENT_LINE,DRIVER_IDENTIFIED,MANAGEMENT_LINE
2022,10,2022-10,2022-10-01,Closing Accounts,Profit and Loss Account,-33130960.04,0.0,-33130960.04,33130960.04,4.316778881218429,4,MANAGEMENT_LINE,DRIVER_IDENTIFIED,MANAGEMENT_LINE
2022,10,2022-10,2022-10-01,EBITDA Adjustments,Depreciation,-9283844.7,0.0,-9283844.7,9283844.7,1.2096330649364317,7,MANAGEMENT_LINE,DRIVER_IDENTIFIED,MANAGEMENT_LINE
2022,10,2022-10,2022-10-01,EBITDA Adjustments,Provisions,-1242768.53,0.0,-1242768.53,1242768.53,0.16192579201054966,17,MANAGEMENT_LINE,DRIVER_IDENTIFIED,MANAGEMENT_LINE
2022,10,2022-10,2022-10-01,Financial Result,FX Gains,-2241485.14,0.0,-2241485.14,2241485.14,0.29205298316845685,14,MANAGEMENT_LINE,DRIVER_IDENTIFIED,MANAGEMENT_LINE
2022,10,2022-10,2022-10-01,Financial Result,FX Losses,-1459329.03,0.0,-1459329.03,1459329.03,0.1901424145224672,16,MANAGEMENT_LINE,DRIVER_IDENTIFIED,MANAGEMENT_LINE
2022,10,2022-10,2022-10-01,Financial Result,Interest Expense,-2578275.3,0.0,-2578275.3,2578275.3,0.3359348582585508,13,MANAGEMENT_LINE,DRIVER_IDENTIFIED,MANAGEMENT_LINE
2022,10,2022-10,2022-10-01,Financial Result,Interest Income,-6236059.3,0.0,-6236059.3,6236059.3,0.8125236653500181,9,MANAGEMENT_LINE,DRIVER_IDENTIFIED,MANAGEMENT_LINE
2022,10,2022-10,2022-10-01,Financial Result,Other Financial Expenses,-5164718.14,0.0,-5164718.14,5164718.14,0.6729339013201058,11,MANAGEMENT_LINE,DRIVER_IDENTIFIED,MANAGEMENT_LINE
2022,10,2022-10,2022-10-01,Non-Core Operating Items,Fixed Asset Disposal Costs,-47468366.0,0.0,-47468366.0,47468366.0,6.1848627274112316,3,MANAGEMENT_LINE,DRIVER_IDENTIFIED,MANAGEMENT_LINE
2022,10,2022-10,2022-10-01,Operating Costs,Cost of Goods Sold,-24080693.24,0.0,-24080693.24,24080693.24,3.13757971088155,5,MANAGEMENT_LINE,DRIVER_IDENTIFIED,MANAGEMENT_LINE
2022,10,2022-10,2022-10-01,Operating Costs,Energy Consumption,276935.64,0.0,276935.64,276935.64,0.036083165738794866,20,MANAGEMENT_LINE,DRIVER_IDENTIFIED,MANAGEMENT_LINE
2022,10,2022-10,2022-10-01,Operating Costs,Material Consumption,-5671937.25,0.0,-5671937.25,5671937.25,0.739021715846304,10,MANAGEMENT_LINE,DRIVER_IDENTIFIED,MANAGEMENT_LINE
2022,10,2022-10,2022-10-01,Operating Costs,Other Operating Costs,-376286.56,0.0,-376286.56,376286.56,0.0490280352133838,18,MANAGEMENT_LINE,DRIVER_IDENTIFIED,MANAGEMENT_LINE
2022,10,2022-10,2022-10-01,Operating Costs,Other Services,184931.38,0.0,184931.38,184931.38,0.024095524992175273,21,MANAGEMENT_LINE,DRIVER_IDENTIFIED,MANAGEMENT_LINE
2022,10,2022-10,2022-10-01,Operating Costs,Payroll Costs,-1682736.03,0.0,-1682736.03,1682736.03,0.21925109771039833,15,MANAGEMENT_LINE,DRIVER_IDENTIFIED,MANAGEMENT_LINE
2022,10,2022-10,2022-10-01,Operating Costs,Shortages & Damages,-4086174.55,0.0,-4086174.55,4086174.55,0.5324057009249352,12,MANAGEMENT_LINE,DRIVER_IDENTIFIED,MANAGEMENT_LINE
2022,10,2022-10,2022-10-01,Operating Costs,Social & Health Insurance,-359450.74,0.0,-359450.74,359450.74,0.04683442198466207,19,MANAGEMENT_LINE,DRIVER_IDENTIFIED,MANAGEMENT_LINE
2022,10,2022-10,2022-10-01,Other Operating Income,Other Operating Income,-86408.8,0.0,-86408.8,86408.8,0.011258583588917547,22,MANAGEMENT_LINE,DRIVER_IDENTIFIED,MANAGEMENT_LINE
2022,10,2022-10,2022-10-01,Revenue,Sales Revenue,-6788009.97,0.0,-6788009.97,6788009.97,0.8844397520813932,8,MANAGEMENT_LINE,DRIVER_IDENTIFIED,MANAGEMENT_LINE
2022,10,2022-10,2022-10-01,Tax,Income Tax,-9661041.13,0.0,-9661041.13,9661041.13,1.2587796511243696,6,MANAGEMENT_LINE,DRIVER_IDENTIFIED,MANAGEMENT_LINE
2022,11,2022-11,2022-11-01,Closing Accounts,Closing Balance Sheet Account,30781654.15,0.0,30781654.15,30781654.15,11.13345915661336,3,MANAGEMENT_LINE,DRIVER_IDENTIFIED,MANAGEMENT_LINE
2022,11,2022-11,2022-11-01,Closing Accounts,Profit and Loss Account,-30781654.15,0.0,-30781654.15,30781654.15,11.13345915661336,4,MANAGEMENT_LINE,DRIVER_IDENTIFIED,MANAGEMENT_LINE
2022,11,2022-11,2022-11-01,EBITDA Adjustments,Depreciation,-11006367.91,0.0,-11006367.91,11006367.91,3.9809084655265345,7,MANAGEMENT_LINE,DRIVER_IDENTIFIED,MANAGEMENT_LINE
2022,11,2022-11,2022-11-01,EBITDA Adjustments,Provisions,-1637093.64,0.0,-1637093.64,1637093.64,0.5921226678616132,16,MANAGEMENT_LINE,DRIVER_IDENTIFIED,MANAGEMENT_LINE
2022,11,2022-11,2022-11-01,Financial Result,FX Gains,-1599662.79,0.0,-1599662.79,1599662.79,0.5785842518414228,18,MANAGEMENT_LINE,DRIVER_IDENTIFIED,MANAGEMENT_LINE
2022,11,2022-11,2022-11-01,Financial Result,FX Losses,-2132666.33,0.0,-2132666.33,2132666.33,0.7713670410314682,14,MANAGEMENT_LINE,DRIVER_IDENTIFIED,MANAGEMENT_LINE
2022,11,2022-11,2022-11-01,Financial Result,Interest Expense,-4094993.2,0.0,-4094993.2,4094993.2,1.4811237666644193,13,MANAGEMENT_LINE,DRIVER_IDENTIFIED,MANAGEMENT_LINE
2022,11,2022-11,2022-11-01,Financial Result,Interest Income,-6153877.14,0.0,-6153877.14,6153877.14,2.225804352785461,11,MANAGEMENT_LINE,DRIVER_IDENTIFIED,MANAGEMENT_LINE
2022,11,2022-11,2022-11-01,Financial Result,Other Financial Expenses,-6043336.29,0.0,-6043336.29,6043336.29,2.1858226795259577,12,MANAGEMENT_LINE,DRIVER_IDENTIFIED,MANAGEMENT_LINE
2022,11,2022-11,2022-11-01,Non-Core Operating Items,Fixed Asset Disposal Costs,-62656869.0,0.0,-62656869.0,62656869.0,22.662449798617267,1,MANAGEMENT_LINE,DRIVER_IDENTIFIED,MANAGEMENT_LINE
2022,11,2022-11,2022-11-01,Operating Costs,Cost of Goods Sold,-26154082.56,0.0,-26154082.56,26154082.56,9.459706373851706,5,MANAGEMENT_LINE,DRIVER_IDENTIFIED,MANAGEMENT_LINE
2022,11,2022-11,2022-11-01,Operating Costs,Inventory Change,-361787.03,0.0,-361787.03,361787.03,0.13085525236133075,21,MANAGEMENT_LINE,DRIVER_IDENTIFIED,MANAGEMENT_LINE
2022,11,2022-11,2022-11-01,Operating Costs,Material Consumption,-7613253.52,0.0,-7613253.52,7613253.52,2.7536482185400324,9,MANAGEMENT_LINE,DRIVER_IDENTIFIED,MANAGEMENT_LINE
2022,11,2022-11,2022-11-01,Operating Costs,Other Operating Costs,-1621675.32,0.0,-1621675.32,1621675.32,0.5865459943291548,17,MANAGEMENT_LINE,DRIVER_IDENTIFIED,MANAGEMENT_LINE
2022,11,2022-11,2022-11-01,Operating Costs,Other Services,427464.23,0.0,427464.23,427464.23,0.15461012986588246,20,MANAGEMENT_LINE,DRIVER_IDENTIFIED,MANAGEMENT_LINE
2022,11,2022-11,2022-11-01,Operating Costs,Payroll Costs,-1922286.17,0.0,-1922286.17,1922286.17,0.6952743493486924,15,MANAGEMENT_LINE,DRIVER_IDENTIFIED,MANAGEMENT_LINE
2022,11,2022-11,2022-11-01,Operating Costs,Repairs & Maintenance,616398.21,0.0,616398.21,616398.21,0.22294592297745588,19,MANAGEMENT_LINE,DRIVER_IDENTIFIED,MANAGEMENT_LINE
2022,11,2022-11,2022-11-01,Operating Costs,Shortages & Damages,-6187140.72,0.0,-6187140.72,6187140.72,2.2378355031430104,10,MANAGEMENT_LINE,DRIVER_IDENTIFIED,MANAGEMENT_LINE
2022,11,2022-11,2022-11-01,Operating Costs,Social & Health Insurance,-63724.1,0.0,-63724.1,63724.1,0.02304845805831866,22,MANAGEMENT_LINE,DRIVER_IDENTIFIED,MANAGEMENT_LINE
2022,11,2022-11,2022-11-01,Other Operating Income,Other Operating Income,-52954004.8,0.0,-52954004.8,52954004.8,19.15300739677461,2,MANAGEMENT_LINE,DRIVER_IDENTIFIED,MANAGEMENT_LINE
2022,11,2022-11,2022-11-01,Revenue,Sales Revenue,-9281059.91,0.0,-9281059.91,9281059.91,3.356879423520737,8,MANAGEMENT_LINE,DRIVER_IDENTIFIED,MANAGEMENT_LINE
2022,11,2022-11,2022-11-01,Tax,Income Tax,-12387747.71,0.0,-12387747.71,12387747.71,4.4805416401482026,6,MANAGEMENT_LINE,DRIVER_IDENTIFIED,MANAGEMENT_LINE
2022,12,2022-12,2022-12-01,Closing Accounts,Closing Balance Sheet Account,131653120.27,0.0,131653120.27,131653120.27,34.495412465515265,1,MANAGEMENT_LINE,DRIVER_IDENTIFIED,MANAGEMENT_LINE
2022,12,2022-12,2022-12-01,Closing Accounts,Opening Balance Sheet Account,-117757741.12,0.0,-117757741.12,117757741.12,30.854580906331964,2,MANAGEMENT_LINE,DRIVER_IDENTIFIED,MANAGEMENT_LINE
2022,12,2022-12,2022-12-01,Closing Accounts,Profit and Loss Account,-13895379.15,0.0,-13895379.15,13895379.15,3.6408315591833023,6,MANAGEMENT_LINE,DRIVER_IDENTIFIED,MANAGEMENT_LINE
2022,12,2022-12,2022-12-01,EBITDA Adjustments,Depreciation,-4744179.01,0.0,-4744179.01,4744179.01,1.2430576003406855,12,MANAGEMENT_LINE,DRIVER_IDENTIFIED,MANAGEMENT_LINE
2022,12,2022-12,2022-12-01,EBITDA Adjustments,Provisions,-1640532.42,0.0,-1640532.42,1640532.42,0.4298480915218032,16,MANAGEMENT_LINE,DRIVER_IDENTIFIED,MANAGEMENT_LINE
2022,12,2022-12,2022-12-01,Financial Result,FX Gains,-1059857.67,0.0,-1059857.67,1059857.67,0.2777011847984358,19,MANAGEMENT_LINE,DRIVER_IDENTIFIED,MANAGEMENT_LINE
2022,12,2022-12,2022-12-01,Financial Result,FX Losses,-1480548.85,0.0,-1480548.85,1480548.85,0.38792960737545223,17,MANAGEMENT_LINE,DRIVER_IDENTIFIED,MANAGEMENT_LINE
2022,12,2022-12,2022-12-01,Financial Result,Interest Expense,-3093301.76,0.0,-3093301.76,3093301.76,0.8104989830295672,14,MANAGEMENT_LINE,DRIVER_IDENTIFIED,MANAGEMENT_LINE
2022,12,2022-12,2022-12-01,Financial Result,Interest Income,-5248143.09,0.0,-5248143.09,5248143.09,1.3751049743167154,11,MANAGEMENT_LINE,DRIVER_IDENTIFIED,MANAGEMENT_LINE
2022,12,2022-12,2022-12-01,Financial Result,Other Financial Expenses,-6333420.01,0.0,-6333420.01,6333420.01,1.659466445719189,10,MANAGEMENT_LINE,DRIVER_IDENTIFIED,MANAGEMENT_LINE
2022,12,2022-12,2022-12-01,Non-Core Operating Items,Fixed Asset Disposal Costs,-19882172.0,0.0,-19882172.0,19882172.0,5.20947564663686,4,MANAGEMENT_LINE,DRIVER_IDENTIFIED,MANAGEMENT_LINE
2022,12,2022-12,2022-12-01,Operating Costs,Cost of Goods Sold,-22793215.08,0.0,-22793215.08,22793215.08,5.9722196784041515,3,MANAGEMENT_LINE,DRIVER_IDENTIFIED,MANAGEMENT_LINE
2022,12,2022-12,2022-12-01,Operating Costs,Inventory Change,-70893.43,0.0,-70893.43,70893.43,0.018575314462200353,22,MANAGEMENT_LINE,DRIVER_IDENTIFIED,MANAGEMENT_LINE
2022,12,2022-12,2022-12-01,Operating Costs,Material Consumption,-7282201.35,0.0,-7282201.35,7282201.35,1.9080636957939539,9,MANAGEMENT_LINE,DRIVER_IDENTIFIED,MANAGEMENT_LINE
2022,12,2022-12,2022-12-01,Operating Costs,Other Operating Costs,-1368754.2,0.0,-1368754.2,1368754.2,0.3586374602901493,18,MANAGEMENT_LINE,DRIVER_IDENTIFIED,MANAGEMENT_LINE
2022,12,2022-12,2022-12-01,Operating Costs,Other Services,-17725.09,0.0,-17725.09,17725.09,0.0046442825607507345,23,MANAGEMENT_LINE,DRIVER_IDENTIFIED,MANAGEMENT_LINE
2022,12,2022-12,2022-12-01,Operating Costs,Payroll Costs,-2816228.08,0.0,-2816228.08,2816228.08,0.7379008489683563,15,MANAGEMENT_LINE,DRIVER_IDENTIFIED,MANAGEMENT_LINE
2022,12,2022-12,2022-12-01,Operating Costs,Repairs & Maintenance,-378351.94,0.0,-378351.94,378351.94,0.09913480364659406,21,MANAGEMENT_LINE,DRIVER_IDENTIFIED,MANAGEMENT_LINE
2022,12,2022-12,2022-12-01,Operating Costs,Shortages & Damages,-3171938.9,0.0,-3171938.9,3171938.9,0.8311032844988018,13,MANAGEMENT_LINE,DRIVER_IDENTIFIED,MANAGEMENT_LINE
2022,12,2022-12,2022-12-01,Operating Costs,Social & Health Insurance,-777210.39,0.0,-777210.39,777210.39,0.20364267037917871,20,MANAGEMENT_LINE,DRIVER_IDENTIFIED,MANAGEMENT_LINE
2022,12,2022-12,2022-12-01,Other Operating Income,Other Operating Income,-16948272.8,0.0,-16948272.8,16948272.8,4.440742913005576,5,MANAGEMENT_LINE,DRIVER_IDENTIFIED,MANAGEMENT_LINE
2022,12,2022-12,2022-12-01,Revenue,Sales Revenue,-8903025.09,0.0,-8903025.09,8903025.09,2.332747769597403,8,MANAGEMENT_LINE,DRIVER_IDENTIFIED,MANAGEMENT_LINE
2022,12,2022-12,2022-12-01,Tax,Income Tax,-10337784.76,0.0,-10337784.76,10337784.76,2.7086798136236663,7,MANAGEMENT_LINE,DRIVER_IDENTIFIED,MANAGEMENT_LINE
2023,1,2023-01,2023-01-01,Closing Accounts,Closing Balance Sheet Account,144141674.54,0.0,144141674.54,144141674.54,31.998857747554226,1,MANAGEMENT_LINE,DRIVER_IDENTIFIED,MANAGEMENT_LINE
2023,1,2023-01,2023-01-01,Closing Accounts,Opening Balance Sheet Account,-107338322.33,0.0,-107338322.33,107338322.33,23.828665221629898,2,MANAGEMENT_LINE,DRIVER_IDENTIFIED,MANAGEMENT_LINE
2023,1,2023-01,2023-01-01,Closing Accounts,Profit and Loss Account,-36803352.21,0.0,-36803352.21,36803352.21,8.170192525924332,4,MANAGEMENT_LINE,DRIVER_IDENTIFIED,MANAGEMENT_LINE
2023,1,2023-01,2023-01-01,EBITDA Adjustments,Depreciation,-1627877.88,0.0,-1627877.88,1627877.88,0.361382180960128,16,MANAGEMENT_LINE,DRIVER_IDENTIFIED,MANAGEMENT_LINE
2023,1,2023-01,2023-01-01,EBITDA Adjustments,Provisions,-1033186.46,0.0,-1033186.46,1033186.46,0.2293631364124648,18,MANAGEMENT_LINE,DRIVER_IDENTIFIED,MANAGEMENT_LINE
2023,1,2023-01,2023-01-01,Financial Result,FX Gains,-3035063.49,0.0,-3035063.49,3035063.49,0.6737715874415946,14,MANAGEMENT_LINE,DRIVER_IDENTIFIED,MANAGEMENT_LINE
2023,1,2023-01,2023-01-01,Financial Result,FX Losses,-478403.32,0.0,-478403.32,478403.32,0.10620356556486045,21,MANAGEMENT_LINE,DRIVER_IDENTIFIED,MANAGEMENT_LINE
2023,1,2023-01,2023-01-01,Financial Result,Interest Expense,-2734675.4,0.0,-2734675.4,2734675.4,0.6070866693452523,15,MANAGEMENT_LINE,DRIVER_IDENTIFIED,MANAGEMENT_LINE
2023,1,2023-01,2023-01-01,Financial Result,Interest Income,-5865566.28,0.0,-5865566.28,5865566.28,1.302131542467169,10,MANAGEMENT_LINE,DRIVER_IDENTIFIED,MANAGEMENT_LINE
2023,1,2023-01,2023-01-01,Financial Result,Other Financial Expenses,-3294239.13,0.0,-3294239.13,3294239.13,0.7313075114722946,13,MANAGEMENT_LINE,DRIVER_IDENTIFIED,MANAGEMENT_LINE
2023,1,2023-01,2023-01-01,Non-Core Operating Items,Fixed Asset Disposal Costs,-73986569.0,0.0,-73986569.0,73986569.0,16.424713423206533,3,MANAGEMENT_LINE,DRIVER_IDENTIFIED,MANAGEMENT_LINE
2023,1,2023-01,2023-01-01,Operating Costs,Cost of Goods Sold,-25036346.85,0.0,-25036346.85,25036346.85,5.557965827219933,5,MANAGEMENT_LINE,DRIVER_IDENTIFIED,MANAGEMENT_LINE
2023,1,2023-01,2023-01-01,Operating Costs,Energy Consumption,670364.38,0.0,670364.38,670364.38,0.1488181298233403,20,MANAGEMENT_LINE,DRIVER_IDENTIFIED,MANAGEMENT_LINE
2023,1,2023-01,2023-01-01,Operating Costs,Inventory Change,-126314.15,0.0,-126314.15,126314.15,0.028041220765973398,22,MANAGEMENT_LINE,DRIVER_IDENTIFIED,MANAGEMENT_LINE
2023,1,2023-01,2023-01-01,Operating Costs,Material Consumption,-6723376.16,0.0,-6723376.16,6723376.16,1.4925618008373764,9,MANAGEMENT_LINE,DRIVER_IDENTIFIED,MANAGEMENT_LINE
2023,1,2023-01,2023-01-01,Operating Costs,Other Operating Costs,-1471241.27,0.0,-1471241.27,1471241.27,0.3266094990314313,17,MANAGEMENT_LINE,DRIVER_IDENTIFIED,MANAGEMENT_LINE
2023,1,2023-01,2023-01-01,Operating Costs,Other Services,20934.14,0.0,20934.14,20934.14,0.004647292811500488,23,MANAGEMENT_LINE,DRIVER_IDENTIFIED,MANAGEMENT_LINE
2023,1,2023-01,2023-01-01,Operating Costs,Payroll Costs,-3498688.94,0.0,-3498688.94,3498688.94,0.7766945267652868,12,MANAGEMENT_LINE,DRIVER_IDENTIFIED,MANAGEMENT_LINE
2023,1,2023-01,2023-01-01,Operating Costs,Shortages & Damages,-4192967.3,0.0,-4192967.3,4192967.3,0.9308214616003624,11,MANAGEMENT_LINE,DRIVER_IDENTIFIED,MANAGEMENT_LINE
2023,1,2023-01,2023-01-01,Operating Costs,Social & Health Insurance,-780874.41,0.0,-780874.41,780874.41,0.17335090107726828,19,MANAGEMENT_LINE,DRIVER_IDENTIFIED,MANAGEMENT_LINE
2023,1,2023-01,2023-01-01,Other Operating Income,Other Operating Income,-10269110.8,0.0,-10269110.8,10269110.8,2.2797002791297865,6,MANAGEMENT_LINE,DRIVER_IDENTIFIED,MANAGEMENT_LINE
2023,1,2023-01,2023-01-01,Revenue,Sales Revenue,-8469215.64,0.0,-8469215.64,8469215.64,1.8801309708839011,8,MANAGEMENT_LINE,DRIVER_IDENTIFIED,MANAGEMENT_LINE
2023,1,2023-01,2023-01-01,Tax,Income Tax,-8860448.16,0.0,-8860448.16,8860448.16,1.9669829780750832,7,MANAGEMENT_LINE,DRIVER_IDENTIFIED,MANAGEMENT_LINE
2023,2,2023-02,2023-02-01,Closing Accounts,Closing Balance Sheet Account,136601877.23,0.0,136601877.23,136601877.23,26.876463807530104,1,MANAGEMENT_LINE,DRIVER_IDENTIFIED,MANAGEMENT_LINE
2023,2,2023-02,2023-02-01,Closing Accounts,Opening Balance Sheet Account,-104851895.3,0.0,-104851895.3,104851895.3,20.629644528505032,2,MANAGEMENT_LINE,DRIVER_IDENTIFIED,MANAGEMENT_LINE
2023,2,2023-02,2023-02-01,Closing Accounts,Profit and Loss Account,-31749981.93,0.0,-31749981.93,31749981.93,6.24681927902507,5,MANAGEMENT_LINE,DRIVER_IDENTIFIED,MANAGEMENT_LINE
2023,2,2023-02,2023-02-01,EBITDA Adjustments,Depreciation,-866619.47,0.0,-866619.47,866619.47,0.1705076627983608,17,MANAGEMENT_LINE,DRIVER_IDENTIFIED,MANAGEMENT_LINE
2023,2,2023-02,2023-02-01,EBITDA Adjustments,Provisions,-912449.81,0.0,-912449.81,912449.81,0.17952479711067235,16,MANAGEMENT_LINE,DRIVER_IDENTIFIED,MANAGEMENT_LINE
2023,2,2023-02,2023-02-01,Financial Result,FX Gains,-1871856.91,0.0,-1871856.91,1871856.91,0.36828845631296697,14,MANAGEMENT_LINE,DRIVER_IDENTIFIED,MANAGEMENT_LINE
2023,2,2023-02,2023-02-01,Financial Result,FX Losses,-673016.17,0.0,-673016.17,673016.17,0.13241615050744737,19,MANAGEMENT_LINE,DRIVER_IDENTIFIED,MANAGEMENT_LINE
2023,2,2023-02,2023-02-01,Financial Result,Interest Expense,-2208977.67,0.0,-2208977.67,2208977.67,0.4346170755723602,13,MANAGEMENT_LINE,DRIVER_IDENTIFIED,MANAGEMENT_LINE
2023,2,2023-02,2023-02-01,Financial Result,Interest Income,-3625709.14,0.0,-3625709.14,3625709.14,0.7133594534266058,11,MANAGEMENT_LINE,DRIVER_IDENTIFIED,MANAGEMENT_LINE
2023,2,2023-02,2023-02-01,Financial Result,Other Financial Expenses,-4299215.44,0.0,-4299215.44,4299215.44,0.8458720371710856,10,MANAGEMENT_LINE,DRIVER_IDENTIFIED,MANAGEMENT_LINE
2023,2,2023-02,2023-02-01,Non-Core Operating Items,Fixed Asset Disposal Costs,-90894807.0,0.0,-90894807.0,90894807.0,17.883582862589144,3,MANAGEMENT_LINE,DRIVER_IDENTIFIED,MANAGEMENT_LINE
2023,2,2023-02,2023-02-01,Operating Costs,Cost of Goods Sold,-23536950.35,0.0,-23536950.35,23536950.35,4.630902642401469,6,MANAGEMENT_LINE,DRIVER_IDENTIFIED,MANAGEMENT_LINE
2023,2,2023-02,2023-02-01,Operating Costs,Energy Consumption,292309.27,0.0,292309.27,292309.27,0.05751194401620703,23,MANAGEMENT_LINE,DRIVER_IDENTIFIED,MANAGEMENT_LINE
2023,2,2023-02,2023-02-01,Operating Costs,Inventory Change,-439894.92,0.0,-439894.92,439894.92,0.08654946869134142,21,MANAGEMENT_LINE,DRIVER_IDENTIFIED,MANAGEMENT_LINE
2023,2,2023-02,2023-02-01,Operating Costs,Material Consumption,-5719584.8,0.0,-5719584.8,5719584.8,1.1253301710669275,9,MANAGEMENT_LINE,DRIVER_IDENTIFIED,MANAGEMENT_LINE
2023,2,2023-02,2023-02-01,Operating Costs,Other Operating Costs,-739324.65,0.0,-739324.65,739324.65,0.14546236553018607,18,MANAGEMENT_LINE,DRIVER_IDENTIFIED,MANAGEMENT_LINE
2023,2,2023-02,2023-02-01,Operating Costs,Other Services,-84795.83,0.0,-84795.83,84795.83,0.016683607152683896,24,MANAGEMENT_LINE,DRIVER_IDENTIFIED,MANAGEMENT_LINE
2023,2,2023-02,2023-02-01,Operating Costs,Payroll Costs,-932801.71,0.0,-932801.71,932801.71,0.18352904006000967,15,MANAGEMENT_LINE,DRIVER_IDENTIFIED,MANAGEMENT_LINE
2023,2,2023-02,2023-02-01,Operating Costs,Repairs & Maintenance,-308923.96,0.0,-308923.96,308923.96,0.06078088968162036,22,MANAGEMENT_LINE,DRIVER_IDENTIFIED,MANAGEMENT_LINE
2023,2,2023-02,2023-02-01,Operating Costs,Shortages & Damages,-2931546.97,0.0,-2931546.97,2931546.97,0.5767828205363495,12,MANAGEMENT_LINE,DRIVER_IDENTIFIED,MANAGEMENT_LINE
2023,2,2023-02,2023-02-01,Operating Costs,Social & Health Insurance,-453362.15,0.0,-453362.15,453362.15,0.0891991505772884,20,MANAGEMENT_LINE,DRIVER_IDENTIFIED,MANAGEMENT_LINE
2023,2,2023-02,2023-02-01,Other Operating Income,Other Operating Income,-74932982.4,0.0,-74932982.4,74932982.4,14.74308867712689,4,MANAGEMENT_LINE,DRIVER_IDENTIFIED,MANAGEMENT_LINE
2023,2,2023-02,2023-02-01,Revenue,Sales Revenue,-8573483.27,0.0,-8573483.27,8573483.27,1.6868356239544764,8,MANAGEMENT_LINE,DRIVER_IDENTIFIED,MANAGEMENT_LINE
2023,2,2023-02,2023-02-01,Tax,Income Tax,-10756005.02,0.0,-10756005.02,10756005.02,2.1162474886557026,7,MANAGEMENT_LINE,DRIVER_IDENTIFIED,MANAGEMENT_LINE
2023,3,2023-03,2023-03-01,Closing Accounts,Closing Balance Sheet Account,266556406.03,0.0,266556406.03,266556406.03,42.302431282406786,1,MANAGEMENT_LINE,DRIVER_IDENTIFIED,MANAGEMENT_LINE
2023,3,2023-03,2023-03-01,Closing Accounts,Opening Balance Sheet Account,-217022114.2,0.0,-217022114.2,217022114.2,34.44135224300292,2,MANAGEMENT_LINE,DRIVER_IDENTIFIED,MANAGEMENT_LINE
2023,3,2023-03,2023-03-01,Closing Accounts,Profit and Loss Account,-49534291.83,0.0,-49534291.83,49534291.83,7.861079039403863,3,MANAGEMENT_LINE,DRIVER_IDENTIFIED,MANAGEMENT_LINE
2023,3,2023-03,2023-03-01,EBITDA Adjustments,Depreciation,-746852.41,0.0,-746852.41,746852.41,0.1185252803437376,19,MANAGEMENT_LINE,DRIVER_IDENTIFIED,MANAGEMENT_LINE
2023,3,2023-03,2023-03-01,EBITDA Adjustments,Provisions,-1431259.6400000001,0.0,-1431259.6400000001,1431259.6400000001,0.2271405271031755,16,MANAGEMENT_LINE,DRIVER_IDENTIFIED,MANAGEMENT_LINE
2023,3,2023-03,2023-03-01,Financial Result,FX Gains,-2623904.45,0.0,-2623904.45,2623904.45,0.4164129436650417,12,MANAGEMENT_LINE,DRIVER_IDENTIFIED,MANAGEMENT_LINE
2023,3,2023-03,2023-03-01,Financial Result,FX Losses,-1948600.76,0.0,-1948600.76,1948600.76,0.3092424263008271,13,MANAGEMENT_LINE,DRIVER_IDENTIFIED,MANAGEMENT_LINE
2023,3,2023-03,2023-03-01,Financial Result,Interest Expense,-1110757.08,0.0,-1110757.08,1110757.08,0.17627685542420807,17,MANAGEMENT_LINE,DRIVER_IDENTIFIED,MANAGEMENT_LINE
2023,3,2023-03,2023-03-01,Financial Result,Interest Income,-1759191.02,0.0,-1759191.02,1759191.02,0.2791831505553898,15,MANAGEMENT_LINE,DRIVER_IDENTIFIED,MANAGEMENT_LINE
2023,3,2023-03,2023-03-01,Financial Result,Other Financial Expenses,-3968408.09,0.0,-3968408.09,3968408.09,0.629785316466484,11,MANAGEMENT_LINE,DRIVER_IDENTIFIED,MANAGEMENT_LINE
2023,3,2023-03,2023-03-01,Non-Core Operating Items,Fixed Asset Disposal Costs,-9575526.0,0.0,-9575526.0,9575526.0,1.5196334488480103,6,MANAGEMENT_LINE,DRIVER_IDENTIFIED,MANAGEMENT_LINE
2023,3,2023-03,2023-03-01,Operating Costs,Cost of Goods Sold,-25807035.81,0.0,-25807035.81,25807035.81,4.095569771571233,4,MANAGEMENT_LINE,DRIVER_IDENTIFIED,MANAGEMENT_LINE
2023,3,2023-03,2023-03-01,Operating Costs,Inventory Change,-59759.17,0.0,-59759.17,59759.17,0.009483764506241698,22,MANAGEMENT_LINE,DRIVER_IDENTIFIED,MANAGEMENT_LINE
2023,3,2023-03,2023-03-01,Operating Costs,Material Consumption,-7211746.83,0.0,-7211746.83,7211746.83,1.1445023184618377,8,MANAGEMENT_LINE,DRIVER_IDENTIFIED,MANAGEMENT_LINE
2023,3,2023-03,2023-03-01,Operating Costs,Other Operating Costs,-645764.52,0.0,-645764.52,645764.52,0.10248265888174499,20,MANAGEMENT_LINE,DRIVER_IDENTIFIED,MANAGEMENT_LINE
2023,3,2023-03,2023-03-01,Operating Costs,Other Services,-919395.06,0.0,-919395.06,919395.06,0.14590775335805295,18,MANAGEMENT_LINE,DRIVER_IDENTIFIED,MANAGEMENT_LINE
2023,3,2023-03,2023-03-01,Operating Costs,Payroll Costs,-1820413.2,0.0,-1820413.2,1820413.2,0.28889909436248645,14,MANAGEMENT_LINE,DRIVER_IDENTIFIED,MANAGEMENT_LINE
2023,3,2023-03,2023-03-01,Operating Costs,Repairs & Maintenance,239327.64,0.0,239327.64,239327.64,0.03798123330017119,21,MANAGEMENT_LINE,DRIVER_IDENTIFIED,MANAGEMENT_LINE
2023,3,2023-03,2023-03-01,Operating Costs,Shortages & Damages,-4223815.94,0.0,-4223815.94,4223815.94,0.6703184748494654,10,MANAGEMENT_LINE,DRIVER_IDENTIFIED,MANAGEMENT_LINE
2023,3,2023-03,2023-03-01,Operating Costs,Social & Health Insurance,27462.09,0.0,27462.09,27462.09,0.004358226434691364,23,MANAGEMENT_LINE,DRIVER_IDENTIFIED,MANAGEMENT_LINE
2023,3,2023-03,2023-03-01,Other Operating Income,Other Operating Income,-17074178.8,0.0,-17074178.8,17074178.8,2.7096676690232564,5,MANAGEMENT_LINE,DRIVER_IDENTIFIED,MANAGEMENT_LINE
2023,3,2023-03,2023-03-01,Revenue,Sales Revenue,-8775260.06,0.0,-8775260.06,8775260.06,1.392631455391171,7,MANAGEMENT_LINE,DRIVER_IDENTIFIED,MANAGEMENT_LINE
2023,3,2023-03,2023-03-01,Tax,Income Tax,-7039300.09,0.0,-7039300.09,7039300.09,1.1171350663392077,9,MANAGEMENT_LINE,DRIVER_IDENTIFIED,MANAGEMENT_LINE
2023,4,2023-04,2023-04-01,Closing Accounts,Closing Balance Sheet Account,154797436.01,0.0,154797436.01,154797436.01,28.015602639949105,1,MANAGEMENT_LINE,DRIVER_IDENTIFIED,MANAGEMENT_LINE
2023,4,2023-04,2023-04-01,Closing Accounts,Opening Balance Sheet Account,-147422316.34,0.0,-147422316.34,147422316.34,26.68083620309776,2,MANAGEMENT_LINE,DRIVER_IDENTIFIED,MANAGEMENT_LINE
2023,4,2023-04,2023-04-01,Closing Accounts,Profit and Loss Account,-7375119.67,0.0,-7375119.67,7375119.67,1.33476643685135,7,MANAGEMENT_LINE,DRIVER_IDENTIFIED,MANAGEMENT_LINE
2023,4,2023-04,2023-04-01,EBITDA Adjustments,Depreciation,-1508698.87,0.0,-1508698.87,1508698.87,0.2730478561836758,18,MANAGEMENT_LINE,DRIVER_IDENTIFIED,MANAGEMENT_LINE
2023,4,2023-04,2023-04-01,EBITDA Adjustments,Provisions,-2454653.81,0.0,-2454653.81,2454653.81,0.44424899747793395,14,MANAGEMENT_LINE,DRIVER_IDENTIFIED,MANAGEMENT_LINE
2023,4,2023-04,2023-04-01,Financial Result,FX Gains,-2692929.99,0.0,-2692929.99,2692929.99,0.48737277878535656,13,MANAGEMENT_LINE,DRIVER_IDENTIFIED,MANAGEMENT_LINE
2023,4,2023-04,2023-04-01,Financial Result,FX Losses,-1531826.55,0.0,-1531826.55,1531826.55,0.2772335578953116,16,MANAGEMENT_LINE,DRIVER_IDENTIFIED,MANAGEMENT_LINE
2023,4,2023-04,2023-04-01,Financial Result,Interest Expense,-2162371.88,0.0,-2162371.88,2162371.88,0.3913511290068538,15,MANAGEMENT_LINE,DRIVER_IDENTIFIED,MANAGEMENT_LINE
2023,4,2023-04,2023-04-01,Financial Result,Interest Income,-4470867.65,0.0,-4470867.65,4470867.65,0.8091481019757433,12,MANAGEMENT_LINE,DRIVER_IDENTIFIED,MANAGEMENT_LINE
2023,4,2023-04,2023-04-01,Financial Result,Other Financial Expenses,-5430183.99,0.0,-5430183.99,5430183.99,0.9827674207460755,10,MANAGEMENT_LINE,DRIVER_IDENTIFIED,MANAGEMENT_LINE
2023,4,2023-04,2023-04-01,Non-Core Operating Items,Fixed Asset Disposal Costs,-93979015.0,0.0,-93979015.0,93979015.0,17.00854231567331,3,MANAGEMENT_LINE,DRIVER_IDENTIFIED,MANAGEMENT_LINE
2023,4,2023-04,2023-04-01,Operating Costs,Cost of Goods Sold,-21209421.97,0.0,-21209421.97,21209421.97,3.8385308791299444,5,MANAGEMENT_LINE,DRIVER_IDENTIFIED,MANAGEMENT_LINE
2023,4,2023-04,2023-04-01,Operating Costs,Energy Consumption,-70677.49,0.0,-70677.49,70677.49,0.012791377728640562,23,MANAGEMENT_LINE,DRIVER_IDENTIFIED,MANAGEMENT_LINE
2023,4,2023-04,2023-04-01,Operating Costs,Inventory Change,-590074.35,0.0,-590074.35,590074.35,0.10679303833274294,21,MANAGEMENT_LINE,DRIVER_IDENTIFIED,MANAGEMENT_LINE
2023,4,2023-04,2023-04-01,Operating Costs,Material Consumption,-6058185.41,0.0,-6058185.41,6058185.41,1.0964245890657576,9,MANAGEMENT_LINE,DRIVER_IDENTIFIED,MANAGEMENT_LINE
2023,4,2023-04,2023-04-01,Operating Costs,Other Operating Costs,-307389.87,0.0,-307389.87,307389.87,0.05563213884827711,22,MANAGEMENT_LINE,DRIVER_IDENTIFIED,MANAGEMENT_LINE
2023,4,2023-04,2023-04-01,Operating Costs,Other Services,41837.8,0.0,41837.8,41837.8,0.007571903064686057,24,MANAGEMENT_LINE,DRIVER_IDENTIFIED,MANAGEMENT_LINE
2023,4,2023-04,2023-04-01,Operating Costs,Payroll Costs,-1519476.37,0.0,-1519476.37,1519476.37,0.27499839338399834,17,MANAGEMENT_LINE,DRIVER_IDENTIFIED,MANAGEMENT_LINE
2023,4,2023-04,2023-04-01,Operating Costs,Repairs & Maintenance,1313631.6,0.0,1313631.6,1313631.6,0.23774412464107694,19,MANAGEMENT_LINE,DRIVER_IDENTIFIED,MANAGEMENT_LINE
2023,4,2023-04,2023-04-01,Operating Costs,Shortages & Damages,-5069521.73,0.0,-5069521.73,5069521.73,0.917493919945111,11,MANAGEMENT_LINE,DRIVER_IDENTIFIED,MANAGEMENT_LINE
2023,4,2023-04,2023-04-01,Operating Costs,Social & Health Insurance,-1310464.25,0.0,-1310464.25,1310464.25,0.23717089021737556,20,MANAGEMENT_LINE,DRIVER_IDENTIFIED,MANAGEMENT_LINE
2023,4,2023-04,2023-04-01,Other Operating Income,Other Operating Income,-64922001.6,0.0,-64922001.6,64922001.6,11.749735953625503,4,MANAGEMENT_LINE,DRIVER_IDENTIFIED,MANAGEMENT_LINE
2023,4,2023-04,2023-04-01,Revenue,Sales Revenue,-7227365.9399999995,0.0,-7227365.9399999995,7227365.9399999995,1.3080256206276053,8,MANAGEMENT_LINE,DRIVER_IDENTIFIED,MANAGEMENT_LINE
2023,4,2023-04,2023-04-01,Tax,Income Tax,-19074621.75,0.0,-19074621.75,19074621.75,3.4521697337468105,6,MANAGEMENT_LINE,DRIVER_IDENTIFIED,MANAGEMENT_LINE
2023,5,2023-05,2023-05-01,Closing Accounts,Closing Balance Sheet Account,32008161.47,0.0,32008161.47,32008161.47,16.722607302366974,2,MANAGEMENT_LINE,DRIVER_IDENTIFIED,MANAGEMENT_LINE
2023,5,2023-05,2023-05-01,Closing Accounts,Opening Balance Sheet Account,-15355396.24,0.0,-15355396.24,15355396.24,8.022399585006916,5,MANAGEMENT_LINE,DRIVER_IDENTIFIED,MANAGEMENT_LINE
2023,5,2023-05,2023-05-01,Closing Accounts,Profit and Loss Account,-16652765.23,0.0,-16652765.23,16652765.23,8.700207717360058,4,MANAGEMENT_LINE,DRIVER_IDENTIFIED,MANAGEMENT_LINE
2023,5,2023-05,2023-05-01,EBITDA Adjustments,Depreciation,-453534.43,0.0,-453534.43,453534.43,0.2369482601523768,21,MANAGEMENT_LINE,DRIVER_IDENTIFIED,MANAGEMENT_LINE
2023,5,2023-05,2023-05-01,EBITDA Adjustments,Provisions,-1270777.08,0.0,-1270777.08,1270777.08,0.6639152360439707,16,MANAGEMENT_LINE,DRIVER_IDENTIFIED,MANAGEMENT_LINE
2023,5,2023-05,2023-05-01,Financial Result,FX Gains,-2881284.12,0.0,-2881284.12,2881284.12,1.5053217883340675,12,MANAGEMENT_LINE,DRIVER_IDENTIFIED,MANAGEMENT_LINE
2023,5,2023-05,2023-05-01,Financial Result,FX Losses,-1152622.63,0.0,-1152622.63,1152622.63,0.602185652786618,17,MANAGEMENT_LINE,DRIVER_IDENTIFIED,MANAGEMENT_LINE
2023,5,2023-05,2023-05-01,Financial Result,Interest Expense,-696555.96,0.0,-696555.96,696555.96,0.3639144283285583,19,MANAGEMENT_LINE,DRIVER_IDENTIFIED,MANAGEMENT_LINE
2023,5,2023-05,2023-05-01,Financial Result,Interest Income,-4372949.72,0.0,-4372949.72,4372949.72,2.284639840657352,10,MANAGEMENT_LINE,DRIVER_IDENTIFIED,MANAGEMENT_LINE
2023,5,2023-05,2023-05-01,Financial Result,Other Financial Expenses,-7202801.48,0.0,-7202801.48,7202801.48,3.763090883549821,8,MANAGEMENT_LINE,DRIVER_IDENTIFIED,MANAGEMENT_LINE
2023,5,2023-05,2023-05-01,Non-Core Operating Items,Fixed Asset Disposal Costs,-48451730.0,0.0,-48451730.0,48451730.0,25.31352057411103,1,MANAGEMENT_LINE,DRIVER_IDENTIFIED,MANAGEMENT_LINE
2023,5,2023-05,2023-05-01,Operating Costs,Cost of Goods Sold,-26281426.92,0.0,-26281426.92,26281426.92,13.730684973610138,3,MANAGEMENT_LINE,DRIVER_IDENTIFIED,MANAGEMENT_LINE
2023,5,2023-05,2023-05-01,Operating Costs,Energy Consumption,-1016941.18,0.0,-1016941.18,1016941.18,0.5312991194038015,18,MANAGEMENT_LINE,DRIVER_IDENTIFIED,MANAGEMENT_LINE
2023,5,2023-05,2023-05-01,Operating Costs,Inventory Change,-557172.99,0.0,-557172.99,557172.99,0.2910940423738009,20,MANAGEMENT_LINE,DRIVER_IDENTIFIED,MANAGEMENT_LINE
2023,5,2023-05,2023-05-01,Operating Costs,Material Consumption,-6944559.73,0.0,-6944559.73,6944559.73,3.628172938375945,9,MANAGEMENT_LINE,DRIVER_IDENTIFIED,MANAGEMENT_LINE
2023,5,2023-05,2023-05-01,Operating Costs,Other Operating Costs,-1662938.47,0.0,-1662938.47,1662938.47,0.8687992600847424,15,MANAGEMENT_LINE,DRIVER_IDENTIFIED,MANAGEMENT_LINE
2023,5,2023-05,2023-05-01,Operating Costs,Other Services,265939.87,0.0,265939.87,265939.87,0.13893981434143657,22,MANAGEMENT_LINE,DRIVER_IDENTIFIED,MANAGEMENT_LINE
2023,5,2023-05,2023-05-01,Operating Costs,Payroll Costs,-2606348.95,0.0,-2606348.95,2606348.95,1.3616823954302082,13,MANAGEMENT_LINE,DRIVER_IDENTIFIED,MANAGEMENT_LINE
2023,5,2023-05,2023-05-01,Operating Costs,Repairs & Maintenance,49519.57,0.0,49519.57,49519.57,0.025871411691927845,24,MANAGEMENT_LINE,DRIVER_IDENTIFIED,MANAGEMENT_LINE
2023,5,2023-05,2023-05-01,Operating Costs,Shortages & Damages,-3968098.12,0.0,-3968098.12,3968098.12,2.0731258388650167,11,MANAGEMENT_LINE,DRIVER_IDENTIFIED,MANAGEMENT_LINE
2023,5,2023-05,2023-05-01,Operating Costs,Social & Health Insurance,-118806.42,0.0,-118806.42,118806.42,0.06207020382980083,23,MANAGEMENT_LINE,DRIVER_IDENTIFIED,MANAGEMENT_LINE
2023,5,2023-05,2023-05-01,Other Operating Income,Other Operating Income,-1695004.8,0.0,-1695004.8,1695004.8,0.8855522574326438,14,MANAGEMENT_LINE,DRIVER_IDENTIFIED,MANAGEMENT_LINE
2023,5,2023-05,2023-05-01,Revenue,Sales Revenue,-8179706.799999999,0.0,-8179706.799999999,8179706.799999999,4.273473338764083,6,MANAGEMENT_LINE,DRIVER_IDENTIFIED,MANAGEMENT_LINE
2023,5,2023-05,2023-05-01,Tax,Income Tax,-7561482.4799999995,0.0,-7561482.4799999995,7561482.4799999995,3.9504831370987183,7,MANAGEMENT_LINE,DRIVER_IDENTIFIED,MANAGEMENT_LINE
2023,6,2023-06,2023-06-01,Closing Accounts,Closing Balance Sheet Account,203473929.33,0.0,203473929.33,203473929.33,32.85398876672015,1,MANAGEMENT_LINE,DRIVER_IDENTIFIED,MANAGEMENT_LINE
2023,6,2023-06,2023-06-01,Closing Accounts,Opening Balance Sheet Account,-160860533.63,0.0,-160860533.63,160860533.63,25.97340200924417,2,MANAGEMENT_LINE,DRIVER_IDENTIFIED,MANAGEMENT_LINE
2023,6,2023-06,2023-06-01,Closing Accounts,Profit and Loss Account,-42613395.7,0.0,-42613395.7,42613395.7,6.880586757475977,4,MANAGEMENT_LINE,DRIVER_IDENTIFIED,MANAGEMENT_LINE
2023,6,2023-06,2023-06-01,EBITDA Adjustments,Depreciation,-12430088.1,0.0,-12430088.1,12430088.1,2.007028498203435,7,MANAGEMENT_LINE,DRIVER_IDENTIFIED,MANAGEMENT_LINE
2023,6,2023-06,2023-06-01,EBITDA Adjustments,Provisions,-1651033.09,0.0,-1651033.09,1651033.09,0.26658463209982214,17,MANAGEMENT_LINE,DRIVER_IDENTIFIED,MANAGEMENT_LINE
2023,6,2023-06,2023-06-01,Financial Result,FX Gains,-3714951.58,0.0,-3714951.58,3714951.58,0.5998359489106018,14,MANAGEMENT_LINE,DRIVER_IDENTIFIED,MANAGEMENT_LINE
2023,6,2023-06,2023-06-01,Financial Result,FX Losses,-3449062.78,0.0,-3449062.78,3449062.78,0.5569041213434975,15,MANAGEMENT_LINE,DRIVER_IDENTIFIED,MANAGEMENT_LINE
2023,6,2023-06,2023-06-01,Financial Result,Interest Expense,-1199560.38,0.0,-1199560.38,1199560.38,0.1936874339591963,18,MANAGEMENT_LINE,DRIVER_IDENTIFIED,MANAGEMENT_LINE
2023,6,2023-06,2023-06-01,Financial Result,Interest Income,-6351646.33,0.0,-6351646.33,6351646.33,1.0255707837516663,12,MANAGEMENT_LINE,DRIVER_IDENTIFIED,MANAGEMENT_LINE
2023,6,2023-06,2023-06-01,Financial Result,Other Financial Expenses,-7582667.3,0.0,-7582667.3,7582667.3,1.224338012817085,9,MANAGEMENT_LINE,DRIVER_IDENTIFIED,MANAGEMENT_LINE
2023,6,2023-06,2023-06-01,Non-Core Operating Items,Fixed Asset Disposal Costs,-40263082.0,0.0,-40263082.0,40263082.0,6.501092538475392,5,MANAGEMENT_LINE,DRIVER_IDENTIFIED,MANAGEMENT_LINE
2023,6,2023-06,2023-06-01,Operating Costs,Cost of Goods Sold,-25727025.24,0.0,-25727025.24,25727025.24,4.154023078137239,6,MANAGEMENT_LINE,DRIVER_IDENTIFIED,MANAGEMENT_LINE
2023,6,2023-06,2023-06-01,Operating Costs,Energy Consumption,-354090.91,0.0,-354090.91,354090.91,0.057173411934609515,22,MANAGEMENT_LINE,DRIVER_IDENTIFIED,MANAGEMENT_LINE
2023,6,2023-06,2023-06-01,Operating Costs,Inventory Change,-548404.69,0.0,-548404.69,548404.69,0.08854835400389642,20,MANAGEMENT_LINE,DRIVER_IDENTIFIED,MANAGEMENT_LINE
2023,6,2023-06,2023-06-01,Operating Costs,Material Consumption,-6849736.36,0.0,-6849736.36,6849736.36,1.1059950636794171,11,MANAGEMENT_LINE,DRIVER_IDENTIFIED,MANAGEMENT_LINE
2023,6,2023-06,2023-06-01,Operating Costs,Other Operating Costs,-992373.44,0.0,-992373.44,992373.44,0.16023392263327374,19,MANAGEMENT_LINE,DRIVER_IDENTIFIED,MANAGEMENT_LINE
2023,6,2023-06,2023-06-01,Operating Costs,Other Services,-342991.37,0.0,-342991.37,342991.37,0.05538122084813211,23,MANAGEMENT_LINE,DRIVER_IDENTIFIED,MANAGEMENT_LINE
2023,6,2023-06,2023-06-01,Operating Costs,Payroll Costs,-2208846.48,0.0,-2208846.48,2208846.48,0.3566521651215283,16,MANAGEMENT_LINE,DRIVER_IDENTIFIED,MANAGEMENT_LINE
2023,6,2023-06,2023-06-01,Operating Costs,Repairs & Maintenance,434469.52,0.0,434469.52,434469.52,0.07015177215363158,21,MANAGEMENT_LINE,DRIVER_IDENTIFIED,MANAGEMENT_LINE
2023,6,2023-06,2023-06-01,Operating Costs,Shortages & Damages,-4480667.5,0.0,-4480667.5,4480667.5,0.7234725362464599,13,MANAGEMENT_LINE,DRIVER_IDENTIFIED,MANAGEMENT_LINE
2023,6,2023-06,2023-06-01,Operating Costs,Social & Health Insurance,-257573.42,0.0,-257573.42,257573.42,0.04158918184334692,24,MANAGEMENT_LINE,DRIVER_IDENTIFIED,MANAGEMENT_LINE
2023,6,2023-06,2023-06-01,Other Operating Income,Other Operating Income,-76039996.0,0.0,-76039996.0,76039996.0,12.277824400558773,3,MANAGEMENT_LINE,DRIVER_IDENTIFIED,MANAGEMENT_LINE
2023,6,2023-06,2023-06-01,Revenue,Sales Revenue,-7195597.640000001,0.0,-7195597.640000001,7195597.640000001,1.161839675543843,10,MANAGEMENT_LINE,DRIVER_IDENTIFIED,MANAGEMENT_LINE
2023,6,2023-06,2023-06-01,Tax,Income Tax,-10306209.58,0.0,-10306209.58,10306209.58,1.6640957142948374,8,MANAGEMENT_LINE,DRIVER_IDENTIFIED,MANAGEMENT_LINE
2023,7,2023-07,2023-07-01,Closing Accounts,Closing Balance Sheet Account,152956659.43,0.0,152956659.43,152956659.43,31.275218803898845,1,MANAGEMENT_LINE,DRIVER_IDENTIFIED,MANAGEMENT_LINE
2023,7,2023-07,2023-07-01,Closing Accounts,Opening Balance Sheet Account,-136211461.4,0.0,-136211461.4,136211461.4,27.851309480470277,2,MANAGEMENT_LINE,DRIVER_IDENTIFIED,MANAGEMENT_LINE
2023,7,2023-07,2023-07-01,Closing Accounts,Profit and Loss Account,-16745198.03,0.0,-16745198.03,16745198.03,3.423909323428573,6,MANAGEMENT_LINE,DRIVER_IDENTIFIED,MANAGEMENT_LINE
2023,7,2023-07,2023-07-01,EBITDA Adjustments,Depreciation,-13888094.53,0.0,-13888094.53,13888094.53,2.839714183178541,7,MANAGEMENT_LINE,DRIVER_IDENTIFIED,MANAGEMENT_LINE
2023,7,2023-07,2023-07-01,EBITDA Adjustments,Provisions,-1461188.17,0.0,-1461188.17,1461188.17,0.29877077533412333,18,MANAGEMENT_LINE,DRIVER_IDENTIFIED,MANAGEMENT_LINE
2023,7,2023-07,2023-07-01,Financial Result,FX Gains,-4362359.0,0.0,-4362359.0,4362359.0,0.8919764117141675,13,MANAGEMENT_LINE,DRIVER_IDENTIFIED,MANAGEMENT_LINE
2023,7,2023-07,2023-07-01,Financial Result,FX Losses,-799331.68,0.0,-799331.68,799331.68,0.16344024040567434,19,MANAGEMENT_LINE,DRIVER_IDENTIFIED,MANAGEMENT_LINE
2023,7,2023-07,2023-07-01,Financial Result,Interest Expense,-1511636.11,0.0,-1511636.11,1511636.11,0.3090859219095362,17,MANAGEMENT_LINE,DRIVER_IDENTIFIED,MANAGEMENT_LINE
2023,7,2023-07,2023-07-01,Financial Result,Interest Income,-3247167.82,0.0,-3247167.82,3247167.82,0.6639520269462728,14,MANAGEMENT_LINE,DRIVER_IDENTIFIED,MANAGEMENT_LINE
2023,7,2023-07,2023-07-01,Financial Result,Other Financial Expenses,-5814167.15,0.0,-5814167.15,5814167.15,1.188829243893817,11,MANAGEMENT_LINE,DRIVER_IDENTIFIED,MANAGEMENT_LINE
2023,7,2023-07,2023-07-01,Non-Core Operating Items,Fixed Asset Disposal Costs,-44935730.0,0.0,-44935730.0,44935730.0,9.188058846866264,4,MANAGEMENT_LINE,DRIVER_IDENTIFIED,MANAGEMENT_LINE
2023,7,2023-07,2023-07-01,Operating Costs,Cost of Goods Sold,-24322022.63,0.0,-24322022.63,24322022.63,4.973151102680494,5,MANAGEMENT_LINE,DRIVER_IDENTIFIED,MANAGEMENT_LINE
2023,7,2023-07,2023-07-01,Operating Costs,Energy Consumption,391529.73,0.0,391529.73,391529.73,0.08005652071386532,21,MANAGEMENT_LINE,DRIVER_IDENTIFIED,MANAGEMENT_LINE
2023,7,2023-07,2023-07-01,Operating Costs,Inventory Change,-171690.33,0.0,-171690.33,171690.33,0.03510571332607455,23,MANAGEMENT_LINE,DRIVER_IDENTIFIED,MANAGEMENT_LINE
2023,7,2023-07,2023-07-01,Operating Costs,Material Consumption,-6571777.9,0.0,-6571777.9,6571777.9,1.3437387591953038,10,MANAGEMENT_LINE,DRIVER_IDENTIFIED,MANAGEMENT_LINE
2023,7,2023-07,2023-07-01,Operating Costs,Other Operating Costs,-1569221.09,0.0,-1569221.09,1569221.09,0.3208603870163814,16,MANAGEMENT_LINE,DRIVER_IDENTIFIED,MANAGEMENT_LINE
2023,7,2023-07,2023-07-01,Operating Costs,Other Services,-660372.45,0.0,-660372.45,660372.45,0.13502709161393947,20,MANAGEMENT_LINE,DRIVER_IDENTIFIED,MANAGEMENT_LINE
2023,7,2023-07,2023-07-01,Operating Costs,Payroll Costs,-2015467.7,0.0,-2015467.7,2015467.7,0.4121049292302183,15,MANAGEMENT_LINE,DRIVER_IDENTIFIED,MANAGEMENT_LINE
2023,7,2023-07,2023-07-01,Operating Costs,Repairs & Maintenance,-145783.95,0.0,-145783.95,145783.95,0.029808606904318878,24,MANAGEMENT_LINE,DRIVER_IDENTIFIED,MANAGEMENT_LINE
2023,7,2023-07,2023-07-01,Operating Costs,Shortages & Damages,-5233102.97,0.0,-5233102.97,5233102.97,1.0700184027292006,12,MANAGEMENT_LINE,DRIVER_IDENTIFIED,MANAGEMENT_LINE
2023,7,2023-07,2023-07-01,Operating Costs,Social & Health Insurance,-336185.23,0.0,-336185.23,336185.23,0.06874016905227243,22,MANAGEMENT_LINE,DRIVER_IDENTIFIED,MANAGEMENT_LINE
2023,7,2023-07,2023-07-01,Other Operating Income,Other Operating Income,-48182800.8,0.0,-48182800.8,48182800.8,9.851991036024891,3,MANAGEMENT_LINE,DRIVER_IDENTIFIED,MANAGEMENT_LINE
2023,7,2023-07,2023-07-01,Revenue,Sales Revenue,-7452532.17,0.0,-7452532.17,7452532.17,1.5238275674195996,9,MANAGEMENT_LINE,DRIVER_IDENTIFIED,MANAGEMENT_LINE
2023,7,2023-07,2023-07-01,Tax,Income Tax,-10081152.29,0.0,-10081152.29,10081152.29,2.06130445604735,8,MANAGEMENT_LINE,DRIVER_IDENTIFIED,MANAGEMENT_LINE
2023,8,2023-08,2023-08-01,Closing Accounts,Closing Balance Sheet Account,107430745.74,0.0,107430745.74,107430745.74,28.2778677179626,1,MANAGEMENT_LINE,DRIVER_IDENTIFIED,MANAGEMENT_LINE
2023,8,2023-08,2023-08-01,Closing Accounts,Opening Balance Sheet Account,-71357707.53,0.0,-71357707.53,71357707.53,18.782740455641225,3,MANAGEMENT_LINE,DRIVER_IDENTIFIED,MANAGEMENT_LINE
2023,8,2023-08,2023-08-01,Closing Accounts,Profit and Loss Account,-36073038.21,0.0,-36073038.21,36073038.21,9.495127262321382,4,MANAGEMENT_LINE,DRIVER_IDENTIFIED,MANAGEMENT_LINE
2023,8,2023-08,2023-08-01,EBITDA Adjustments,Depreciation,-2173316.08,0.0,-2173316.08,2173316.08,0.5720591828366939,15,MANAGEMENT_LINE,DRIVER_IDENTIFIED,MANAGEMENT_LINE
2023,8,2023-08,2023-08-01,EBITDA Adjustments,Provisions,-1878861.65,0.0,-1878861.65,1878861.65,0.4945530335201874,16,MANAGEMENT_LINE,DRIVER_IDENTIFIED,MANAGEMENT_LINE
2023,8,2023-08,2023-08-01,Financial Result,FX Gains,-3698327.66,0.0,-3698327.66,3698327.66,0.9734719760790352,13,MANAGEMENT_LINE,DRIVER_IDENTIFIED,MANAGEMENT_LINE
2023,8,2023-08,2023-08-01,Financial Result,FX Losses,-80487.27,0.0,-80487.27,80487.27,0.021185819370073564,24,MANAGEMENT_LINE,DRIVER_IDENTIFIED,MANAGEMENT_LINE
2023,8,2023-08,2023-08-01,Financial Result,Interest Expense,-535666.44,0.0,-535666.44,535666.44,0.14099785519437233,21,MANAGEMENT_LINE,DRIVER_IDENTIFIED,MANAGEMENT_LINE
2023,8,2023-08,2023-08-01,Financial Result,Interest Income,-5408254.3,0.0,-5408254.3,5408254.3,1.4235580198859228,10,MANAGEMENT_LINE,DRIVER_IDENTIFIED,MANAGEMENT_LINE
2023,8,2023-08,2023-08-01,Financial Result,Other Financial Expenses,-4062171.8,0.0,-4062171.8,4062171.8,1.0692428505154492,11,MANAGEMENT_LINE,DRIVER_IDENTIFIED,MANAGEMENT_LINE
2023,8,2023-08,2023-08-01,Non-Core Operating Items,Fixed Asset Disposal Costs,-9254684.0,0.0,-9254684.0,9254684.0,2.436013341626693,7,MANAGEMENT_LINE,DRIVER_IDENTIFIED,MANAGEMENT_LINE
2023,8,2023-08,2023-08-01,Operating Costs,Cost of Goods Sold,-25410490.99,0.0,-25410490.99,25410490.99,6.688536860785834,5,MANAGEMENT_LINE,DRIVER_IDENTIFIED,MANAGEMENT_LINE
2023,8,2023-08,2023-08-01,Operating Costs,Energy Consumption,-92787.79,0.0,-92787.79,92787.79,0.024423556156002287,23,MANAGEMENT_LINE,DRIVER_IDENTIFIED,MANAGEMENT_LINE
2023,8,2023-08,2023-08-01,Operating Costs,Inventory Change,-728276.08,0.0,-728276.08,728276.08,0.1916964692978808,20,MANAGEMENT_LINE,DRIVER_IDENTIFIED,MANAGEMENT_LINE
2023,8,2023-08,2023-08-01,Operating Costs,Material Consumption,-6576595.59,0.0,-6576595.59,6576595.59,1.731088235937961,9,MANAGEMENT_LINE,DRIVER_IDENTIFIED,MANAGEMENT_LINE
2023,8,2023-08,2023-08-01,Operating Costs,Other Operating Costs,-1346142.5,0.0,-1346142.5,1346142.5,0.3543309625407751,17,MANAGEMENT_LINE,DRIVER_IDENTIFIED,MANAGEMENT_LINE
2023,8,2023-08,2023-08-01,Operating Costs,Other Services,1203597.18,0.0,1203597.18,1203597.18,0.31681025396699275,18,MANAGEMENT_LINE,DRIVER_IDENTIFIED,MANAGEMENT_LINE
2023,8,2023-08,2023-08-01,Operating Costs,Payroll Costs,-2795648.33,0.0,-2795648.33,2795648.33,0.7358691696417062,14,MANAGEMENT_LINE,DRIVER_IDENTIFIED,MANAGEMENT_LINE
2023,8,2023-08,2023-08-01,Operating Costs,Repairs & Maintenance,-332580.94,0.0,-332580.94,332580.94,0.08754179040697085,22,MANAGEMENT_LINE,DRIVER_IDENTIFIED,MANAGEMENT_LINE
2023,8,2023-08,2023-08-01,Operating Costs,Shortages & Damages,-4030553.13,0.0,-4030553.13,4030553.13,1.0609201998485553,12,MANAGEMENT_LINE,DRIVER_IDENTIFIED,MANAGEMENT_LINE
2023,8,2023-08,2023-08-01,Operating Costs,Social & Health Insurance,-1026349.58,0.0,-1026349.58,1026349.58,0.2701552284284318,19,MANAGEMENT_LINE,DRIVER_IDENTIFIED,MANAGEMENT_LINE
2023,8,2023-08,2023-08-01,Other Operating Income,Other Operating Income,-76331602.0,0.0,-76331602.0,76331602.0,20.09196649607256,2,MANAGEMENT_LINE,DRIVER_IDENTIFIED,MANAGEMENT_LINE
2023,8,2023-08,2023-08-01,Revenue,Sales Revenue,-8523660.959999999,0.0,-8523660.959999999,8523660.959999999,2.2435938188772933,8,MANAGEMENT_LINE,DRIVER_IDENTIFIED,MANAGEMENT_LINE
2023,8,2023-08,2023-08-01,Tax,Income Tax,-9559509.82,0.0,-9559509.82,9559509.82,2.516249443085403,6,MANAGEMENT_LINE,DRIVER_IDENTIFIED,MANAGEMENT_LINE
2023,9,2023-09,2023-09-01,Closing Accounts,Closing Balance Sheet Account,253024937.31,0.0,253024937.31,253024937.31,36.68435078382144,1,MANAGEMENT_LINE,DRIVER_IDENTIFIED,MANAGEMENT_LINE
2023,9,2023-09,2023-09-01,Closing Accounts,Opening Balance Sheet Account,-215247039.87,0.0,-215247039.87,215247039.87,31.20719245983273,2,MANAGEMENT_LINE,DRIVER_IDENTIFIED,MANAGEMENT_LINE
2023,9,2023-09,2023-09-01,Closing Accounts,Profit and Loss Account,-37777897.44,0.0,-37777897.44,37777897.44,5.477158323988719,4,MANAGEMENT_LINE,DRIVER_IDENTIFIED,MANAGEMENT_LINE
2023,9,2023-09,2023-09-01,EBITDA Adjustments,Depreciation,-31175951.0,0.0,-31175951.0,31175951.0,4.519987376193015,5,MANAGEMENT_LINE,DRIVER_IDENTIFIED,MANAGEMENT_LINE
2023,9,2023-09,2023-09-01,EBITDA Adjustments,Provisions,-622927.26,0.0,-622927.26,622927.26,0.09031395229888911,19,MANAGEMENT_LINE,DRIVER_IDENTIFIED,MANAGEMENT_LINE
2023,9,2023-09,2023-09-01,Financial Result,FX Gains,-2798737.49,0.0,-2798737.49,2798737.49,0.4057697590068103,14,MANAGEMENT_LINE,DRIVER_IDENTIFIED,MANAGEMENT_LINE
2023,9,2023-09,2023-09-01,Financial Result,FX Losses,-1178046.94,0.0,-1178046.94,1178046.94,0.17079694849927143,17,MANAGEMENT_LINE,DRIVER_IDENTIFIED,MANAGEMENT_LINE
2023,9,2023-09,2023-09-01,Financial Result,Interest Expense,-3616218.92,0.0,-3616218.92,3616218.92,0.524290786444665,13,MANAGEMENT_LINE,DRIVER_IDENTIFIED,MANAGEMENT_LINE
2023,9,2023-09,2023-09-01,Financial Result,Interest Income,-2395986.66,0.0,-2395986.66,2395986.66,0.34737767764411953,15,MANAGEMENT_LINE,DRIVER_IDENTIFIED,MANAGEMENT_LINE
2023,9,2023-09,2023-09-01,Financial Result,Other Financial Expenses,-4934695.95,0.0,-4934695.95,4934695.95,0.7154477308278678,11,MANAGEMENT_LINE,DRIVER_IDENTIFIED,MANAGEMENT_LINE
2023,9,2023-09,2023-09-01,Non-Core Operating Items,Fixed Asset Disposal Costs,-75245022.0,0.0,-75245022.0,75245022.0,10.909259818934334,3,MANAGEMENT_LINE,DRIVER_IDENTIFIED,MANAGEMENT_LINE
2023,9,2023-09,2023-09-01,Operating Costs,Cost of Goods Sold,-23771535.37,0.0,-23771535.37,23771535.37,3.4464719227049643,6,MANAGEMENT_LINE,DRIVER_IDENTIFIED,MANAGEMENT_LINE
2023,9,2023-09,2023-09-01,Operating Costs,Energy Consumption,61548.5,0.0,61548.5,61548.5,0.008923495004967636,23,MANAGEMENT_LINE,DRIVER_IDENTIFIED,MANAGEMENT_LINE
2023,9,2023-09,2023-09-01,Operating Costs,Material Consumption,-7039389.72,0.0,-7039389.72,7039389.72,1.0205928496135652,9,MANAGEMENT_LINE,DRIVER_IDENTIFIED,MANAGEMENT_LINE
2023,9,2023-09,2023-09-01,Operating Costs,Other Operating Costs,-468058.49,0.0,-468058.49,468058.49,0.06786059120121032,22,MANAGEMENT_LINE,DRIVER_IDENTIFIED,MANAGEMENT_LINE
2023,9,2023-09,2023-09-01,Operating Costs,Other Services,-478901.01,0.0,-478901.01,478901.01,0.0694325738337889,21,MANAGEMENT_LINE,DRIVER_IDENTIFIED,MANAGEMENT_LINE
2023,9,2023-09,2023-09-01,Operating Costs,Payroll Costs,-1274310.12,0.0,-1274310.12,1274310.12,0.18475348693468904,16,MANAGEMENT_LINE,DRIVER_IDENTIFIED,MANAGEMENT_LINE
2023,9,2023-09,2023-09-01,Operating Costs,Repairs & Maintenance,-487717.64,0.0,-487717.64,487717.64,0.0707108365658725,20,MANAGEMENT_LINE,DRIVER_IDENTIFIED,MANAGEMENT_LINE
2023,9,2023-09,2023-09-01,Operating Costs,Shortages & Damages,-4868531.42,0.0,-4868531.42,4868531.42,0.7058549892832156,12,MANAGEMENT_LINE,DRIVER_IDENTIFIED,MANAGEMENT_LINE
2023,9,2023-09,2023-09-01,Operating Costs,Social & Health Insurance,-941924.56,0.0,-941924.56,941924.56,0.13656318360668968,18,MANAGEMENT_LINE,DRIVER_IDENTIFIED,MANAGEMENT_LINE
2023,9,2023-09,2023-09-01,Other Operating Income,Other Operating Income,-7834103.6,0.0,-7834103.6,7834103.6,1.135812966083641,8,MANAGEMENT_LINE,DRIVER_IDENTIFIED,MANAGEMENT_LINE
2023,9,2023-09,2023-09-01,Revenue,Sales Revenue,-7926100.529999999,0.0,-7926100.529999999,7926100.529999999,1.1491509701832916,7,MANAGEMENT_LINE,DRIVER_IDENTIFIED,MANAGEMENT_LINE
2023,9,2023-09,2023-09-01,Tax,Income Tax,-6565773.75,0.0,-6565773.75,6565773.75,0.9519265174922643,10,MANAGEMENT_LINE,DRIVER_IDENTIFIED,MANAGEMENT_LINE
2023,10,2023-10,2023-10-01,Closing Accounts,Closing Balance Sheet Account,202670586.08,0.0,202670586.08,202670586.08,39.023917378599414,1,MANAGEMENT_LINE,DRIVER_IDENTIFIED,MANAGEMENT_LINE
2023,10,2023-10,2023-10-01,Closing Accounts,Opening Balance Sheet Account,-168195730.76,0.0,-168195730.76,168195730.76,32.38583569310114,2,MANAGEMENT_LINE,DRIVER_IDENTIFIED,MANAGEMENT_LINE
2023,10,2023-10,2023-10-01,Closing Accounts,Profit and Loss Account,-34474855.32,0.0,-34474855.32,34474855.32,6.638081685498269,3,MANAGEMENT_LINE,DRIVER_IDENTIFIED,MANAGEMENT_LINE
2023,10,2023-10,2023-10-01,EBITDA Adjustments,Depreciation,-16778068.82,0.0,-16778068.82,16778068.82,3.230591987066577,5,MANAGEMENT_LINE,DRIVER_IDENTIFIED,MANAGEMENT_LINE
2023,10,2023-10,2023-10-01,EBITDA Adjustments,Provisions,-281447.7,0.0,-281447.7,281447.7,0.05419233251174123,23,MANAGEMENT_LINE,DRIVER_IDENTIFIED,MANAGEMENT_LINE
2023,10,2023-10,2023-10-01,Financial Result,FX Gains,-4702277.08,0.0,-4702277.08,4702277.08,0.9054163991452041,12,MANAGEMENT_LINE,DRIVER_IDENTIFIED,MANAGEMENT_LINE
2023,10,2023-10,2023-10-01,Financial Result,FX Losses,-2864425.33,0.0,-2864425.33,2864425.33,0.5515408011449875,15,MANAGEMENT_LINE,DRIVER_IDENTIFIED,MANAGEMENT_LINE
2023,10,2023-10,2023-10-01,Financial Result,Interest Expense,-2263323.81,0.0,-2263323.81,2263323.81,0.4357996050181296,16,MANAGEMENT_LINE,DRIVER_IDENTIFIED,MANAGEMENT_LINE
2023,10,2023-10,2023-10-01,Financial Result,Interest Income,-5074917.16,0.0,-5074917.16,5074917.16,0.9771676876530222,11,MANAGEMENT_LINE,DRIVER_IDENTIFIED,MANAGEMENT_LINE
2023,10,2023-10,2023-10-01,Financial Result,Other Financial Expenses,-4616399.55,0.0,-4616399.55,4616399.55,0.888880809545264,13,MANAGEMENT_LINE,DRIVER_IDENTIFIED,MANAGEMENT_LINE
2023,10,2023-10,2023-10-01,Non-Core Operating Items,Fixed Asset Disposal Costs,-7997304.0,0.0,-7997304.0,7997304.0,1.5398688906161897,9,MANAGEMENT_LINE,DRIVER_IDENTIFIED,MANAGEMENT_LINE
2023,10,2023-10,2023-10-01,Operating Costs,Cost of Goods Sold,-25293388.71,0.0,-25293388.71,25293388.71,4.870204060367314,4,MANAGEMENT_LINE,DRIVER_IDENTIFIED,MANAGEMENT_LINE
2023,10,2023-10,2023-10-01,Operating Costs,Energy Consumption,-915631.88,0.0,-915631.88,915631.88,0.17630354520328553,18,MANAGEMENT_LINE,DRIVER_IDENTIFIED,MANAGEMENT_LINE
2023,10,2023-10,2023-10-01,Operating Costs,Inventory Change,-254739.18,0.0,-254739.18,254739.18,0.04904964704393855,24,MANAGEMENT_LINE,DRIVER_IDENTIFIED,MANAGEMENT_LINE
2023,10,2023-10,2023-10-01,Operating Costs,Material Consumption,-6898432.45,0.0,-6898432.45,6898432.45,1.3282828217824687,10,MANAGEMENT_LINE,DRIVER_IDENTIFIED,MANAGEMENT_LINE
2023,10,2023-10,2023-10-01,Operating Costs,Other Operating Costs,-1580530.84,0.0,-1580530.84,1580530.84,0.30432884271692995,17,MANAGEMENT_LINE,DRIVER_IDENTIFIED,MANAGEMENT_LINE
2023,10,2023-10,2023-10-01,Operating Costs,Other Services,-515153.97,0.0,-515153.97,515153.97,0.09919212428093592,22,MANAGEMENT_LINE,DRIVER_IDENTIFIED,MANAGEMENT_LINE
2023,10,2023-10,2023-10-01,Operating Costs,Payroll Costs,-758195.28,0.0,-758195.28,758195.28,0.14598936400117232,21,MANAGEMENT_LINE,DRIVER_IDENTIFIED,MANAGEMENT_LINE
2023,10,2023-10,2023-10-01,Operating Costs,Repairs & Maintenance,778792.8,0.0,778792.8,778792.8,0.14995538558442648,20,MANAGEMENT_LINE,DRIVER_IDENTIFIED,MANAGEMENT_LINE
2023,10,2023-10,2023-10-01,Operating Costs,Shortages & Damages,-3639746.09,0.0,-3639746.09,3639746.09,0.7008276506348782,14,MANAGEMENT_LINE,DRIVER_IDENTIFIED,MANAGEMENT_LINE
2023,10,2023-10,2023-10-01,Operating Costs,Social & Health Insurance,-783426.21,0.0,-783426.21,783426.21,0.15084754173060647,19,MANAGEMENT_LINE,DRIVER_IDENTIFIED,MANAGEMENT_LINE
2023,10,2023-10,2023-10-01,Other Operating Income,Other Operating Income,-11252625.2,0.0,-11252625.2,11252625.2,2.1666761052529426,6,MANAGEMENT_LINE,DRIVER_IDENTIFIED,MANAGEMENT_LINE
2023,10,2023-10,2023-10-01,Revenue,Sales Revenue,-8132192.73,0.0,-8132192.73,8132192.73,1.5658415132677392,8,MANAGEMENT_LINE,DRIVER_IDENTIFIED,MANAGEMENT_LINE
2023,10,2023-10,2023-10-01,Tax,Income Tax,-8627478.93,0.0,-8627478.93,8627478.93,1.6612081282334212,7,MANAGEMENT_LINE,DRIVER_IDENTIFIED,MANAGEMENT_LINE
2023,11,2023-11,2023-11-01,Closing Accounts,Closing Balance Sheet Account,237403281.39,0.0,237403281.39,237403281.39,30.27675367364779,1,MANAGEMENT_LINE,DRIVER_IDENTIFIED,MANAGEMENT_LINE
2023,11,2023-11,2023-11-01,Closing Accounts,Opening Balance Sheet Account,-198410067.79,0.0,-198410067.79,198410067.79,25.303832001298648,3,MANAGEMENT_LINE,DRIVER_IDENTIFIED,MANAGEMENT_LINE
2023,11,2023-11,2023-11-01,Closing Accounts,Profit and Loss Account,-38993213.6,0.0,-38993213.6,38993213.6,4.972921672349143,4,MANAGEMENT_LINE,DRIVER_IDENTIFIED,MANAGEMENT_LINE
2023,11,2023-11,2023-11-01,EBITDA Adjustments,Depreciation,-1257596.48,0.0,-1257596.48,1257596.48,0.16038505711829804,17,MANAGEMENT_LINE,DRIVER_IDENTIFIED,MANAGEMENT_LINE
2023,11,2023-11,2023-11-01,EBITDA Adjustments,Provisions,-1631127.4500000002,0.0,-1631127.4500000002,1631127.4500000002,0.20802258387004538,15,MANAGEMENT_LINE,DRIVER_IDENTIFIED,MANAGEMENT_LINE
2023,11,2023-11,2023-11-01,Financial Result,FX Gains,-2683488.63,0.0,-2683488.63,2683488.63,0.34223336661919834,13,MANAGEMENT_LINE,DRIVER_IDENTIFIED,MANAGEMENT_LINE
2023,11,2023-11,2023-11-01,Financial Result,FX Losses,-910505.08,0.0,-910505.08,910505.08,0.11611944815740936,18,MANAGEMENT_LINE,DRIVER_IDENTIFIED,MANAGEMENT_LINE
2023,11,2023-11,2023-11-01,Financial Result,Interest Expense,-2181687.69,0.0,-2181687.69,2181687.69,0.2782371852495466,14,MANAGEMENT_LINE,DRIVER_IDENTIFIED,MANAGEMENT_LINE
2023,11,2023-11,2023-11-01,Financial Result,Interest Income,-4620982.92,0.0,-4620982.92,4620982.92,0.5893278339701457,11,MANAGEMENT_LINE,DRIVER_IDENTIFIED,MANAGEMENT_LINE
2023,11,2023-11,2023-11-01,Financial Result,Other Financial Expenses,-6153986.4,0.0,-6153986.4,6153986.4,0.7848363731657624,9,MANAGEMENT_LINE,DRIVER_IDENTIFIED,MANAGEMENT_LINE
2023,11,2023-11,2023-11-01,Non-Core Operating Items,Fixed Asset Disposal Costs,-226674054.0,0.0,-226674054.0,226674054.0,28.908423072260963,2,MANAGEMENT_LINE,DRIVER_IDENTIFIED,MANAGEMENT_LINE
2023,11,2023-11,2023-11-01,Operating Costs,Cost of Goods Sold,-24456682.69,0.0,-24456682.69,24456682.69,3.1190342152991244,5,MANAGEMENT_LINE,DRIVER_IDENTIFIED,MANAGEMENT_LINE
2023,11,2023-11,2023-11-01,Operating Costs,Inventory Change,-374711.7,0.0,-374711.7,374711.7,0.04778810879575184,23,MANAGEMENT_LINE,DRIVER_IDENTIFIED,MANAGEMENT_LINE
2023,11,2023-11,2023-11-01,Operating Costs,Material Consumption,-6809360.64,0.0,-6809360.64,6809360.64,0.868418218843528,8,MANAGEMENT_LINE,DRIVER_IDENTIFIED,MANAGEMENT_LINE
2023,11,2023-11,2023-11-01,Operating Costs,Other Operating Costs,-505000.9,0.0,-505000.9,505000.9,0.06440428188165088,20,MANAGEMENT_LINE,DRIVER_IDENTIFIED,MANAGEMENT_LINE
2023,11,2023-11,2023-11-01,Operating Costs,Other Services,-414517.13,0.0,-414517.13,414517.13,0.05286461486562285,22,MANAGEMENT_LINE,DRIVER_IDENTIFIED,MANAGEMENT_LINE
2023,11,2023-11,2023-11-01,Operating Costs,Payroll Costs,-1540251.33,0.0,-1540251.33,1540251.33,0.19643287927983427,16,MANAGEMENT_LINE,DRIVER_IDENTIFIED,MANAGEMENT_LINE
2023,11,2023-11,2023-11-01,Operating Costs,Repairs & Maintenance,-479509.85,0.0,-479509.85,479509.85,0.0611533316959002,21,MANAGEMENT_LINE,DRIVER_IDENTIFIED,MANAGEMENT_LINE
2023,11,2023-11,2023-11-01,Operating Costs,Shortages & Damages,-4979760.06,0.0,-4979760.06,4979760.06,0.6350837604590935,10,MANAGEMENT_LINE,DRIVER_IDENTIFIED,MANAGEMENT_LINE
2023,11,2023-11,2023-11-01,Operating Costs,Social & Health Insurance,-856951.39,0.0,-856951.39,856951.39,0.10928958518773438,19,MANAGEMENT_LINE,DRIVER_IDENTIFIED,MANAGEMENT_LINE
2023,11,2023-11,2023-11-01,Other Operating Income,Other Operating Income,-4011890.8,0.0,-4011890.8,4011890.8,0.5116484860949788,12,MANAGEMENT_LINE,DRIVER_IDENTIFIED,MANAGEMENT_LINE
2023,11,2023-11,2023-11-01,Revenue,Sales Revenue,-7618366.85,0.0,-7618366.85,7618366.85,0.9715932111907615,7,MANAGEMENT_LINE,DRIVER_IDENTIFIED,MANAGEMENT_LINE
2023,11,2023-11,2023-11-01,Tax,Income Tax,-11143758.81,0.0,-11143758.81,11143758.81,1.4211970386990802,6,MANAGEMENT_LINE,DRIVER_IDENTIFIED,MANAGEMENT_LINE
2023,12,2023-12,2023-12-01,Closing Accounts,Closing Balance Sheet Account,235426359.88,0.0,235426359.88,235426359.88,39.685254943757165,1,MANAGEMENT_LINE,DRIVER_IDENTIFIED,MANAGEMENT_LINE
2023,12,2023-12,2023-12-01,Closing Accounts,Opening Balance Sheet Account,-222361744.79,0.0,-222361744.79,222361744.79,37.48298421734837,2,MANAGEMENT_LINE,DRIVER_IDENTIFIED,MANAGEMENT_LINE
2023,12,2023-12,2023-12-01,Closing Accounts,Profit and Loss Account,-13064615.09,0.0,-13064615.09,13064615.09,2.2022707264087993,5,MANAGEMENT_LINE,DRIVER_IDENTIFIED,MANAGEMENT_LINE
2023,12,2023-12,2023-12-01,EBITDA Adjustments,Depreciation,-9559562.4,0.0,-9559562.4,9559562.4,1.611432429181367,6,MANAGEMENT_LINE,DRIVER_IDENTIFIED,MANAGEMENT_LINE
2023,12,2023-12,2023-12-01,EBITDA Adjustments,Provisions,-1077005.99,0.0,-1077005.99,1077005.99,0.18154830797574825,17,MANAGEMENT_LINE,DRIVER_IDENTIFIED,MANAGEMENT_LINE
2023,12,2023-12,2023-12-01,Financial Result,FX Gains,-2767395.61,0.0,-2767395.61,2767395.61,0.4664932183849912,13,MANAGEMENT_LINE,DRIVER_IDENTIFIED,MANAGEMENT_LINE
2023,12,2023-12,2023-12-01,Financial Result,FX Losses,-1302725.52,0.0,-1302725.52,1302725.52,0.21959730596561194,16,MANAGEMENT_LINE,DRIVER_IDENTIFIED,MANAGEMENT_LINE
2023,12,2023-12,2023-12-01,Financial Result,Interest Expense,-1476298.94,0.0,-1476298.94,1476298.94,0.24885615967966038,15,MANAGEMENT_LINE,DRIVER_IDENTIFIED,MANAGEMENT_LINE
2023,12,2023-12,2023-12-01,Financial Result,Interest Income,-5068693.96,0.0,-5068693.96,5068693.96,0.8544175432904464,12,MANAGEMENT_LINE,DRIVER_IDENTIFIED,MANAGEMENT_LINE
2023,12,2023-12,2023-12-01,Financial Result,Other Financial Expenses,-5597496.73,0.0,-5597496.73,5597496.73,0.9435565536931544,10,MANAGEMENT_LINE,DRIVER_IDENTIFIED,MANAGEMENT_LINE
2023,12,2023-12,2023-12-01,Non-Core Operating Items,Fixed Asset Disposal Costs,-109333.0,0.0,-109333.0,109333.0,0.01843000070585725,24,MANAGEMENT_LINE,DRIVER_IDENTIFIED,MANAGEMENT_LINE
2023,12,2023-12,2023-12-01,Operating Costs,Cost of Goods Sold,-22518046.68,0.0,-22518046.68,22518046.68,3.7958129403467065,4,MANAGEMENT_LINE,DRIVER_IDENTIFIED,MANAGEMENT_LINE
2023,12,2023-12,2023-12-01,Operating Costs,Energy Consumption,-493181.55,0.0,-493181.55,493181.55,0.0831344270679097,20,MANAGEMENT_LINE,DRIVER_IDENTIFIED,MANAGEMENT_LINE
2023,12,2023-12,2023-12-01,Operating Costs,Inventory Change,-148211.12,0.0,-148211.12,148211.12,0.024983591836096084,22,MANAGEMENT_LINE,DRIVER_IDENTIFIED,MANAGEMENT_LINE
2023,12,2023-12,2023-12-01,Operating Costs,Material Consumption,-6706150.72,0.0,-6706150.72,6706150.72,1.1304396888696466,9,MANAGEMENT_LINE,DRIVER_IDENTIFIED,MANAGEMENT_LINE
2023,12,2023-12,2023-12-01,Operating Costs,Other Operating Costs,-857638.96,0.0,-857638.96,857638.96,0.14457013562392576,18,MANAGEMENT_LINE,DRIVER_IDENTIFIED,MANAGEMENT_LINE
2023,12,2023-12,2023-12-01,Operating Costs,Other Services,144088.29,0.0,144088.29,144088.29,0.02428861630437072,23,MANAGEMENT_LINE,DRIVER_IDENTIFIED,MANAGEMENT_LINE
2023,12,2023-12,2023-12-01,Operating Costs,Payroll Costs,-1485590.54,0.0,-1485590.54,1485590.54,0.2504224223319112,14,MANAGEMENT_LINE,DRIVER_IDENTIFIED,MANAGEMENT_LINE
2023,12,2023-12,2023-12-01,Operating Costs,Repairs & Maintenance,257901.36,0.0,257901.36,257901.36,0.04347381162907397,21,MANAGEMENT_LINE,DRIVER_IDENTIFIED,MANAGEMENT_LINE
2023,12,2023-12,2023-12-01,Operating Costs,Shortages & Damages,-5496840.43,0.0,-5496840.43,5496840.43,0.9265891634262726,11,MANAGEMENT_LINE,DRIVER_IDENTIFIED,MANAGEMENT_LINE
2023,12,2023-12,2023-12-01,Operating Costs,Social & Health Insurance,-500804.01,0.0,-500804.01,500804.01,0.08441932680705863,19,MANAGEMENT_LINE,DRIVER_IDENTIFIED,MANAGEMENT_LINE
2023,12,2023-12,2023-12-01,Other Operating Income,Other Operating Income,-40297060.0,0.0,-40297060.0,40297060.0,6.792778431433985,3,MANAGEMENT_LINE,DRIVER_IDENTIFIED,MANAGEMENT_LINE
2023,12,2023-12,2023-12-01,Revenue,Sales Revenue,-7494819.48,0.0,-7494819.48,7494819.48,1.2633836838527495,8,MANAGEMENT_LINE,DRIVER_IDENTIFIED,MANAGEMENT_LINE
2023,12,2023-12,2023-12-01,Tax,Income Tax,-9022270.07,0.0,-9022270.07,9022270.07,1.520862354079141,7,MANAGEMENT_LINE,DRIVER_IDENTIFIED,MANAGEMENT_LINE
2024,1,2024-01,2024-01-01,Closing Accounts,Closing Balance Sheet Account,234228228.37,0.0,234228228.37,234228228.37,33.36044226157765,1,MANAGEMENT_LINE,DRIVER_IDENTIFIED,MANAGEMENT_LINE
2024,1,2024-01,2024-01-01,Closing Accounts,Opening Balance Sheet Account,-192307683.86,0.0,-192307683.86,192307683.86,27.38982157921216,2,MANAGEMENT_LINE,DRIVER_IDENTIFIED,MANAGEMENT_LINE
2024,1,2024-01,2024-01-01,Closing Accounts,Profit and Loss Account,-41920544.51,0.0,-41920544.51,41920544.51,5.970620682365499,5,MANAGEMENT_LINE,DRIVER_IDENTIFIED,MANAGEMENT_LINE
2024,1,2024-01,2024-01-01,EBITDA Adjustments,Depreciation,-2390574.41,0.0,-2390574.41,2390574.41,0.3404825290777145,14,MANAGEMENT_LINE,DRIVER_IDENTIFIED,MANAGEMENT_LINE
2024,1,2024-01,2024-01-01,EBITDA Adjustments,Provisions,-2877893.21,0.0,-2877893.21,2877893.21,0.4098899220444604,13,MANAGEMENT_LINE,DRIVER_IDENTIFIED,MANAGEMENT_LINE
2024,1,2024-01,2024-01-01,Financial Result,FX Gains,-702415.15,0.0,-702415.15,702415.15,0.10004293768647099,19,MANAGEMENT_LINE,DRIVER_IDENTIFIED,MANAGEMENT_LINE
2024,1,2024-01,2024-01-01,Financial Result,FX Losses,-2101295.45,0.0,-2101295.45,2101295.45,0.2992813719425258,16,MANAGEMENT_LINE,DRIVER_IDENTIFIED,MANAGEMENT_LINE
2024,1,2024-01,2024-01-01,Financial Result,Interest Expense,-3877761.04,0.0,-3877761.04,3877761.04,0.5522981759259392,12,MANAGEMENT_LINE,DRIVER_IDENTIFIED,MANAGEMENT_LINE
2024,1,2024-01,2024-01-01,Financial Result,Interest Income,-5558123.47,0.0,-5558123.47,5558123.47,0.7916272875989675,10,MANAGEMENT_LINE,DRIVER_IDENTIFIED,MANAGEMENT_LINE
2024,1,2024-01,2024-01-01,Financial Result,Other Financial Expenses,-2364566.07,0.0,-2364566.07,2364566.07,0.33677823719570055,15,MANAGEMENT_LINE,DRIVER_IDENTIFIED,MANAGEMENT_LINE
2024,1,2024-01,2024-01-01,Non-Core Operating Items,Fixed Asset Disposal Costs,-103982604.0,0.0,-103982604.0,103982604.0,14.809938499260713,3,MANAGEMENT_LINE,DRIVER_IDENTIFIED,MANAGEMENT_LINE
2024,1,2024-01,2024-01-01,Operating Costs,Cost of Goods Sold,-26000528.15,0.0,-26000528.15,26000528.15,3.703179263040931,6,MANAGEMENT_LINE,DRIVER_IDENTIFIED,MANAGEMENT_LINE
2024,1,2024-01,2024-01-01,Operating Costs,Energy Consumption,205198.02,0.0,205198.02,205198.02,0.0292257544961085,23,MANAGEMENT_LINE,DRIVER_IDENTIFIED,MANAGEMENT_LINE
2024,1,2024-01,2024-01-01,Operating Costs,Inventory Change,-402585.07,0.0,-402585.07,402585.07,0.05733901535511238,20,MANAGEMENT_LINE,DRIVER_IDENTIFIED,MANAGEMENT_LINE
2024,1,2024-01,2024-01-01,Operating Costs,Material Consumption,-6888421.18,0.0,-6888421.18,6888421.18,0.9810977039275235,9,MANAGEMENT_LINE,DRIVER_IDENTIFIED,MANAGEMENT_LINE
2024,1,2024-01,2024-01-01,Operating Costs,Other Operating Costs,-325173.44,0.0,-325173.44,325173.44,0.04631350305473254,21,MANAGEMENT_LINE,DRIVER_IDENTIFIED,MANAGEMENT_LINE
2024,1,2024-01,2024-01-01,Operating Costs,Other Services,-722796.95,0.0,-722796.95,722796.95,0.10294585791439904,18,MANAGEMENT_LINE,DRIVER_IDENTIFIED,MANAGEMENT_LINE
2024,1,2024-01,2024-01-01,Operating Costs,Payroll Costs,-1816830.41,0.0,-1816830.41,1816830.41,0.2587658473689179,17,MANAGEMENT_LINE,DRIVER_IDENTIFIED,MANAGEMENT_LINE
2024,1,2024-01,2024-01-01,Operating Costs,Shortages & Damages,-4828622.41,0.0,-4828622.41,4828622.41,0.6877265828835375,11,MANAGEMENT_LINE,DRIVER_IDENTIFIED,MANAGEMENT_LINE
2024,1,2024-01,2024-01-01,Operating Costs,Social & Health Insurance,319843.84,0.0,319843.84,319843.84,0.045554423697327144,22,MANAGEMENT_LINE,DRIVER_IDENTIFIED,MANAGEMENT_LINE
2024,1,2024-01,2024-01-01,Other Operating Income,Other Operating Income,-51858404.4,0.0,-51858404.4,51858404.4,7.386041032726889,4,MANAGEMENT_LINE,DRIVER_IDENTIFIED,MANAGEMENT_LINE
2024,1,2024-01,2024-01-01,Revenue,Sales Revenue,-7546906.210000001,0.0,-7546906.210000001,7546906.210000001,1.0748838029656267,8,MANAGEMENT_LINE,DRIVER_IDENTIFIED,MANAGEMENT_LINE
2024,1,2024-01,2024-01-01,Tax,Income Tax,-8886679.01,0.0,-8886679.01,8886679.01,1.265703728681108,7,MANAGEMENT_LINE,DRIVER_IDENTIFIED,MANAGEMENT_LINE
2024,2,2024-02,2024-02-01,Closing Accounts,Closing Balance Sheet Account,87054804.98,0.0,87054804.98,87054804.98,31.347165173236007,1,MANAGEMENT_LINE,DRIVER_IDENTIFIED,MANAGEMENT_LINE
2024,2,2024-02,2024-02-01,Closing Accounts,Opening Balance Sheet Account,-69490492.7,0.0,-69490492.7,69490492.7,25.0225125785636,2,MANAGEMENT_LINE,DRIVER_IDENTIFIED,MANAGEMENT_LINE
2024,2,2024-02,2024-02-01,Closing Accounts,Profit and Loss Account,-17564312.28,0.0,-17564312.28,17564312.28,6.324652594672409,5,MANAGEMENT_LINE,DRIVER_IDENTIFIED,MANAGEMENT_LINE
2024,2,2024-02,2024-02-01,EBITDA Adjustments,Depreciation,-6056124.8,0.0,-6056124.8,6056124.8,2.180722183674357,10,MANAGEMENT_LINE,DRIVER_IDENTIFIED,MANAGEMENT_LINE
2024,2,2024-02,2024-02-01,EBITDA Adjustments,Provisions,-1558832.71,0.0,-1558832.71,1558832.71,0.561312916030762,16,MANAGEMENT_LINE,DRIVER_IDENTIFIED,MANAGEMENT_LINE
2024,2,2024-02,2024-02-01,Financial Result,FX Gains,-876555.79,0.0,-876555.79,876555.79,0.3156349513274893,17,MANAGEMENT_LINE,DRIVER_IDENTIFIED,MANAGEMENT_LINE
2024,2,2024-02,2024-02-01,Financial Result,FX Losses,-2938360.31,0.0,-2938360.31,2938360.31,1.0580606779512305,14,MANAGEMENT_LINE,DRIVER_IDENTIFIED,MANAGEMENT_LINE
2024,2,2024-02,2024-02-01,Financial Result,Interest Expense,-5010725.89,0.0,-5010725.89,5010725.89,1.80428928819869,11,MANAGEMENT_LINE,DRIVER_IDENTIFIED,MANAGEMENT_LINE
2024,2,2024-02,2024-02-01,Financial Result,Interest Income,-6135896.37,0.0,-6135896.37,6135896.37,2.2094467621912215,8,MANAGEMENT_LINE,DRIVER_IDENTIFIED,MANAGEMENT_LINE
2024,2,2024-02,2024-02-01,Financial Result,Other Financial Expenses,-2835354.93,0.0,-2835354.93,2835354.93,1.0209699434267692,15,MANAGEMENT_LINE,DRIVER_IDENTIFIED,MANAGEMENT_LINE
2024,2,2024-02,2024-02-01,Non-Core Operating Items,Fixed Asset Disposal Costs,-21451180.0,0.0,-21451180.0,21451180.0,7.72425695256341,4,MANAGEMENT_LINE,DRIVER_IDENTIFIED,MANAGEMENT_LINE
2024,2,2024-02,2024-02-01,Operating Costs,Cost of Goods Sold,-24349381.43,0.0,-24349381.43,24349381.43,8.76785700373107,3,MANAGEMENT_LINE,DRIVER_IDENTIFIED,MANAGEMENT_LINE
2024,2,2024-02,2024-02-01,Operating Costs,Inventory Change,-572466.31,0.0,-572466.31,572466.31,0.20613676614180762,19,MANAGEMENT_LINE,DRIVER_IDENTIFIED,MANAGEMENT_LINE
2024,2,2024-02,2024-02-01,Operating Costs,Material Consumption,-6656038.15,0.0,-6656038.15,6656038.15,2.3967422284771653,7,MANAGEMENT_LINE,DRIVER_IDENTIFIED,MANAGEMENT_LINE
2024,2,2024-02,2024-02-01,Operating Costs,Other Operating Costs,-426323.76,0.0,-426323.76,426323.76,0.15351296605701759,20,MANAGEMENT_LINE,DRIVER_IDENTIFIED,MANAGEMENT_LINE
2024,2,2024-02,2024-02-01,Operating Costs,Other Services,-834536.37,0.0,-834536.37,834536.37,0.3005043712345675,18,MANAGEMENT_LINE,DRIVER_IDENTIFIED,MANAGEMENT_LINE
2024,2,2024-02,2024-02-01,Operating Costs,Payroll Costs,-320355.11,0.0,-320355.11,320355.11,0.11535520123865986,21,MANAGEMENT_LINE,DRIVER_IDENTIFIED,MANAGEMENT_LINE
2024,2,2024-02,2024-02-01,Operating Costs,Repairs & Maintenance,-64572.22,0.0,-64572.22,64572.22,0.02325151433522324,23,MANAGEMENT_LINE,DRIVER_IDENTIFIED,MANAGEMENT_LINE
2024,2,2024-02,2024-02-01,Operating Costs,Shortages & Damages,-4455408.82,0.0,-4455408.82,4455408.82,1.6043277131792908,12,MANAGEMENT_LINE,DRIVER_IDENTIFIED,MANAGEMENT_LINE
2024,2,2024-02,2024-02-01,Operating Costs,Social & Health Insurance,-316506.1,0.0,-316506.1,316506.1,0.11396922889340957,22,MANAGEMENT_LINE,DRIVER_IDENTIFIED,MANAGEMENT_LINE
2024,2,2024-02,2024-02-01,Other Operating Income,Other Operating Income,-4074010.8,0.0,-4074010.8,4074010.8,1.4669918506449724,13,MANAGEMENT_LINE,DRIVER_IDENTIFIED,MANAGEMENT_LINE
2024,2,2024-02,2024-02-01,Revenue,Sales Revenue,-8537780.29,0.0,-8537780.29,8537780.29,3.0743301191119246,6,MANAGEMENT_LINE,DRIVER_IDENTIFIED,MANAGEMENT_LINE
2024,2,2024-02,2024-02-01,Tax,Income Tax,-6131870.25,0.0,-6131870.25,6131870.25,2.2079970151189463,9,MANAGEMENT_LINE,DRIVER_IDENTIFIED,MANAGEMENT_LINE
2024,3,2024-03,2024-03-01,Closing Accounts,Closing Balance Sheet Account,149651912.42,0.0,149651912.42,149651912.42,31.405859655159183,1,MANAGEMENT_LINE,DRIVER_IDENTIFIED,MANAGEMENT_LINE
2024,3,2024-03,2024-03-01,Closing Accounts,Opening Balance Sheet Account,-122553983.77,0.0,-122553983.77,122553983.77,25.719104769334677,2,MANAGEMENT_LINE,DRIVER_IDENTIFIED,MANAGEMENT_LINE
2024,3,2024-03,2024-03-01,Closing Accounts,Profit and Loss Account,-27097928.65,0.0,-27097928.65,27097928.65,5.686754885824515,4,MANAGEMENT_LINE,DRIVER_IDENTIFIED,MANAGEMENT_LINE
2024,3,2024-03,2024-03-01,EBITDA Adjustments,Depreciation,-2667017.45,0.0,-2667017.45,2667017.45,0.5596986659113792,14,MANAGEMENT_LINE,DRIVER_IDENTIFIED,MANAGEMENT_LINE
2024,3,2024-03,2024-03-01,EBITDA Adjustments,Provisions,-2277868.03,0.0,-2277868.03,2277868.03,0.47803200444495825,15,MANAGEMENT_LINE,DRIVER_IDENTIFIED,MANAGEMENT_LINE
2024,3,2024-03,2024-03-01,Financial Result,FX Gains,-869558.57,0.0,-869558.57,869558.57,0.18248503456953627,19,MANAGEMENT_LINE,DRIVER_IDENTIFIED,MANAGEMENT_LINE
2024,3,2024-03,2024-03-01,Financial Result,FX Losses,-1844801.17,0.0,-1844801.17,1844801.17,0.3871488556330035,16,MANAGEMENT_LINE,DRIVER_IDENTIFIED,MANAGEMENT_LINE
2024,3,2024-03,2024-03-01,Financial Result,Interest Expense,-6020709.18,0.0,-6020709.18,6020709.18,1.263502380116183,10,MANAGEMENT_LINE,DRIVER_IDENTIFIED,MANAGEMENT_LINE
2024,3,2024-03,2024-03-01,Financial Result,Interest Income,-3781009.52,0.0,-3781009.52,3781009.52,0.7934803666703507,13,MANAGEMENT_LINE,DRIVER_IDENTIFIED,MANAGEMENT_LINE
2024,3,2024-03,2024-03-01,Financial Result,Other Financial Expenses,-4383158.28,0.0,-4383158.28,4383158.28,0.9198469405569188,12,MANAGEMENT_LINE,DRIVER_IDENTIFIED,MANAGEMENT_LINE
2024,3,2024-03,2024-03-01,Non-Core Operating Items,Fixed Asset Disposal Costs,-6809095.0,0.0,-6809095.0,6809095.0,1.428952550559368,8,MANAGEMENT_LINE,DRIVER_IDENTIFIED,MANAGEMENT_LINE
2024,3,2024-03,2024-03-01,Operating Costs,Cost of Goods Sold,-24817445.65,0.0,-24817445.65,24817445.65,5.208174105359962,5,MANAGEMENT_LINE,DRIVER_IDENTIFIED,MANAGEMENT_LINE
2024,3,2024-03,2024-03-01,Operating Costs,Energy Consumption,-42305.23,0.0,-42305.23,42305.23,0.008878149931892666,24,MANAGEMENT_LINE,DRIVER_IDENTIFIED,MANAGEMENT_LINE
2024,3,2024-03,2024-03-01,Operating Costs,Inventory Change,-584538.81,0.0,-584538.81,584538.81,0.12267096045075562,20,MANAGEMENT_LINE,DRIVER_IDENTIFIED,MANAGEMENT_LINE
2024,3,2024-03,2024-03-01,Operating Costs,Material Consumption,-6893397.51,0.0,-6893397.51,6893397.51,1.4466442242227633,7,MANAGEMENT_LINE,DRIVER_IDENTIFIED,MANAGEMENT_LINE
2024,3,2024-03,2024-03-01,Operating Costs,Other Operating Costs,-119933.2,0.0,-119933.2,119933.2,0.025169108675491648,23,MANAGEMENT_LINE,DRIVER_IDENTIFIED,MANAGEMENT_LINE
2024,3,2024-03,2024-03-01,Operating Costs,Other Services,-442793.02,0.0,-442793.02,442793.02,0.09292427485574592,22,MANAGEMENT_LINE,DRIVER_IDENTIFIED,MANAGEMENT_LINE
2024,3,2024-03,2024-03-01,Operating Costs,Payroll Costs,-1610482.59,0.0,-1610482.59,1610482.59,0.3379749004253806,17,MANAGEMENT_LINE,DRIVER_IDENTIFIED,MANAGEMENT_LINE
2024,3,2024-03,2024-03-01,Operating Costs,Repairs & Maintenance,1554828.15,0.0,1554828.15,1554828.15,0.32629529337217406,18,MANAGEMENT_LINE,DRIVER_IDENTIFIED,MANAGEMENT_LINE
2024,3,2024-03,2024-03-01,Operating Costs,Shortages & Damages,-5985532.09,0.0,-5985532.09,5985532.09,1.2561201373252164,11,MANAGEMENT_LINE,DRIVER_IDENTIFIED,MANAGEMENT_LINE
2024,3,2024-03,2024-03-01,Operating Costs,Social & Health Insurance,-471917.65,0.0,-471917.65,471917.65,0.09903635205875129,21,MANAGEMENT_LINE,DRIVER_IDENTIFIED,MANAGEMENT_LINE
2024,3,2024-03,2024-03-01,Other Operating Income,Other Operating Income,-90505149.2,0.0,-90505149.2,90505149.2,18.993355767263658,3,MANAGEMENT_LINE,DRIVER_IDENTIFIED,MANAGEMENT_LINE
2024,3,2024-03,2024-03-01,Revenue,Sales Revenue,-9478969.420000002,0.0,-9478969.420000002,9478969.420000002,1.9892507784636952,6,MANAGEMENT_LINE,DRIVER_IDENTIFIED,MANAGEMENT_LINE
2024,3,2024-03,2024-03-01,Tax,Income Tax,-6045189.66,0.0,-6045189.66,6045189.66,1.2686398388144269,9,MANAGEMENT_LINE,DRIVER_IDENTIFIED,MANAGEMENT_LINE
2024,4,2024-04,2024-04-01,Closing Accounts,Closing Balance Sheet Account,199959523.31,0.0,199959523.31,199959523.31,29.497313886484843,1,MANAGEMENT_LINE,DRIVER_IDENTIFIED,MANAGEMENT_LINE
2024,4,2024-04,2024-04-01,Closing Accounts,Opening Balance Sheet Account,-188178531.97,0.0,-188178531.97,188178531.97,27.759424169118425,2,MANAGEMENT_LINE,DRIVER_IDENTIFIED,MANAGEMENT_LINE
2024,4,2024-04,2024-04-01,Closing Accounts,Profit and Loss Account,-11780991.34,0.0,-11780991.34,11780991.34,1.7378897173664185,7,MANAGEMENT_LINE,DRIVER_IDENTIFIED,MANAGEMENT_LINE
2024,4,2024-04,2024-04-01,EBITDA Adjustments,Depreciation,-15235827.26,0.0,-15235827.26,15235827.26,2.2475347588809087,5,MANAGEMENT_LINE,DRIVER_IDENTIFIED,MANAGEMENT_LINE
2024,4,2024-04,2024-04-01,EBITDA Adjustments,Provisions,-3325011.83,0.0,-3325011.83,3325011.83,0.4904938559677015,15,MANAGEMENT_LINE,DRIVER_IDENTIFIED,MANAGEMENT_LINE
2024,4,2024-04,2024-04-01,Financial Result,FX Gains,-354150.54,0.0,-354150.54,354150.54,0.05224302133013574,21,MANAGEMENT_LINE,DRIVER_IDENTIFIED,MANAGEMENT_LINE
2024,4,2024-04,2024-04-01,Financial Result,FX Losses,-2507576.7,0.0,-2507576.7,2507576.7,0.3699087484803819,16,MANAGEMENT_LINE,DRIVER_IDENTIFIED,MANAGEMENT_LINE
2024,4,2024-04,2024-04-01,Financial Result,Interest Expense,-4804612.03,0.0,-4804612.03,4804612.03,0.7087591868879173,13,MANAGEMENT_LINE,DRIVER_IDENTIFIED,MANAGEMENT_LINE
2024,4,2024-04,2024-04-01,Financial Result,Interest Income,-5238086.65,0.0,-5238086.65,5238086.65,0.7727038128617546,12,MANAGEMENT_LINE,DRIVER_IDENTIFIED,MANAGEMENT_LINE
2024,4,2024-04,2024-04-01,Financial Result,Other Financial Expenses,-4225542.57,0.0,-4225542.57,4225542.57,0.6233369307185205,14,MANAGEMENT_LINE,DRIVER_IDENTIFIED,MANAGEMENT_LINE
2024,4,2024-04,2024-04-01,Non-Core Operating Items,Fixed Asset Disposal Costs,-174766236.0,0.0,-174766236.0,174766236.0,25.7808902257654,3,MANAGEMENT_LINE,DRIVER_IDENTIFIED,MANAGEMENT_LINE
2024,4,2024-04,2024-04-01,Operating Costs,Cost of Goods Sold,-23171953.14,0.0,-23171953.14,23171953.14,3.4182436716146922,4,MANAGEMENT_LINE,DRIVER_IDENTIFIED,MANAGEMENT_LINE
2024,4,2024-04,2024-04-01,Operating Costs,Energy Consumption,-227819.87,0.0,-227819.87,227819.87,0.03360717261037849,22,MANAGEMENT_LINE,DRIVER_IDENTIFIED,MANAGEMENT_LINE
2024,4,2024-04,2024-04-01,Operating Costs,Inventory Change,-422130.88,0.0,-422130.88,422130.88,0.062271238010674704,20,MANAGEMENT_LINE,DRIVER_IDENTIFIED,MANAGEMENT_LINE
2024,4,2024-04,2024-04-01,Operating Costs,Material Consumption,-6726707.0,0.0,-6726707.0,6726707.0,0.9922997640567581,9,MANAGEMENT_LINE,DRIVER_IDENTIFIED,MANAGEMENT_LINE
2024,4,2024-04,2024-04-01,Operating Costs,Other Operating Costs,-491316.98,0.0,-491316.98,491316.98,0.07247732409499609,19,MANAGEMENT_LINE,DRIVER_IDENTIFIED,MANAGEMENT_LINE
2024,4,2024-04,2024-04-01,Operating Costs,Other Services,174452.27,0.0,174452.27,174452.27,0.02573457508408882,23,MANAGEMENT_LINE,DRIVER_IDENTIFIED,MANAGEMENT_LINE
2024,4,2024-04,2024-04-01,Operating Costs,Payroll Costs,-1502216.49,0.0,-1502216.49,1502216.49,0.22160160515229385,17,MANAGEMENT_LINE,DRIVER_IDENTIFIED,MANAGEMENT_LINE
2024,4,2024-04,2024-04-01,Operating Costs,Repairs & Maintenance,619651.92,0.0,619651.92,619651.92,0.0914088355585158,18,MANAGEMENT_LINE,DRIVER_IDENTIFIED,MANAGEMENT_LINE
2024,4,2024-04,2024-04-01,Operating Costs,Shortages & Damages,-6495797.29,0.0,-6495797.29,6495797.29,0.958236789297873,10,MANAGEMENT_LINE,DRIVER_IDENTIFIED,MANAGEMENT_LINE
2024,4,2024-04,2024-04-01,Operating Costs,Social & Health Insurance,152448.26,0.0,152448.26,152448.26,0.022488622208290523,24,MANAGEMENT_LINE,DRIVER_IDENTIFIED,MANAGEMENT_LINE
2024,4,2024-04,2024-04-01,Other Operating Income,Other Operating Income,-12680596.0,0.0,-12680596.0,12680596.0,1.870596180107008,6,MANAGEMENT_LINE,DRIVER_IDENTIFIED,MANAGEMENT_LINE
2024,4,2024-04,2024-04-01,Revenue,Sales Revenue,-8490091.82,0.0,-8490091.82,8490091.82,1.2524279873950526,8,MANAGEMENT_LINE,DRIVER_IDENTIFIED,MANAGEMENT_LINE
2024,4,2024-04,2024-04-01,Tax,Income Tax,-6359345.58,0.0,-6359345.58,6359345.58,0.9381079209469636,11,MANAGEMENT_LINE,DRIVER_IDENTIFIED,MANAGEMENT_LINE
2024,5,2024-05,2024-05-01,Closing Accounts,Closing Balance Sheet Account,212008438.84,0.0,212008438.84,212008438.84,34.789522939138465,1,MANAGEMENT_LINE,DRIVER_IDENTIFIED,MANAGEMENT_LINE
2024,5,2024-05,2024-05-01,Closing Accounts,Opening Balance Sheet Account,-190959987.64,0.0,-190959987.64,190959987.64,31.33557752138852,2,MANAGEMENT_LINE,DRIVER_IDENTIFIED,MANAGEMENT_LINE
2024,5,2024-05,2024-05-01,Closing Accounts,Profit and Loss Account,-21048451.2,0.0,-21048451.2,21048451.2,3.45394541774994,5,MANAGEMENT_LINE,DRIVER_IDENTIFIED,MANAGEMENT_LINE
2024,5,2024-05,2024-05-01,EBITDA Adjustments,Depreciation,-11937378.91,0.0,-11937378.91,11937378.91,1.9588640890660536,6,MANAGEMENT_LINE,DRIVER_IDENTIFIED,MANAGEMENT_LINE
2024,5,2024-05,2024-05-01,EBITDA Adjustments,Provisions,-1770974.29,0.0,-1770974.29,1770974.29,0.2906080108116674,17,MANAGEMENT_LINE,DRIVER_IDENTIFIED,MANAGEMENT_LINE
2024,5,2024-05,2024-05-01,Financial Result,FX Gains,-336058.77,0.0,-336058.77,336058.77,0.05514556095871706,22,MANAGEMENT_LINE,DRIVER_IDENTIFIED,MANAGEMENT_LINE
2024,5,2024-05,2024-05-01,Financial Result,FX Losses,-2812470.73,0.0,-2812470.73,2812470.73,0.46151236013219493,15,MANAGEMENT_LINE,DRIVER_IDENTIFIED,MANAGEMENT_LINE
2024,5,2024-05,2024-05-01,Financial Result,Interest Expense,-4542006.39,0.0,-4542006.39,4542006.39,0.7453204993121512,12,MANAGEMENT_LINE,DRIVER_IDENTIFIED,MANAGEMENT_LINE
2024,5,2024-05,2024-05-01,Financial Result,Interest Income,-7031116.57,0.0,-7031116.57,7031116.57,1.153771012786783,9,MANAGEMENT_LINE,DRIVER_IDENTIFIED,MANAGEMENT_LINE
2024,5,2024-05,2024-05-01,Financial Result,Other Financial Expenses,-3695063.16,0.0,-3695063.16,3695063.16,0.6063413573051216,14,MANAGEMENT_LINE,DRIVER_IDENTIFIED,MANAGEMENT_LINE
2024,5,2024-05,2024-05-01,Non-Core Operating Items,Fixed Asset Disposal Costs,-92288640.0,0.0,-92288640.0,92288640.0,15.144103583183064,3,MANAGEMENT_LINE,DRIVER_IDENTIFIED,MANAGEMENT_LINE
2024,5,2024-05,2024-05-01,Operating Costs,Cost of Goods Sold,-24901119.37,0.0,-24901119.37,24901119.37,4.08614896780889,4,MANAGEMENT_LINE,DRIVER_IDENTIFIED,MANAGEMENT_LINE
2024,5,2024-05,2024-05-01,Operating Costs,Energy Consumption,-109649.46,0.0,-109649.46,109649.46,0.017992927191039853,23,MANAGEMENT_LINE,DRIVER_IDENTIFIED,MANAGEMENT_LINE
2024,5,2024-05,2024-05-01,Operating Costs,Inventory Change,-422111.46,0.0,-422111.46,422111.46,0.06926637638054516,19,MANAGEMENT_LINE,DRIVER_IDENTIFIED,MANAGEMENT_LINE
2024,5,2024-05,2024-05-01,Operating Costs,Material Consumption,-7069046.04,0.0,-7069046.04,7069046.04,1.1599950488386226,8,MANAGEMENT_LINE,DRIVER_IDENTIFIED,MANAGEMENT_LINE
2024,5,2024-05,2024-05-01,Operating Costs,Other Operating Costs,-376939.77,0.0,-376939.77,376939.77,0.061853928300397536,21,MANAGEMENT_LINE,DRIVER_IDENTIFIED,MANAGEMENT_LINE
2024,5,2024-05,2024-05-01,Operating Costs,Other Services,-432485.81,0.0,-432485.81,432485.81,0.07096875525413343,18,MANAGEMENT_LINE,DRIVER_IDENTIFIED,MANAGEMENT_LINE
2024,5,2024-05,2024-05-01,Operating Costs,Payroll Costs,-1987288.42,0.0,-1987288.42,1987288.42,0.32610407610449355,16,MANAGEMENT_LINE,DRIVER_IDENTIFIED,MANAGEMENT_LINE
2024,5,2024-05,2024-05-01,Operating Costs,Repairs & Maintenance,82815.35,0.0,82815.35,82815.35,0.013589584142507244,24,MANAGEMENT_LINE,DRIVER_IDENTIFIED,MANAGEMENT_LINE
2024,5,2024-05,2024-05-01,Operating Costs,Shortages & Damages,-4336381.83,0.0,-4336381.83,4336381.83,0.711578538916089,13,MANAGEMENT_LINE,DRIVER_IDENTIFIED,MANAGEMENT_LINE
2024,5,2024-05,2024-05-01,Operating Costs,Social & Health Insurance,-379596.0,0.0,-379596.0,379596.0,0.06228980233929072,20,MANAGEMENT_LINE,DRIVER_IDENTIFIED,MANAGEMENT_LINE
2024,5,2024-05,2024-05-01,Other Operating Income,Other Operating Income,-5895586.0,0.0,-5895586.0,5895586.0,0.9674361337166081,10,MANAGEMENT_LINE,DRIVER_IDENTIFIED,MANAGEMENT_LINE
2024,5,2024-05,2024-05-01,Revenue,Sales Revenue,-9772195.34,0.0,-9772195.34,9772195.34,1.6035683098597924,7,MANAGEMENT_LINE,DRIVER_IDENTIFIED,MANAGEMENT_LINE
2024,5,2024-05,2024-05-01,Tax,Income Tax,-5207320.42,0.0,-5207320.42,5207320.42,0.8544951993149357,11,MANAGEMENT_LINE,DRIVER_IDENTIFIED,MANAGEMENT_LINE
2024,6,2024-06,2024-06-01,Closing Accounts,Closing Balance Sheet Account,177354405.22,0.0,177354405.22,177354405.22,30.014287383653933,1,MANAGEMENT_LINE,DRIVER_IDENTIFIED,MANAGEMENT_LINE
2024,6,2024-06,2024-06-01,Closing Accounts,Opening Balance Sheet Account,-152521355.81,0.0,-152521355.81,152521355.81,25.811706226001547,3,MANAGEMENT_LINE,DRIVER_IDENTIFIED,MANAGEMENT_LINE
2024,6,2024-06,2024-06-01,Closing Accounts,Profit and Loss Account,-24833049.41,0.0,-24833049.41,24833049.41,4.202581157652385,4,MANAGEMENT_LINE,DRIVER_IDENTIFIED,MANAGEMENT_LINE
2024,6,2024-06,2024-06-01,EBITDA Adjustments,Depreciation,-668795.08,0.0,-668795.08,668795.08,0.11318245919515604,17,MANAGEMENT_LINE,DRIVER_IDENTIFIED,MANAGEMENT_LINE
2024,6,2024-06,2024-06-01,EBITDA Adjustments,Provisions,-931503.74,0.0,-931503.74,931503.74,0.15764153654163432,15,MANAGEMENT_LINE,DRIVER_IDENTIFIED,MANAGEMENT_LINE
2024,6,2024-06,2024-06-01,Financial Result,FX Gains,-482171.39,0.0,-482171.39,482171.39,0.08159949931711022,20,MANAGEMENT_LINE,DRIVER_IDENTIFIED,MANAGEMENT_LINE
2024,6,2024-06,2024-06-01,Financial Result,FX Losses,-2504758.33,0.0,-2504758.33,2504758.33,0.423888745531669,14,MANAGEMENT_LINE,DRIVER_IDENTIFIED,MANAGEMENT_LINE
2024,6,2024-06,2024-06-01,Financial Result,Interest Expense,-3149552.77,0.0,-3149552.77,3149552.77,0.533009495036231,13,MANAGEMENT_LINE,DRIVER_IDENTIFIED,MANAGEMENT_LINE
2024,6,2024-06,2024-06-01,Financial Result,Interest Income,-4093963.35,0.0,-4093963.35,4093963.35,0.6928352998766668,10,MANAGEMENT_LINE,DRIVER_IDENTIFIED,MANAGEMENT_LINE
2024,6,2024-06,2024-06-01,Financial Result,Other Financial Expenses,-3178065.21,0.0,-3178065.21,3178065.21,0.537834751939817,12,MANAGEMENT_LINE,DRIVER_IDENTIFIED,MANAGEMENT_LINE
2024,6,2024-06,2024-06-01,Non-Core Operating Items,Fixed Asset Disposal Costs,-162633471.0,0.0,-162633471.0,162633471.0,27.523013768618178,2,MANAGEMENT_LINE,DRIVER_IDENTIFIED,MANAGEMENT_LINE
2024,6,2024-06,2024-06-01,Operating Costs,Cost of Goods Sold,-22470688.77,0.0,-22470688.77,22470688.77,3.80279085605351,5,MANAGEMENT_LINE,DRIVER_IDENTIFIED,MANAGEMENT_LINE
2024,6,2024-06,2024-06-01,Operating Costs,Energy Consumption,-304182.82,0.0,-304182.82,304182.82,0.051477890077357466,23,MANAGEMENT_LINE,DRIVER_IDENTIFIED,MANAGEMENT_LINE
2024,6,2024-06,2024-06-01,Operating Costs,Inventory Change,-405747.14,0.0,-405747.14,405747.14,0.06866596434381854,21,MANAGEMENT_LINE,DRIVER_IDENTIFIED,MANAGEMENT_LINE
2024,6,2024-06,2024-06-01,Operating Costs,Material Consumption,-6622742.62,0.0,-6622742.62,6622742.62,1.1207891905367648,9,MANAGEMENT_LINE,DRIVER_IDENTIFIED,MANAGEMENT_LINE
2024,6,2024-06,2024-06-01,Operating Costs,Other Operating Costs,-929477.21,0.0,-929477.21,929477.21,0.15729857999800548,16,MANAGEMENT_LINE,DRIVER_IDENTIFIED,MANAGEMENT_LINE
2024,6,2024-06,2024-06-01,Operating Costs,Other Services,617259.61,0.0,617259.61,617259.61,0.10446093685623843,18,MANAGEMENT_LINE,DRIVER_IDENTIFIED,MANAGEMENT_LINE
2024,6,2024-06,2024-06-01,Operating Costs,Payroll Costs,-527034.1,0.0,-527034.1,527034.1,0.0891917678546705,19,MANAGEMENT_LINE,DRIVER_IDENTIFIED,MANAGEMENT_LINE
2024,6,2024-06,2024-06-01,Operating Costs,Repairs & Maintenance,-72746.36,0.0,-72746.36,72746.36,0.012311113177292114,24,MANAGEMENT_LINE,DRIVER_IDENTIFIED,MANAGEMENT_LINE
2024,6,2024-06,2024-06-01,Operating Costs,Shortages & Damages,-3290324.86,0.0,-3290324.86,3290324.86,0.5568328331688048,11,MANAGEMENT_LINE,DRIVER_IDENTIFIED,MANAGEMENT_LINE
2024,6,2024-06,2024-06-01,Operating Costs,Social & Health Insurance,-371090.71,0.0,-371090.71,371090.71,0.06280093917897317,22,MANAGEMENT_LINE,DRIVER_IDENTIFIED,MANAGEMENT_LINE
2024,6,2024-06,2024-06-01,Other Operating Income,Other Operating Income,-6980718.8,0.0,-6980718.8,6980718.8,1.1813707133339837,8,MANAGEMENT_LINE,DRIVER_IDENTIFIED,MANAGEMENT_LINE
2024,6,2024-06,2024-06-01,Revenue,Sales Revenue,-8182499.0200000005,0.0,-8182499.0200000005,8182499.0200000005,1.3847520550622985,6,MANAGEMENT_LINE,DRIVER_IDENTIFIED,MANAGEMENT_LINE
2024,6,2024-06,2024-06-01,Tax,Income Tax,-7774333.6,0.0,-7774333.6,7774333.6,1.3156768369939722,7,MANAGEMENT_LINE,DRIVER_IDENTIFIED,MANAGEMENT_LINE
2024,7,2024-07,2024-07-01,Closing Accounts,Closing Balance Sheet Account,205557570.68,0.0,205557570.68,205557570.68,34.51127138001818,1,MANAGEMENT_LINE,DRIVER_IDENTIFIED,MANAGEMENT_LINE
2024,7,2024-07,2024-07-01,Closing Accounts,Opening Balance Sheet Account,-174273254.03,0.0,-174273254.03,174273254.03,29.258915369607223,2,MANAGEMENT_LINE,DRIVER_IDENTIFIED,MANAGEMENT_LINE
2024,7,2024-07,2024-07-01,Closing Accounts,Profit and Loss Account,-31284316.65,0.0,-31284316.65,31284316.65,5.252356010410947,5,MANAGEMENT_LINE,DRIVER_IDENTIFIED,MANAGEMENT_LINE
2024,7,2024-07,2024-07-01,EBITDA Adjustments,Depreciation,-2249364.43,0.0,-2249364.43,2249364.43,0.37764810130558163,15,MANAGEMENT_LINE,DRIVER_IDENTIFIED,MANAGEMENT_LINE
2024,7,2024-07,2024-07-01,EBITDA Adjustments,Provisions,-1128205.01,0.0,-1128205.01,1128205.01,0.18941549631864,17,MANAGEMENT_LINE,DRIVER_IDENTIFIED,MANAGEMENT_LINE
2024,7,2024-07,2024-07-01,Financial Result,FX Gains,-703577.72,0.0,-703577.72,703577.72,0.11812438506414459,19,MANAGEMENT_LINE,DRIVER_IDENTIFIED,MANAGEMENT_LINE
2024,7,2024-07,2024-07-01,Financial Result,FX Losses,-2712204.6,0.0,-2712204.6,2712204.6,0.4553548121778846,14,MANAGEMENT_LINE,DRIVER_IDENTIFIED,MANAGEMENT_LINE
2024,7,2024-07,2024-07-01,Financial Result,Interest Expense,-3667275.82,0.0,-3667275.82,3667275.82,0.6157026989116521,13,MANAGEMENT_LINE,DRIVER_IDENTIFIED,MANAGEMENT_LINE
2024,7,2024-07,2024-07-01,Financial Result,Interest Income,-7051031.37,0.0,-7051031.37,7051031.37,1.183804888888811,9,MANAGEMENT_LINE,DRIVER_IDENTIFIED,MANAGEMENT_LINE
2024,7,2024-07,2024-07-01,Financial Result,Other Financial Expenses,-3983128.22,0.0,-3983128.22,3983128.22,0.6687314823146204,12,MANAGEMENT_LINE,DRIVER_IDENTIFIED,MANAGEMENT_LINE
2024,7,2024-07,2024-07-01,Non-Core Operating Items,Fixed Asset Disposal Costs,-37722294.0,0.0,-37722294.0,37722294.0,6.33323463107796,4,MANAGEMENT_LINE,DRIVER_IDENTIFIED,MANAGEMENT_LINE
2024,7,2024-07,2024-07-01,Operating Costs,Cost of Goods Sold,-25855615.7,0.0,-25855615.7,25855615.7,4.340925839745669,6,MANAGEMENT_LINE,DRIVER_IDENTIFIED,MANAGEMENT_LINE
2024,7,2024-07,2024-07-01,Operating Costs,Energy Consumption,640976.58,0.0,640976.58,640976.58,0.10761421546011786,20,MANAGEMENT_LINE,DRIVER_IDENTIFIED,MANAGEMENT_LINE
2024,7,2024-07,2024-07-01,Operating Costs,Inventory Change,-142000.48,0.0,-142000.48,142000.48,0.023840606235816228,23,MANAGEMENT_LINE,DRIVER_IDENTIFIED,MANAGEMENT_LINE
2024,7,2024-07,2024-07-01,Operating Costs,Material Consumption,-6958173.25,0.0,-6958173.25,6958173.25,1.1682148438782718,10,MANAGEMENT_LINE,DRIVER_IDENTIFIED,MANAGEMENT_LINE
2024,7,2024-07,2024-07-01,Operating Costs,Other Operating Costs,-1304564.75,0.0,-1304564.75,1304564.75,0.21902471395784043,16,MANAGEMENT_LINE,DRIVER_IDENTIFIED,MANAGEMENT_LINE
2024,7,2024-07,2024-07-01,Operating Costs,Other Services,62154.24,0.0,62154.24,62154.24,0.01043513910464541,24,MANAGEMENT_LINE,DRIVER_IDENTIFIED,MANAGEMENT_LINE
2024,7,2024-07,2024-07-01,Operating Costs,Payroll Costs,-969417.95,0.0,-969417.95,969417.95,0.1627565739487795,18,MANAGEMENT_LINE,DRIVER_IDENTIFIED,MANAGEMENT_LINE
2024,7,2024-07,2024-07-01,Operating Costs,Repairs & Maintenance,-357114.72,0.0,-357114.72,357114.72,0.05995635663015904,21,MANAGEMENT_LINE,DRIVER_IDENTIFIED,MANAGEMENT_LINE
2024,7,2024-07,2024-07-01,Operating Costs,Shortages & Damages,-4802881.71,0.0,-4802881.71,4802881.71,0.8063607365645082,11,MANAGEMENT_LINE,DRIVER_IDENTIFIED,MANAGEMENT_LINE
2024,7,2024-07,2024-07-01,Operating Costs,Social & Health Insurance,241113.67,0.0,241113.67,241113.67,0.04048082136442452,22,MANAGEMENT_LINE,DRIVER_IDENTIFIED,MANAGEMENT_LINE
2024,7,2024-07,2024-07-01,Other Operating Income,Other Operating Income,-64313079.6,0.0,-64313079.6,64313079.6,10.797588899391787,3,MANAGEMENT_LINE,DRIVER_IDENTIFIED,MANAGEMENT_LINE
2024,7,2024-07,2024-07-01,Revenue,Sales Revenue,-9812672.83,0.0,-9812672.83,9812672.83,1.6474597061990388,8,MANAGEMENT_LINE,DRIVER_IDENTIFIED,MANAGEMENT_LINE
2024,7,2024-07,2024-07-01,Tax,Income Tax,-9832462.96,0.0,-9832462.96,9832462.96,1.6507822914232972,7,MANAGEMENT_LINE,DRIVER_IDENTIFIED,MANAGEMENT_LINE
2024,8,2024-08,2024-08-01,Closing Accounts,Closing Balance Sheet Account,218214225.7,0.0,218214225.7,218214225.7,38.84599558466233,1,MANAGEMENT_LINE,DRIVER_IDENTIFIED,MANAGEMENT_LINE
2024,8,2024-08,2024-08-01,Closing Accounts,Opening Balance Sheet Account,-182382957.75,0.0,-182382957.75,182382957.75,32.467395508917804,2,MANAGEMENT_LINE,DRIVER_IDENTIFIED,MANAGEMENT_LINE
2024,8,2024-08,2024-08-01,Closing Accounts,Profit and Loss Account,-35831267.95,0.0,-35831267.95,35831267.95,6.378600075744526,3,MANAGEMENT_LINE,DRIVER_IDENTIFIED,MANAGEMENT_LINE
2024,8,2024-08,2024-08-01,EBITDA Adjustments,Depreciation,-12338240.43,0.0,-12338240.43,12338240.43,2.196425240970356,6,MANAGEMENT_LINE,DRIVER_IDENTIFIED,MANAGEMENT_LINE
2024,8,2024-08,2024-08-01,EBITDA Adjustments,Provisions,-1738743.6600000001,0.0,-1738743.6600000001,1738743.6600000001,0.3095271553563963,17,MANAGEMENT_LINE,DRIVER_IDENTIFIED,MANAGEMENT_LINE
2024,8,2024-08,2024-08-01,Financial Result,FX Gains,-678300.38,0.0,-678300.38,678300.38,0.12074947672192382,20,MANAGEMENT_LINE,DRIVER_IDENTIFIED,MANAGEMENT_LINE
2024,8,2024-08,2024-08-01,Financial Result,FX Losses,-2900539.03,0.0,-2900539.03,2900539.03,0.5163473004158077,14,MANAGEMENT_LINE,DRIVER_IDENTIFIED,MANAGEMENT_LINE
2024,8,2024-08,2024-08-01,Financial Result,Interest Expense,-4130651.08,0.0,-4130651.08,4130651.08,0.7353290240392457,13,MANAGEMENT_LINE,DRIVER_IDENTIFIED,MANAGEMENT_LINE
2024,8,2024-08,2024-08-01,Financial Result,Interest Income,-4355615.98,0.0,-4355615.98,4355615.98,0.7753767591677443,12,MANAGEMENT_LINE,DRIVER_IDENTIFIED,MANAGEMENT_LINE
2024,8,2024-08,2024-08-01,Financial Result,Other Financial Expenses,-4881263.04,0.0,-4881263.04,4881263.04,0.8689512422535678,11,MANAGEMENT_LINE,DRIVER_IDENTIFIED,MANAGEMENT_LINE
2024,8,2024-08,2024-08-01,Non-Core Operating Items,Fixed Asset Disposal Costs,-33024879.0,0.0,-33024879.0,33024879.0,5.879013156464472,4,MANAGEMENT_LINE,DRIVER_IDENTIFIED,MANAGEMENT_LINE
2024,8,2024-08,2024-08-01,Operating Costs,Cost of Goods Sold,-22615324.82,0.0,-22615324.82,22615324.82,4.025928214740697,5,MANAGEMENT_LINE,DRIVER_IDENTIFIED,MANAGEMENT_LINE
2024,8,2024-08,2024-08-01,Operating Costs,Energy Consumption,162448.18,0.0,162448.18,162448.18,0.02891865213082866,24,MANAGEMENT_LINE,DRIVER_IDENTIFIED,MANAGEMENT_LINE
2024,8,2024-08,2024-08-01,Operating Costs,Inventory Change,-435360.15,0.0,-435360.15,435360.15,0.0775018146062048,21,MANAGEMENT_LINE,DRIVER_IDENTIFIED,MANAGEMENT_LINE
2024,8,2024-08,2024-08-01,Operating Costs,Material Consumption,-6074659.35,0.0,-6074659.35,6074659.35,1.0813969141170787,9,MANAGEMENT_LINE,DRIVER_IDENTIFIED,MANAGEMENT_LINE
2024,8,2024-08,2024-08-01,Operating Costs,Other Operating Costs,-1274500.19,0.0,-1274500.19,1274500.19,0.22688359842064731,18,MANAGEMENT_LINE,DRIVER_IDENTIFIED,MANAGEMENT_LINE
2024,8,2024-08,2024-08-01,Operating Costs,Other Services,277150.36,0.0,277150.36,277150.36,0.04933767093465701,23,MANAGEMENT_LINE,DRIVER_IDENTIFIED,MANAGEMENT_LINE
2024,8,2024-08,2024-08-01,Operating Costs,Payroll Costs,-1898869.95,0.0,-1898869.95,1898869.95,0.33803246995893715,16,MANAGEMENT_LINE,DRIVER_IDENTIFIED,MANAGEMENT_LINE
2024,8,2024-08,2024-08-01,Operating Costs,Repairs & Maintenance,813247.34,0.0,813247.34,813247.34,0.1447724247928277,19,MANAGEMENT_LINE,DRIVER_IDENTIFIED,MANAGEMENT_LINE
2024,8,2024-08,2024-08-01,Operating Costs,Shortages & Damages,-5424447.5,0.0,-5424447.5,5424447.5,0.9656476930332072,10,MANAGEMENT_LINE,DRIVER_IDENTIFIED,MANAGEMENT_LINE
2024,8,2024-08,2024-08-01,Operating Costs,Social & Health Insurance,-360911.27,0.0,-360911.27,360911.27,0.06424859587362307,22,MANAGEMENT_LINE,DRIVER_IDENTIFIED,MANAGEMENT_LINE
2024,8,2024-08,2024-08-01,Other Operating Income,Other Operating Income,-2312929.6,0.0,-2312929.6,2312929.6,0.4117424184468961,15,MANAGEMENT_LINE,DRIVER_IDENTIFIED,MANAGEMENT_LINE
2024,8,2024-08,2024-08-01,Revenue,Sales Revenue,-10107090.96,0.0,-10107090.96,10107090.96,1.7992411335533778,7,MANAGEMENT_LINE,DRIVER_IDENTIFIED,MANAGEMENT_LINE
2024,8,2024-08,2024-08-01,Tax,Income Tax,-9508255.81,0.0,-9508255.81,9508255.81,1.6926378746768385,8,MANAGEMENT_LINE,DRIVER_IDENTIFIED,MANAGEMENT_LINE
2024,9,2024-09,2024-09-01,Closing Accounts,Closing Balance Sheet Account,301047387.94,0.0,301047387.94,301047387.94,43.09552145187323,1,MANAGEMENT_LINE,DRIVER_IDENTIFIED,MANAGEMENT_LINE
2024,9,2024-09,2024-09-01,Closing Accounts,Opening Balance Sheet Account,-278615346.02,0.0,-278615346.02,278615346.02,39.884330847006225,2,MANAGEMENT_LINE,DRIVER_IDENTIFIED,MANAGEMENT_LINE
2024,9,2024-09,2024-09-01,Closing Accounts,Profit and Loss Account,-22432041.92,0.0,-22432041.92,22432041.92,3.211190604867002,4,MANAGEMENT_LINE,DRIVER_IDENTIFIED,MANAGEMENT_LINE
2024,9,2024-09,2024-09-01,EBITDA Adjustments,Depreciation,-4698122.63,0.0,-4698122.63,4698122.63,0.6725454287118704,11,MANAGEMENT_LINE,DRIVER_IDENTIFIED,MANAGEMENT_LINE
2024,9,2024-09,2024-09-01,EBITDA Adjustments,Provisions,-976466.29,0.0,-976466.29,976466.29,0.139783056201481,20,MANAGEMENT_LINE,DRIVER_IDENTIFIED,MANAGEMENT_LINE
2024,9,2024-09,2024-09-01,Financial Result,FX Gains,-1401159.84,0.0,-1401159.84,1401159.84,0.20057876720145468,18,MANAGEMENT_LINE,DRIVER_IDENTIFIED,MANAGEMENT_LINE
2024,9,2024-09,2024-09-01,Financial Result,FX Losses,-2202343.54,0.0,-2202343.54,2202343.54,0.3152697783625368,15,MANAGEMENT_LINE,DRIVER_IDENTIFIED,MANAGEMENT_LINE
2024,9,2024-09,2024-09-01,Financial Result,Interest Expense,-3268810.87,0.0,-3268810.87,3268810.87,0.4679366591889434,12,MANAGEMENT_LINE,DRIVER_IDENTIFIED,MANAGEMENT_LINE
2024,9,2024-09,2024-09-01,Financial Result,Interest Income,-8318749.72,0.0,-8318749.72,8318749.72,1.1908452668005713,6,MANAGEMENT_LINE,DRIVER_IDENTIFIED,MANAGEMENT_LINE
2024,9,2024-09,2024-09-01,Financial Result,Other Financial Expenses,-3187860.5,0.0,-3187860.5,3187860.5,0.45634845564815274,13,MANAGEMENT_LINE,DRIVER_IDENTIFIED,MANAGEMENT_LINE
2024,9,2024-09,2024-09-01,Non-Core Operating Items,Fixed Asset Disposal Costs,-13690576.0,0.0,-13690576.0,13690576.0,1.9598326885802135,5,MANAGEMENT_LINE,DRIVER_IDENTIFIED,MANAGEMENT_LINE
2024,9,2024-09,2024-09-01,Operating Costs,Cost of Goods Sold,-24014255.62,0.0,-24014255.62,24014255.62,3.4376875856791638,3,MANAGEMENT_LINE,DRIVER_IDENTIFIED,MANAGEMENT_LINE
2024,9,2024-09,2024-09-01,Operating Costs,Energy Consumption,261383.58,0.0,261383.58,261383.58,0.03741756989202802,23,MANAGEMENT_LINE,DRIVER_IDENTIFIED,MANAGEMENT_LINE
2024,9,2024-09,2024-09-01,Operating Costs,Inventory Change,-504474.63,0.0,-504474.63,504474.63,0.0722165283939411,22,MANAGEMENT_LINE,DRIVER_IDENTIFIED,MANAGEMENT_LINE
2024,9,2024-09,2024-09-01,Operating Costs,Material Consumption,-5947864.46,0.0,-5947864.46,5947864.46,0.8514484121013244,9,MANAGEMENT_LINE,DRIVER_IDENTIFIED,MANAGEMENT_LINE
2024,9,2024-09,2024-09-01,Operating Costs,Other Operating Costs,-1507474.72,0.0,-1507474.72,1507474.72,0.21579794987912157,17,MANAGEMENT_LINE,DRIVER_IDENTIFIED,MANAGEMENT_LINE
2024,9,2024-09,2024-09-01,Operating Costs,Other Services,189996.94,0.0,189996.94,189996.94,0.02719843297624684,24,MANAGEMENT_LINE,DRIVER_IDENTIFIED,MANAGEMENT_LINE
2024,9,2024-09,2024-09-01,Operating Costs,Payroll Costs,-1993650.76,0.0,-1993650.76,1993650.76,0.28539499938211416,16,MANAGEMENT_LINE,DRIVER_IDENTIFIED,MANAGEMENT_LINE
2024,9,2024-09,2024-09-01,Operating Costs,Repairs & Maintenance,-816097.96,0.0,-816097.96,816097.96,0.11682601660380305,21,MANAGEMENT_LINE,DRIVER_IDENTIFIED,MANAGEMENT_LINE
2024,9,2024-09,2024-09-01,Operating Costs,Shortages & Damages,-5475129.95,0.0,-5475129.95,5475129.95,0.7837755438656893,10,MANAGEMENT_LINE,DRIVER_IDENTIFIED,MANAGEMENT_LINE
2024,9,2024-09,2024-09-01,Operating Costs,Social & Health Insurance,-983959.26,0.0,-983959.26,983959.26,0.14085568948882776,19,MANAGEMENT_LINE,DRIVER_IDENTIFIED,MANAGEMENT_LINE
2024,9,2024-09,2024-09-01,Other Operating Income,Other Operating Income,-2935322.8,0.0,-2935322.8,2935322.8,0.4201971907518574,14,MANAGEMENT_LINE,DRIVER_IDENTIFIED,MANAGEMENT_LINE
2024,9,2024-09,2024-09-01,Revenue,Sales Revenue,-7948529.02,0.0,-7948529.02,7948529.02,1.1378474506495893,7,MANAGEMENT_LINE,DRIVER_IDENTIFIED,MANAGEMENT_LINE
2024,9,2024-09,2024-09-01,Tax,Income Tax,-6141401.56,0.0,-6141401.56,6141401.56,0.8791536258945947,8,MANAGEMENT_LINE,DRIVER_IDENTIFIED,MANAGEMENT_LINE
2024,10,2024-10,2024-10-01,Closing Accounts,Closing Balance Sheet Account,252667687.34,0.0,252667687.34,252667687.34,36.2338941626646,1,MANAGEMENT_LINE,DRIVER_IDENTIFIED,MANAGEMENT_LINE
2024,10,2024-10,2024-10-01,Closing Accounts,Opening Balance Sheet Account,-228940476.99,0.0,-228940476.99,228940476.99,32.831285631086544,2,MANAGEMENT_LINE,DRIVER_IDENTIFIED,MANAGEMENT_LINE
2024,10,2024-10,2024-10-01,Closing Accounts,Profit and Loss Account,-23727210.35,0.0,-23727210.35,23727210.35,3.402608531578053,6,MANAGEMENT_LINE,DRIVER_IDENTIFIED,MANAGEMENT_LINE
2024,10,2024-10,2024-10-01,EBITDA Adjustments,Depreciation,-284533.73,0.0,-284533.73,284533.73,0.04080365466223998,20,MANAGEMENT_LINE,DRIVER_IDENTIFIED,MANAGEMENT_LINE
2024,10,2024-10,2024-10-01,EBITDA Adjustments,Provisions,-1513465.37,0.0,-1513465.37,1513465.37,0.21703900729357906,17,MANAGEMENT_LINE,DRIVER_IDENTIFIED,MANAGEMENT_LINE
2024,10,2024-10,2024-10-01,Financial Result,FX Gains,-784105.37,0.0,-784105.37,784105.37,0.11244489268913006,19,MANAGEMENT_LINE,DRIVER_IDENTIFIED,MANAGEMENT_LINE
2024,10,2024-10,2024-10-01,Financial Result,FX Losses,-1899909.68,0.0,-1899909.68,1899909.68,0.27245718274654773,15,MANAGEMENT_LINE,DRIVER_IDENTIFIED,MANAGEMENT_LINE
2024,10,2024-10,2024-10-01,Financial Result,Interest Expense,-6531349.61,0.0,-6531349.61,6531349.61,0.9366303740677626,9,MANAGEMENT_LINE,DRIVER_IDENTIFIED,MANAGEMENT_LINE
2024,10,2024-10,2024-10-01,Financial Result,Interest Income,-5424352.27,0.0,-5424352.27,5424352.27,0.7778810504871162,10,MANAGEMENT_LINE,DRIVER_IDENTIFIED,MANAGEMENT_LINE
2024,10,2024-10,2024-10-01,Financial Result,Other Financial Expenses,-4809498.5,0.0,-4809498.5,4809498.5,0.689707740072016,13,MANAGEMENT_LINE,DRIVER_IDENTIFIED,MANAGEMENT_LINE
2024,10,2024-10,2024-10-01,Non-Core Operating Items,Fixed Asset Disposal Costs,-79348836.0,0.0,-79348836.0,79348836.0,11.37904635065486,3,MANAGEMENT_LINE,DRIVER_IDENTIFIED,MANAGEMENT_LINE
2024,10,2024-10,2024-10-01,Operating Costs,Cost of Goods Sold,-25250727.64,0.0,-25250727.64,25250727.64,3.621089037819305,5,MANAGEMENT_LINE,DRIVER_IDENTIFIED,MANAGEMENT_LINE
2024,10,2024-10,2024-10-01,Operating Costs,Energy Consumption,-86508.19,0.0,-86508.19,86508.19,0.012405735904194703,23,MANAGEMENT_LINE,DRIVER_IDENTIFIED,MANAGEMENT_LINE
2024,10,2024-10,2024-10-01,Operating Costs,Material Consumption,-7756614.06,0.0,-7756614.06,7756614.06,1.1123398320913136,8,MANAGEMENT_LINE,DRIVER_IDENTIFIED,MANAGEMENT_LINE
2024,10,2024-10,2024-10-01,Operating Costs,Other Operating Costs,-2001181.27,0.0,-2001181.27,2001181.27,0.2869800689627301,14,MANAGEMENT_LINE,DRIVER_IDENTIFIED,MANAGEMENT_LINE
2024,10,2024-10,2024-10-01,Operating Costs,Other Services,-121524.22,0.0,-121524.22,121524.22,0.01742722139121459,22,MANAGEMENT_LINE,DRIVER_IDENTIFIED,MANAGEMENT_LINE
2024,10,2024-10,2024-10-01,Operating Costs,Payroll Costs,-1664787.33,0.0,-1664787.33,1664787.33,0.23873938355003657,16,MANAGEMENT_LINE,DRIVER_IDENTIFIED,MANAGEMENT_LINE
2024,10,2024-10,2024-10-01,Operating Costs,Repairs & Maintenance,183030.75,0.0,183030.75,183030.75,0.02624758588576047,21,MANAGEMENT_LINE,DRIVER_IDENTIFIED,MANAGEMENT_LINE
2024,10,2024-10,2024-10-01,Operating Costs,Shortages & Damages,-5357523.45,0.0,-5357523.45,5357523.45,0.7682974412160292,11,MANAGEMENT_LINE,DRIVER_IDENTIFIED,MANAGEMENT_LINE
2024,10,2024-10,2024-10-01,Operating Costs,Social & Health Insurance,-1284399.04,0.0,-1284399.04,1284399.04,0.18418967366952435,18,MANAGEMENT_LINE,DRIVER_IDENTIFIED,MANAGEMENT_LINE
2024,10,2024-10,2024-10-01,Other Operating Income,Other Operating Income,-33973876.8,0.0,-33973876.8,33973876.8,4.872035159011505,4,MANAGEMENT_LINE,DRIVER_IDENTIFIED,MANAGEMENT_LINE
2024,10,2024-10,2024-10-01,Revenue,Sales Revenue,-8774035.38,0.0,-8774035.38,8774035.38,1.2582434765811266,7,MANAGEMENT_LINE,DRIVER_IDENTIFIED,MANAGEMENT_LINE
2024,10,2024-10,2024-10-01,Tax,Income Tax,-4938496.95,0.0,-4938496.95,4938496.95,0.7082068059148047,12,MANAGEMENT_LINE,DRIVER_IDENTIFIED,MANAGEMENT_LINE
2024,11,2024-11,2024-11-01,Closing Accounts,Closing Balance Sheet Account,65510313.17,0.0,65510313.17,65510313.17,24.73088320366832,1,MANAGEMENT_LINE,DRIVER_IDENTIFIED,MANAGEMENT_LINE
2024,11,2024-11,2024-11-01,Closing Accounts,Opening Balance Sheet Account,-38800689.88,0.0,-38800689.88,38800689.88,14.647698708963986,3,MANAGEMENT_LINE,DRIVER_IDENTIFIED,MANAGEMENT_LINE
2024,11,2024-11,2024-11-01,Closing Accounts,Profit and Loss Account,-26709623.29,0.0,-26709623.29,26709623.29,10.083184494704334,4,MANAGEMENT_LINE,DRIVER_IDENTIFIED,MANAGEMENT_LINE
2024,11,2024-11,2024-11-01,EBITDA Adjustments,Depreciation,-22614988.33,0.0,-22614988.33,22614988.33,8.537413545714422,6,MANAGEMENT_LINE,DRIVER_IDENTIFIED,MANAGEMENT_LINE
2024,11,2024-11,2024-11-01,EBITDA Adjustments,Provisions,-453469.36000000004,0.0,-453469.36000000004,453469.36000000004,0.17118980563411376,19,MANAGEMENT_LINE,DRIVER_IDENTIFIED,MANAGEMENT_LINE
2024,11,2024-11,2024-11-01,Financial Result,FX Gains,-399444.13,0.0,-399444.13,399444.13,0.15079467105867456,20,MANAGEMENT_LINE,DRIVER_IDENTIFIED,MANAGEMENT_LINE
2024,11,2024-11,2024-11-01,Financial Result,FX Losses,-1912188.34,0.0,-1912188.34,1912188.34,0.7218726977726094,15,MANAGEMENT_LINE,DRIVER_IDENTIFIED,MANAGEMENT_LINE
2024,11,2024-11,2024-11-01,Financial Result,Interest Expense,-2334988.61,0.0,-2334988.61,2334988.61,0.881484575504218,14,MANAGEMENT_LINE,DRIVER_IDENTIFIED,MANAGEMENT_LINE
2024,11,2024-11,2024-11-01,Financial Result,Interest Income,-4707002.14,0.0,-4707002.14,4707002.14,1.7769464765292133,11,MANAGEMENT_LINE,DRIVER_IDENTIFIED,MANAGEMENT_LINE
2024,11,2024-11,2024-11-01,Financial Result,Other Financial Expenses,-2985181.86,0.0,-2985181.86,2985181.86,1.1269398717388142,13,MANAGEMENT_LINE,DRIVER_IDENTIFIED,MANAGEMENT_LINE
2024,11,2024-11,2024-11-01,Non-Core Operating Items,Fixed Asset Disposal Costs,-8120169.0,0.0,-8120169.0,8120169.0,3.0654555201395652,7,MANAGEMENT_LINE,DRIVER_IDENTIFIED,MANAGEMENT_LINE
2024,11,2024-11,2024-11-01,Operating Costs,Cost of Goods Sold,-22734012.92,0.0,-22734012.92,22734012.92,8.582346672900306,5,MANAGEMENT_LINE,DRIVER_IDENTIFIED,MANAGEMENT_LINE
2024,11,2024-11,2024-11-01,Operating Costs,Energy Consumption,-821588.45,0.0,-821588.45,821588.45,0.31015892025589725,18,MANAGEMENT_LINE,DRIVER_IDENTIFIED,MANAGEMENT_LINE
2024,11,2024-11,2024-11-01,Operating Costs,Inventory Change,-308731.79,0.0,-308731.79,308731.79,0.1165497380532436,21,MANAGEMENT_LINE,DRIVER_IDENTIFIED,MANAGEMENT_LINE
2024,11,2024-11,2024-11-01,Operating Costs,Material Consumption,-6647980.47,0.0,-6647980.47,6647980.47,2.50968772072866,9,MANAGEMENT_LINE,DRIVER_IDENTIFIED,MANAGEMENT_LINE
2024,11,2024-11,2024-11-01,Operating Costs,Other Operating Costs,-1634217.74,0.0,-1634217.74,1634217.74,0.6169356564122008,16,MANAGEMENT_LINE,DRIVER_IDENTIFIED,MANAGEMENT_LINE
2024,11,2024-11,2024-11-01,Operating Costs,Payroll Costs,-1429752.52,0.0,-1429752.52,1429752.52,0.5397477262933141,17,MANAGEMENT_LINE,DRIVER_IDENTIFIED,MANAGEMENT_LINE
2024,11,2024-11,2024-11-01,Operating Costs,Repairs & Maintenance,-236408.23,0.0,-236408.23,236408.23,0.08924677721115461,22,MANAGEMENT_LINE,DRIVER_IDENTIFIED,MANAGEMENT_LINE
2024,11,2024-11,2024-11-01,Operating Costs,Shortages & Damages,-4821895.75,0.0,-4821895.75,4821895.75,1.8203201121029637,10,MANAGEMENT_LINE,DRIVER_IDENTIFIED,MANAGEMENT_LINE
2024,11,2024-11,2024-11-01,Operating Costs,Social & Health Insurance,-233103.02,0.0,-233103.02,233103.02,0.08799902310163785,23,MANAGEMENT_LINE,DRIVER_IDENTIFIED,MANAGEMENT_LINE
2024,11,2024-11,2024-11-01,Other Operating Income,Other Operating Income,-41602855.6,0.0,-41602855.6,41602855.6,15.705547920565351,2,MANAGEMENT_LINE,DRIVER_IDENTIFIED,MANAGEMENT_LINE
2024,11,2024-11,2024-11-01,Revenue,Sales Revenue,-6764438.4399999995,0.0,-6764438.4399999995,6764438.4399999995,2.553651919872883,8,MANAGEMENT_LINE,DRIVER_IDENTIFIED,MANAGEMENT_LINE
2024,11,2024-11,2024-11-01,Tax,Income Tax,-3109693.02,0.0,-3109693.02,3109693.02,1.1739442410741052,12,MANAGEMENT_LINE,DRIVER_IDENTIFIED,MANAGEMENT_LINE
2024,12,2024-12,2024-12-01,Closing Accounts,Closing Balance Sheet Account,125740628.86,0.0,125740628.86,125740628.86,35.354338303359846,1,MANAGEMENT_LINE,DRIVER_IDENTIFIED,MANAGEMENT_LINE
2024,12,2024-12,2024-12-01,Closing Accounts,Opening Balance Sheet Account,-89730857.49,0.0,-89730857.49,89730857.49,25.229515079681704,2,MANAGEMENT_LINE,DRIVER_IDENTIFIED,MANAGEMENT_LINE
2024,12,2024-12,2024-12-01,Closing Accounts,Profit and Loss Account,-36009771.37,0.0,-36009771.37,36009771.37,10.124823223678138,3,MANAGEMENT_LINE,DRIVER_IDENTIFIED,MANAGEMENT_LINE
2024,12,2024-12,2024-12-01,EBITDA Adjustments,Depreciation,-959909.94,0.0,-959909.94,959909.94,0.2698966997954447,17,MANAGEMENT_LINE,DRIVER_IDENTIFIED,MANAGEMENT_LINE
2024,12,2024-12,2024-12-01,EBITDA Adjustments,Provisions,-1801883.27,0.0,-1801883.27,1801883.27,0.5066333076930365,15,MANAGEMENT_LINE,DRIVER_IDENTIFIED,MANAGEMENT_LINE
2024,12,2024-12,2024-12-01,Financial Result,FX Gains,-786167.14,0.0,-786167.14,786167.14,0.22104564994255954,20,MANAGEMENT_LINE,DRIVER_IDENTIFIED,MANAGEMENT_LINE
2024,12,2024-12,2024-12-01,Financial Result,FX Losses,-2934094.43,0.0,-2934094.43,2934094.43,0.8249757300619227,11,MANAGEMENT_LINE,DRIVER_IDENTIFIED,MANAGEMENT_LINE
2024,12,2024-12,2024-12-01,Financial Result,Interest Expense,-2335544.38,0.0,-2335544.38,2335544.38,0.6566821470645444,13,MANAGEMENT_LINE,DRIVER_IDENTIFIED,MANAGEMENT_LINE
2024,12,2024-12,2024-12-01,Financial Result,Interest Income,-4539296.88,0.0,-4539296.88,4539296.88,1.2763085329689978,9,MANAGEMENT_LINE,DRIVER_IDENTIFIED,MANAGEMENT_LINE
2024,12,2024-12,2024-12-01,Financial Result,Other Financial Expenses,-2742266.85,0.0,-2742266.85,2742266.85,0.771039804810699,12,MANAGEMENT_LINE,DRIVER_IDENTIFIED,MANAGEMENT_LINE
2024,12,2024-12,2024-12-01,Non-Core Operating Items,Fixed Asset Disposal Costs,-33860913.0,0.0,-33860913.0,33860913.0,9.52063135293783,4,MANAGEMENT_LINE,DRIVER_IDENTIFIED,MANAGEMENT_LINE
2024,12,2024-12,2024-12-01,Operating Costs,Cost of Goods Sold,-24600737.26,0.0,-24600737.26,24600737.26,6.9169591045268595,5,MANAGEMENT_LINE,DRIVER_IDENTIFIED,MANAGEMENT_LINE
2024,12,2024-12,2024-12-01,Operating Costs,Energy Consumption,-534428.16,0.0,-534428.16,534428.16,0.1502645098786579,22,MANAGEMENT_LINE,DRIVER_IDENTIFIED,MANAGEMENT_LINE
2024,12,2024-12,2024-12-01,Operating Costs,Inventory Change,-624388.7,0.0,-624388.7,624388.7,0.17555860450780203,21,MANAGEMENT_LINE,DRIVER_IDENTIFIED,MANAGEMENT_LINE
2024,12,2024-12,2024-12-01,Operating Costs,Material Consumption,-6845705.22,0.0,-6845705.22,6845705.22,1.9247985354234882,7,MANAGEMENT_LINE,DRIVER_IDENTIFIED,MANAGEMENT_LINE
2024,12,2024-12,2024-12-01,Operating Costs,Other Operating Costs,-842861.71,0.0,-842861.71,842861.71,0.23698639261194146,18,MANAGEMENT_LINE,DRIVER_IDENTIFIED,MANAGEMENT_LINE
2024,12,2024-12,2024-12-01,Operating Costs,Other Services,-169677.29,0.0,-169677.29,169677.29,0.04770795539551827,24,MANAGEMENT_LINE,DRIVER_IDENTIFIED,MANAGEMENT_LINE
2024,12,2024-12,2024-12-01,Operating Costs,Payroll Costs,-817730.84,0.0,-817730.84,817730.84,0.22992037673550586,19,MANAGEMENT_LINE,DRIVER_IDENTIFIED,MANAGEMENT_LINE
2024,12,2024-12,2024-12-01,Operating Costs,Repairs & Maintenance,239130.22,0.0,239130.22,239130.22,0.0672359504886038,23,MANAGEMENT_LINE,DRIVER_IDENTIFIED,MANAGEMENT_LINE
2024,12,2024-12,2024-12-01,Operating Costs,Shortages & Damages,-5444132.25,0.0,-5444132.25,5444132.25,1.5307199835069412,8,MANAGEMENT_LINE,DRIVER_IDENTIFIED,MANAGEMENT_LINE
2024,12,2024-12,2024-12-01,Operating Costs,Social & Health Insurance,-997714.44,0.0,-997714.44,997714.44,0.2805261446654675,16,MANAGEMENT_LINE,DRIVER_IDENTIFIED,MANAGEMENT_LINE
2024,12,2024-12,2024-12-01,Other Operating Income,Other Operating Income,-1846541.6,0.0,-1846541.6,1846541.6,0.5191898355329044,14,MANAGEMENT_LINE,DRIVER_IDENTIFIED,MANAGEMENT_LINE
2024,12,2024-12,2024-12-01,Revenue,Sales Revenue,-8025233.62,0.0,-8025233.62,8025233.62,2.256445088093837,6,MANAGEMENT_LINE,DRIVER_IDENTIFIED,MANAGEMENT_LINE
2024,12,2024-12,2024-12-01,Tax,Income Tax,-3228657.57,0.0,-3228657.57,3228657.57,0.9077976866377485,10,MANAGEMENT_LINE,DRIVER_IDENTIFIED,MANAGEMENT_LINE
2025,1,2025-01,2025-01-01,Closing Accounts,Closing Balance Sheet Account,95039307.98,0.0,95039307.98,95039307.98,25.250300035168582,1,MANAGEMENT_LINE,DRIVER_IDENTIFIED,MANAGEMENT_LINE
2025,1,2025-01,2025-01-01,Closing Accounts,Opening Balance Sheet Account,-61323388.52,0.0,-61323388.52,61323388.52,16.292563489930544,3,MANAGEMENT_LINE,DRIVER_IDENTIFIED,MANAGEMENT_LINE
2025,1,2025-01,2025-01-01,Closing Accounts,Profit and Loss Account,-33715919.46,0.0,-33715919.46,33715919.46,8.957736545238038,4,MANAGEMENT_LINE,DRIVER_IDENTIFIED,MANAGEMENT_LINE
2025,1,2025-01,2025-01-01,EBITDA Adjustments,Depreciation,-1995006.96,0.0,-1995006.96,1995006.96,0.5300388374339841,14,MANAGEMENT_LINE,DRIVER_IDENTIFIED,MANAGEMENT_LINE
2025,1,2025-01,2025-01-01,EBITDA Adjustments,Provisions,-182108.28,0.0,-182108.28,182108.28,0.04838301968545636,24,MANAGEMENT_LINE,DRIVER_IDENTIFIED,MANAGEMENT_LINE
2025,1,2025-01,2025-01-01,Financial Result,FX Gains,-1575517.65,0.0,-1575517.65,1575517.65,0.41858778455726414,16,MANAGEMENT_LINE,DRIVER_IDENTIFIED,MANAGEMENT_LINE
2025,1,2025-01,2025-01-01,Financial Result,FX Losses,-1762451.93,0.0,-1762451.93,1762451.93,0.4682529889572322,15,MANAGEMENT_LINE,DRIVER_IDENTIFIED,MANAGEMENT_LINE
2025,1,2025-01,2025-01-01,Financial Result,Interest Expense,-2709121.39,0.0,-2709121.39,2709121.39,0.7197666879433539,13,MANAGEMENT_LINE,DRIVER_IDENTIFIED,MANAGEMENT_LINE
2025,1,2025-01,2025-01-01,Financial Result,Interest Income,-3459051.63,0.0,-3459051.63,3459051.63,0.9190101795882094,12,MANAGEMENT_LINE,DRIVER_IDENTIFIED,MANAGEMENT_LINE
2025,1,2025-01,2025-01-01,Financial Result,Other Financial Expenses,-5812845.6,0.0,-5812845.6,5812845.6,1.5443725188844701,9,MANAGEMENT_LINE,DRIVER_IDENTIFIED,MANAGEMENT_LINE
2025,1,2025-01,2025-01-01,Non-Core Operating Items,Fixed Asset Disposal Costs,-93155871.0,0.0,-93155871.0,93155871.0,24.74990341135962,2,MANAGEMENT_LINE,DRIVER_IDENTIFIED,MANAGEMENT_LINE
2025,1,2025-01,2025-01-01,Operating Costs,Cost of Goods Sold,-27352922.15,0.0,-27352922.15,27352922.15,7.26719823413963,5,MANAGEMENT_LINE,DRIVER_IDENTIFIED,MANAGEMENT_LINE
2025,1,2025-01,2025-01-01,Operating Costs,Energy Consumption,-419821.19,0.0,-419821.19,419821.19,0.11153922765149238,22,MANAGEMENT_LINE,DRIVER_IDENTIFIED,MANAGEMENT_LINE
2025,1,2025-01,2025-01-01,Operating Costs,Inventory Change,-265840.04,0.0,-265840.04,265840.04,0.07062909983281652,23,MANAGEMENT_LINE,DRIVER_IDENTIFIED,MANAGEMENT_LINE
2025,1,2025-01,2025-01-01,Operating Costs,Material Consumption,-7416394.2,0.0,-7416394.2,7416394.2,1.970407641946343,8,MANAGEMENT_LINE,DRIVER_IDENTIFIED,MANAGEMENT_LINE
2025,1,2025-01,2025-01-01,Operating Costs,Other Operating Costs,-717688.36,0.0,-717688.36,717688.36,0.19067738188457378,20,MANAGEMENT_LINE,DRIVER_IDENTIFIED,MANAGEMENT_LINE
2025,1,2025-01,2025-01-01,Operating Costs,Other Services,494469.0,0.0,494469.0,494469.0,0.1313718594280717,21,MANAGEMENT_LINE,DRIVER_IDENTIFIED,MANAGEMENT_LINE
2025,1,2025-01,2025-01-01,Operating Costs,Payroll Costs,-1306333.02,0.0,-1306333.02,1306333.02,0.3470700850198665,17,MANAGEMENT_LINE,DRIVER_IDENTIFIED,MANAGEMENT_LINE
2025,1,2025-01,2025-01-01,Operating Costs,Repairs & Maintenance,-790745.21,0.0,-790745.21,790745.21,0.2100873231113397,19,MANAGEMENT_LINE,DRIVER_IDENTIFIED,MANAGEMENT_LINE
2025,1,2025-01,2025-01-01,Operating Costs,Shortages & Damages,-3981217.9,0.0,-3981217.9,3981217.9,1.0577407245172554,11,MANAGEMENT_LINE,DRIVER_IDENTIFIED,MANAGEMENT_LINE
2025,1,2025-01,2025-01-01,Operating Costs,Social & Health Insurance,-960053.86,0.0,-960053.86,960053.86,0.2550697025279596,18,MANAGEMENT_LINE,DRIVER_IDENTIFIED,MANAGEMENT_LINE
2025,1,2025-01,2025-01-01,Other Operating Income,Other Operating Income,-16584313.2,0.0,-16584313.2,16584313.2,4.406165123438504,6,MANAGEMENT_LINE,DRIVER_IDENTIFIED,MANAGEMENT_LINE
2025,1,2025-01,2025-01-01,Revenue,Sales Revenue,-9637635.99,0.0,-9637635.99,9637635.99,2.5605531600508926,7,MANAGEMENT_LINE,DRIVER_IDENTIFIED,MANAGEMENT_LINE
2025,1,2025-01,2025-01-01,Tax,Income Tax,-5730801.9399999995,0.0,-5730801.9399999995,5730801.9399999995,1.5225749377044882,10,MANAGEMENT_LINE,DRIVER_IDENTIFIED,MANAGEMENT_LINE
2025,2,2025-02,2025-02-01,Closing Accounts,Closing Balance Sheet Account,159853385.91,0.0,159853385.91,159853385.91,30.132974669020875,1,MANAGEMENT_LINE,DRIVER_IDENTIFIED,MANAGEMENT_LINE
2025,2,2025-02,2025-02-01,Closing Accounts,Opening Balance Sheet Account,-131715159.22,0.0,-131715159.22,131715159.22,24.828811311741024,2,MANAGEMENT_LINE,DRIVER_IDENTIFIED,MANAGEMENT_LINE
2025,2,2025-02,2025-02-01,Closing Accounts,Profit and Loss Account,-28138226.69,0.0,-28138226.69,28138226.69,5.30416335727985,4,MANAGEMENT_LINE,DRIVER_IDENTIFIED,MANAGEMENT_LINE
2025,2,2025-02,2025-02-01,EBITDA Adjustments,Depreciation,-21216414.91,0.0,-21216414.91,21216414.91,3.999375361435326,6,MANAGEMENT_LINE,DRIVER_IDENTIFIED,MANAGEMENT_LINE
2025,2,2025-02,2025-02-01,EBITDA Adjustments,Provisions,-1095069.21,0.0,-1095069.21,1095069.21,0.2064247346273474,17,MANAGEMENT_LINE,DRIVER_IDENTIFIED,MANAGEMENT_LINE
2025,2,2025-02,2025-02-01,Financial Result,FX Gains,-819489.75,0.0,-819489.75,819489.75,0.15447695235041922,20,MANAGEMENT_LINE,DRIVER_IDENTIFIED,MANAGEMENT_LINE
2025,2,2025-02,2025-02-01,Financial Result,FX Losses,-1297507.65,0.0,-1297507.65,1297507.65,0.2445851548763782,16,MANAGEMENT_LINE,DRIVER_IDENTIFIED,MANAGEMENT_LINE
2025,2,2025-02,2025-02-01,Financial Result,Interest Expense,-2913716.44,0.0,-2913716.44,2913716.44,0.5492466936462759,14,MANAGEMENT_LINE,DRIVER_IDENTIFIED,MANAGEMENT_LINE
2025,2,2025-02,2025-02-01,Financial Result,Interest Income,-3974622.83,0.0,-3974622.83,3974622.83,0.7492316060338747,12,MANAGEMENT_LINE,DRIVER_IDENTIFIED,MANAGEMENT_LINE
2025,2,2025-02,2025-02-01,Financial Result,Other Financial Expenses,-4524273.31,0.0,-4524273.31,4524273.31,0.8528428238780821,10,MANAGEMENT_LINE,DRIVER_IDENTIFIED,MANAGEMENT_LINE
2025,2,2025-02,2025-02-01,Non-Core Operating Items,Fixed Asset Disposal Costs,-117880634.0,0.0,-117880634.0,117880634.0,22.220950391942313,3,MANAGEMENT_LINE,DRIVER_IDENTIFIED,MANAGEMENT_LINE
2025,2,2025-02,2025-02-01,Operating Costs,Cost of Goods Sold,-22165577.85,0.0,-22165577.85,22165577.85,4.178296206089165,5,MANAGEMENT_LINE,DRIVER_IDENTIFIED,MANAGEMENT_LINE
2025,2,2025-02,2025-02-01,Operating Costs,Energy Consumption,83840.79,0.0,83840.79,83840.79,0.015804309598566064,22,MANAGEMENT_LINE,DRIVER_IDENTIFIED,MANAGEMENT_LINE
2025,2,2025-02,2025-02-01,Operating Costs,Material Consumption,-6071977.65,0.0,-6071977.65,6071977.65,1.1445910117995504,9,MANAGEMENT_LINE,DRIVER_IDENTIFIED,MANAGEMENT_LINE
2025,2,2025-02,2025-02-01,Operating Costs,Other Operating Costs,-1612861.03,0.0,-1612861.03,1612861.03,0.30403047320501336,15,MANAGEMENT_LINE,DRIVER_IDENTIFIED,MANAGEMENT_LINE
2025,2,2025-02,2025-02-01,Operating Costs,Payroll Costs,-1087067.6,0.0,-1087067.6,1087067.6,0.2049164005369007,18,MANAGEMENT_LINE,DRIVER_IDENTIFIED,MANAGEMENT_LINE
2025,2,2025-02,2025-02-01,Operating Costs,Repairs & Maintenance,381270.38,0.0,381270.38,381270.38,0.07187092495529838,21,MANAGEMENT_LINE,DRIVER_IDENTIFIED,MANAGEMENT_LINE
2025,2,2025-02,2025-02-01,Operating Costs,Shortages & Damages,-3854447.29,0.0,-3854447.29,3854447.29,0.7265780570831211,13,MANAGEMENT_LINE,DRIVER_IDENTIFIED,MANAGEMENT_LINE
2025,2,2025-02,2025-02-01,Operating Costs,Social & Health Insurance,-831132.64,0.0,-831132.64,831132.64,0.15667168164843814,19,MANAGEMENT_LINE,DRIVER_IDENTIFIED,MANAGEMENT_LINE
2025,2,2025-02,2025-02-01,Other Operating Income,Other Operating Income,-7783015.2,0.0,-7783015.2,7783015.2,1.4671281345410223,8,MANAGEMENT_LINE,DRIVER_IDENTIFIED,MANAGEMENT_LINE
2025,2,2025-02,2025-02-01,Revenue,Sales Revenue,-8957983.54,0.0,-8957983.54,8957983.54,1.6886141607804366,7,MANAGEMENT_LINE,DRIVER_IDENTIFIED,MANAGEMENT_LINE
2025,2,2025-02,2025-02-01,Tax,Income Tax,-4235540.49,0.0,-4235540.49,4235540.49,0.7984155829307217,11,MANAGEMENT_LINE,DRIVER_IDENTIFIED,MANAGEMENT_LINE
2025,3,2025-03,2025-03-01,Closing Accounts,Closing Balance Sheet Account,252063460.79,0.0,252063460.79,252063460.79,40.87166667841247,1,MANAGEMENT_LINE,DRIVER_IDENTIFIED,MANAGEMENT_LINE
2025,3,2025-03,2025-03-01,Closing Accounts,Opening Balance Sheet Account,-195706183.83,0.0,-195706183.83,195706183.83,31.73342890450868,2,MANAGEMENT_LINE,DRIVER_IDENTIFIED,MANAGEMENT_LINE
2025,3,2025-03,2025-03-01,Closing Accounts,Profit and Loss Account,-56357276.96,0.0,-56357276.96,56357276.96,9.13823777390379,3,MANAGEMENT_LINE,DRIVER_IDENTIFIED,MANAGEMENT_LINE
2025,3,2025-03,2025-03-01,EBITDA Adjustments,Depreciation,-30722882.32,0.0,-30722882.32,30722882.32,4.981663751055457,4,MANAGEMENT_LINE,DRIVER_IDENTIFIED,MANAGEMENT_LINE
2025,3,2025-03,2025-03-01,EBITDA Adjustments,Provisions,-1168347.62,0.0,-1168347.62,1168347.62,0.18944560365669222,16,MANAGEMENT_LINE,DRIVER_IDENTIFIED,MANAGEMENT_LINE
2025,3,2025-03,2025-03-01,Financial Result,FX Gains,-2685663.3,0.0,-2685663.3,2685663.3,0.4354757919454862,13,MANAGEMENT_LINE,DRIVER_IDENTIFIED,MANAGEMENT_LINE
2025,3,2025-03,2025-03-01,Financial Result,FX Losses,-912091.46,0.0,-912091.46,912091.46,0.14789409784548002,18,MANAGEMENT_LINE,DRIVER_IDENTIFIED,MANAGEMENT_LINE
2025,3,2025-03,2025-03-01,Financial Result,Interest Expense,-3269547.91,0.0,-3269547.91,3269547.91,0.5301517004797137,12,MANAGEMENT_LINE,DRIVER_IDENTIFIED,MANAGEMENT_LINE
2025,3,2025-03,2025-03-01,Financial Result,Interest Income,-5839545.1,0.0,-5839545.1,5839545.1,0.9468724270178929,10,MANAGEMENT_LINE,DRIVER_IDENTIFIED,MANAGEMENT_LINE
2025,3,2025-03,2025-03-01,Financial Result,Other Financial Expenses,-4780649.16,0.0,-4780649.16,4780649.16,0.7751742293847943,11,MANAGEMENT_LINE,DRIVER_IDENTIFIED,MANAGEMENT_LINE
2025,3,2025-03,2025-03-01,Non-Core Operating Items,Fixed Asset Disposal Costs,-1610030.0,0.0,-1610030.0,1610030.0,0.26106365950861793,15,MANAGEMENT_LINE,DRIVER_IDENTIFIED,MANAGEMENT_LINE
2025,3,2025-03,2025-03-01,Operating Costs,Cost of Goods Sold,-22949333.9,0.0,-22949333.9,22949333.9,3.7211959349944923,5,MANAGEMENT_LINE,DRIVER_IDENTIFIED,MANAGEMENT_LINE
2025,3,2025-03,2025-03-01,Operating Costs,Energy Consumption,172217.25,0.0,172217.25,172217.25,0.02792473774743982,21,MANAGEMENT_LINE,DRIVER_IDENTIFIED,MANAGEMENT_LINE
2025,3,2025-03,2025-03-01,Operating Costs,Inventory Change,-63071.93,0.0,-63071.93,63071.93,0.010227007483134716,23,MANAGEMENT_LINE,DRIVER_IDENTIFIED,MANAGEMENT_LINE
2025,3,2025-03,2025-03-01,Operating Costs,Material Consumption,-7050446.44,0.0,-7050446.44,7050446.44,1.1432180448786096,9,MANAGEMENT_LINE,DRIVER_IDENTIFIED,MANAGEMENT_LINE
2025,3,2025-03,2025-03-01,Operating Costs,Other Operating Costs,-470027.85,0.0,-470027.85,470027.85,0.07621422618955406,20,MANAGEMENT_LINE,DRIVER_IDENTIFIED,MANAGEMENT_LINE
2025,3,2025-03,2025-03-01,Operating Costs,Other Services,69033.56,0.0,69033.56,69033.56,0.011193675771574284,22,MANAGEMENT_LINE,DRIVER_IDENTIFIED,MANAGEMENT_LINE
2025,3,2025-03,2025-03-01,Operating Costs,Payroll Costs,-1786081.15,0.0,-1786081.15,1786081.15,0.28961005769977,14,MANAGEMENT_LINE,DRIVER_IDENTIFIED,MANAGEMENT_LINE
2025,3,2025-03,2025-03-01,Operating Costs,Repairs & Maintenance,47184.78,0.0,47184.78,47184.78,0.0076509328024378705,24,MANAGEMENT_LINE,DRIVER_IDENTIFIED,MANAGEMENT_LINE
2025,3,2025-03,2025-03-01,Operating Costs,Shortages & Damages,-7183696.67,0.0,-7183696.67,7183696.67,1.1648243458010548,8,MANAGEMENT_LINE,DRIVER_IDENTIFIED,MANAGEMENT_LINE
2025,3,2025-03,2025-03-01,Operating Costs,Social & Health Insurance,-966002.9,0.0,-966002.9,966002.9,0.15663574726554008,17,MANAGEMENT_LINE,DRIVER_IDENTIFIED,MANAGEMENT_LINE
2025,3,2025-03,2025-03-01,Other Operating Income,Other Operating Income,-699619.2,0.0,-699619.2,699619.2,0.11344207785848194,19,MANAGEMENT_LINE,DRIVER_IDENTIFIED,MANAGEMENT_LINE
2025,3,2025-03,2025-03-01,Revenue,Sales Revenue,-10001693.25,0.0,-10001693.25,10001693.25,1.6217577567670431,7,MANAGEMENT_LINE,DRIVER_IDENTIFIED,MANAGEMENT_LINE
2025,3,2025-03,2025-03-01,Tax,Income Tax,-10145222.83,0.0,-10145222.83,10145222.83,1.6450308370217805,6,MANAGEMENT_LINE,DRIVER_IDENTIFIED,MANAGEMENT_LINE
2025,4,2025-04,2025-04-01,Closing Accounts,Closing Balance Sheet Account,83379326.14,0.0,83379326.14,83379326.14,23.44751409584559,1,MANAGEMENT_LINE,DRIVER_IDENTIFIED,MANAGEMENT_LINE
2025,4,2025-04,2025-04-01,Closing Accounts,Opening Balance Sheet Account,-69235355.44,0.0,-69235355.44,69235355.44,19.470017902093346,3,MANAGEMENT_LINE,DRIVER_IDENTIFIED,MANAGEMENT_LINE
2025,4,2025-04,2025-04-01,Closing Accounts,Profit and Loss Account,-14143970.7,0.0,-14143970.7,14143970.7,3.977496193752245,6,MANAGEMENT_LINE,DRIVER_IDENTIFIED,MANAGEMENT_LINE
2025,4,2025-04,2025-04-01,EBITDA Adjustments,Depreciation,-8346646.4,0.0,-8346646.4,8346646.4,2.347201856590093,9,MANAGEMENT_LINE,DRIVER_IDENTIFIED,MANAGEMENT_LINE
2025,4,2025-04,2025-04-01,EBITDA Adjustments,Provisions,-2196996.08,0.0,-2196996.08,2196996.08,0.6178281708324384,14,MANAGEMENT_LINE,DRIVER_IDENTIFIED,MANAGEMENT_LINE
2025,4,2025-04,2025-04-01,Financial Result,FX Gains,-1440719.71,0.0,-1440719.71,1440719.71,0.4051519396027057,17,MANAGEMENT_LINE,DRIVER_IDENTIFIED,MANAGEMENT_LINE
2025,4,2025-04,2025-04-01,Financial Result,FX Losses,-2022030.29,0.0,-2022030.29,2022030.29,0.5686251727124088,16,MANAGEMENT_LINE,DRIVER_IDENTIFIED,MANAGEMENT_LINE
2025,4,2025-04,2025-04-01,Financial Result,Interest Expense,-2138687.01,0.0,-2138687.01,2138687.01,0.6014307878835162,15,MANAGEMENT_LINE,DRIVER_IDENTIFIED,MANAGEMENT_LINE
2025,4,2025-04,2025-04-01,Financial Result,Interest Income,-4499832.03,0.0,-4499832.03,4499832.03,1.2654200967659979,13,MANAGEMENT_LINE,DRIVER_IDENTIFIED,MANAGEMENT_LINE
2025,4,2025-04,2025-04-01,Financial Result,Other Financial Expenses,-6349494.91,0.0,-6349494.91,6349494.91,1.7855729746933267,11,MANAGEMENT_LINE,DRIVER_IDENTIFIED,MANAGEMENT_LINE
2025,4,2025-04,2025-04-01,Non-Core Operating Items,Fixed Asset Disposal Costs,-73952773.0,0.0,-73952773.0,73952773.0,20.796626305576538,2,MANAGEMENT_LINE,DRIVER_IDENTIFIED,MANAGEMENT_LINE
2025,4,2025-04,2025-04-01,Operating Costs,Cost of Goods Sold,-23906954.56,0.0,-23906954.56,23906954.56,6.7229933364191625,5,MANAGEMENT_LINE,DRIVER_IDENTIFIED,MANAGEMENT_LINE
2025,4,2025-04,2025-04-01,Operating Costs,Energy Consumption,-875011.06,0.0,-875011.06,875011.06,0.2460662026570175,20,MANAGEMENT_LINE,DRIVER_IDENTIFIED,MANAGEMENT_LINE
2025,4,2025-04,2025-04-01,Operating Costs,Inventory Change,-401508.31,0.0,-401508.31,401508.31,0.11291014444655886,22,MANAGEMENT_LINE,DRIVER_IDENTIFIED,MANAGEMENT_LINE
2025,4,2025-04,2025-04-01,Operating Costs,Material Consumption,-6989525.65,0.0,-6989525.65,6989525.65,1.965559195410995,10,MANAGEMENT_LINE,DRIVER_IDENTIFIED,MANAGEMENT_LINE
2025,4,2025-04,2025-04-01,Operating Costs,Other Operating Costs,-980041.2,0.0,-980041.2,980041.2,0.2756022495663387,19,MANAGEMENT_LINE,DRIVER_IDENTIFIED,MANAGEMENT_LINE
2025,4,2025-04,2025-04-01,Operating Costs,Other Services,18492.36,0.0,18492.36,18492.36,0.005200328328840236,24,MANAGEMENT_LINE,DRIVER_IDENTIFIED,MANAGEMENT_LINE
2025,4,2025-04,2025-04-01,Operating Costs,Payroll Costs,-1336698.63,0.0,-1336698.63,1336698.63,0.3758996554637122,18,MANAGEMENT_LINE,DRIVER_IDENTIFIED,MANAGEMENT_LINE
2025,4,2025-04,2025-04-01,Operating Costs,Repairs & Maintenance,50619.11,0.0,50619.11,50619.11,0.014234851133856365,23,MANAGEMENT_LINE,DRIVER_IDENTIFIED,MANAGEMENT_LINE
2025,4,2025-04,2025-04-01,Operating Costs,Shortages & Damages,-5119617.32,0.0,-5119617.32,5119617.32,1.439712994015752,12,MANAGEMENT_LINE,DRIVER_IDENTIFIED,MANAGEMENT_LINE
2025,4,2025-04,2025-04-01,Operating Costs,Social & Health Insurance,-613206.0,0.0,-613206.0,613206.0,0.17244270245738272,21,MANAGEMENT_LINE,DRIVER_IDENTIFIED,MANAGEMENT_LINE
2025,4,2025-04,2025-04-01,Other Operating Income,Other Operating Income,-28581091.2,0.0,-28581091.2,28581091.2,8.037430497596109,4,MANAGEMENT_LINE,DRIVER_IDENTIFIED,MANAGEMENT_LINE
2025,4,2025-04,2025-04-01,Revenue,Sales Revenue,-9908902.120000001,0.0,-9908902.120000001,9908902.120000001,2.786531540719577,7,MANAGEMENT_LINE,DRIVER_IDENTIFIED,MANAGEMENT_LINE
2025,4,2025-04,2025-04-01,Tax,Income Tax,-9112355.83,0.0,-9112355.83,9112355.83,2.5625308054364875,8,MANAGEMENT_LINE,DRIVER_IDENTIFIED,MANAGEMENT_LINE
2025,5,2025-05,2025-05-01,Closing Accounts,Closing Balance Sheet Account,191498315.27,0.0,191498315.27,191498315.27,40.73106367575495,1,MANAGEMENT_LINE,DRIVER_IDENTIFIED,MANAGEMENT_LINE
2025,5,2025-05,2025-05-01,Closing Accounts,Opening Balance Sheet Account,-154248890.17,0.0,-154248890.17,154248890.17,32.80823310936484,2,MANAGEMENT_LINE,DRIVER_IDENTIFIED,MANAGEMENT_LINE
2025,5,2025-05,2025-05-01,Closing Accounts,Profit and Loss Account,-37249425.1,0.0,-37249425.1,37249425.1,7.922830566390104,3,MANAGEMENT_LINE,DRIVER_IDENTIFIED,MANAGEMENT_LINE
2025,5,2025-05,2025-05-01,EBITDA Adjustments,Depreciation,-1340632.9,0.0,-1340632.9,1340632.9,0.2851482214802882,15,MANAGEMENT_LINE,DRIVER_IDENTIFIED,MANAGEMENT_LINE
2025,5,2025-05,2025-05-01,EBITDA Adjustments,Provisions,-674201.3,0.0,-674201.3,674201.3,0.14340040559552003,21,MANAGEMENT_LINE,DRIVER_IDENTIFIED,MANAGEMENT_LINE
2025,5,2025-05,2025-05-01,Financial Result,FX Gains,-940649.16,0.0,-940649.16,940649.16,0.2000729916526195,17,MANAGEMENT_LINE,DRIVER_IDENTIFIED,MANAGEMENT_LINE
2025,5,2025-05,2025-05-01,Financial Result,FX Losses,-878338.65,0.0,-878338.65,878338.65,0.18681975051104396,19,MANAGEMENT_LINE,DRIVER_IDENTIFIED,MANAGEMENT_LINE
2025,5,2025-05,2025-05-01,Financial Result,Interest Expense,-905585.74,0.0,-905585.74,905585.74,0.1926151172024129,18,MANAGEMENT_LINE,DRIVER_IDENTIFIED,MANAGEMENT_LINE
2025,5,2025-05,2025-05-01,Financial Result,Interest Income,-3849800.25,0.0,-3849800.25,3849800.25,0.8188398884898834,12,MANAGEMENT_LINE,DRIVER_IDENTIFIED,MANAGEMENT_LINE
2025,5,2025-05,2025-05-01,Financial Result,Other Financial Expenses,-5651161.8,0.0,-5651161.8,5651161.8,1.2019835829535022,10,MANAGEMENT_LINE,DRIVER_IDENTIFIED,MANAGEMENT_LINE
2025,5,2025-05,2025-05-01,Non-Core Operating Items,Fixed Asset Disposal Costs,-8576105.0,0.0,-8576105.0,8576105.0,1.8241094098005555,6,MANAGEMENT_LINE,DRIVER_IDENTIFIED,MANAGEMENT_LINE
2025,5,2025-05,2025-05-01,Operating Costs,Cost of Goods Sold,-22918912.94,0.0,-22918912.94,22918912.94,4.874777624137498,4,MANAGEMENT_LINE,DRIVER_IDENTIFIED,MANAGEMENT_LINE
2025,5,2025-05,2025-05-01,Operating Costs,Energy Consumption,-842613.36,0.0,-842613.36,842613.36,0.1792210984823137,20,MANAGEMENT_LINE,DRIVER_IDENTIFIED,MANAGEMENT_LINE
2025,5,2025-05,2025-05-01,Operating Costs,Inventory Change,-323157.09,0.0,-323157.09,323157.09,0.06873445331100365,23,MANAGEMENT_LINE,DRIVER_IDENTIFIED,MANAGEMENT_LINE
2025,5,2025-05,2025-05-01,Operating Costs,Material Consumption,-6587593.11,0.0,-6587593.11,6587593.11,1.4011594517427557,9,MANAGEMENT_LINE,DRIVER_IDENTIFIED,MANAGEMENT_LINE
2025,5,2025-05,2025-05-01,Operating Costs,Other Operating Costs,-974442.52,0.0,-974442.52,974442.52,0.20726072850574545,16,MANAGEMENT_LINE,DRIVER_IDENTIFIED,MANAGEMENT_LINE
2025,5,2025-05,2025-05-01,Operating Costs,Other Services,482864.97,0.0,482864.97,482864.97,0.10270379565549428,22,MANAGEMENT_LINE,DRIVER_IDENTIFIED,MANAGEMENT_LINE
2025,5,2025-05,2025-05-01,Operating Costs,Payroll Costs,-1946107.18,0.0,-1946107.18,1946107.18,0.41393061529895253,14,MANAGEMENT_LINE,DRIVER_IDENTIFIED,MANAGEMENT_LINE
2025,5,2025-05,2025-05-01,Operating Costs,Repairs & Maintenance,-41616.42,0.0,-41616.42,41616.42,0.008851676060893848,24,MANAGEMENT_LINE,DRIVER_IDENTIFIED,MANAGEMENT_LINE
2025,5,2025-05,2025-05-01,Operating Costs,Shortages & Damages,-3858405.16,0.0,-3858405.16,3858405.16,0.8206701246287234,11,MANAGEMENT_LINE,DRIVER_IDENTIFIED,MANAGEMENT_LINE
2025,5,2025-05,2025-05-01,Operating Costs,Social & Health Insurance,-1968128.7,0.0,-1968128.7,1968128.7,0.4186145203875809,13,MANAGEMENT_LINE,DRIVER_IDENTIFIED,MANAGEMENT_LINE
2025,5,2025-05,2025-05-01,Other Operating Income,Other Operating Income,-8783528.8,0.0,-8783528.8,8783528.8,1.868227771853794,5,MANAGEMENT_LINE,DRIVER_IDENTIFIED,MANAGEMENT_LINE
2025,5,2025-05,2025-05-01,Revenue,Sales Revenue,-8180535.490000001,0.0,-8180535.490000001,8180535.490000001,1.739973072218262,7,MANAGEMENT_LINE,DRIVER_IDENTIFIED,MANAGEMENT_LINE
2025,5,2025-05,2025-05-01,Tax,Income Tax,-7431982.7,0.0,-7431982.7,7431982.7,1.5807583485212624,8,MANAGEMENT_LINE,DRIVER_IDENTIFIED,MANAGEMENT_LINE
2025,6,2025-06,2025-06-01,Closing Accounts,Closing Balance Sheet Account,79977436.76,0.0,79977436.76,79977436.76,33.14296089258876,1,MANAGEMENT_LINE,DRIVER_IDENTIFIED,MANAGEMENT_LINE
2025,6,2025-06,2025-06-01,Closing Accounts,Opening Balance Sheet Account,-68048010.2,0.0,-68048010.2,68048010.2,28.19936012259217,2,MANAGEMENT_LINE,DRIVER_IDENTIFIED,MANAGEMENT_LINE
2025,6,2025-06,2025-06-01,Closing Accounts,Profit and Loss Account,-11929426.56,0.0,-11929426.56,11929426.56,4.943600769996592,4,MANAGEMENT_LINE,DRIVER_IDENTIFIED,MANAGEMENT_LINE
2025,6,2025-06,2025-06-01,EBITDA Adjustments,Depreciation,-1728288.12,0.0,-1728288.12,1728288.12,0.7162093196882015,16,MANAGEMENT_LINE,DRIVER_IDENTIFIED,MANAGEMENT_LINE
2025,6,2025-06,2025-06-01,EBITDA Adjustments,Provisions,-2224136.26,0.0,-2224136.26,2224136.26,0.9216907176729657,14,MANAGEMENT_LINE,DRIVER_IDENTIFIED,MANAGEMENT_LINE
2025,6,2025-06,2025-06-01,Financial Result,FX Gains,-452497.28,0.0,-452497.28,452497.28,0.18751663297295684,19,MANAGEMENT_LINE,DRIVER_IDENTIFIED,MANAGEMENT_LINE
2025,6,2025-06,2025-06-01,Financial Result,FX Losses,-2538562.54,0.0,-2538562.54,2538562.54,1.0519901911721483,12,MANAGEMENT_LINE,DRIVER_IDENTIFIED,MANAGEMENT_LINE
2025,6,2025-06,2025-06-01,Financial Result,Interest Expense,-2466450.83,0.0,-2466450.83,2466450.83,1.0221068180453037,13,MANAGEMENT_LINE,DRIVER_IDENTIFIED,MANAGEMENT_LINE
2025,6,2025-06,2025-06-01,Financial Result,Interest Income,-3349059.42,0.0,-3349059.42,3349059.42,1.3878632509454283,10,MANAGEMENT_LINE,DRIVER_IDENTIFIED,MANAGEMENT_LINE
2025,6,2025-06,2025-06-01,Financial Result,Other Financial Expenses,-5674046.71,0.0,-5674046.71,5674046.71,2.3513470277445276,8,MANAGEMENT_LINE,DRIVER_IDENTIFIED,MANAGEMENT_LINE
2025,6,2025-06,2025-06-01,Non-Core Operating Items,Fixed Asset Disposal Costs,-2833773.0,0.0,-2833773.0,2833773.0,1.1743265541169106,11,MANAGEMENT_LINE,DRIVER_IDENTIFIED,MANAGEMENT_LINE
2025,6,2025-06,2025-06-01,Operating Costs,Cost of Goods Sold,-25416629.97,0.0,-25416629.97,25416629.97,10.532750326132225,3,MANAGEMENT_LINE,DRIVER_IDENTIFIED,MANAGEMENT_LINE
2025,6,2025-06,2025-06-01,Operating Costs,Energy Consumption,99017.76,0.0,99017.76,99017.76,0.04103334490701099,22,MANAGEMENT_LINE,DRIVER_IDENTIFIED,MANAGEMENT_LINE
2025,6,2025-06,2025-06-01,Operating Costs,Inventory Change,-53475.69,0.0,-53475.69,53475.69,0.02216053394775239,23,MANAGEMENT_LINE,DRIVER_IDENTIFIED,MANAGEMENT_LINE
2025,6,2025-06,2025-06-01,Operating Costs,Material Consumption,-6326170.96,0.0,-6326170.96,6326170.96,2.621589853601989,7,MANAGEMENT_LINE,DRIVER_IDENTIFIED,MANAGEMENT_LINE
2025,6,2025-06,2025-06-01,Operating Costs,Other Operating Costs,-826895.56,0.0,-826895.56,826895.56,0.34266873655348296,18,MANAGEMENT_LINE,DRIVER_IDENTIFIED,MANAGEMENT_LINE
2025,6,2025-06,2025-06-01,Operating Costs,Other Services,-396040.5,0.0,-396040.5,396040.5,0.16412072373324832,20,MANAGEMENT_LINE,DRIVER_IDENTIFIED,MANAGEMENT_LINE
2025,6,2025-06,2025-06-01,Operating Costs,Payroll Costs,-2083985.31,0.0,-2083985.31,2083985.31,0.8636116188285236,15,MANAGEMENT_LINE,DRIVER_IDENTIFIED,MANAGEMENT_LINE
2025,6,2025-06,2025-06-01,Operating Costs,Repairs & Maintenance,-133334.75,0.0,-133334.75,133334.75,0.055254439050530776,21,MANAGEMENT_LINE,DRIVER_IDENTIFIED,MANAGEMENT_LINE
2025,6,2025-06,2025-06-01,Operating Costs,Shortages & Damages,-4028340.65,0.0,-4028340.65,4028340.65,1.6693600349511326,9,MANAGEMENT_LINE,DRIVER_IDENTIFIED,MANAGEMENT_LINE
2025,6,2025-06,2025-06-01,Operating Costs,Social & Health Insurance,46914.94,0.0,46914.94,46914.94,0.01944173362750002,24,MANAGEMENT_LINE,DRIVER_IDENTIFIED,MANAGEMENT_LINE
2025,6,2025-06,2025-06-01,Other Operating Income,Other Operating Income,-1338184.4,0.0,-1338184.4,1338184.4,0.5545488206800634,17,MANAGEMENT_LINE,DRIVER_IDENTIFIED,MANAGEMENT_LINE
2025,6,2025-06,2025-06-01,Revenue,Sales Revenue,-10325468.95,0.0,-10325468.95,10325468.95,4.2789144972778885,5,MANAGEMENT_LINE,DRIVER_IDENTIFIED,MANAGEMENT_LINE
2025,6,2025-06,2025-06-01,Tax,Income Tax,-9014329.09,0.0,-9014329.09,9014329.09,3.7355730391726953,6,MANAGEMENT_LINE,DRIVER_IDENTIFIED,MANAGEMENT_LINE
2025,7,2025-07,2025-07-01,Closing Accounts,Closing Balance Sheet Account,312757756.57,0.0,312757756.57,312757756.57,30.107125075110417,1,MANAGEMENT_LINE,DRIVER_IDENTIFIED,MANAGEMENT_LINE
2025,7,2025-07,2025-07-01,Closing Accounts,Opening Balance Sheet Account,-272280262.3,0.0,-272280262.3,272280262.3,26.210623846559116,2,MANAGEMENT_LINE,DRIVER_IDENTIFIED,MANAGEMENT_LINE
2025,7,2025-07,2025-07-01,Closing Accounts,Profit and Loss Account,-40477494.27,0.0,-40477494.27,40477494.27,3.8965012285513065,5,MANAGEMENT_LINE,DRIVER_IDENTIFIED,MANAGEMENT_LINE
2025,7,2025-07,2025-07-01,EBITDA Adjustments,Depreciation,-1173022.19,0.0,-1173022.19,1173022.19,0.11291910447728769,19,MANAGEMENT_LINE,DRIVER_IDENTIFIED,MANAGEMENT_LINE
2025,7,2025-07,2025-07-01,EBITDA Adjustments,Provisions,-2014963.58,0.0,-2014963.58,2014963.58,0.19396724541753949,15,MANAGEMENT_LINE,DRIVER_IDENTIFIED,MANAGEMENT_LINE
2025,7,2025-07,2025-07-01,Financial Result,FX Gains,-2391700.74,0.0,-2391700.74,2391700.74,0.23023324540728962,14,MANAGEMENT_LINE,DRIVER_IDENTIFIED,MANAGEMENT_LINE
2025,7,2025-07,2025-07-01,Financial Result,FX Losses,-1420479.82,0.0,-1420479.82,1420479.82,0.1367402173376267,18,MANAGEMENT_LINE,DRIVER_IDENTIFIED,MANAGEMENT_LINE
2025,7,2025-07,2025-07-01,Financial Result,Interest Expense,-3031149.97,0.0,-3031149.97,3031149.97,0.2917888025193773,13,MANAGEMENT_LINE,DRIVER_IDENTIFIED,MANAGEMENT_LINE
2025,7,2025-07,2025-07-01,Financial Result,Interest Income,-6364552.86,0.0,-6364552.86,6364552.86,0.612673498827469,10,MANAGEMENT_LINE,DRIVER_IDENTIFIED,MANAGEMENT_LINE
2025,7,2025-07,2025-07-01,Financial Result,Other Financial Expenses,-4290253.79,0.0,-4290253.79,4290253.79,0.4129944173921292,12,MANAGEMENT_LINE,DRIVER_IDENTIFIED,MANAGEMENT_LINE
2025,7,2025-07,2025-07-01,Non-Core Operating Items,Fixed Asset Disposal Costs,-268110286.0,0.0,-268110286.0,268110286.0,25.809207749317586,3,MANAGEMENT_LINE,DRIVER_IDENTIFIED,MANAGEMENT_LINE
2025,7,2025-07,2025-07-01,Operating Costs,Cost of Goods Sold,-26317453.84,0.0,-26317453.84,26317453.84,2.5334075902990003,6,MANAGEMENT_LINE,DRIVER_IDENTIFIED,MANAGEMENT_LINE
2025,7,2025-07,2025-07-01,Operating Costs,Inventory Change,-279022.62,0.0,-279022.62,279022.62,0.02685966612388342,23,MANAGEMENT_LINE,DRIVER_IDENTIFIED,MANAGEMENT_LINE
2025,7,2025-07,2025-07-01,Operating Costs,Material Consumption,-6513180.96,0.0,-6513180.96,6513180.96,0.6269809450933924,9,MANAGEMENT_LINE,DRIVER_IDENTIFIED,MANAGEMENT_LINE
2025,7,2025-07,2025-07-01,Operating Costs,Other Operating Costs,-1572080.26,0.0,-1572080.26,1572080.26,0.15133379115839368,17,MANAGEMENT_LINE,DRIVER_IDENTIFIED,MANAGEMENT_LINE
2025,7,2025-07,2025-07-01,Operating Costs,Other Services,-705413.42,0.0,-705413.42,705413.42,0.06790549433055554,20,MANAGEMENT_LINE,DRIVER_IDENTIFIED,MANAGEMENT_LINE
2025,7,2025-07,2025-07-01,Operating Costs,Payroll Costs,-1961172.54,0.0,-1961172.54,1961172.54,0.18878913700877872,16,MANAGEMENT_LINE,DRIVER_IDENTIFIED,MANAGEMENT_LINE
2025,7,2025-07,2025-07-01,Operating Costs,Repairs & Maintenance,-292041.7,0.0,-292041.7,292041.7,0.028112927031691288,22,MANAGEMENT_LINE,DRIVER_IDENTIFIED,MANAGEMENT_LINE
2025,7,2025-07,2025-07-01,Operating Costs,Shortages & Damages,-6338138.31,0.0,-6338138.31,6338138.31,0.6101307444306655,11,MANAGEMENT_LINE,DRIVER_IDENTIFIED,MANAGEMENT_LINE
2025,7,2025-07,2025-07-01,Operating Costs,Social & Health Insurance,-424502.05,0.0,-424502.05,424502.05,0.040864010709612236,21,MANAGEMENT_LINE,DRIVER_IDENTIFIED,MANAGEMENT_LINE
2025,7,2025-07,2025-07-01,Other Operating Income,Other Operating Income,-63382777.6,0.0,-63382777.6,63382777.6,6.101441683618185,4,MANAGEMENT_LINE,DRIVER_IDENTIFIED,MANAGEMENT_LINE
2025,7,2025-07,2025-07-01,Revenue,Sales Revenue,-9325931.14,0.0,-9325931.14,9325931.14,0.897745841232254,7,MANAGEMENT_LINE,DRIVER_IDENTIFIED,MANAGEMENT_LINE
2025,7,2025-07,2025-07-01,Tax,Income Tax,-7392775.83,0.0,-7392775.83,7392775.83,0.7116537380464535,8,MANAGEMENT_LINE,DRIVER_IDENTIFIED,MANAGEMENT_LINE
2025,8,2025-08,2025-08-01,Closing Accounts,Closing Balance Sheet Account,139285536.94,0.0,139285536.94,139285536.94,34.57509858504066,1,MANAGEMENT_LINE,DRIVER_IDENTIFIED,MANAGEMENT_LINE
2025,8,2025-08,2025-08-01,Closing Accounts,Opening Balance Sheet Account,-91382090.89,0.0,-91382090.89,91382090.89,22.683940277230167,2,MANAGEMENT_LINE,DRIVER_IDENTIFIED,MANAGEMENT_LINE
2025,8,2025-08,2025-08-01,Closing Accounts,Profit and Loss Account,-47903446.05,0.0,-47903446.05,47903446.05,11.891158307810494,3,MANAGEMENT_LINE,DRIVER_IDENTIFIED,MANAGEMENT_LINE
2025,8,2025-08,2025-08-01,EBITDA Adjustments,Depreciation,-2105878.58,0.0,-2105878.58,2105878.58,0.52274601592691,15,MANAGEMENT_LINE,DRIVER_IDENTIFIED,MANAGEMENT_LINE
2025,8,2025-08,2025-08-01,EBITDA Adjustments,Provisions,-748779.75,0.0,-748779.75,748779.75,0.1858709399661815,18,MANAGEMENT_LINE,DRIVER_IDENTIFIED,MANAGEMENT_LINE
2025,8,2025-08,2025-08-01,Financial Result,FX Gains,-1595561.08,0.0,-1595561.08,1595561.08,0.39606898786065703,16,MANAGEMENT_LINE,DRIVER_IDENTIFIED,MANAGEMENT_LINE
2025,8,2025-08,2025-08-01,Financial Result,FX Losses,-2114426.75,0.0,-2114426.75,2114426.75,0.5248679434935818,14,MANAGEMENT_LINE,DRIVER_IDENTIFIED,MANAGEMENT_LINE
2025,8,2025-08,2025-08-01,Financial Result,Interest Expense,-2389527.97,0.0,-2389527.97,2389527.97,0.5931568126132973,13,MANAGEMENT_LINE,DRIVER_IDENTIFIED,MANAGEMENT_LINE
2025,8,2025-08,2025-08-01,Financial Result,Interest Income,-3013375.36,0.0,-3013375.36,3013375.36,0.7480155688426812,11,MANAGEMENT_LINE,DRIVER_IDENTIFIED,MANAGEMENT_LINE
2025,8,2025-08,2025-08-01,Financial Result,Other Financial Expenses,-2490677.9,0.0,-2490677.9,2490677.9,0.6182654411073417,12,MANAGEMENT_LINE,DRIVER_IDENTIFIED,MANAGEMENT_LINE
2025,8,2025-08,2025-08-01,Non-Core Operating Items,Fixed Asset Disposal Costs,-44412392.0,0.0,-44412392.0,44412392.0,11.024567701231932,4,MANAGEMENT_LINE,DRIVER_IDENTIFIED,MANAGEMENT_LINE
2025,8,2025-08,2025-08-01,Operating Costs,Cost of Goods Sold,-24561912.66,0.0,-24561912.66,24561912.66,6.0970476211215034,5,MANAGEMENT_LINE,DRIVER_IDENTIFIED,MANAGEMENT_LINE
2025,8,2025-08,2025-08-01,Operating Costs,Energy Consumption,124180.58,0.0,124180.58,124180.58,0.030825568039394232,24,MANAGEMENT_LINE,DRIVER_IDENTIFIED,MANAGEMENT_LINE
2025,8,2025-08,2025-08-01,Operating Costs,Inventory Change,-231332.3,0.0,-231332.3,231332.3,0.0574240316268418,23,MANAGEMENT_LINE,DRIVER_IDENTIFIED,MANAGEMENT_LINE
2025,8,2025-08,2025-08-01,Operating Costs,Material Consumption,-6487223.7,0.0,-6487223.7,6487223.7,1.6103351711766911,9,MANAGEMENT_LINE,DRIVER_IDENTIFIED,MANAGEMENT_LINE
2025,8,2025-08,2025-08-01,Operating Costs,Other Operating Costs,-503695.66,0.0,-503695.66,503695.66,0.12503327684954912,20,MANAGEMENT_LINE,DRIVER_IDENTIFIED,MANAGEMENT_LINE
2025,8,2025-08,2025-08-01,Operating Costs,Other Services,-442475.5,0.0,-442475.5,442475.5,0.10983648675996667,21,MANAGEMENT_LINE,DRIVER_IDENTIFIED,MANAGEMENT_LINE
2025,8,2025-08,2025-08-01,Operating Costs,Payroll Costs,-1498724.6,0.0,-1498724.6,1498724.6,0.3720310947944832,17,MANAGEMENT_LINE,DRIVER_IDENTIFIED,MANAGEMENT_LINE
2025,8,2025-08,2025-08-01,Operating Costs,Repairs & Maintenance,309585.87,0.0,309585.87,309585.87,0.07684905562302943,22,MANAGEMENT_LINE,DRIVER_IDENTIFIED,MANAGEMENT_LINE
2025,8,2025-08,2025-08-01,Operating Costs,Shortages & Damages,-4160289.65,0.0,-4160289.65,4160289.65,1.032716159561041,10,MANAGEMENT_LINE,DRIVER_IDENTIFIED,MANAGEMENT_LINE
2025,8,2025-08,2025-08-01,Operating Costs,Social & Health Insurance,-692823.29,0.0,-692823.29,692823.29,0.17198076756584613,19,MANAGEMENT_LINE,DRIVER_IDENTIFIED,MANAGEMENT_LINE
2025,8,2025-08,2025-08-01,Other Operating Income,Other Operating Income,-11501487.6,0.0,-11501487.6,11501487.6,2.8550348900613045,6,MANAGEMENT_LINE,DRIVER_IDENTIFIED,MANAGEMENT_LINE
2025,8,2025-08,2025-08-01,Revenue,Sales Revenue,-6817721.9,0.0,-6817721.9,6817721.9,1.6923753319731485,8,MANAGEMENT_LINE,DRIVER_IDENTIFIED,MANAGEMENT_LINE
2025,8,2025-08,2025-08-01,Tax,Income Tax,-8076136.98,0.0,-8076136.98,8076136.98,2.004753963723296,7,MANAGEMENT_LINE,DRIVER_IDENTIFIED,MANAGEMENT_LINE
2025,9,2025-09,2025-09-01,Closing Accounts,Closing Balance Sheet Account,147029588.56,0.0,147029588.56,147029588.56,35.21402556435919,1,MANAGEMENT_LINE,DRIVER_IDENTIFIED,MANAGEMENT_LINE
2025,9,2025-09,2025-09-01,Closing Accounts,Opening Balance Sheet Account,-104679077.7,0.0,-104679077.7,104679077.7,25.070951733481078,2,MANAGEMENT_LINE,DRIVER_IDENTIFIED,MANAGEMENT_LINE
2025,9,2025-09,2025-09-01,Closing Accounts,Profit and Loss Account,-42350510.86,0.0,-42350510.86,42350510.86,10.143073830878109,3,MANAGEMENT_LINE,DRIVER_IDENTIFIED,MANAGEMENT_LINE
2025,9,2025-09,2025-09-01,EBITDA Adjustments,Depreciation,-1282512.34,0.0,-1282512.34,1282512.34,0.3071655356563566,17,MANAGEMENT_LINE,DRIVER_IDENTIFIED,MANAGEMENT_LINE
2025,9,2025-09,2025-09-01,EBITDA Adjustments,Provisions,-921052.19,0.0,-921052.19,921052.19,0.22059475022970176,18,MANAGEMENT_LINE,DRIVER_IDENTIFIED,MANAGEMENT_LINE
2025,9,2025-09,2025-09-01,Financial Result,FX Gains,-2767618.1,0.0,-2767618.1,2767618.1,0.6628528004484759,15,MANAGEMENT_LINE,DRIVER_IDENTIFIED,MANAGEMENT_LINE
2025,9,2025-09,2025-09-01,Financial Result,FX Losses,-2884162.69,0.0,-2884162.69,2884162.69,0.6907655778141896,14,MANAGEMENT_LINE,DRIVER_IDENTIFIED,MANAGEMENT_LINE
2025,9,2025-09,2025-09-01,Financial Result,Interest Expense,-5672510.75,0.0,-5672510.75,5672510.75,1.358583265592744,11,MANAGEMENT_LINE,DRIVER_IDENTIFIED,MANAGEMENT_LINE
2025,9,2025-09,2025-09-01,Financial Result,Interest Income,-4160317.39,0.0,-4160317.39,4160317.39,0.9964084397034383,12,MANAGEMENT_LINE,DRIVER_IDENTIFIED,MANAGEMENT_LINE
2025,9,2025-09,2025-09-01,Financial Result,Other Financial Expenses,-6930211.52,0.0,-6930211.52,6930211.52,1.6598063561342837,9,MANAGEMENT_LINE,DRIVER_IDENTIFIED,MANAGEMENT_LINE
2025,9,2025-09,2025-09-01,Non-Core Operating Items,Fixed Asset Disposal Costs,-11537956.0,0.0,-11537956.0,11537956.0,2.763374920134861,6,MANAGEMENT_LINE,DRIVER_IDENTIFIED,MANAGEMENT_LINE
2025,9,2025-09,2025-09-01,Operating Costs,Cost of Goods Sold,-23566758.16,0.0,-23566758.16,23566758.16,5.644308961503024,5,MANAGEMENT_LINE,DRIVER_IDENTIFIED,MANAGEMENT_LINE
2025,9,2025-09,2025-09-01,Operating Costs,Energy Consumption,307317.39,0.0,307317.39,307317.39,0.07360343270916478,24,MANAGEMENT_LINE,DRIVER_IDENTIFIED,MANAGEMENT_LINE
2025,9,2025-09,2025-09-01,Operating Costs,Inventory Change,-344154.53,0.0,-344154.53,344154.53,0.08242603775337683,22,MANAGEMENT_LINE,DRIVER_IDENTIFIED,MANAGEMENT_LINE
2025,9,2025-09,2025-09-01,Operating Costs,Material Consumption,-7438943.4,0.0,-7438943.4,7438943.4,1.7816491607233336,8,MANAGEMENT_LINE,DRIVER_IDENTIFIED,MANAGEMENT_LINE
2025,9,2025-09,2025-09-01,Operating Costs,Other Operating Costs,-2457558.0,0.0,-2457558.0,2457558.0,0.5885924805032008,16,MANAGEMENT_LINE,DRIVER_IDENTIFIED,MANAGEMENT_LINE
2025,9,2025-09,2025-09-01,Operating Costs,Other Services,358950.83,0.0,358950.83,358950.83,0.08596979579256431,21,MANAGEMENT_LINE,DRIVER_IDENTIFIED,MANAGEMENT_LINE
2025,9,2025-09,2025-09-01,Operating Costs,Payroll Costs,-889585.68,0.0,-889585.68,889585.68,0.21305842710988987,19,MANAGEMENT_LINE,DRIVER_IDENTIFIED,MANAGEMENT_LINE
2025,9,2025-09,2025-09-01,Operating Costs,Repairs & Maintenance,361590.96,0.0,361590.96,361590.96,0.08660211481231926,20,MANAGEMENT_LINE,DRIVER_IDENTIFIED,MANAGEMENT_LINE
2025,9,2025-09,2025-09-01,Operating Costs,Shortages & Damages,-6240475.89,0.0,-6240475.89,6240475.89,1.494612612852075,10,MANAGEMENT_LINE,DRIVER_IDENTIFIED,MANAGEMENT_LINE
2025,9,2025-09,2025-09-01,Operating Costs,Social & Health Insurance,-322812.95,0.0,-322812.95,322812.95,0.07731466560669402,23,MANAGEMENT_LINE,DRIVER_IDENTIFIED,MANAGEMENT_LINE
2025,9,2025-09,2025-09-01,Other Operating Income,Other Operating Income,-34593058.8,0.0,-34593058.8,34593058.8,8.285140894857854,4,MANAGEMENT_LINE,DRIVER_IDENTIFIED,MANAGEMENT_LINE
2025,9,2025-09,2025-09-01,Revenue,Sales Revenue,-7537122.84,0.0,-7537122.84,7537122.84,1.8051634298164803,7,MANAGEMENT_LINE,DRIVER_IDENTIFIED,MANAGEMENT_LINE
2025,9,2025-09,2025-09-01,Tax,Income Tax,-2897480.41,0.0,-2897480.41,2897480.41,0.6939552115275942,13,MANAGEMENT_LINE,DRIVER_IDENTIFIED,MANAGEMENT_LINE
2025,10,2025-10,2025-10-01,Closing Accounts,Closing Balance Sheet Account,145965776.61,0.0,145965776.61,145965776.61,34.207328809021185,1,MANAGEMENT_LINE,DRIVER_IDENTIFIED,MANAGEMENT_LINE
2025,10,2025-10,2025-10-01,Closing Accounts,Opening Balance Sheet Account,-103075482.87,0.0,-103075482.87,103075482.87,24.155915287619287,2,MANAGEMENT_LINE,DRIVER_IDENTIFIED,MANAGEMENT_LINE
2025,10,2025-10,2025-10-01,Closing Accounts,Profit and Loss Account,-42890293.74,0.0,-42890293.74,42890293.74,10.0514135214019,3,MANAGEMENT_LINE,DRIVER_IDENTIFIED,MANAGEMENT_LINE
2025,10,2025-10,2025-10-01,EBITDA Adjustments,Depreciation,-11533585.99,0.0,-11533585.99,11533585.99,2.7029155564402414,7,MANAGEMENT_LINE,DRIVER_IDENTIFIED,MANAGEMENT_LINE
2025,10,2025-10,2025-10-01,EBITDA Adjustments,Provisions,-3401136.6500000004,0.0,-3401136.6500000004,3401136.6500000004,0.7970621772651343,13,MANAGEMENT_LINE,DRIVER_IDENTIFIED,MANAGEMENT_LINE
2025,10,2025-10,2025-10-01,Financial Result,FX Gains,-3012339.27,0.0,-3012339.27,3012339.27,0.7059468478596603,15,MANAGEMENT_LINE,DRIVER_IDENTIFIED,MANAGEMENT_LINE
2025,10,2025-10,2025-10-01,Financial Result,FX Losses,-1989183.96,0.0,-1989183.96,1989183.96,0.46616865515782246,17,MANAGEMENT_LINE,DRIVER_IDENTIFIED,MANAGEMENT_LINE
2025,10,2025-10,2025-10-01,Financial Result,Interest Expense,-2563296.98,0.0,-2563296.98,2563296.98,0.6007130210001833,16,MANAGEMENT_LINE,DRIVER_IDENTIFIED,MANAGEMENT_LINE
2025,10,2025-10,2025-10-01,Financial Result,Interest Income,-4259160.06,0.0,-4259160.06,4259160.06,0.9981414274384709,12,MANAGEMENT_LINE,DRIVER_IDENTIFIED,MANAGEMENT_LINE
2025,10,2025-10,2025-10-01,Financial Result,Other Financial Expenses,-6658835.17,0.0,-6658835.17,6658835.17,1.5605093840172077,10,MANAGEMENT_LINE,DRIVER_IDENTIFIED,MANAGEMENT_LINE
2025,10,2025-10,2025-10-01,Non-Core Operating Items,Fixed Asset Disposal Costs,-25716132.0,0.0,-25716132.0,25716132.0,6.026619413470961,4,MANAGEMENT_LINE,DRIVER_IDENTIFIED,MANAGEMENT_LINE
2025,10,2025-10,2025-10-01,Operating Costs,Cost of Goods Sold,-24328604.85,0.0,-24328604.85,24328604.85,5.701450058339792,5,MANAGEMENT_LINE,DRIVER_IDENTIFIED,MANAGEMENT_LINE
2025,10,2025-10,2025-10-01,Operating Costs,Energy Consumption,901466.35,0.0,901466.35,901466.35,0.21126017728874655,20,MANAGEMENT_LINE,DRIVER_IDENTIFIED,MANAGEMENT_LINE
2025,10,2025-10,2025-10-01,Operating Costs,Inventory Change,-253344.42,0.0,-253344.42,253344.42,0.05937169710695764,23,MANAGEMENT_LINE,DRIVER_IDENTIFIED,MANAGEMENT_LINE
2025,10,2025-10,2025-10-01,Operating Costs,Material Consumption,-7495180.61,0.0,-7495180.61,7495180.61,1.7565083649320639,9,MANAGEMENT_LINE,DRIVER_IDENTIFIED,MANAGEMENT_LINE
2025,10,2025-10,2025-10-01,Operating Costs,Other Operating Costs,-1268929.66,0.0,-1268929.66,1268929.66,0.2973758309875336,18,MANAGEMENT_LINE,DRIVER_IDENTIFIED,MANAGEMENT_LINE
2025,10,2025-10,2025-10-01,Operating Costs,Other Services,-499590.39,0.0,-499590.39,499590.39,0.11707986034437562,22,MANAGEMENT_LINE,DRIVER_IDENTIFIED,MANAGEMENT_LINE
2025,10,2025-10,2025-10-01,Operating Costs,Payroll Costs,-1032656.83,0.0,-1032656.83,1032656.83,0.24200489012622042,19,MANAGEMENT_LINE,DRIVER_IDENTIFIED,MANAGEMENT_LINE
2025,10,2025-10,2025-10-01,Operating Costs,Shortages & Damages,-5545095.72,0.0,-5545095.72,5545095.72,1.2995026435432333,11,MANAGEMENT_LINE,DRIVER_IDENTIFIED,MANAGEMENT_LINE
2025,10,2025-10,2025-10-01,Operating Costs,Social & Health Insurance,-611713.67,0.0,-611713.67,611713.67,0.14335614232760857,21,MANAGEMENT_LINE,DRIVER_IDENTIFIED,MANAGEMENT_LINE
2025,10,2025-10,2025-10-01,Other Operating Income,Other Operating Income,-21907910.8,0.0,-21907910.8,21907910.8,5.134156277307572,6,MANAGEMENT_LINE,DRIVER_IDENTIFIED,MANAGEMENT_LINE
2025,10,2025-10,2025-10-01,Revenue,Sales Revenue,-8543129.62,0.0,-8543129.62,8543129.62,2.0020970035342325,8,MANAGEMENT_LINE,DRIVER_IDENTIFIED,MANAGEMENT_LINE
2025,10,2025-10,2025-10-01,Tax,Income Tax,-3256229.56,0.0,-3256229.56,3256229.56,0.7631029534695967,14,MANAGEMENT_LINE,DRIVER_IDENTIFIED,MANAGEMENT_LINE
2025,11,2025-11,2025-11-01,Closing Accounts,Closing Balance Sheet Account,74799735.94,0.0,74799735.94,74799735.94,23.201129760991957,1,MANAGEMENT_LINE,DRIVER_IDENTIFIED,MANAGEMENT_LINE
2025,11,2025-11,2025-11-01,Closing Accounts,Opening Balance Sheet Account,-51466216.05,0.0,-51466216.05,51466216.05,15.963617275883351,3,MANAGEMENT_LINE,DRIVER_IDENTIFIED,MANAGEMENT_LINE
2025,11,2025-11,2025-11-01,Closing Accounts,Profit and Loss Account,-23333519.89,0.0,-23333519.89,23333519.89,7.237512485108604,6,MANAGEMENT_LINE,DRIVER_IDENTIFIED,MANAGEMENT_LINE
2025,11,2025-11,2025-11-01,EBITDA Adjustments,Depreciation,-2685709.36,0.0,-2685709.36,2685709.36,0.8330442691890425,13,MANAGEMENT_LINE,DRIVER_IDENTIFIED,MANAGEMENT_LINE
2025,11,2025-11,2025-11-01,EBITDA Adjustments,Provisions,-917121.21,0.0,-917121.21,917121.21,0.28446956305883386,17,MANAGEMENT_LINE,DRIVER_IDENTIFIED,MANAGEMENT_LINE
2025,11,2025-11,2025-11-01,Financial Result,FX Gains,-1805644.25,0.0,-1805644.25,1805644.25,0.5600686422214527,16,MANAGEMENT_LINE,DRIVER_IDENTIFIED,MANAGEMENT_LINE
2025,11,2025-11,2025-11-01,Financial Result,FX Losses,-1900045.48,0.0,-1900045.48,1900045.48,0.5893496972853919,15,MANAGEMENT_LINE,DRIVER_IDENTIFIED,MANAGEMENT_LINE
2025,11,2025-11,2025-11-01,Financial Result,Interest Expense,-2108223.7,0.0,-2108223.7,2108223.7,0.6539217152869883,14,MANAGEMENT_LINE,DRIVER_IDENTIFIED,MANAGEMENT_LINE
2025,11,2025-11,2025-11-01,Financial Result,Interest Income,-7838995.99,0.0,-7838995.99,7838995.99,2.431473331747775,8,MANAGEMENT_LINE,DRIVER_IDENTIFIED,MANAGEMENT_LINE
2025,11,2025-11,2025-11-01,Financial Result,Other Financial Expenses,-3754651.68,0.0,-3754651.68,3754651.68,1.1646051919873455,12,MANAGEMENT_LINE,DRIVER_IDENTIFIED,MANAGEMENT_LINE
2025,11,2025-11,2025-11-01,Non-Core Operating Items,Fixed Asset Disposal Costs,-63402564.0,0.0,-63402564.0,63402564.0,19.66599341638795,2,MANAGEMENT_LINE,DRIVER_IDENTIFIED,MANAGEMENT_LINE
2025,11,2025-11,2025-11-01,Operating Costs,Cost of Goods Sold,-24005012.63,0.0,-24005012.63,24005012.63,7.445793837957241,5,MANAGEMENT_LINE,DRIVER_IDENTIFIED,MANAGEMENT_LINE
2025,11,2025-11,2025-11-01,Operating Costs,Energy Consumption,-252054.46,0.0,-252054.46,252054.46,0.07818140211066575,24,MANAGEMENT_LINE,DRIVER_IDENTIFIED,MANAGEMENT_LINE
2025,11,2025-11,2025-11-01,Operating Costs,Inventory Change,-436972.86,0.0,-436972.86,436972.86,0.13553876761041103,22,MANAGEMENT_LINE,DRIVER_IDENTIFIED,MANAGEMENT_LINE
2025,11,2025-11,2025-11-01,Operating Costs,Material Consumption,-6614113.86,0.0,-6614113.86,6614113.86,2.0515435247382157,10,MANAGEMENT_LINE,DRIVER_IDENTIFIED,MANAGEMENT_LINE
2025,11,2025-11,2025-11-01,Operating Costs,Other Operating Costs,-726823.8,0.0,-726823.8,726823.8,0.2254437543830889,19,MANAGEMENT_LINE,DRIVER_IDENTIFIED,MANAGEMENT_LINE
2025,11,2025-11,2025-11-01,Operating Costs,Other Services,615619.65,0.0,615619.65,615619.65,0.19095082627729462,21,MANAGEMENT_LINE,DRIVER_IDENTIFIED,MANAGEMENT_LINE
2025,11,2025-11,2025-11-01,Operating Costs,Payroll Costs,-838792.81,0.0,-838792.81,838792.81,0.2601739241834692,18,MANAGEMENT_LINE,DRIVER_IDENTIFIED,MANAGEMENT_LINE
2025,11,2025-11,2025-11-01,Operating Costs,Repairs & Maintenance,-288977.77,0.0,-288977.77,288977.77,0.08963414984766976,23,MANAGEMENT_LINE,DRIVER_IDENTIFIED,MANAGEMENT_LINE
2025,11,2025-11,2025-11-01,Operating Costs,Shortages & Damages,-3959609.73,0.0,-3959609.73,3959609.73,1.2281783885214117,11,MANAGEMENT_LINE,DRIVER_IDENTIFIED,MANAGEMENT_LINE
2025,11,2025-11,2025-11-01,Operating Costs,Social & Health Insurance,-714837.44,0.0,-714837.44,714837.44,0.22172586567362823,20,MANAGEMENT_LINE,DRIVER_IDENTIFIED,MANAGEMENT_LINE
2025,11,2025-11,2025-11-01,Other Operating Income,Other Operating Income,-34105744.4,0.0,-34105744.4,34105744.4,10.578804744101678,4,MANAGEMENT_LINE,DRIVER_IDENTIFIED,MANAGEMENT_LINE
2025,11,2025-11,2025-11-01,Revenue,Sales Revenue,-8796003.97,0.0,-8796003.97,8796003.97,2.7283148385693408,7,MANAGEMENT_LINE,DRIVER_IDENTIFIED,MANAGEMENT_LINE
2025,11,2025-11,2025-11-01,Tax,Income Tax,-7029964.350000001,0.0,-7029964.350000001,7029964.350000001,2.1805306268772036,9,MANAGEMENT_LINE,DRIVER_IDENTIFIED,MANAGEMENT_LINE
2025,12,2025-12,2025-12-01,Closing Accounts,Closing Balance Sheet Account,180956057.23,0.0,180956057.23,180956057.23,30.56356683236282,1,MANAGEMENT_LINE,DRIVER_IDENTIFIED,MANAGEMENT_LINE
2025,12,2025-12,2025-12-01,Closing Accounts,Opening Balance Sheet Account,-130806126.74,0.0,-130806126.74,130806126.74,22.093218972046188,2,MANAGEMENT_LINE,DRIVER_IDENTIFIED,MANAGEMENT_LINE
2025,12,2025-12,2025-12-01,Closing Accounts,Profit and Loss Account,-50149930.49,0.0,-50149930.49,50149930.49,8.470347860316636,4,MANAGEMENT_LINE,DRIVER_IDENTIFIED,MANAGEMENT_LINE
2025,12,2025-12,2025-12-01,EBITDA Adjustments,Depreciation,-2038643.25,0.0,-2038643.25,2038643.25,0.34432784496141483,15,MANAGEMENT_LINE,DRIVER_IDENTIFIED,MANAGEMENT_LINE
2025,12,2025-12,2025-12-01,EBITDA Adjustments,Provisions,-1284690.5499999998,0.0,-1284690.5499999998,1284690.5499999998,0.2169848640873261,18,MANAGEMENT_LINE,DRIVER_IDENTIFIED,MANAGEMENT_LINE
2025,12,2025-12,2025-12-01,Financial Result,FX Gains,-1724738.64,0.0,-1724738.64,1724738.64,0.2913092023495928,16,MANAGEMENT_LINE,DRIVER_IDENTIFIED,MANAGEMENT_LINE
2025,12,2025-12,2025-12-01,Financial Result,FX Losses,-3024970.69,0.0,-3024970.69,3024970.69,0.510919033410649,13,MANAGEMENT_LINE,DRIVER_IDENTIFIED,MANAGEMENT_LINE
2025,12,2025-12,2025-12-01,Financial Result,Interest Expense,-2158770.66,0.0,-2158770.66,2158770.66,0.3646174234377355,14,MANAGEMENT_LINE,DRIVER_IDENTIFIED,MANAGEMENT_LINE
2025,12,2025-12,2025-12-01,Financial Result,Interest Income,-4784941.39,0.0,-4784941.39,4784941.39,0.8081789479769828,12,MANAGEMENT_LINE,DRIVER_IDENTIFIED,MANAGEMENT_LINE
2025,12,2025-12,2025-12-01,Financial Result,Other Financial Expenses,-5280481.33,0.0,-5280481.33,5280481.33,0.8918758869252311,11,MANAGEMENT_LINE,DRIVER_IDENTIFIED,MANAGEMENT_LINE
2025,12,2025-12,2025-12-01,Non-Core Operating Items,Fixed Asset Disposal Costs,-106015254.0,0.0,-106015254.0,106015254.0,17.90602840534116,3,MANAGEMENT_LINE,DRIVER_IDENTIFIED,MANAGEMENT_LINE
2025,12,2025-12,2025-12-01,Operating Costs,Cost of Goods Sold,-26818360.36,0.0,-26818360.36,26818360.36,4.529634220287162,6,MANAGEMENT_LINE,DRIVER_IDENTIFIED,MANAGEMENT_LINE
2025,12,2025-12,2025-12-01,Operating Costs,Energy Consumption,-340508.31,0.0,-340508.31,340508.31,0.057512020592005685,23,MANAGEMENT_LINE,DRIVER_IDENTIFIED,MANAGEMENT_LINE
2025,12,2025-12,2025-12-01,Operating Costs,Inventory Change,-354315.43,0.0,-354315.43,354315.43,0.059844049932952725,22,MANAGEMENT_LINE,DRIVER_IDENTIFIED,MANAGEMENT_LINE
2025,12,2025-12,2025-12-01,Operating Costs,Material Consumption,-6919859.57,0.0,-6919859.57,6919859.57,1.1687676758421184,8,MANAGEMENT_LINE,DRIVER_IDENTIFIED,MANAGEMENT_LINE
2025,12,2025-12,2025-12-01,Operating Costs,Other Operating Costs,-676247.79,0.0,-676247.79,676247.79,0.11421858345770866,19,MANAGEMENT_LINE,DRIVER_IDENTIFIED,MANAGEMENT_LINE
2025,12,2025-12,2025-12-01,Operating Costs,Other Services,-317616.93,0.0,-317616.93,317616.93,0.053645655280864145,24,MANAGEMENT_LINE,DRIVER_IDENTIFIED,MANAGEMENT_LINE
2025,12,2025-12,2025-12-01,Operating Costs,Payroll Costs,-1627208.28,0.0,-1627208.28,1627208.28,0.274836276703033,17,MANAGEMENT_LINE,DRIVER_IDENTIFIED,MANAGEMENT_LINE
2025,12,2025-12,2025-12-01,Operating Costs,Repairs & Maintenance,469438.38,0.0,469438.38,469438.38,0.07928837266038467,21,MANAGEMENT_LINE,DRIVER_IDENTIFIED,MANAGEMENT_LINE
2025,12,2025-12,2025-12-01,Operating Costs,Shortages & Damages,-5419228.87,0.0,-5419228.87,5419228.87,0.9153104144924736,10,MANAGEMENT_LINE,DRIVER_IDENTIFIED,MANAGEMENT_LINE
2025,12,2025-12,2025-12-01,Operating Costs,Social & Health Insurance,-522278.07,0.0,-522278.07,522278.07,0.0882130222213754,20,MANAGEMENT_LINE,DRIVER_IDENTIFIED,MANAGEMENT_LINE
2025,12,2025-12,2025-12-01,Other Operating Income,Other Operating Income,-42919612.0,0.0,-42919612.0,42919612.0,7.249143520593944,5,MANAGEMENT_LINE,DRIVER_IDENTIFIED,MANAGEMENT_LINE
2025,12,2025-12,2025-12-01,Revenue,Sales Revenue,-10589119.209999999,0.0,-10589119.209999999,10589119.209999999,1.788507428957381,7,MANAGEMENT_LINE,DRIVER_IDENTIFIED,MANAGEMENT_LINE
2025,12,2025-12,2025-12-01,Tax,Income Tax,-6866193.71,0.0,-6866193.71,6866193.71,1.159703485762858,9,MANAGEMENT_LINE,DRIVER_IDENTIFIED,MANAGEMENT_LINE
2026,1,2026-01,2026-01-01,Closing Accounts,Closing Balance Sheet Account,92328017.94,0.0,92328017.94,92328017.94,27.434743575032016,2,MANAGEMENT_LINE,DRIVER_IDENTIFIED,MANAGEMENT_LINE
2026,1,2026-01,2026-01-01,Closing Accounts,Opening Balance Sheet Account,-48441678.8,0.0,-48441678.8,48441678.8,14.394168377855946,3,MANAGEMENT_LINE,DRIVER_IDENTIFIED,MANAGEMENT_LINE
2026,1,2026-01,2026-01-01,Closing Accounts,Profit and Loss Account,-43886339.14,0.0,-43886339.14,43886339.14,13.040575197176068,4,MANAGEMENT_LINE,DRIVER_IDENTIFIED,MANAGEMENT_LINE
2026,1,2026-01,2026-01-01,EBITDA Adjustments,Depreciation,0.0,-2094757.35,2094757.35,2094757.35,0.6224451908683917,11,MANAGEMENT_LINE,DRIVER_IDENTIFIED,MANAGEMENT_LINE
2026,1,2026-01,2026-01-01,EBITDA Adjustments,Provisions,-1705523.51,-191213.69,-1514309.82,1514309.82,0.44996852019341516,14,MANAGEMENT_LINE,DRIVER_IDENTIFIED,MANAGEMENT_LINE
2026,1,2026-01,2026-01-01,Financial Result,FX Gains,-4081834.79,1654293.54,-5736128.33,5736128.33,1.7044577946999155,7,MANAGEMENT_LINE,DRIVER_IDENTIFIED,MANAGEMENT_LINE
2026,1,2026-01,2026-01-01,Financial Result,FX Losses,-1244765.11,-1850574.53,605809.4199999999,605809.4199999999,0.18001281153722629,19,MANAGEMENT_LINE,DRIVER_IDENTIFIED,MANAGEMENT_LINE
2026,1,2026-01,2026-01-01,Financial Result,Interest Expense,-3658887.13,-2844577.46,-814309.6699999999,814309.6699999999,0.24196747082382927,18,MANAGEMENT_LINE,DRIVER_IDENTIFIED,MANAGEMENT_LINE
2026,1,2026-01,2026-01-01,Financial Result,Interest Income,-5831264.71,3632004.22,-9463268.93,9463268.93,2.811956351590207,6,MANAGEMENT_LINE,DRIVER_IDENTIFIED,MANAGEMENT_LINE
2026,1,2026-01,2026-01-01,Financial Result,Other Financial Expenses,-4009016.85,-6103487.9,2094471.0500000003,2094471.0500000003,0.6223601184574293,12,MANAGEMENT_LINE,DRIVER_IDENTIFIED,MANAGEMENT_LINE
2026,1,2026-01,2026-01-01,Non-Core Operating Items,Fixed Asset Disposal Costs,0.0,-97813664.55,97813664.55,97813664.55,29.06477215624119,1,MANAGEMENT_LINE,DRIVER_IDENTIFIED,MANAGEMENT_LINE
2026,1,2026-01,2026-01-01,Operating Costs,Cost of Goods Sold,-26206722.07,-28720568.34,2513846.2699999996,2513846.2699999996,0.7469750715250834,9,MANAGEMENT_LINE,DRIVER_IDENTIFIED,MANAGEMENT_LINE
2026,1,2026-01,2026-01-01,Operating Costs,Energy Consumption,-351655.23,-440812.25,89157.02000000002,89157.02000000002,0.026492499635414588,22,MANAGEMENT_LINE,DRIVER_IDENTIFIED,MANAGEMENT_LINE
2026,1,2026-01,2026-01-01,Operating Costs,Inventory Change,-412587.04,-279132.04,-133455.0,133455.0,0.03965539156472763,21,MANAGEMENT_LINE,DRIVER_IDENTIFIED,MANAGEMENT_LINE
2026,1,2026-01,2026-01-01,Operating Costs,Material Consumption,-6726449.99,-7787214.04,1060764.0499999998,1060764.0499999998,0.31519998321933473,16,MANAGEMENT_LINE,DRIVER_IDENTIFIED,MANAGEMENT_LINE
2026,1,2026-01,2026-01-01,Operating Costs,Other Operating Costs,-736106.18,-753572.78,17466.599999999977,17466.599999999977,0.005190100500576755,24,MANAGEMENT_LINE,DRIVER_IDENTIFIED,MANAGEMENT_LINE
2026,1,2026-01,2026-01-01,Operating Costs,Other Services,-971176.7,519192.45,-1490369.15,1490369.15,0.44285468674264944,15,MANAGEMENT_LINE,DRIVER_IDENTIFIED,MANAGEMENT_LINE
2026,1,2026-01,2026-01-01,Operating Costs,Payroll Costs,-1222366.19,-1371649.69,149283.5,149283.5,0.04435873999964795,20,MANAGEMENT_LINE,DRIVER_IDENTIFIED,MANAGEMENT_LINE
2026,1,2026-01,2026-01-01,Operating Costs,Repairs & Maintenance,0.0,-830282.47,830282.47,830282.47,0.24671369718016725,17,MANAGEMENT_LINE,DRIVER_IDENTIFIED,MANAGEMENT_LINE
2026,1,2026-01,2026-01-01,Operating Costs,Shortages & Damages,-5749219.62,-4180278.85,-1568940.77,1568940.77,0.4662017951835096,13,MANAGEMENT_LINE,DRIVER_IDENTIFIED,MANAGEMENT_LINE
2026,1,2026-01,2026-01-01,Operating Costs,Social & Health Insurance,-969136.99,-1008056.56,38919.570000000065,38919.570000000065,0.011564728094719787,23,MANAGEMENT_LINE,DRIVER_IDENTIFIED,MANAGEMENT_LINE
2026,1,2026-01,2026-01-01,Other Operating Income,Other Operating Income,0.0,-17413528.86,17413528.86,17413528.86,5.174330714225658,5,MANAGEMENT_LINE,DRIVER_IDENTIFIED,MANAGEMENT_LINE
2026,1,2026-01,2026-01-01,Revenue,Sales Revenue,-7971258.77,-10119517.91,2148259.1400000006,2148259.1400000006,0.6383429424090896,10,MANAGEMENT_LINE,DRIVER_IDENTIFIED,MANAGEMENT_LINE
2026,1,2026-01,2026-01-01,Tax,Income Tax,-1727533.6099999999,-6017342.02,4289808.41,4289808.41,1.2746920852438024,8,MANAGEMENT_LINE,DRIVER_IDENTIFIED,MANAGEMENT_LINE
2026,2,2026-02,2026-02-01,Closing Accounts,Closing Balance Sheet Account,111501301.16,0.0,111501301.16,111501301.16,27.628777339062253,2,MANAGEMENT_LINE,DRIVER_IDENTIFIED,MANAGEMENT_LINE
2026,2,2026-02,2026-02-01,Closing Accounts,Opening Balance Sheet Account,-70207677.48,0.0,-70207677.48,70207677.48,17.39667849977954,3,MANAGEMENT_LINE,DRIVER_IDENTIFIED,MANAGEMENT_LINE
2026,2,2026-02,2026-02-01,Closing Accounts,Profit and Loss Account,-41293623.68,0.0,-41293623.68,41293623.68,10.232098839282717,4,MANAGEMENT_LINE,DRIVER_IDENTIFIED,MANAGEMENT_LINE
2026,2,2026-02,2026-02-01,EBITDA Adjustments,Depreciation,0.0,-22277235.65,22277235.65,22277235.65,5.520050233498726,5,MANAGEMENT_LINE,DRIVER_IDENTIFIED,MANAGEMENT_LINE
2026,2,2026-02,2026-02-01,EBITDA Adjustments,Provisions,-112248.9,-1149822.67,1037573.7699999999,1037573.7699999999,0.25709919405375836,11,MANAGEMENT_LINE,DRIVER_IDENTIFIED,MANAGEMENT_LINE
2026,2,2026-02,2026-02-01,Financial Result,FX Gains,-2432871.41,860464.24,-3293335.6500000004,3293335.6500000004,0.8160517987684968,9,MANAGEMENT_LINE,DRIVER_IDENTIFIED,MANAGEMENT_LINE
2026,2,2026-02,2026-02-01,Financial Result,FX Losses,-875509.77,-1362383.03,486873.26,486873.26,0.12064175711797914,19,MANAGEMENT_LINE,DRIVER_IDENTIFIED,MANAGEMENT_LINE
2026,2,2026-02,2026-02-01,Financial Result,Interest Expense,-2377739.74,-3059402.25,681662.5099999998,681662.5099999998,0.16890835813791047,15,MANAGEMENT_LINE,DRIVER_IDENTIFIED,MANAGEMENT_LINE
2026,2,2026-02,2026-02-01,Financial Result,Interest Income,-6656421.25,4173353.98,-10829775.23,10829775.23,2.6834973704244236,6,MANAGEMENT_LINE,DRIVER_IDENTIFIED,MANAGEMENT_LINE
2026,2,2026-02,2026-02-01,Financial Result,Other Financial Expenses,-3391140.69,-4750486.96,1359346.27,1359346.27,0.3368308264548579,10,MANAGEMENT_LINE,DRIVER_IDENTIFIED,MANAGEMENT_LINE
2026,2,2026-02,2026-02-01,Non-Core Operating Items,Fixed Asset Disposal Costs,0.0,-123774665.7,123774665.7,123774665.7,30.66998002054675,1,MANAGEMENT_LINE,DRIVER_IDENTIFIED,MANAGEMENT_LINE
2026,2,2026-02,2026-02-01,Operating Costs,Cost of Goods Sold,-22978141.49,-23273856.85,295715.36000000313,295715.36000000313,0.07327496407828218,21,MANAGEMENT_LINE,DRIVER_IDENTIFIED,MANAGEMENT_LINE
2026,2,2026-02,2026-02-01,Operating Costs,Energy Consumption,125065.27,88032.83,37032.44,37032.44,0.00917622510623429,24,MANAGEMENT_LINE,DRIVER_IDENTIFIED,MANAGEMENT_LINE
2026,2,2026-02,2026-02-01,Operating Costs,Inventory Change,-548184.56,0.0,-548184.56,548184.56,0.1358340126203404,16,MANAGEMENT_LINE,DRIVER_IDENTIFIED,MANAGEMENT_LINE
2026,2,2026-02,2026-02-01,Operating Costs,Material Consumption,-6014860.42,-6375576.69,360716.2700000005,360716.2700000005,0.08938146373831136,20,MANAGEMENT_LINE,DRIVER_IDENTIFIED,MANAGEMENT_LINE
2026,2,2026-02,2026-02-01,Operating Costs,Other Operating Costs,-705449.74,-1693504.08,988054.3400000001,988054.3400000001,0.24482883226251773,12,MANAGEMENT_LINE,DRIVER_IDENTIFIED,MANAGEMENT_LINE
2026,2,2026-02,2026-02-01,Operating Costs,Other Services,-545205.82,0.0,-545205.82,545205.82,0.13509591411068386,17,MANAGEMENT_LINE,DRIVER_IDENTIFIED,MANAGEMENT_LINE
2026,2,2026-02,2026-02-01,Operating Costs,Payroll Costs,-1236658.82,-1141420.99,-95237.83000000007,95237.83000000007,0.023598870792993224,22,MANAGEMENT_LINE,DRIVER_IDENTIFIED,MANAGEMENT_LINE
2026,2,2026-02,2026-02-01,Operating Costs,Repairs & Maintenance,361295.43,400333.9,-39038.47000000003,39038.47000000003,0.00967329693973647,23,MANAGEMENT_LINE,DRIVER_IDENTIFIED,MANAGEMENT_LINE
2026,2,2026-02,2026-02-01,Operating Costs,Shortages & Damages,-4988414.17,-4047169.75,-941244.4199999999,941244.4199999999,0.23322985679331237,13,MANAGEMENT_LINE,DRIVER_IDENTIFIED,MANAGEMENT_LINE
2026,2,2026-02,2026-02-01,Operating Costs,Social & Health Insurance,-12460.66,-872689.3,860228.64,860228.64,0.21315505117863637,14,MANAGEMENT_LINE,DRIVER_IDENTIFIED,MANAGEMENT_LINE
2026,2,2026-02,2026-02-01,Other Operating Income,Other Operating Income,0.0,-8172165.96,8172165.96,8172165.96,2.0249714697293846,7,MANAGEMENT_LINE,DRIVER_IDENTIFIED,MANAGEMENT_LINE
2026,2,2026-02,2026-02-01,Revenue,Sales Revenue,-8864463.190000001,-9405882.8,541419.6099999994,541419.6099999994,0.1341577335517069,18,MANAGEMENT_LINE,DRIVER_IDENTIFIED,MANAGEMENT_LINE
2026,2,2026-02,2026-02-01,Tax,Income Tax,-1045194.5900000001,-4447317.52,3402122.9299999997,3402122.9299999997,0.8430080719704499,8,MANAGEMENT_LINE,DRIVER_IDENTIFIED,MANAGEMENT_LINE
2026,3,2026-03,2026-03-01,Closing Accounts,Closing Balance Sheet Account,229403499.91,0.0,229403499.91,229403499.91,44.39878506642209,1,MANAGEMENT_LINE,DRIVER_IDENTIFIED,MANAGEMENT_LINE
2026,3,2026-03,2026-03-01,Closing Accounts,Opening Balance Sheet Account,-215283755.66,0.0,-215283755.66,215283755.66,41.66604781352689,2,MANAGEMENT_LINE,DRIVER_IDENTIFIED,MANAGEMENT_LINE
2026,3,2026-03,2026-03-01,Closing Accounts,Profit and Loss Account,-14119744.25,0.0,-14119744.25,14119744.25,2.7327372528952067,4,MANAGEMENT_LINE,DRIVER_IDENTIFIED,MANAGEMENT_LINE
2026,3,2026-03,2026-03-01,EBITDA Adjustments,Depreciation,0.0,-32259026.45,32259026.45,32259026.45,6.243416435963194,3,MANAGEMENT_LINE,DRIVER_IDENTIFIED,MANAGEMENT_LINE
2026,3,2026-03,2026-03-01,EBITDA Adjustments,Provisions,-2020071.15,-1226765.01,-793306.1399999999,793306.1399999999,0.1535365799368852,11,MANAGEMENT_LINE,DRIVER_IDENTIFIED,MANAGEMENT_LINE
2026,3,2026-03,2026-03-01,Financial Result,FX Gains,-2873883.73,2819946.47,-5693830.2,5693830.2,1.1019846835540075,6,MANAGEMENT_LINE,DRIVER_IDENTIFIED,MANAGEMENT_LINE
2026,3,2026-03,2026-03-01,Financial Result,FX Losses,-941068.21,-957696.04,16627.830000000075,16627.830000000075,0.003218152515461369,23,MANAGEMENT_LINE,DRIVER_IDENTIFIED,MANAGEMENT_LINE
2026,3,2026-03,2026-03-01,Financial Result,Interest Expense,-3980762.8,-3433025.29,-547737.5099999998,547737.5099999998,0.10600919335950865,14,MANAGEMENT_LINE,DRIVER_IDENTIFIED,MANAGEMENT_LINE
2026,3,2026-03,2026-03-01,Financial Result,Interest Income,-3264675.88,6131522.34,-9396198.219999999,9396198.219999999,1.8185415016551472,5,MANAGEMENT_LINE,DRIVER_IDENTIFIED,MANAGEMENT_LINE
2026,3,2026-03,2026-03-01,Financial Result,Other Financial Expenses,-5166937.45,-5019681.63,-147255.8200000003,147255.8200000003,0.028499911747313117,19,MANAGEMENT_LINE,DRIVER_IDENTIFIED,MANAGEMENT_LINE
2026,3,2026-03,2026-03-01,Non-Core Operating Items,Fixed Asset Disposal Costs,0.0,-1690531.5,1690531.5,1690531.5,0.3271857000698021,8,MANAGEMENT_LINE,DRIVER_IDENTIFIED,MANAGEMENT_LINE
2026,3,2026-03,2026-03-01,Operating Costs,Cost of Goods Sold,-25050969.86,-24096800.66,-954169.1999999993,954169.1999999993,0.18467003879374194,10,MANAGEMENT_LINE,DRIVER_IDENTIFIED,MANAGEMENT_LINE
2026,3,2026-03,2026-03-01,Operating Costs,Energy Consumption,175041.45,180828.11,-5786.659999999974,5786.659999999974,0.0011199509758711462,24,MANAGEMENT_LINE,DRIVER_IDENTIFIED,MANAGEMENT_LINE
2026,3,2026-03,2026-03-01,Operating Costs,Inventory Change,-154111.09,-66225.52,-87885.56999999999,87885.56999999999,0.017009385359860848,21,MANAGEMENT_LINE,DRIVER_IDENTIFIED,MANAGEMENT_LINE
2026,3,2026-03,2026-03-01,Operating Costs,Material Consumption,-6797977.33,-7402968.87,604991.54,604991.54,0.11709014623578898,13,MANAGEMENT_LINE,DRIVER_IDENTIFIED,MANAGEMENT_LINE
2026,3,2026-03,2026-03-01,Operating Costs,Other Operating Costs,-559397.68,-493529.23,-65868.45000000007,65868.45000000007,0.012748188913228048,22,MANAGEMENT_LINE,DRIVER_IDENTIFIED,MANAGEMENT_LINE
2026,3,2026-03,2026-03-01,Operating Costs,Other Services,-208469.79,72485.24,-280955.03,280955.03,0.0543760753222772,17,MANAGEMENT_LINE,DRIVER_IDENTIFIED,MANAGEMENT_LINE
2026,3,2026-03,2026-03-01,Operating Costs,Payroll Costs,-2080113.84,-1875385.21,-204728.63000000012,204728.63000000012,0.03962320733501951,18,MANAGEMENT_LINE,DRIVER_IDENTIFIED,MANAGEMENT_LINE
2026,3,2026-03,2026-03-01,Operating Costs,Repairs & Maintenance,161052.05,49544.01,111508.03999999998,111508.03999999998,0.021581281467284986,20,MANAGEMENT_LINE,DRIVER_IDENTIFIED,MANAGEMENT_LINE
2026,3,2026-03,2026-03-01,Operating Costs,Shortages & Damages,-6071486.12,-7542881.65,1471395.5300000003,1471395.5300000003,0.28477409416069893,9,MANAGEMENT_LINE,DRIVER_IDENTIFIED,MANAGEMENT_LINE
2026,3,2026-03,2026-03-01,Operating Costs,Social & Health Insurance,-1520688.66,-1014303.06,-506385.59999999986,506385.59999999986,0.09800593898502732,15,MANAGEMENT_LINE,DRIVER_IDENTIFIED,MANAGEMENT_LINE
2026,3,2026-03,2026-03-01,Other Operating Income,Other Operating Income,0.0,-734600.16,734600.16,734600.16,0.14217461645700696,12,MANAGEMENT_LINE,DRIVER_IDENTIFIED,MANAGEMENT_LINE
2026,3,2026-03,2026-03-01,Revenue,Sales Revenue,-10944875.870000001,-10501778.030000001,-443097.83999999985,443097.83999999985,0.08575721717094127,16,MANAGEMENT_LINE,DRIVER_IDENTIFIED,MANAGEMENT_LINE
2026,3,2026-03,2026-03-01,Tax,Income Tax,-8786682.02,-10652483.97,1865801.9500000011,1865801.9500000011,0.3611075671777499,7,MANAGEMENT_LINE,DRIVER_IDENTIFIED,MANAGEMENT_LINE
2026,4,2026-04,2026-04-01,Closing Accounts,Closing Balance Sheet Account,133688634.33,0.0,133688634.33,133688634.33,32.4797392997242,1,MANAGEMENT_LINE,DRIVER_IDENTIFIED,MANAGEMENT_LINE
2026,4,2026-04,2026-04-01,Closing Accounts,Opening Balance Sheet Account,-95177873.81,0.0,-95177873.81,95177873.81,23.123525376286548,2,MANAGEMENT_LINE,DRIVER_IDENTIFIED,MANAGEMENT_LINE
2026,4,2026-04,2026-04-01,Closing Accounts,Profit and Loss Account,-38510760.52,0.0,-38510760.52,38510760.52,9.356213923437656,4,MANAGEMENT_LINE,DRIVER_IDENTIFIED,MANAGEMENT_LINE
2026,4,2026-04,2026-04-01,EBITDA Adjustments,Depreciation,0.0,-8763978.73,8763978.73,8763978.73,2.12921424326983,7,MANAGEMENT_LINE,DRIVER_IDENTIFIED,MANAGEMENT_LINE
2026,4,2026-04,2026-04-01,EBITDA Adjustments,Provisions,-1918296.22,-2306845.88,388549.6599999999,388549.6599999999,0.09439838865168601,21,MANAGEMENT_LINE,DRIVER_IDENTIFIED,MANAGEMENT_LINE
2026,4,2026-04,2026-04-01,Financial Result,FX Gains,-2000896.52,1512755.69,-3513652.21,3513652.21,0.8536440539066116,8,MANAGEMENT_LINE,DRIVER_IDENTIFIED,MANAGEMENT_LINE
2026,4,2026-04,2026-04-01,Financial Result,FX Losses,-892216.56,-2123131.79,1230915.23,1230915.23,0.29905164317688376,12,MANAGEMENT_LINE,DRIVER_IDENTIFIED,MANAGEMENT_LINE
2026,4,2026-04,2026-04-01,Financial Result,Interest Expense,-3533713.83,-2245621.37,-1288092.46,1288092.46,0.3129428878110107,11,MANAGEMENT_LINE,DRIVER_IDENTIFIED,MANAGEMENT_LINE
2026,4,2026-04,2026-04-01,Financial Result,Interest Income,-6073290.89,4724823.64,-10798114.53,10798114.53,2.623408838160759,6,MANAGEMENT_LINE,DRIVER_IDENTIFIED,MANAGEMENT_LINE
2026,4,2026-04,2026-04-01,Financial Result,Other Financial Expenses,-5760388.25,-6666969.66,906581.4100000001,906581.4100000001,0.2202545339650369,13,MANAGEMENT_LINE,DRIVER_IDENTIFIED,MANAGEMENT_LINE
2026,4,2026-04,2026-04-01,Non-Core Operating Items,Fixed Asset Disposal Costs,0.0,-77650411.65,77650411.65,77650411.65,18.865217223198986,3,MANAGEMENT_LINE,DRIVER_IDENTIFIED,MANAGEMENT_LINE
2026,4,2026-04,2026-04-01,Operating Costs,Cost of Goods Sold,-25250767.93,-25102302.45,-148465.48000000045,148465.48000000045,0.03606978341558493,23,MANAGEMENT_LINE,DRIVER_IDENTIFIED,MANAGEMENT_LINE
2026,4,2026-04,2026-04-01,Operating Costs,Energy Consumption,950428.02,-918761.61,1869189.63,1869189.63,0.4541208172886864,10,MANAGEMENT_LINE,DRIVER_IDENTIFIED,MANAGEMENT_LINE
2026,4,2026-04,2026-04-01,Operating Costs,Inventory Change,0.0,-421583.73,421583.73,421583.73,0.1024240371070392,20,MANAGEMENT_LINE,DRIVER_IDENTIFIED,MANAGEMENT_LINE
2026,4,2026-04,2026-04-01,Operating Costs,Material Consumption,-6764645.68,-7339002.02,574356.3399999999,574356.3399999999,0.1395402405136062,18,MANAGEMENT_LINE,DRIVER_IDENTIFIED,MANAGEMENT_LINE
2026,4,2026-04,2026-04-01,Operating Costs,Other Operating Costs,-1809508.42,-1029043.26,-780465.1599999999,780465.1599999999,0.1896145102862278,16,MANAGEMENT_LINE,DRIVER_IDENTIFIED,MANAGEMENT_LINE
2026,4,2026-04,2026-04-01,Operating Costs,Other Services,827389.11,19416.97,807972.14,807972.14,0.19629734868756413,15,MANAGEMENT_LINE,DRIVER_IDENTIFIED,MANAGEMENT_LINE
2026,4,2026-04,2026-04-01,Operating Costs,Payroll Costs,-1036119.82,-1403533.54,367413.7200000001,367413.7200000001,0.08926339849717475,22,MANAGEMENT_LINE,DRIVER_IDENTIFIED,MANAGEMENT_LINE
2026,4,2026-04,2026-04-01,Operating Costs,Repairs & Maintenance,0.0,53150.07,-53150.07,53150.07,0.012912843533885266,24,MANAGEMENT_LINE,DRIVER_IDENTIFIED,MANAGEMENT_LINE
2026,4,2026-04,2026-04-01,Operating Costs,Shortages & Damages,-4470432.41,-5375598.3,905165.8899999997,905165.8899999997,0.219910632474802,14,MANAGEMENT_LINE,DRIVER_IDENTIFIED,MANAGEMENT_LINE
2026,4,2026-04,2026-04-01,Operating Costs,Social & Health Insurance,-1190876.43,-643866.31,-547010.1199999999,547010.1199999999,0.13289645885719062,19,MANAGEMENT_LINE,DRIVER_IDENTIFIED,MANAGEMENT_LINE
2026,4,2026-04,2026-04-01,Other Operating Income,Other Operating Income,0.0,-30010145.76,30010145.76,30010145.76,7.2909841252884595,5,MANAGEMENT_LINE,DRIVER_IDENTIFIED,MANAGEMENT_LINE
2026,4,2026-04,2026-04-01,Revenue,Sales Revenue,-9759973.179999998,-10404347.37,644374.1900000013,644374.1900000013,0.15655112199747004,17,MANAGEMENT_LINE,DRIVER_IDENTIFIED,MANAGEMENT_LINE
2026,4,2026-04,2026-04-01,Tax,Income Tax,-7008588.449999999,-9567973.64,2559385.1900000013,2559385.1900000013,0.62180427046311,9,MANAGEMENT_LINE,DRIVER_IDENTIFIED,MANAGEMENT_LINE
2026,5,2026-05,2026-05-01,Closing Accounts,Closing Balance Sheet Account,119302142.65,0.0,119302142.65,119302142.65,42.143894864792934,1,MANAGEMENT_LINE,DRIVER_IDENTIFIED,MANAGEMENT_LINE
2026,5,2026-05,2026-05-01,Closing Accounts,Opening Balance Sheet Account,-79565865.03,0.0,-79565865.03,79565865.03,28.106917245300828,2,MANAGEMENT_LINE,DRIVER_IDENTIFIED,MANAGEMENT_LINE
2026,5,2026-05,2026-05-01,Closing Accounts,Profit and Loss Account,-39736277.62,0.0,-39736277.62,39736277.62,14.036977619492102,3,MANAGEMENT_LINE,DRIVER_IDENTIFIED,MANAGEMENT_LINE
2026,5,2026-05,2026-05-01,EBITDA Adjustments,Depreciation,0.0,-1407664.55,1407664.55,1407664.55,0.49726237502823306,10,MANAGEMENT_LINE,DRIVER_IDENTIFIED,MANAGEMENT_LINE
2026,5,2026-05,2026-05-01,EBITDA Adjustments,Provisions,-1133306.54,-707911.36,-425395.18000000005,425395.18000000005,0.15027231987362524,21,MANAGEMENT_LINE,DRIVER_IDENTIFIED,MANAGEMENT_LINE
2026,5,2026-05,2026-05-01,Financial Result,FX Gains,-1749016.01,987681.62,-2736697.63,2736697.63,0.966747911089994,8,MANAGEMENT_LINE,DRIVER_IDENTIFIED,MANAGEMENT_LINE
2026,5,2026-05,2026-05-01,Financial Result,FX Losses,-1480440.37,-922255.58,-558184.7900000002,558184.7900000002,0.19718070926772685,18,MANAGEMENT_LINE,DRIVER_IDENTIFIED,MANAGEMENT_LINE
2026,5,2026-05,2026-05-01,Financial Result,Interest Expense,-2086022.02,-950865.04,-1135156.98,1135156.98,0.40099813261950545,12,MANAGEMENT_LINE,DRIVER_IDENTIFIED,MANAGEMENT_LINE
2026,5,2026-05,2026-05-01,Financial Result,Interest Income,-4637907.53,4042290.25,-8680197.780000001,8680197.780000001,3.0663099129672595,6,MANAGEMENT_LINE,DRIVER_IDENTIFIED,MANAGEMENT_LINE
2026,5,2026-05,2026-05-01,Financial Result,Other Financial Expenses,-3005032.56,-5933719.9,2928687.3400000003,2928687.3400000003,1.0345689407348635,7,MANAGEMENT_LINE,DRIVER_IDENTIFIED,MANAGEMENT_LINE
2026,5,2026-05,2026-05-01,Non-Core Operating Items,Fixed Asset Disposal Costs,0.0,-9004910.25,9004910.25,9004910.25,3.181015717012323,5,MANAGEMENT_LINE,DRIVER_IDENTIFIED,MANAGEMENT_LINE
2026,5,2026-05,2026-05-01,Operating Costs,Cost of Goods Sold,-23485545.98,-24064858.74,579312.7599999979,579312.7599999979,0.20464423780634364,16,MANAGEMENT_LINE,DRIVER_IDENTIFIED,MANAGEMENT_LINE
2026,5,2026-05,2026-05-01,Operating Costs,Energy Consumption,284042.2,-884744.03,1168786.23,1168786.23,0.41287778159227967,11,MANAGEMENT_LINE,DRIVER_IDENTIFIED,MANAGEMENT_LINE
2026,5,2026-05,2026-05-01,Operating Costs,Inventory Change,-192778.33,-339314.94,146536.61000000002,146536.61000000002,0.051764564730415304,23,MANAGEMENT_LINE,DRIVER_IDENTIFIED,MANAGEMENT_LINE
2026,5,2026-05,2026-05-01,Operating Costs,Material Consumption,-6245013.97,-6916972.94,671958.9700000007,671958.9700000007,0.2373718321909332,14,MANAGEMENT_LINE,DRIVER_IDENTIFIED,MANAGEMENT_LINE
2026,5,2026-05,2026-05-01,Operating Costs,Other Operating Costs,-444398.51,-1023164.65,578766.14,578766.14,0.20445114239917658,17,MANAGEMENT_LINE,DRIVER_IDENTIFIED,MANAGEMENT_LINE
2026,5,2026-05,2026-05-01,Operating Costs,Other Services,420045.69,507008.22,-86962.52999999997,86962.52999999997,0.030719814750086553,24,MANAGEMENT_LINE,DRIVER_IDENTIFIED,MANAGEMENT_LINE
2026,5,2026-05,2026-05-01,Operating Costs,Payroll Costs,-1386558.82,-2043412.57,656853.75,656853.75,0.23203586093803472,15,MANAGEMENT_LINE,DRIVER_IDENTIFIED,MANAGEMENT_LINE
2026,5,2026-05,2026-05-01,Operating Costs,Repairs & Maintenance,205703.36,-43697.24,249400.59999999998,249400.59999999998,0.08810162526964704,22,MANAGEMENT_LINE,DRIVER_IDENTIFIED,MANAGEMENT_LINE
2026,5,2026-05,2026-05-01,Operating Costs,Shortages & Damages,-4588425.7,-4051325.56,-537100.1400000001,537100.1400000001,0.18973248366906487,19,MANAGEMENT_LINE,DRIVER_IDENTIFIED,MANAGEMENT_LINE
2026,5,2026-05,2026-05-01,Operating Costs,Social & Health Insurance,213490.54,-2066535.15,2280025.69,2280025.69,0.8054269674794223,9,MANAGEMENT_LINE,DRIVER_IDENTIFIED,MANAGEMENT_LINE
2026,5,2026-05,2026-05-01,Other Operating Income,Other Operating Income,0.0,-9222705.24,9222705.24,9222705.24,3.2579525511441845,4,MANAGEMENT_LINE,DRIVER_IDENTIFIED,MANAGEMENT_LINE
2026,5,2026-05,2026-05-01,Revenue,Sales Revenue,-7632254.499999999,-8589562.360000001,957307.8600000022,957307.8600000022,0.33817231534089304,13,MANAGEMENT_LINE,DRIVER_IDENTIFIED,MANAGEMENT_LINE
2026,5,2026-05,2026-05-01,Tax,Income Tax,-8269544.92,-7803581.83,-465963.08999999985,465963.08999999985,0.1646030745101127,20,MANAGEMENT_LINE,DRIVER_IDENTIFIED,MANAGEMENT_LINE
2026,6,2026-06,2026-06-01,Closing Accounts,Closing Balance Sheet Account,325167715.81,0.0,325167715.81,325167715.81,47.46922512937082,1,MANAGEMENT_LINE,DRIVER_IDENTIFIED,MANAGEMENT_LINE
2026,6,2026-06,2026-06-01,Closing Accounts,Opening Balance Sheet Account,-279242005.51,0.0,-279242005.51,279242005.51,40.76481452690251,2,MANAGEMENT_LINE,DRIVER_IDENTIFIED,MANAGEMENT_LINE
2026,6,2026-06,2026-06-01,Closing Accounts,Profit and Loss Account,-45925710.3,0.0,-45925710.3,45925710.3,6.704410602468302,3,MANAGEMENT_LINE,DRIVER_IDENTIFIED,MANAGEMENT_LINE
2026,6,2026-06,2026-06-01,EBITDA Adjustments,Depreciation,0.0,-1814702.53,1814702.53,1814702.53,0.2649172065708487,9,MANAGEMENT_LINE,DRIVER_IDENTIFIED,MANAGEMENT_LINE
2026,6,2026-06,2026-06-01,EBITDA Adjustments,Provisions,-908193.47,-2335343.09,1427149.6199999999,1427149.6199999999,0.2083407525138835,10,MANAGEMENT_LINE,DRIVER_IDENTIFIED,MANAGEMENT_LINE
2026,6,2026-06,2026-06-01,Financial Result,FX Gains,-4667682.85,475122.14,-5142804.989999999,5142804.989999999,0.7507663153417334,5,MANAGEMENT_LINE,DRIVER_IDENTIFIED,MANAGEMENT_LINE
2026,6,2026-06,2026-06-01,Financial Result,FX Losses,-1534015.81,-2665490.69,1131474.88,1131474.88,0.165177024641436,12,MANAGEMENT_LINE,DRIVER_IDENTIFIED,MANAGEMENT_LINE
2026,6,2026-06,2026-06-01,Financial Result,Interest Expense,-2606615.74,-2589773.37,-16842.37000000011,16842.37000000011,0.0024587135018942718,24,MANAGEMENT_LINE,DRIVER_IDENTIFIED,MANAGEMENT_LINE
2026,6,2026-06,2026-06-01,Financial Result,Interest Income,-5613382.42,3516512.41,-9129894.83,9129894.83,1.332816918841918,4,MANAGEMENT_LINE,DRIVER_IDENTIFIED,MANAGEMENT_LINE
2026,6,2026-06,2026-06-01,Financial Result,Other Financial Expenses,-5469994.02,-5957749.06,487755.04000000004,487755.04000000004,0.07120434371557999,17,MANAGEMENT_LINE,DRIVER_IDENTIFIED,MANAGEMENT_LINE
2026,6,2026-06,2026-06-01,Non-Core Operating Items,Fixed Asset Disposal Costs,0.0,-2975461.65,2975461.65,2975461.65,0.4343692564183995,7,MANAGEMENT_LINE,DRIVER_IDENTIFIED,MANAGEMENT_LINE
2026,6,2026-06,2026-06-01,Operating Costs,Cost of Goods Sold,-27733159.88,-26687461.56,-1045698.3200000003,1045698.3200000003,0.15265503478976775,13,MANAGEMENT_LINE,DRIVER_IDENTIFIED,MANAGEMENT_LINE
2026,6,2026-06,2026-06-01,Operating Costs,Energy Consumption,-115103.85,103968.65,-219072.5,219072.5,0.03198104029561928,22,MANAGEMENT_LINE,DRIVER_IDENTIFIED,MANAGEMENT_LINE
2026,6,2026-06,2026-06-01,Operating Costs,Inventory Change,-290801.11,-56149.47,-234651.63999999998,234651.63999999998,0.0342553426572169,20,MANAGEMENT_LINE,DRIVER_IDENTIFIED,MANAGEMENT_LINE
2026,6,2026-06,2026-06-01,Operating Costs,Material Consumption,-6919096.35,-6642479.54,-276616.8099999996,276616.8099999996,0.040381578459439904,19,MANAGEMENT_LINE,DRIVER_IDENTIFIED,MANAGEMENT_LINE
2026,6,2026-06,2026-06-01,Operating Costs,Other Operating Costs,-234923.41,-868240.34,633316.9299999999,633316.9299999999,0.09245402439022649,15,MANAGEMENT_LINE,DRIVER_IDENTIFIED,MANAGEMENT_LINE
2026,6,2026-06,2026-06-01,Operating Costs,Other Services,-624230.51,-415842.53,-208387.97999999998,208387.97999999998,0.030421273256582657,23,MANAGEMENT_LINE,DRIVER_IDENTIFIED,MANAGEMENT_LINE
2026,6,2026-06,2026-06-01,Operating Costs,Payroll Costs,-1573553.08,-2188184.59,614631.5099999998,614631.5099999998,0.08972625540981784,16,MANAGEMENT_LINE,DRIVER_IDENTIFIED,MANAGEMENT_LINE
2026,6,2026-06,2026-06-01,Operating Costs,Repairs & Maintenance,-364446.42,-140001.49,-224444.93,224444.93,0.03276532814697166,21,MANAGEMENT_LINE,DRIVER_IDENTIFIED,MANAGEMENT_LINE
2026,6,2026-06,2026-06-01,Operating Costs,Shortages & Damages,-3945529.74,-4229757.71,284227.96999999974,284227.96999999974,0.041492684667003205,18,MANAGEMENT_LINE,DRIVER_IDENTIFIED,MANAGEMENT_LINE
2026,6,2026-06,2026-06-01,Operating Costs,Social & Health Insurance,-933662.88,49260.67,-982923.55,982923.55,0.1434909340974479,14,MANAGEMENT_LINE,DRIVER_IDENTIFIED,MANAGEMENT_LINE
2026,6,2026-06,2026-06-01,Other Operating Income,Other Operating Income,0.0,-1405093.62,1405093.62,1405093.62,0.2051209333911722,11,MANAGEMENT_LINE,DRIVER_IDENTIFIED,MANAGEMENT_LINE
2026,6,2026-06,2026-06-01,Revenue,Sales Revenue,-8835072.399999999,-10841742.469999999,2006670.0700000003,2006670.0700000003,0.29294136127849535,8,MANAGEMENT_LINE,DRIVER_IDENTIFIED,MANAGEMENT_LINE
2026,6,2026-06,2026-06-01,Tax,Income Tax,-5054875.859999999,-9465045.57,4410169.710000001,4410169.710000001,0.6438134188728828,6,MANAGEMENT_LINE,DRIVER_IDENTIFIED,MANAGEMENT_LINE
2026,7,2026-07,2026-07-01,Closing Accounts,Closing Balance Sheet Account,197522632.05,0.0,197522632.05,197522632.05,25.42273055359732,2,MANAGEMENT_LINE,DRIVER_IDENTIFIED,MANAGEMENT_LINE
2026,7,2026-07,2026-07-01,Closing Accounts,Opening Balance Sheet Account,-178989463.3,0.0,-178989463.3,178989463.3,23.03736463099088,3,MANAGEMENT_LINE,DRIVER_IDENTIFIED,MANAGEMENT_LINE
2026,7,2026-07,2026-07-01,Closing Accounts,Profit and Loss Account,-18533168.75,0.0,-18533168.75,18533168.75,2.3853659226064368,5,MANAGEMENT_LINE,DRIVER_IDENTIFIED,MANAGEMENT_LINE
2026,7,2026-07,2026-07-01,EBITDA Adjustments,Depreciation,0.0,-1231673.3,1231673.3,1231673.3,0.1585261299476494,12,MANAGEMENT_LINE,DRIVER_IDENTIFIED,MANAGEMENT_LINE
2026,7,2026-07,2026-07-01,EBITDA Adjustments,Provisions,-1365903.3599999999,-2115711.77,749808.4100000001,749808.4100000001,0.0965062938682688,16,MANAGEMENT_LINE,DRIVER_IDENTIFIED,MANAGEMENT_LINE
2026,7,2026-07,2026-07-01,Financial Result,FX Gains,-3146737.78,2511285.77,-5658023.55,5658023.55,0.7282325406698029,7,MANAGEMENT_LINE,DRIVER_IDENTIFIED,MANAGEMENT_LINE
2026,7,2026-07,2026-07-01,Financial Result,FX Losses,-1477821.23,-1491503.82,13682.590000000084,13682.590000000084,0.0017610579366788427,22,MANAGEMENT_LINE,DRIVER_IDENTIFIED,MANAGEMENT_LINE
2026,7,2026-07,2026-07-01,Financial Result,Interest Expense,-4932588.86,-3182707.46,-1749881.4000000004,1749881.4000000004,0.2252236256232677,11,MANAGEMENT_LINE,DRIVER_IDENTIFIED,MANAGEMENT_LINE
2026,7,2026-07,2026-07-01,Financial Result,Interest Income,-6380687.93,6682780.48,-13063468.41,13063468.41,1.6813720738532472,6,MANAGEMENT_LINE,DRIVER_IDENTIFIED,MANAGEMENT_LINE
2026,7,2026-07,2026-07-01,Financial Result,Other Financial Expenses,-5512495.66,-4504766.48,-1007729.1799999997,1007729.1799999997,0.12970274417795538,13,MANAGEMENT_LINE,DRIVER_IDENTIFIED,MANAGEMENT_LINE
2026,7,2026-07,2026-07-01,Non-Core Operating Items,Fixed Asset Disposal Costs,0.0,-281515800.3,281515800.3,281515800.3,36.23331799160891,1,MANAGEMENT_LINE,DRIVER_IDENTIFIED,MANAGEMENT_LINE
2026,7,2026-07,2026-07-01,Operating Costs,Cost of Goods Sold,-26730736.37,-27633326.68,902590.3099999987,902590.3099999987,0.11617053708361537,15,MANAGEMENT_LINE,DRIVER_IDENTIFIED,MANAGEMENT_LINE
2026,7,2026-07,2026-07-01,Operating Costs,Energy Consumption,558120.71,0.0,558120.71,558120.71,0.07183456538347817,18,MANAGEMENT_LINE,DRIVER_IDENTIFIED,MANAGEMENT_LINE
2026,7,2026-07,2026-07-01,Operating Costs,Inventory Change,-462816.07,-292973.75,-169842.32,169842.32,0.02186005468408729,21,MANAGEMENT_LINE,DRIVER_IDENTIFIED,MANAGEMENT_LINE
2026,7,2026-07,2026-07-01,Operating Costs,Material Consumption,-7032360.54,-6838840.12,-193520.41999999993,193520.41999999993,0.024907614095753858,20,MANAGEMENT_LINE,DRIVER_IDENTIFIED,MANAGEMENT_LINE
2026,7,2026-07,2026-07-01,Operating Costs,Other Operating Costs,-1641074.62,-1650684.27,9609.649999999907,9609.649999999907,0.001236838230276985,23,MANAGEMENT_LINE,DRIVER_IDENTIFIED,MANAGEMENT_LINE
2026,7,2026-07,2026-07-01,Operating Costs,Other Services,-112760.68,-740684.09,627923.4099999999,627923.4099999999,0.08081872692282208,17,MANAGEMENT_LINE,DRIVER_IDENTIFIED,MANAGEMENT_LINE
2026,7,2026-07,2026-07-01,Operating Costs,Payroll Costs,-1136461.33,-2059231.18,922769.8499999999,922769.8499999999,0.11876780405394263,14,MANAGEMENT_LINE,DRIVER_IDENTIFIED,MANAGEMENT_LINE
2026,7,2026-07,2026-07-01,Operating Costs,Repairs & Maintenance,-304944.22,-306643.78,1699.5600000000559,1699.5600000000559,0.00021874686202407394,24,MANAGEMENT_LINE,DRIVER_IDENTIFIED,MANAGEMENT_LINE
2026,7,2026-07,2026-07-01,Operating Costs,Shortages & Damages,-4406547.4,-6655045.35,2248497.9499999993,2248497.9499999993,0.2893995333086486,8,MANAGEMENT_LINE,DRIVER_IDENTIFIED,MANAGEMENT_LINE
2026,7,2026-07,2026-07-01,Operating Costs,Social & Health Insurance,-980409.33,-445727.18,-534682.1499999999,534682.1499999999,0.06881783667112742,19,MANAGEMENT_LINE,DRIVER_IDENTIFIED,MANAGEMENT_LINE
2026,7,2026-07,2026-07-01,Other Operating Income,Other Operating Income,0.0,-66551916.48,66551916.48,66551916.48,8.565759897672205,4,MANAGEMENT_LINE,DRIVER_IDENTIFIED,MANAGEMENT_LINE
2026,7,2026-07,2026-07-01,Revenue,Sales Revenue,-7755161.56,-9792227.89,2037066.330000001,2037066.330000001,0.262186605605205,10,MANAGEMENT_LINE,DRIVER_IDENTIFIED,MANAGEMENT_LINE
2026,7,2026-07,2026-07-01,Tax,Income Tax,-5603125.31,-7762414.63,2159289.3200000003,2159289.3200000003,0.2779176745464008,9,MANAGEMENT_LINE,DRIVER_IDENTIFIED,MANAGEMENT_LINE
2026,8,2026-08,2026-08-01,Closing Accounts,Closing Balance Sheet Account,19240114.72,0.0,19240114.72,19240114.72,12.455224077096455,3,MANAGEMENT_LINE,DRIVER_IDENTIFIED,MANAGEMENT_LINE
2026,8,2026-08,2026-08-01,Closing Accounts,Profit and Loss Account,-19240114.72,0.0,-19240114.72,19240114.72,12.455224077096455,4,MANAGEMENT_LINE,DRIVER_IDENTIFIED,MANAGEMENT_LINE
2026,8,2026-08,2026-08-01,EBITDA Adjustments,Depreciation,0.0,-2211172.52,2211172.52,2211172.52,1.4314181391595178,13,MANAGEMENT_LINE,DRIVER_IDENTIFIED,MANAGEMENT_LINE
2026,8,2026-08,2026-08-01,EBITDA Adjustments,Provisions,-881113.23,-786218.74,-94894.48999999999,94894.48999999999,0.06143061794757265,23,MANAGEMENT_LINE,DRIVER_IDENTIFIED,MANAGEMENT_LINE
2026,8,2026-08,2026-08-01,Financial Result,FX Gains,-956317.94,1675339.13,-2631657.07,2631657.07,1.7036217807398348,11,MANAGEMENT_LINE,DRIVER_IDENTIFIED,MANAGEMENT_LINE
2026,8,2026-08,2026-08-01,Financial Result,FX Losses,-838513.31,-2220148.11,1381634.7999999998,1381634.7999999998,0.8944110405342919,14,MANAGEMENT_LINE,DRIVER_IDENTIFIED,MANAGEMENT_LINE
2026,8,2026-08,2026-08-01,Financial Result,Interest Expense,-173174.17,-2509004.36,2335830.19,2335830.19,1.5121161617739454,12,MANAGEMENT_LINE,DRIVER_IDENTIFIED,MANAGEMENT_LINE
2026,8,2026-08,2026-08-01,Financial Result,Interest Income,-2000834.6,3164044.15,-5164878.75,5164878.75,3.3435207169224115,7,MANAGEMENT_LINE,DRIVER_IDENTIFIED,MANAGEMENT_LINE
2026,8,2026-08,2026-08-01,Financial Result,Other Financial Expenses,-2299007.84,-2615211.79,316203.9500000002,316203.9500000002,0.2046968590690922,19,MANAGEMENT_LINE,DRIVER_IDENTIFIED,MANAGEMENT_LINE
2026,8,2026-08,2026-08-01,Non-Core Operating Items,Fixed Asset Disposal Costs,0.0,-46633011.6,46633011.6,46633011.6,30.18820923474402,1,MANAGEMENT_LINE,DRIVER_IDENTIFIED,MANAGEMENT_LINE
2026,8,2026-08,2026-08-01,Operating Costs,Cost of Goods Sold,-5313532.69,-25790008.33,20476475.639999997,20476475.639999997,13.255591045946064,2,MANAGEMENT_LINE,DRIVER_IDENTIFIED,MANAGEMENT_LINE
2026,8,2026-08,2026-08-01,Operating Costs,Energy Consumption,259873.7,130389.61,129484.09000000001,129484.09000000001,0.08382243967040777,21,MANAGEMENT_LINE,DRIVER_IDENTIFIED,MANAGEMENT_LINE
2026,8,2026-08,2026-08-01,Operating Costs,Inventory Change,0.0,-242898.92,242898.92,242898.92,0.15724233044930233,20,MANAGEMENT_LINE,DRIVER_IDENTIFIED,MANAGEMENT_LINE
2026,8,2026-08,2026-08-01,Operating Costs,Material Consumption,-1851985.12,-6811585.03,4959599.91,4959599.91,3.210632010815652,9,MANAGEMENT_LINE,DRIVER_IDENTIFIED,MANAGEMENT_LINE
2026,8,2026-08,2026-08-01,Operating Costs,Other Operating Costs,-420171.01,-528880.44,108709.42999999993,108709.42999999993,0.07037381687417667,22,MANAGEMENT_LINE,DRIVER_IDENTIFIED,MANAGEMENT_LINE
2026,8,2026-08,2026-08-01,Operating Costs,Other Services,0.0,-464599.28,464599.28,464599.28,0.30076162344512664,16,MANAGEMENT_LINE,DRIVER_IDENTIFIED,MANAGEMENT_LINE
2026,8,2026-08,2026-08-01,Operating Costs,Payroll Costs,-644875.77,-1573660.87,928785.1000000001,928785.1000000001,0.6012555906407008,15,MANAGEMENT_LINE,DRIVER_IDENTIFIED,MANAGEMENT_LINE
2026,8,2026-08,2026-08-01,Operating Costs,Repairs & Maintenance,-80339.16,325065.16,-405404.31999999995,405404.31999999995,0.26244134824071963,18,MANAGEMENT_LINE,DRIVER_IDENTIFIED,MANAGEMENT_LINE
2026,8,2026-08,2026-08-01,Operating Costs,Shortages & Damages,-1037148.81,-4368304.2,3331155.39,3331155.39,2.1564469558463024,10,MANAGEMENT_LINE,DRIVER_IDENTIFIED,MANAGEMENT_LINE
2026,8,2026-08,2026-08-01,Operating Costs,Social & Health Insurance,-302932.2,-727464.46,424532.25999999995,424532.25999999995,0.27482395522099945,17,MANAGEMENT_LINE,DRIVER_IDENTIFIED,MANAGEMENT_LINE
2026,8,2026-08,2026-08-01,Other Operating Income,Other Operating Income,0.0,-12076561.98,12076561.98,12076561.98,7.817847644405504,5,MANAGEMENT_LINE,DRIVER_IDENTIFIED,MANAGEMENT_LINE
2026,8,2026-08,2026-08-01,Revenue,Sales Revenue,-2192619.9,-7158608.180000001,4965988.280000001,4965988.280000001,3.2147675672297047,8,MANAGEMENT_LINE,DRIVER_IDENTIFIED,MANAGEMENT_LINE
2026,8,2026-08,2026-08-01,Tax,Income Tax,-1769395.29,-8479943.83,6710548.54,6710548.54,4.344120966131769,6,MANAGEMENT_LINE,DRIVER_IDENTIFIED,MANAGEMENT_LINE
2026,9,2026-09,2026-09-01,EBITDA Adjustments,Depreciation,0.0,-1346637.97,1346637.97,1346637.97,1.0387057633124916,14,MANAGEMENT_LINE,DRIVER_IDENTIFIED,MANAGEMENT_LINE
2026,9,2026-09,2026-09-01,EBITDA Adjustments,Provisions,0.0,-967104.8,967104.8,967104.8,0.7459594574532713,15,MANAGEMENT_LINE,DRIVER_IDENTIFIED,MANAGEMENT_LINE
2026,9,2026-09,2026-09-01,Financial Result,FX Gains,0.0,2905999.01,-2905999.01,2905999.01,2.2414917647594583,12,MANAGEMENT_LINE,DRIVER_IDENTIFIED,MANAGEMENT_LINE
2026,9,2026-09,2026-09-01,Financial Result,FX Losses,0.0,-3028370.86,3028370.86,3028370.86,2.3358811616826807,11,MANAGEMENT_LINE,DRIVER_IDENTIFIED,MANAGEMENT_LINE
2026,9,2026-09,2026-09-01,Financial Result,Interest Expense,0.0,-5956136.31,5956136.31,5956136.31,4.594162091145995,8,MANAGEMENT_LINE,DRIVER_IDENTIFIED,MANAGEMENT_LINE
2026,9,2026-09,2026-09-01,Financial Result,Interest Income,0.0,4368333.24,-4368333.24,4368333.24,3.3694378248205266,9,MANAGEMENT_LINE,DRIVER_IDENTIFIED,MANAGEMENT_LINE
2026,9,2026-09,2026-09-01,Financial Result,Other Financial Expenses,0.0,-7276722.09,7276722.09,7276722.09,5.612772951074831,6,MANAGEMENT_LINE,DRIVER_IDENTIFIED,MANAGEMENT_LINE
2026,9,2026-09,2026-09-01,Non-Core Operating Items,Fixed Asset Disposal Costs,0.0,-12114853.8,12114853.8,12114853.8,9.344581650069053,3,MANAGEMENT_LINE,DRIVER_IDENTIFIED,MANAGEMENT_LINE
2026,9,2026-09,2026-09-01,Operating Costs,Cost of Goods Sold,0.0,-24745096.2,24745096.2,24745096.2,19.08669932770575,2,MANAGEMENT_LINE,DRIVER_IDENTIFIED,MANAGEMENT_LINE
2026,9,2026-09,2026-09-01,Operating Costs,Energy Consumption,0.0,322683.25,-322683.25,322683.25,0.2488961093970977,21,MANAGEMENT_LINE,DRIVER_IDENTIFIED,MANAGEMENT_LINE
2026,9,2026-09,2026-09-01,Operating Costs,Inventory Change,0.0,-361362.26,361362.26,361362.26,0.27873049064970823,19,MANAGEMENT_LINE,DRIVER_IDENTIFIED,MANAGEMENT_LINE
2026,9,2026-09,2026-09-01,Operating Costs,Material Consumption,0.0,-7810890.69,7810890.69,7810890.69,6.024794604823808,5,MANAGEMENT_LINE,DRIVER_IDENTIFIED,MANAGEMENT_LINE
2026,9,2026-09,2026-09-01,Operating Costs,Other Operating Costs,0.0,-2580435.9,2580435.9,2580435.9,1.9903743254680812,13,MANAGEMENT_LINE,DRIVER_IDENTIFIED,MANAGEMENT_LINE
2026,9,2026-09,2026-09-01,Operating Costs,Other Services,0.0,376898.37,-376898.37,376898.37,0.2907139987312877,18,MANAGEMENT_LINE,DRIVER_IDENTIFIED,MANAGEMENT_LINE
2026,9,2026-09,2026-09-01,Operating Costs,Payroll Costs,0.0,-934064.96,934064.96,934064.96,0.7204747518445896,16,MANAGEMENT_LINE,DRIVER_IDENTIFIED,MANAGEMENT_LINE
2026,9,2026-09,2026-09-01,Operating Costs,Repairs & Maintenance,0.0,379670.51,-379670.51,379670.51,0.2928522406781631,17,MANAGEMENT_LINE,DRIVER_IDENTIFIED,MANAGEMENT_LINE
2026,9,2026-09,2026-09-01,Operating Costs,Shortages & Damages,0.0,-6552499.77,6552499.77,6552499.77,5.054156667810856,7,MANAGEMENT_LINE,DRIVER_IDENTIFIED,MANAGEMENT_LINE
2026,9,2026-09,2026-09-01,Operating Costs,Social & Health Insurance,0.0,-338953.61,338953.61,338953.61,0.2614459684384026,20,MANAGEMENT_LINE,DRIVER_IDENTIFIED,MANAGEMENT_LINE
2026,9,2026-09,2026-09-01,Other Operating Income,Other Operating Income,0.0,-36322711.74,36322711.74,36322711.74,28.01689159520454,1,MANAGEMENT_LINE,DRIVER_IDENTIFIED,MANAGEMENT_LINE
2026,9,2026-09,2026-09-01,Revenue,Sales Revenue,0.0,-7913979.17,7913979.17,7913979.17,6.104310109876086,4,MANAGEMENT_LINE,DRIVER_IDENTIFIED,MANAGEMENT_LINE
2026,9,2026-09,2026-09-01,Tax,Income Tax,0.0,-3042354.43,3042354.43,3042354.43,2.3466671450533143,10,MANAGEMENT_LINE,DRIVER_IDENTIFIED,MANAGEMENT_LINE
2026,10,2026-10,2026-10-01,EBITDA Adjustments,Depreciation,0.0,-12110265.31,12110265.31,12110265.31,8.557499601798444,4,MANAGEMENT_LINE,DRIVER_IDENTIFIED,MANAGEMENT_LINE
2026,10,2026-10,2026-10-01,EBITDA Adjustments,Provisions,0.0,-3571193.49,3571193.49,3571193.49,2.523519186931851,10,MANAGEMENT_LINE,DRIVER_IDENTIFIED,MANAGEMENT_LINE
2026,10,2026-10,2026-10-01,Financial Result,FX Gains,0.0,3162956.24,-3162956.24,3162956.24,2.235045729506475,12,MANAGEMENT_LINE,DRIVER_IDENTIFIED,MANAGEMENT_LINE
2026,10,2026-10,2026-10-01,Financial Result,FX Losses,0.0,-2088643.15,2088643.15,2088643.15,1.4759018458220756,14,MANAGEMENT_LINE,DRIVER_IDENTIFIED,MANAGEMENT_LINE
2026,10,2026-10,2026-10-01,Financial Result,Interest Expense,0.0,-2691461.84,2691461.84,2691461.84,1.9018727529476156,13,MANAGEMENT_LINE,DRIVER_IDENTIFIED,MANAGEMENT_LINE
2026,10,2026-10,2026-10-01,Financial Result,Interest Income,0.0,4472118.07,-4472118.07,4472118.07,3.1601412209870596,9,MANAGEMENT_LINE,DRIVER_IDENTIFIED,MANAGEMENT_LINE
2026,10,2026-10,2026-10-01,Financial Result,Other Financial Expenses,0.0,-6991776.93,6991776.93,6991776.93,4.940612510357839,7,MANAGEMENT_LINE,DRIVER_IDENTIFIED,MANAGEMENT_LINE
2026,10,2026-10,2026-10-01,Non-Core Operating Items,Fixed Asset Disposal Costs,0.0,-27001938.6,27001938.6,27001938.6,19.080430766985902,1,MANAGEMENT_LINE,DRIVER_IDENTIFIED,MANAGEMENT_LINE
2026,10,2026-10,2026-10-01,Operating Costs,Cost of Goods Sold,0.0,-25545035.18,25545035.18,25545035.18,18.050936357295814,2,MANAGEMENT_LINE,DRIVER_IDENTIFIED,MANAGEMENT_LINE
2026,10,2026-10,2026-10-01,Operating Costs,Energy Consumption,0.0,946539.67,-946539.67,946539.67,0.6688551110786054,17,MANAGEMENT_LINE,DRIVER_IDENTIFIED,MANAGEMENT_LINE
2026,10,2026-10,2026-10-01,Operating Costs,Inventory Change,0.0,-266011.64,266011.64,266011.64,0.18797230655995856,20,MANAGEMENT_LINE,DRIVER_IDENTIFIED,MANAGEMENT_LINE
2026,10,2026-10,2026-10-01,Operating Costs,Material Consumption,0.0,-7869939.87,7869939.87,7869939.87,5.561150443838023,6,MANAGEMENT_LINE,DRIVER_IDENTIFIED,MANAGEMENT_LINE
2026,10,2026-10,2026-10-01,Operating Costs,Other Operating Costs,0.0,-1332376.13,1332376.13,1332376.13,0.9414994560445968,15,MANAGEMENT_LINE,DRIVER_IDENTIFIED,MANAGEMENT_LINE
2026,10,2026-10,2026-10-01,Operating Costs,Other Services,0.0,-524569.9,524569.9,524569.9,0.37067781716216175,19,MANAGEMENT_LINE,DRIVER_IDENTIFIED,MANAGEMENT_LINE
2026,10,2026-10,2026-10-01,Operating Costs,Payroll Costs,0.0,-1084289.71,1084289.71,1084289.71,0.7661936814792335,16,MANAGEMENT_LINE,DRIVER_IDENTIFIED,MANAGEMENT_LINE
2026,10,2026-10,2026-10-01,Operating Costs,Shortages & Damages,0.0,-5822350.58,5822350.58,5822350.58,4.1142585644873,8,MANAGEMENT_LINE,DRIVER_IDENTIFIED,MANAGEMENT_LINE
2026,10,2026-10,2026-10-01,Operating Costs,Social & Health Insurance,0.0,-642299.37,642299.37,642299.37,0.453869214448316,18,MANAGEMENT_LINE,DRIVER_IDENTIFIED,MANAGEMENT_LINE
2026,10,2026-10,2026-10-01,Other Operating Income,Other Operating Income,0.0,-23003306.34,23003306.34,23003306.34,16.254869716359472,3,MANAGEMENT_LINE,DRIVER_IDENTIFIED,MANAGEMENT_LINE
2026,10,2026-10,2026-10-01,Revenue,Sales Revenue,0.0,-8970286.27,8970286.27,8970286.27,6.3386902944360894,5,MANAGEMENT_LINE,DRIVER_IDENTIFIED,MANAGEMENT_LINE
2026,10,2026-10,2026-10-01,Tax,Income Tax,0.0,-3419041.0500000003,3419041.0500000003,3419041.0500000003,2.416003421473145,11,MANAGEMENT_LINE,DRIVER_IDENTIFIED,MANAGEMENT_LINE
2026,11,2026-11,2026-11-01,EBITDA Adjustments,Depreciation,0.0,-2819994.84,2819994.84,2819994.84,1.5542525921506058,10,MANAGEMENT_LINE,DRIVER_IDENTIFIED,MANAGEMENT_LINE
2026,11,2026-11,2026-11-01,EBITDA Adjustments,Provisions,0.0,-962977.27,962977.27,962977.27,0.5307491690586263,14,MANAGEMENT_LINE,DRIVER_IDENTIFIED,MANAGEMENT_LINE
2026,11,2026-11,2026-11-01,Financial Result,FX Gains,0.0,1895926.47,-1895926.47,1895926.47,1.0449482349139505,13,MANAGEMENT_LINE,DRIVER_IDENTIFIED,MANAGEMENT_LINE
2026,11,2026-11,2026-11-01,Financial Result,FX Losses,0.0,-1995047.76,1995047.76,1995047.76,1.099579371019083,12,MANAGEMENT_LINE,DRIVER_IDENTIFIED,MANAGEMENT_LINE
2026,11,2026-11,2026-11-01,Financial Result,Interest Expense,0.0,-2213634.89,2213634.89,2213634.89,1.2200546316806458,11,MANAGEMENT_LINE,DRIVER_IDENTIFIED,MANAGEMENT_LINE
2026,11,2026-11,2026-11-01,Financial Result,Interest Income,0.0,8230945.79,-8230945.79,8230945.79,4.536522070359043,5,MANAGEMENT_LINE,DRIVER_IDENTIFIED,MANAGEMENT_LINE
2026,11,2026-11,2026-11-01,Financial Result,Other Financial Expenses,0.0,-3942384.27,3942384.27,3942384.27,2.172862476195621,9,MANAGEMENT_LINE,DRIVER_IDENTIFIED,MANAGEMENT_LINE
2026,11,2026-11,2026-11-01,Non-Core Operating Items,Fixed Asset Disposal Costs,0.0,-66572692.2,66572692.2,66572692.2,36.69183288941566,1,MANAGEMENT_LINE,DRIVER_IDENTIFIED,MANAGEMENT_LINE
2026,11,2026-11,2026-11-01,Operating Costs,Cost of Goods Sold,0.0,-25205263.38,25205263.38,25205263.38,13.891992066270497,3,MANAGEMENT_LINE,DRIVER_IDENTIFIED,MANAGEMENT_LINE
2026,11,2026-11,2026-11-01,Operating Costs,Energy Consumption,0.0,-264657.18,264657.18,264657.18,0.14586697188646966,21,MANAGEMENT_LINE,DRIVER_IDENTIFIED,MANAGEMENT_LINE
2026,11,2026-11,2026-11-01,Operating Costs,Inventory Change,0.0,-458821.5,458821.5,458821.5,0.25288149311274244,19,MANAGEMENT_LINE,DRIVER_IDENTIFIED,MANAGEMENT_LINE
2026,11,2026-11,2026-11-01,Operating Costs,Material Consumption,0.0,-6944819.71,6944819.71,6944819.71,3.8276680095932796,7,MANAGEMENT_LINE,DRIVER_IDENTIFIED,MANAGEMENT_LINE
2026,11,2026-11,2026-11-01,Operating Costs,Other Operating Costs,0.0,-763164.99,763164.99,763164.99,0.42062174977103545,16,MANAGEMENT_LINE,DRIVER_IDENTIFIED,MANAGEMENT_LINE
2026,11,2026-11,2026-11-01,Operating Costs,Other Services,0.0,646400.63,-646400.63,646400.63,0.3562665578300437,18,MANAGEMENT_LINE,DRIVER_IDENTIFIED,MANAGEMENT_LINE
2026,11,2026-11,2026-11-01,Operating Costs,Payroll Costs,0.0,-880732.45,880732.45,880732.45,0.48541957381867196,15,MANAGEMENT_LINE,DRIVER_IDENTIFIED,MANAGEMENT_LINE
2026,11,2026-11,2026-11-01,Operating Costs,Repairs & Maintenance,0.0,-303426.66,303426.66,303426.66,0.16723494176060286,20,MANAGEMENT_LINE,DRIVER_IDENTIFIED,MANAGEMENT_LINE
2026,11,2026-11,2026-11-01,Operating Costs,Shortages & Damages,0.0,-4157590.23,4157590.23,4157590.23,2.291474190100835,8,MANAGEMENT_LINE,DRIVER_IDENTIFIED,MANAGEMENT_LINE
2026,11,2026-11,2026-11-01,Operating Costs,Social & Health Insurance,0.0,-750579.32,750579.32,750579.32,0.41368510224814425,17,MANAGEMENT_LINE,DRIVER_IDENTIFIED,MANAGEMENT_LINE
2026,11,2026-11,2026-11-01,Other Operating Income,Other Operating Income,0.0,-35811031.62,35811031.62,35811031.62,19.73740800283603,2,MANAGEMENT_LINE,DRIVER_IDENTIFIED,MANAGEMENT_LINE
2026,11,2026-11,2026-11-01,Revenue,Sales Revenue,0.0,-9235804.26,9235804.26,9235804.26,5.090354247492385,4,MANAGEMENT_LINE,DRIVER_IDENTIFIED,MANAGEMENT_LINE
2026,11,2026-11,2026-11-01,Tax,Income Tax,0.0,-7381462.59,7381462.59,7381462.59,4.068325658486037,6,MANAGEMENT_LINE,DRIVER_IDENTIFIED,MANAGEMENT_LINE
2026,12,2026-12,2026-12-01,EBITDA Adjustments,Depreciation,0.0,-2140575.41,2140575.41,2140575.41,0.8857794040526678,12,MANAGEMENT_LINE,DRIVER_IDENTIFIED,MANAGEMENT_LINE
2026,12,2026-12,2026-12-01,EBITDA Adjustments,Provisions,0.0,-1348925.09,1348925.09,1348925.09,0.5581910624358202,15,MANAGEMENT_LINE,DRIVER_IDENTIFIED,MANAGEMENT_LINE
2026,12,2026-12,2026-12-01,Financial Result,FX Gains,0.0,1810975.56,-1810975.56,1810975.56,0.7493895542277328,13,MANAGEMENT_LINE,DRIVER_IDENTIFIED,MANAGEMENT_LINE
2026,12,2026-12,2026-12-01,Financial Result,FX Losses,0.0,-3176219.23,3176219.23,3176219.23,1.3143333159610682,10,MANAGEMENT_LINE,DRIVER_IDENTIFIED,MANAGEMENT_LINE
2026,12,2026-12,2026-12-01,Financial Result,Interest Expense,0.0,-2266709.2,2266709.2,2266709.2,0.9379741143231667,11,MANAGEMENT_LINE,DRIVER_IDENTIFIED,MANAGEMENT_LINE
2026,12,2026-12,2026-12-01,Financial Result,Interest Income,0.0,5024188.48,-5024188.48,5024188.48,2.0790310198240944,9,MANAGEMENT_LINE,DRIVER_IDENTIFIED,MANAGEMENT_LINE
2026,12,2026-12,2026-12-01,Financial Result,Other Financial Expenses,0.0,-5544505.41,5544505.41,5544505.41,2.294340425893518,8,MANAGEMENT_LINE,DRIVER_IDENTIFIED,MANAGEMENT_LINE
2026,12,2026-12,2026-12-01,Non-Core Operating Items,Fixed Asset Disposal Costs,0.0,-111316016.7,111316016.7,111316016.7,46.06305130546314,1,MANAGEMENT_LINE,DRIVER_IDENTIFIED,MANAGEMENT_LINE
2026,12,2026-12,2026-12-01,Operating Costs,Cost of Goods Sold,0.0,-28159278.47,28159278.47,28159278.47,11.652431764461742,3,MANAGEMENT_LINE,DRIVER_IDENTIFIED,MANAGEMENT_LINE
2026,12,2026-12,2026-12-01,Operating Costs,Energy Consumption,0.0,-357533.73,357533.73,357533.73,0.14794901072330238,20,MANAGEMENT_LINE,DRIVER_IDENTIFIED,MANAGEMENT_LINE
2026,12,2026-12,2026-12-01,Operating Costs,Inventory Change,0.0,-372031.2,372031.2,372031.2,0.1539481267912906,19,MANAGEMENT_LINE,DRIVER_IDENTIFIED,MANAGEMENT_LINE
2026,12,2026-12,2026-12-01,Operating Costs,Material Consumption,0.0,-7265852.71,7265852.71,7265852.71,3.0066414167573106,5,MANAGEMENT_LINE,DRIVER_IDENTIFIED,MANAGEMENT_LINE
2026,12,2026-12,2026-12-01,Operating Costs,Other Operating Costs,0.0,-710060.17,710060.17,710060.17,0.2938259830912175,16,MANAGEMENT_LINE,DRIVER_IDENTIFIED,MANAGEMENT_LINE
2026,12,2026-12,2026-12-01,Operating Costs,Other Services,0.0,-333497.78,333497.78,333497.78,0.1380028301928815,21,MANAGEMENT_LINE,DRIVER_IDENTIFIED,MANAGEMENT_LINE
2026,12,2026-12,2026-12-01,Operating Costs,Payroll Costs,0.0,-1708568.68,1708568.68,1708568.68,0.7070131423930789,14,MANAGEMENT_LINE,DRIVER_IDENTIFIED,MANAGEMENT_LINE
2026,12,2026-12,2026-12-01,Operating Costs,Repairs & Maintenance,0.0,492910.3,-492910.3,492910.3,0.20396842351161162,18,MANAGEMENT_LINE,DRIVER_IDENTIFIED,MANAGEMENT_LINE
2026,12,2026-12,2026-12-01,Operating Costs,Shortages & Damages,0.0,-5690190.46,5690190.46,5690190.46,2.3546255324894045,7,MANAGEMENT_LINE,DRIVER_IDENTIFIED,MANAGEMENT_LINE
2026,12,2026-12,2026-12-01,Operating Costs,Social & Health Insurance,0.0,-548392.0,548392.0,548392.0,0.22692699200316915,17,MANAGEMENT_LINE,DRIVER_IDENTIFIED,MANAGEMENT_LINE
2026,12,2026-12,2026-12-01,Other Operating Income,Other Operating Income,0.0,-45065592.6,45065592.6,45065592.6,18.648337998290053,2,MANAGEMENT_LINE,DRIVER_IDENTIFIED,MANAGEMENT_LINE
2026,12,2026-12,2026-12-01,Revenue,Sales Revenue,0.0,-11118575.27,11118575.27,11118575.27,4.600914749635159,4,MANAGEMENT_LINE,DRIVER_IDENTIFIED,MANAGEMENT_LINE
2026,12,2026-12,2026-12-01,Tax,Income Tax,0.0,-7209503.4,7209503.4,7209503.4,2.983323827478557,6,MANAGEMENT_LINE,DRIVER_IDENTIFIED,MANAGEMENT_LINE
