calendar_year,calendar_month,year_month,period,account_number,account_name,management_group,management_line,actual_amount,plan_amount,variance,contribution_pct,variance_contribution_pct,metric,driver_direction,driver_rank,root_cause_status,analysis_level
2021,1,2021-01,2021-01-01,601,Revenues from own products,Revenue,Sales Revenue,122393.3,0.0,122393.3,1.2861446933980554,1.3201015248158265,REVENUE,FAVORABLE,3,DRIVER_IDENTIFIED,ACCOUNT
2021,1,2021-01,2021-01-01,602,Revenues from services,Revenue,Sales Revenue,-8660080.68,0.0,-8660080.68,91.00266771940149,-93.4053229277753,REVENUE,UNFAVORABLE,1,DRIVER_IDENTIFIED,ACCOUNT
2021,1,2021-01,2021-01-01,604,Revenues from goods,Revenue,Sales Revenue,-733819.22,0.0,-733819.22,7.711187587200444,-7.914778597040528,REVENUE,UNFAVORABLE,2,DRIVER_IDENTIFIED,ACCOUNT
2021,2,2021-02,2021-02-01,601,Revenues from own products,Revenue,Sales Revenue,373073.0,0.0,373073.0,4.606126012897417,6.436995006450736,REVENUE,FAVORABLE,3,DRIVER_IDENTIFIED,ACCOUNT
2021,2,2021-02,2021-02-01,602,Revenues from services,Revenue,Sales Revenue,-6947629.78,0.0,-6947629.78,85.7785426917487,-119.87428251449029,REVENUE,UNFAVORABLE,1,DRIVER_IDENTIFIED,ACCOUNT
2021,2,2021-02,2021-02-01,604,Revenues from goods,Revenue,Sales Revenue,778793.39,0.0,778793.39,9.615331295353894,13.437287508039555,REVENUE,FAVORABLE,2,DRIVER_IDENTIFIED,ACCOUNT
2021,3,2021-03,2021-03-01,601,Revenues from own products,Revenue,Sales Revenue,811590.55,0.0,811590.55,8.631892231540391,10.433027635508175,REVENUE,FAVORABLE,2,DRIVER_IDENTIFIED,ACCOUNT
2021,3,2021-03,2021-03-01,602,Revenues from services,Revenue,Sales Revenue,-8388981.46,0.0,-8388981.46,89.22329602668533,-107.84067829023604,REVENUE,UNFAVORABLE,1,DRIVER_IDENTIFIED,ACCOUNT
2021,3,2021-03,2021-03-01,604,Revenues from goods,Revenue,Sales Revenue,-201660.18,0.0,-201660.18,2.1448117417742685,-2.5923493452721362,REVENUE,UNFAVORABLE,3,DRIVER_IDENTIFIED,ACCOUNT
2021,4,2021-04,2021-04-01,601,Revenues from own products,Revenue,Sales Revenue,683964.11,0.0,683964.11,6.46585162699885,7.4261836611564656,REVENUE,FAVORABLE,3,DRIVER_IDENTIFIED,ACCOUNT
2021,4,2021-04,2021-04-01,602,Revenues from services,Revenue,Sales Revenue,-9109256.73,0.0,-9109256.73,86.11431738490012,-98.90433212000785,REVENUE,UNFAVORABLE,1,DRIVER_IDENTIFIED,ACCOUNT
2021,4,2021-04,2021-04-01,604,Revenues from goods,Revenue,Sales Revenue,-784876.98,0.0,-784876.98,7.419830988101034,-8.521851541148601,REVENUE,UNFAVORABLE,2,DRIVER_IDENTIFIED,ACCOUNT
2021,5,2021-05,2021-05-01,601,Revenues from own products,Revenue,Sales Revenue,-790847.0,0.0,-790847.0,10.174552773060658,-10.174552773060658,REVENUE,UNFAVORABLE,2,DRIVER_IDENTIFIED,ACCOUNT
2021,5,2021-05,2021-05-01,602,Revenues from services,Revenue,Sales Revenue,-6750628.83,0.0,-6750628.83,86.84945290578294,-86.84945290578294,REVENUE,UNFAVORABLE,1,DRIVER_IDENTIFIED,ACCOUNT
2021,5,2021-05,2021-05-01,604,Revenues from goods,Revenue,Sales Revenue,-231317.9,0.0,-231317.9,2.9759943211563904,-2.9759943211563904,REVENUE,UNFAVORABLE,3,DRIVER_IDENTIFIED,ACCOUNT
2021,6,2021-06,2021-06-01,601,Revenues from own products,Revenue,Sales Revenue,1127553.62,0.0,1127553.62,11.173556280358355,14.38910599312221,REVENUE,FAVORABLE,2,DRIVER_IDENTIFIED,ACCOUNT
2021,6,2021-06,2021-06-01,602,Revenues from services,Revenue,Sales Revenue,-8372339.71,0.0,-8372339.71,82.96617321663527,-106.8423544217933,REVENUE,UNFAVORABLE,1,DRIVER_IDENTIFIED,ACCOUNT
2021,6,2021-06,2021-06-01,604,Revenues from goods,Revenue,Sales Revenue,-591375.66,0.0,-591375.66,5.860270503006381,-7.546751571328911,REVENUE,UNFAVORABLE,3,DRIVER_IDENTIFIED,ACCOUNT
2021,7,2021-07,2021-07-01,601,Revenues from own products,Revenue,Sales Revenue,-661292.88,0.0,-661292.88,6.760191679841466,-6.760191679841466,REVENUE,UNFAVORABLE,3,DRIVER_IDENTIFIED,ACCOUNT
2021,7,2021-07,2021-07-01,602,Revenues from services,Revenue,Sales Revenue,-8347773.7,0.0,-8347773.7,85.33669727691519,-85.33669727691519,REVENUE,UNFAVORABLE,1,DRIVER_IDENTIFIED,ACCOUNT
2021,7,2021-07,2021-07-01,604,Revenues from goods,Revenue,Sales Revenue,-773095.1,0.0,-773095.1,7.903111043243357,-7.903111043243357,REVENUE,UNFAVORABLE,2,DRIVER_IDENTIFIED,ACCOUNT
2021,8,2021-08,2021-08-01,601,Revenues from own products,Revenue,Sales Revenue,467749.23,0.0,467749.23,4.8232421801308325,5.3381898269042285,REVENUE,FAVORABLE,3,DRIVER_IDENTIFIED,ACCOUNT
2021,8,2021-08,2021-08-01,602,Revenues from services,Revenue,Sales Revenue,-8697619.77,0.0,-8697619.77,89.68636151769577,-99.26161797101216,REVENUE,UNFAVORABLE,1,DRIVER_IDENTIFIED,ACCOUNT
2021,8,2021-08,2021-08-01,604,Revenues from goods,Revenue,Sales Revenue,-532448.62,0.0,-532448.62,5.490396302173396,-6.076571855892089,REVENUE,UNFAVORABLE,2,DRIVER_IDENTIFIED,ACCOUNT
2021,9,2021-09,2021-09-01,601,Revenues from own products,Revenue,Sales Revenue,706771.96,0.0,706771.96,7.311519006125448,8.874375230278488,REVENUE,FAVORABLE,2,DRIVER_IDENTIFIED,ACCOUNT
2021,9,2021-09,2021-09-01,602,Revenues from services,Revenue,Sales Revenue,-8815371.37,0.0,-8815371.37,91.19455632876145,-110.68763018220776,REVENUE,UNFAVORABLE,1,DRIVER_IDENTIFIED,ACCOUNT
2021,9,2021-09,2021-09-01,604,Revenues from goods,Revenue,Sales Revenue,144411.04,0.0,144411.04,1.4939246651131186,1.81325495192927,REVENUE,FAVORABLE,3,DRIVER_IDENTIFIED,ACCOUNT
2021,10,2021-10,2021-10-01,601,Revenues from own products,Revenue,Sales Revenue,1291770.02,0.0,1291770.02,13.407106359516439,21.82696103216285,REVENUE,FAVORABLE,2,DRIVER_IDENTIFIED,ACCOUNT
2021,10,2021-10,2021-10-01,602,Revenues from services,Revenue,Sales Revenue,-7776598.16,0.0,-7776598.16,80.7122607214091,-131.40071558643953,REVENUE,UNFAVORABLE,1,DRIVER_IDENTIFIED,ACCOUNT
2021,10,2021-10,2021-10-01,604,Revenues from goods,Revenue,Sales Revenue,566596.93,0.0,566596.93,5.880632919074474,9.573754554276698,REVENUE,FAVORABLE,3,DRIVER_IDENTIFIED,ACCOUNT
2021,11,2021-11,2021-11-01,601,Revenues from own products,Revenue,Sales Revenue,515674.36,0.0,515674.36,5.083450988248299,5.658772880033921,REVENUE,FAVORABLE,2,DRIVER_IDENTIFIED,ACCOUNT
2021,11,2021-11,2021-11-01,602,Revenues from services,Revenue,Sales Revenue,-9221866.55,0.0,-9221866.55,90.90796491625343,-101.19651544519684,REVENUE,UNFAVORABLE,1,DRIVER_IDENTIFIED,ACCOUNT
2021,11,2021-11,2021-11-01,604,Revenues from goods,Revenue,Sales Revenue,-406637.94,0.0,-406637.94,4.008584095498277,-4.462257434837095,REVENUE,UNFAVORABLE,3,DRIVER_IDENTIFIED,ACCOUNT
2021,12,2021-12,2021-12-01,601,Revenues from own products,Revenue,Sales Revenue,207141.66,0.0,207141.66,2.349472689274131,2.465316568223242,REVENUE,FAVORABLE,3,DRIVER_IDENTIFIED,ACCOUNT
2021,12,2021-12,2021-12-01,602,Revenues from services,Revenue,Sales Revenue,-8360867.31,0.0,-8360867.31,94.83186242443877,-99.50767365704748,REVENUE,UNFAVORABLE,1,DRIVER_IDENTIFIED,ACCOUNT
2021,12,2021-12,2021-12-01,604,Revenues from goods,Revenue,Sales Revenue,-248508.07,0.0,-248508.07,2.818664886287114,-2.957642911175768,REVENUE,UNFAVORABLE,2,DRIVER_IDENTIFIED,ACCOUNT
2022,1,2022-01,2022-01-01,601,Revenues from own products,Revenue,Sales Revenue,642383.11,0.0,642383.11,7.142477065343988,9.531537469182215,REVENUE,FAVORABLE,2,DRIVER_IDENTIFIED,ACCOUNT
2022,1,2022-01,2022-01-01,602,Revenues from services,Revenue,Sales Revenue,-7866698.03,0.0,-7866698.03,87.46760209691962,-116.72431274179502,REVENUE,UNFAVORABLE,1,DRIVER_IDENTIFIED,ACCOUNT
2022,1,2022-01,2022-01-01,604,Revenues from goods,Revenue,Sales Revenue,484760.97,0.0,484760.97,5.389920837736387,7.192775272612812,REVENUE,FAVORABLE,3,DRIVER_IDENTIFIED,ACCOUNT
2022,2,2022-02,2022-02-01,601,Revenues from own products,Revenue,Sales Revenue,-168011.23,0.0,-168011.23,1.980010214944168,-2.1185380827879885,REVENUE,UNFAVORABLE,3,DRIVER_IDENTIFIED,ACCOUNT
2022,2,2022-02,2022-02-01,602,Revenues from services,Revenue,Sales Revenue,-8039938.1,0.0,-8039938.1,94.75056855139269,-101.37962235088752,REVENUE,UNFAVORABLE,1,DRIVER_IDENTIFIED,ACCOUNT
2022,2,2022-02,2022-02-01,604,Revenues from goods,Revenue,Sales Revenue,277422.55,0.0,277422.55,3.2694212336631256,3.498160433675504,REVENUE,FAVORABLE,2,DRIVER_IDENTIFIED,ACCOUNT
2022,3,2022-03,2022-03-01,601,Revenues from own products,Revenue,Sales Revenue,-26597.39,0.0,-26597.39,0.2761109389948745,-0.2761109389948745,REVENUE,UNFAVORABLE,3,DRIVER_IDENTIFIED,ACCOUNT
2022,3,2022-03,2022-03-01,602,Revenues from services,Revenue,Sales Revenue,-9154658.19,0.0,-9154658.19,95.0356884272486,-95.0356884272486,REVENUE,UNFAVORABLE,1,DRIVER_IDENTIFIED,ACCOUNT
2022,3,2022-03,2022-03-01,604,Revenues from goods,Revenue,Sales Revenue,-451607.97,0.0,-451607.97,4.688200633756511,-4.688200633756511,REVENUE,UNFAVORABLE,2,DRIVER_IDENTIFIED,ACCOUNT
2022,4,2022-04,2022-04-01,601,Revenues from own products,Revenue,Sales Revenue,131724.05,0.0,131724.05,1.5335089286772545,1.582030073541491,REVENUE,FAVORABLE,3,DRIVER_IDENTIFIED,ACCOUNT
2022,4,2022-04,2022-04-01,602,Revenues from services,Revenue,Sales Revenue,-8259096.41,0.0,-8259096.41,96.15099207427392,-99.19326729552095,REVENUE,UNFAVORABLE,1,DRIVER_IDENTIFIED,ACCOUNT
2022,4,2022-04,2022-04-01,604,Revenues from goods,Revenue,Sales Revenue,-198894.77,0.0,-198894.77,2.315498997048823,-2.388762778020551,REVENUE,UNFAVORABLE,2,DRIVER_IDENTIFIED,ACCOUNT
2022,5,2022-05,2022-05-01,601,Revenues from own products,Revenue,Sales Revenue,-566839.17,0.0,-566839.17,6.403327860135318,-6.403327860135318,REVENUE,UNFAVORABLE,2,DRIVER_IDENTIFIED,ACCOUNT
2022,5,2022-05,2022-05-01,602,Revenues from services,Revenue,Sales Revenue,-8052342.73,0.0,-8052342.73,90.96370411799009,-90.96370411799009,REVENUE,UNFAVORABLE,1,DRIVER_IDENTIFIED,ACCOUNT
2022,5,2022-05,2022-05-01,604,Revenues from goods,Revenue,Sales Revenue,-233077.15,0.0,-233077.15,2.6329680218745968,-2.6329680218745968,REVENUE,UNFAVORABLE,3,DRIVER_IDENTIFIED,ACCOUNT
2022,6,2022-06,2022-06-01,601,Revenues from own products,Revenue,Sales Revenue,584735.63,0.0,584735.63,5.876475517259684,7.260757897018569,REVENUE,FAVORABLE,2,DRIVER_IDENTIFIED,ACCOUNT
2022,6,2022-06,2022-06-01,602,Revenues from services,Revenue,Sales Revenue,-9001908.44,0.0,-9001908.44,90.46736993993903,-111.77816852714808,REVENUE,UNFAVORABLE,1,DRIVER_IDENTIFIED,ACCOUNT
2022,6,2022-06,2022-06-01,604,Revenues from goods,Revenue,Sales Revenue,363803.75,0.0,363803.75,3.65615454280127,4.517410630129498,REVENUE,FAVORABLE,3,DRIVER_IDENTIFIED,ACCOUNT
2022,7,2022-07,2022-07-01,601,Revenues from own products,Revenue,Sales Revenue,-95449.96,0.0,-95449.96,1.0259011880409352,-1.0259011880409352,REVENUE,UNFAVORABLE,3,DRIVER_IDENTIFIED,ACCOUNT
2022,7,2022-07,2022-07-01,602,Revenues from services,Revenue,Sales Revenue,-8846777.73,0.0,-8846777.73,95.08563213165398,-95.08563213165398,REVENUE,UNFAVORABLE,1,DRIVER_IDENTIFIED,ACCOUNT
2022,7,2022-07,2022-07-01,604,Revenues from goods,Revenue,Sales Revenue,-361783.37,0.0,-361783.37,3.8884666803050854,-3.8884666803050854,REVENUE,UNFAVORABLE,2,DRIVER_IDENTIFIED,ACCOUNT
2022,8,2022-08,2022-08-01,601,Revenues from own products,Revenue,Sales Revenue,-318838.34,0.0,-318838.34,3.170769594170516,-3.4221467505159096,REVENUE,UNFAVORABLE,3,DRIVER_IDENTIFIED,ACCOUNT
2022,8,2022-08,2022-08-01,602,Revenues from services,Revenue,Sales Revenue,-9367392.05,0.0,-9367392.05,93.15643121468584,-100.54183027272086,REVENUE,UNFAVORABLE,1,DRIVER_IDENTIFIED,ACCOUNT
2022,8,2022-08,2022-08-01,604,Revenues from goods,Revenue,Sales Revenue,369320.18,0.0,369320.18,3.6727991911436426,3.963977023236762,REVENUE,FAVORABLE,2,DRIVER_IDENTIFIED,ACCOUNT
2022,9,2022-09,2022-09-01,601,Revenues from own products,Revenue,Sales Revenue,-1054267.24,0.0,-1054267.24,9.634298817182597,-12.814922902345078,REVENUE,UNFAVORABLE,3,DRIVER_IDENTIFIED,ACCOUNT
2022,9,2022-09,2022-09-01,602,Revenues from services,Revenue,Sales Revenue,-8530595.44,0.0,-8530595.44,77.95585638936788,-103.69185224298204,REVENUE,UNFAVORABLE,1,DRIVER_IDENTIFIED,ACCOUNT
2022,9,2022-09,2022-09-01,604,Revenues from goods,Revenue,Sales Revenue,1357991.18,0.0,1357991.18,12.409844793449523,16.50677514532711,REVENUE,FAVORABLE,2,DRIVER_IDENTIFIED,ACCOUNT
2022,10,2022-10,2022-10-01,601,Revenues from own products,Revenue,Sales Revenue,568811.61,0.0,568811.61,7.176860149390789,8.37965195269152,REVENUE,FAVORABLE,2,DRIVER_IDENTIFIED,ACCOUNT
2022,10,2022-10,2022-10-01,602,Revenues from services,Revenue,Sales Revenue,-7109057.96,0.0,-7109057.96,89.69703479300182,-104.72963344807815,REVENUE,UNFAVORABLE,1,DRIVER_IDENTIFIED,ACCOUNT
2022,10,2022-10,2022-10-01,604,Revenues from goods,Revenue,Sales Revenue,-247763.62,0.0,-247763.62,3.1261050576073908,-3.650018504613363,REVENUE,UNFAVORABLE,3,DRIVER_IDENTIFIED,ACCOUNT
2022,11,2022-11,2022-11-01,601,Revenues from own products,Revenue,Sales Revenue,-308586.96,0.0,-308586.96,3.3249107644215172,-3.3249107644215172,REVENUE,UNFAVORABLE,2,DRIVER_IDENTIFIED,ACCOUNT
2022,11,2022-11,2022-11-01,602,Revenues from services,Revenue,Sales Revenue,-8951099.33,0.0,-8951099.33,96.44479635731604,-96.44479635731604,REVENUE,UNFAVORABLE,1,DRIVER_IDENTIFIED,ACCOUNT
2022,11,2022-11,2022-11-01,604,Revenues from goods,Revenue,Sales Revenue,-21373.62,0.0,-21373.62,0.23029287826243544,-0.23029287826243544,REVENUE,UNFAVORABLE,3,DRIVER_IDENTIFIED,ACCOUNT
2022,12,2022-12,2022-12-01,601,Revenues from own products,Revenue,Sales Revenue,372288.7,0.0,372288.7,3.858872713566789,4.181597785433176,REVENUE,FAVORABLE,3,DRIVER_IDENTIFIED,ACCOUNT
2022,12,2022-12,2022-12-01,602,Revenues from services,Revenue,Sales Revenue,-8462099.09,0.0,-8462099.09,87.71193774589278,-95.04745863857832,REVENUE,UNFAVORABLE,1,DRIVER_IDENTIFIED,ACCOUNT
2022,12,2022-12,2022-12-01,604,Revenues from goods,Revenue,Sales Revenue,-813214.7,0.0,-813214.7,8.42918954054045,-9.134139146854858,REVENUE,UNFAVORABLE,2,DRIVER_IDENTIFIED,ACCOUNT
2023,1,2023-01,2023-01-01,601,Revenues from own products,Revenue,Sales Revenue,-556812.73,0.0,-556812.73,6.065692237084718,-6.574548974407741,REVENUE,UNFAVORABLE,2,DRIVER_IDENTIFIED,ACCOUNT
2023,1,2023-01,2023-01-01,602,Revenues from services,Revenue,Sales Revenue,-8267648.22,0.0,-8267648.22,90.06440931585973,-97.6199989636821,REVENUE,UNFAVORABLE,1,DRIVER_IDENTIFIED,ACCOUNT
2023,1,2023-01,2023-01-01,604,Revenues from goods,Revenue,Sales Revenue,355245.31,0.0,355245.31,3.869898447055538,4.194547938089814,REVENUE,FAVORABLE,3,DRIVER_IDENTIFIED,ACCOUNT
2023,2,2023-02,2023-02-01,601,Revenues from own products,Revenue,Sales Revenue,-537758.92,0.0,-537758.92,6.272350491214058,-6.272350491214058,REVENUE,UNFAVORABLE,2,DRIVER_IDENTIFIED,ACCOUNT
2023,2,2023-02,2023-02-01,602,Revenues from services,Revenue,Sales Revenue,-7956506.4,0.0,-7956506.4,92.80366158573027,-92.80366158573027,REVENUE,UNFAVORABLE,1,DRIVER_IDENTIFIED,ACCOUNT
2023,2,2023-02,2023-02-01,604,Revenues from goods,Revenue,Sales Revenue,-79217.95,0.0,-79217.95,0.9239879230556894,-0.9239879230556894,REVENUE,UNFAVORABLE,3,DRIVER_IDENTIFIED,ACCOUNT
2023,3,2023-03,2023-03-01,601,Revenues from own products,Revenue,Sales Revenue,333902.03,0.0,333902.03,3.3939263995989655,3.8050385711303925,REVENUE,FAVORABLE,2,DRIVER_IDENTIFIED,ACCOUNT
2023,3,2023-03,2023-03-01,602,Revenues from services,Revenue,Sales Revenue,-9306741.27,0.0,-9306741.27,94.59779232396461,-106.05658643010061,REVENUE,UNFAVORABLE,1,DRIVER_IDENTIFIED,ACCOUNT
2023,3,2023-03,2023-03-01,604,Revenues from goods,Revenue,Sales Revenue,197579.18,0.0,197579.18,2.008281276436432,2.251547858970233,REVENUE,FAVORABLE,3,DRIVER_IDENTIFIED,ACCOUNT
2023,4,2023-04,2023-04-01,601,Revenues from own products,Revenue,Sales Revenue,-536560.39,0.0,-536560.39,7.280848439572128,-7.424010275035278,REVENUE,UNFAVORABLE,2,DRIVER_IDENTIFIED,ACCOUNT
2023,4,2023-04,2023-04-01,602,Revenues from services,Revenue,Sales Revenue,-6761860.66,0.0,-6761860.66,91.75497027457648,-93.55912951046727,REVENUE,UNFAVORABLE,1,DRIVER_IDENTIFIED,ACCOUNT
2023,4,2023-04,2023-04-01,604,Revenues from goods,Revenue,Sales Revenue,71055.11,0.0,71055.11,0.9641812858513948,0.9831397855025452,REVENUE,FAVORABLE,3,DRIVER_IDENTIFIED,ACCOUNT
2023,5,2023-05,2023-05-01,602,Revenues from services,Revenue,Sales Revenue,-8482894.04,0.0,-8482894.04,96.54923246965454,-103.70657833359016,REVENUE,UNFAVORABLE,1,DRIVER_IDENTIFIED,ACCOUNT
2023,5,2023-05,2023-05-01,604,Revenues from goods,Revenue,Sales Revenue,303187.24,0.0,303187.24,3.4507675303454515,3.706578333590148,REVENUE,FAVORABLE,2,DRIVER_IDENTIFIED,ACCOUNT
2023,6,2023-06,2023-06-01,601,Revenues from own products,Revenue,Sales Revenue,1015058.84,0.0,1015058.84,9.35493656380646,14.106664807900513,REVENUE,FAVORABLE,2,DRIVER_IDENTIFIED,ACCOUNT
2023,6,2023-06,2023-06-01,602,Revenues from services,Revenue,Sales Revenue,-9023056.56,0.0,-9023056.56,83.15786080976127,-125.39690254276086,REVENUE,UNFAVORABLE,1,DRIVER_IDENTIFIED,ACCOUNT
2023,6,2023-06,2023-06-01,604,Revenues from goods,Revenue,Sales Revenue,812400.08,0.0,812400.08,7.4872026264322695,11.290237734860337,REVENUE,FAVORABLE,3,DRIVER_IDENTIFIED,ACCOUNT
2023,7,2023-07,2023-07-01,601,Revenues from own products,Revenue,Sales Revenue,-128836.3,0.0,-128836.3,1.5799507837083233,-1.7287587233588555,REVENUE,UNFAVORABLE,3,DRIVER_IDENTIFIED,ACCOUNT
2023,7,2023-07,2023-07-01,602,Revenues from services,Revenue,Sales Revenue,-7674654.89,0.0,-7674654.89,94.11615366279858,-102.98049998219598,REVENUE,UNFAVORABLE,1,DRIVER_IDENTIFIED,ACCOUNT
2023,7,2023-07,2023-07-01,604,Revenues from goods,Revenue,Sales Revenue,350959.02,0.0,350959.02,4.303895553493116,4.70925870555484,REVENUE,FAVORABLE,2,DRIVER_IDENTIFIED,ACCOUNT
2023,8,2023-08,2023-08-01,601,Revenues from own products,Revenue,Sales Revenue,223049.81,0.0,223049.81,2.3490147548666798,2.6168310899123326,REVENUE,FAVORABLE,3,DRIVER_IDENTIFIED,ACCOUNT
2023,8,2023-08,2023-08-01,602,Revenues from services,Revenue,Sales Revenue,-9009561.62,0.0,-9009561.62,94.88281196142037,-105.70060989380319,REVENUE,UNFAVORABLE,1,DRIVER_IDENTIFIED,ACCOUNT
2023,8,2023-08,2023-08-01,604,Revenues from goods,Revenue,Sales Revenue,262850.85,0.0,262850.85,2.7681732837129442,3.083778803890858,REVENUE,FAVORABLE,2,DRIVER_IDENTIFIED,ACCOUNT
2023,9,2023-09,2023-09-01,601,Revenues from own products,Revenue,Sales Revenue,668623.76,0.0,668623.76,7.217949238126706,8.435721417729736,REVENUE,FAVORABLE,2,DRIVER_IDENTIFIED,ACCOUNT
2023,9,2023-09,2023-09-01,602,Revenues from services,Revenue,Sales Revenue,-7976942.85,0.0,-7976942.85,86.1129562113344,-100.64145439245394,REVENUE,UNFAVORABLE,1,DRIVER_IDENTIFIED,ACCOUNT
2023,9,2023-09,2023-09-01,604,Revenues from goods,Revenue,Sales Revenue,-617781.44,0.0,-617781.44,6.669094550538884,-7.794267025275794,REVENUE,UNFAVORABLE,3,DRIVER_IDENTIFIED,ACCOUNT
2023,10,2023-10,2023-10-01,601,Revenues from own products,Revenue,Sales Revenue,418564.68,0.0,418564.68,4.053796897800945,5.147008855998916,REVENUE,FAVORABLE,3,DRIVER_IDENTIFIED,ACCOUNT
2023,10,2023-10,2023-10-01,602,Revenues from services,Revenue,Sales Revenue,-9228721.56,0.0,-9228721.56,89.3801235942715,-113.48380278734491,REVENUE,UNFAVORABLE,1,DRIVER_IDENTIFIED,ACCOUNT
2023,10,2023-10,2023-10-01,604,Revenues from goods,Revenue,Sales Revenue,677964.15,0.0,677964.15,6.566079507927555,8.336793931345992,REVENUE,FAVORABLE,2,DRIVER_IDENTIFIED,ACCOUNT
2023,11,2023-11,2023-11-01,601,Revenues from own products,Revenue,Sales Revenue,508343.82,0.0,508343.82,5.123909589477139,6.6726088413555456,REVENUE,FAVORABLE,3,DRIVER_IDENTIFIED,ACCOUNT
2023,11,2023-11,2023-11-01,602,Revenues from services,Revenue,Sales Revenue,-8769690.74,0.0,-8769690.74,88.39509936293682,-115.11247637018162,REVENUE,UNFAVORABLE,1,DRIVER_IDENTIFIED,ACCOUNT
2023,11,2023-11,2023-11-01,604,Revenues from goods,Revenue,Sales Revenue,642980.07,0.0,642980.07,6.480991047586027,8.439867528826076,REVENUE,FAVORABLE,2,DRIVER_IDENTIFIED,ACCOUNT
2023,12,2023-12,2023-12-01,601,Revenues from own products,Revenue,Sales Revenue,646308.33,0.0,646308.33,7.006535288390002,8.62340089343953,REVENUE,FAVORABLE,2,DRIVER_IDENTIFIED,ACCOUNT
2023,12,2023-12,2023-12-01,602,Revenues from services,Revenue,Sales Revenue,-8359591.82,0.0,-8359591.82,90.62512792209625,-111.53826776358862,REVENUE,UNFAVORABLE,1,DRIVER_IDENTIFIED,ACCOUNT
2023,12,2023-12,2023-12-01,604,Revenues from goods,Revenue,Sales Revenue,218464.01,0.0,218464.01,2.368336789513739,2.9148668701490856,REVENUE,FAVORABLE,3,DRIVER_IDENTIFIED,ACCOUNT
2024,1,2024-01,2024-01-01,601,Revenues from own products,Revenue,Sales Revenue,1281651.78,0.0,1281651.78,12.676807001601908,16.982479235024172,REVENUE,FAVORABLE,2,DRIVER_IDENTIFIED,ACCOUNT
2024,1,2024-01,2024-01-01,602,Revenues from services,Revenue,Sales Revenue,-8764508.96,0.0,-8764508.96,86.68968458010542,-116.1337999455541,REVENUE,UNFAVORABLE,1,DRIVER_IDENTIFIED,ACCOUNT
2024,1,2024-01,2024-01-01,604,Revenues from goods,Revenue,Sales Revenue,-64049.03,0.0,-64049.03,0.6335084182926899,-0.8486792894700621,REVENUE,UNFAVORABLE,3,DRIVER_IDENTIFIED,ACCOUNT
2024,2,2024-02,2024-02-01,601,Revenues from own products,Revenue,Sales Revenue,388331.46,0.0,388331.46,3.8129367817271844,4.548389005217655,REVENUE,FAVORABLE,3,DRIVER_IDENTIFIED,ACCOUNT
2024,2,2024-02,2024-02-01,602,Revenues from services,Revenue,Sales Revenue,-9361178.35,0.0,-9361178.35,91.91524490707806,-109.64417017107382,REVENUE,UNFAVORABLE,1,DRIVER_IDENTIFIED,ACCOUNT
2024,2,2024-02,2024-02-01,604,Revenues from goods,Revenue,Sales Revenue,435066.6,0.0,435066.6,4.271818311194741,5.095781165856167,REVENUE,FAVORABLE,2,DRIVER_IDENTIFIED,ACCOUNT
2024,3,2024-03,2024-03-01,601,Revenues from own products,Revenue,Sales Revenue,-604135.07,0.0,-604135.07,6.373425667196633,-6.373425667196633,REVENUE,UNFAVORABLE,2,DRIVER_IDENTIFIED,ACCOUNT
2024,3,2024-03,2024-03-01,602,Revenues from services,Revenue,Sales Revenue,-8638797.14,0.0,-8638797.14,91.13645964267705,-91.13645964267705,REVENUE,UNFAVORABLE,1,DRIVER_IDENTIFIED,ACCOUNT
2024,3,2024-03,2024-03-01,604,Revenues from goods,Revenue,Sales Revenue,-236037.21,0.0,-236037.21,2.490114690126302,-2.490114690126302,REVENUE,UNFAVORABLE,3,DRIVER_IDENTIFIED,ACCOUNT
2024,4,2024-04,2024-04-01,601,Revenues from own products,Revenue,Sales Revenue,-633091.83,0.0,-633091.83,7.339087859913003,-7.456831367932132,REVENUE,UNFAVORABLE,2,DRIVER_IDENTIFIED,ACCOUNT
2024,4,2024-04,2024-04-01,602,Revenues from services,Revenue,Sales Revenue,-7925104.72,0.0,-7925104.72,91.87141119652618,-93.34533581051426,REVENUE,UNFAVORABLE,1,DRIVER_IDENTIFIED,ACCOUNT
2024,4,2024-04,2024-04-01,604,Revenues from goods,Revenue,Sales Revenue,68104.73,0.0,68104.73,0.7895009435608306,0.8021671784463693,REVENUE,FAVORABLE,3,DRIVER_IDENTIFIED,ACCOUNT
2024,5,2024-05,2024-05-01,601,Revenues from own products,Revenue,Sales Revenue,-11849.18,0.0,-11849.18,0.12125402315177217,-0.12125402315177217,REVENUE,UNFAVORABLE,3,DRIVER_IDENTIFIED,ACCOUNT
2024,5,2024-05,2024-05-01,602,Revenues from services,Revenue,Sales Revenue,-9487469.47,0.0,-9487469.47,97.08636739142385,-97.08636739142385,REVENUE,UNFAVORABLE,1,DRIVER_IDENTIFIED,ACCOUNT
2024,5,2024-05,2024-05-01,604,Revenues from goods,Revenue,Sales Revenue,-272876.69,0.0,-272876.69,2.7923785854243883,-2.7923785854243883,REVENUE,UNFAVORABLE,2,DRIVER_IDENTIFIED,ACCOUNT
2024,6,2024-06,2024-06-01,601,Revenues from own products,Revenue,Sales Revenue,109168.17,0.0,109168.17,1.2994918400591058,1.3341666125857965,REVENUE,FAVORABLE,3,DRIVER_IDENTIFIED,ACCOUNT
2024,6,2024-06,2024-06-01,602,Revenues from services,Revenue,Sales Revenue,-7745502.49,0.0,-7745502.49,92.19919398587048,-94.65937571233586,REVENUE,UNFAVORABLE,1,DRIVER_IDENTIFIED,ACCOUNT
2024,6,2024-06,2024-06-01,604,Revenues from goods,Revenue,Sales Revenue,-546164.7,0.0,-546164.7,6.501314174070422,-6.674790900249933,REVENUE,UNFAVORABLE,2,DRIVER_IDENTIFIED,ACCOUNT
2024,7,2024-07,2024-07-01,601,Revenues from own products,Revenue,Sales Revenue,-782507.66,0.0,-782507.66,7.776427974248048,-7.974459900544753,REVENUE,UNFAVORABLE,2,DRIVER_IDENTIFIED,ACCOUNT
2024,7,2024-07,2024-07-01,602,Revenues from services,Revenue,Sales Revenue,-9155108.3,0.0,-9155108.3,90.98190846002773,-93.2988234562387,REVENUE,UNFAVORABLE,1,DRIVER_IDENTIFIED,ACCOUNT
2024,7,2024-07,2024-07-01,604,Revenues from goods,Revenue,Sales Revenue,124943.13,0.0,124943.13,1.2416635657242137,1.273283356783434,REVENUE,FAVORABLE,3,DRIVER_IDENTIFIED,ACCOUNT
2024,8,2024-08,2024-08-01,601,Revenues from own products,Revenue,Sales Revenue,-887849.3,0.0,-887849.3,8.370846496492364,-8.78441980500391,REVENUE,UNFAVORABLE,2,DRIVER_IDENTIFIED,ACCOUNT
2024,8,2024-08,2024-08-01,602,Revenues from services,Revenue,Sales Revenue,-9468919.1,0.0,-9468919.1,89.27513742907115,-93.68589970619993,REVENUE,UNFAVORABLE,1,DRIVER_IDENTIFIED,ACCOUNT
2024,8,2024-08,2024-08-01,604,Revenues from goods,Revenue,Sales Revenue,249677.44,0.0,249677.44,2.3540160744364864,2.470319511203845,REVENUE,FAVORABLE,3,DRIVER_IDENTIFIED,ACCOUNT
2024,9,2024-09,2024-09-01,602,Revenues from services,Revenue,Sales Revenue,-7948529.02,0.0,-7948529.02,100.0,-100.0,REVENUE,UNFAVORABLE,1,DRIVER_IDENTIFIED,ACCOUNT
2024,10,2024-10,2024-10-01,601,Revenues from own products,Revenue,Sales Revenue,-56212.65,0.0,-56212.65,0.6286293413487769,-0.6406704277502012,REVENUE,UNFAVORABLE,3,DRIVER_IDENTIFIED,ACCOUNT
2024,10,2024-10,2024-10-01,602,Revenues from services,Revenue,Sales Revenue,-8801853.9,0.0,-8801853.9,98.431645186718,-100.3170550242299,REVENUE,UNFAVORABLE,1,DRIVER_IDENTIFIED,ACCOUNT
2024,10,2024-10,2024-10-01,604,Revenues from goods,Revenue,Sales Revenue,84031.17,0.0,84031.17,0.9397254719332232,0.9577254519801126,REVENUE,FAVORABLE,2,DRIVER_IDENTIFIED,ACCOUNT
2024,11,2024-11,2024-11-01,601,Revenues from own products,Revenue,Sales Revenue,815217.45,0.0,815217.45,9.710896364756827,12.051517021418855,REVENUE,FAVORABLE,2,DRIVER_IDENTIFIED,ACCOUNT
2024,11,2024-11,2024-11-01,602,Revenues from services,Revenue,Sales Revenue,-7265836.79,0.0,-7265836.79,86.55088046867422,-107.41226865241455,REVENUE,UNFAVORABLE,1,DRIVER_IDENTIFIED,ACCOUNT
2024,11,2024-11,2024-11-01,604,Revenues from goods,Revenue,Sales Revenue,-313819.1,0.0,-313819.1,3.7382231665689427,-4.639248369004301,REVENUE,UNFAVORABLE,3,DRIVER_IDENTIFIED,ACCOUNT
2024,12,2024-12,2024-12-01,601,Revenues from own products,Revenue,Sales Revenue,-805405.75,0.0,-805405.75,8.464126306310444,-10.035916561890692,REVENUE,UNFAVORABLE,2,DRIVER_IDENTIFIED,ACCOUNT
2024,12,2024-12,2024-12-01,602,Revenues from services,Revenue,Sales Revenue,-7964971.76,0.0,-7964971.76,83.70504804917994,-99.24909525562198,REVENUE,UNFAVORABLE,1,DRIVER_IDENTIFIED,ACCOUNT
2024,12,2024-12,2024-12-01,604,Revenues from goods,Revenue,Sales Revenue,745143.89,0.0,745143.89,7.830825644509612,9.285011817512672,REVENUE,FAVORABLE,3,DRIVER_IDENTIFIED,ACCOUNT
2025,1,2025-01,2025-01-01,601,Revenues from own products,Revenue,Sales Revenue,-216531.47,0.0,-216531.47,2.2467280381275327,-2.2467280381275327,REVENUE,UNFAVORABLE,2,DRIVER_IDENTIFIED,ACCOUNT
2025,1,2025-01,2025-01-01,602,Revenues from services,Revenue,Sales Revenue,-9239318.18,0.0,-9239318.18,95.86705899233698,-95.86705899233698,REVENUE,UNFAVORABLE,1,DRIVER_IDENTIFIED,ACCOUNT
2025,1,2025-01,2025-01-01,604,Revenues from goods,Revenue,Sales Revenue,-181786.34,0.0,-181786.34,1.8862129695354886,-1.8862129695354886,REVENUE,UNFAVORABLE,3,DRIVER_IDENTIFIED,ACCOUNT
2025,2,2025-02,2025-02-01,601,Revenues from own products,Revenue,Sales Revenue,136922.66,0.0,136922.66,1.4831585601988728,1.5284986781746197,REVENUE,FAVORABLE,3,DRIVER_IDENTIFIED,ACCOUNT
2025,2,2025-02,2025-02-01,602,Revenues from services,Revenue,Sales Revenue,-8741509.86,0.0,-8741509.86,94.68882052044452,-97.58345526051279,REVENUE,UNFAVORABLE,1,DRIVER_IDENTIFIED,ACCOUNT
2025,2,2025-02,2025-02-01,604,Revenues from goods,Revenue,Sales Revenue,-353396.34,0.0,-353396.34,3.8280209193566015,-3.9450434176618288,REVENUE,UNFAVORABLE,2,DRIVER_IDENTIFIED,ACCOUNT
2025,3,2025-03,2025-03-01,601,Revenues from own products,Revenue,Sales Revenue,-2078530.9,0.0,-2078530.9,20.781790123387356,-20.781790123387356,REVENUE,UNFAVORABLE,2,DRIVER_IDENTIFIED,ACCOUNT
2025,3,2025-03,2025-03-01,602,Revenues from services,Revenue,Sales Revenue,-7923162.35,0.0,-7923162.35,79.21820987661265,-79.21820987661265,REVENUE,UNFAVORABLE,1,DRIVER_IDENTIFIED,ACCOUNT
2025,4,2025-04,2025-04-01,601,Revenues from own products,Revenue,Sales Revenue,-341966.0,0.0,-341966.0,3.270418694424252,-3.4510987782367963,REVENUE,UNFAVORABLE,2,DRIVER_IDENTIFIED,ACCOUNT
2025,4,2025-04,2025-04-01,602,Revenues from services,Revenue,Sales Revenue,-9840653.56,0.0,-9840653.56,94.11186307403825,-99.31123994188772,REVENUE,UNFAVORABLE,1,DRIVER_IDENTIFIED,ACCOUNT
2025,4,2025-04,2025-04-01,604,Revenues from goods,Revenue,Sales Revenue,273717.44,0.0,273717.44,2.617718231537488,2.7623387201245255,REVENUE,FAVORABLE,3,DRIVER_IDENTIFIED,ACCOUNT
2025,5,2025-05,2025-05-01,601,Revenues from own products,Revenue,Sales Revenue,365751.47,0.0,365751.47,4.054045355989445,4.470996677993752,REVENUE,FAVORABLE,2,DRIVER_IDENTIFIED,ACCOUNT
2025,5,2025-05,2025-05-01,602,Revenues from services,Revenue,Sales Revenue,-8601212.22,0.0,-8601212.22,95.33715464320805,-105.14241067121144,REVENUE,UNFAVORABLE,1,DRIVER_IDENTIFIED,ACCOUNT
2025,5,2025-05,2025-05-01,604,Revenues from goods,Revenue,Sales Revenue,54925.26,0.0,54925.26,0.6088000008024926,0.6714139932176982,REVENUE,FAVORABLE,3,DRIVER_IDENTIFIED,ACCOUNT
2025,6,2025-06,2025-06-01,601,Revenues from own products,Revenue,Sales Revenue,-804817.87,0.0,-804817.87,7.794492181393855,-7.794492181393855,REVENUE,UNFAVORABLE,2,DRIVER_IDENTIFIED,ACCOUNT
2025,6,2025-06,2025-06-01,602,Revenues from services,Revenue,Sales Revenue,-8987331.93,0.0,-8987331.93,87.0404237669031,-87.0404237669031,REVENUE,UNFAVORABLE,1,DRIVER_IDENTIFIED,ACCOUNT
2025,6,2025-06,2025-06-01,604,Revenues from goods,Revenue,Sales Revenue,-533319.15,0.0,-533319.15,5.165084051703047,-5.165084051703047,REVENUE,UNFAVORABLE,3,DRIVER_IDENTIFIED,ACCOUNT
2025,7,2025-07,2025-07-01,601,Revenues from own products,Revenue,Sales Revenue,-137364.18,0.0,-137364.18,1.394366339409696,-1.472927238448385,REVENUE,UNFAVORABLE,3,DRIVER_IDENTIFIED,ACCOUNT
2025,7,2025-07,2025-07-01,602,Revenues from services,Revenue,Sales Revenue,-9451286.13,0.0,-9451286.13,95.93880474372382,-101.34415521751323,REVENUE,UNFAVORABLE,1,DRIVER_IDENTIFIED,ACCOUNT
2025,7,2025-07,2025-07-01,604,Revenues from goods,Revenue,Sales Revenue,262719.17,0.0,262719.17,2.66682891686649,2.8170824559616037,REVENUE,FAVORABLE,2,DRIVER_IDENTIFIED,ACCOUNT
2025,8,2025-08,2025-08-01,601,Revenues from own products,Revenue,Sales Revenue,1145130.12,0.0,1145130.12,12.20511409116443,16.79637475386023,REVENUE,FAVORABLE,2,DRIVER_IDENTIFIED,ACCOUNT
2025,8,2025-08,2025-08-01,602,Revenues from services,Revenue,Sales Revenue,-8100050.69,0.0,-8100050.69,86.33258447141812,-118.80875765847827,REVENUE,UNFAVORABLE,1,DRIVER_IDENTIFIED,ACCOUNT
2025,8,2025-08,2025-08-01,604,Revenues from goods,Revenue,Sales Revenue,137198.67,0.0,137198.67,1.4623014374174514,2.0123829046180366,REVENUE,FAVORABLE,3,DRIVER_IDENTIFIED,ACCOUNT
2025,9,2025-09,2025-09-01,601,Revenues from own products,Revenue,Sales Revenue,-524919.58,0.0,-524919.58,6.964455683463426,-6.964455683463426,REVENUE,UNFAVORABLE,2,DRIVER_IDENTIFIED,ACCOUNT
2025,9,2025-09,2025-09-01,602,Revenues from services,Revenue,Sales Revenue,-6783694.34,0.0,-6783694.34,90.00376515025725,-90.00376515025725,REVENUE,UNFAVORABLE,1,DRIVER_IDENTIFIED,ACCOUNT
2025,9,2025-09,2025-09-01,604,Revenues from goods,Revenue,Sales Revenue,-228508.92,0.0,-228508.92,3.0317791662793176,-3.0317791662793176,REVENUE,UNFAVORABLE,3,DRIVER_IDENTIFIED,ACCOUNT
2025,10,2025-10,2025-10-01,601,Revenues from own products,Revenue,Sales Revenue,-158768.27,0.0,-158768.27,1.5854902618690239,-1.8584321795646594,REVENUE,UNFAVORABLE,3,DRIVER_IDENTIFIED,ACCOUNT
2025,10,2025-10,2025-10-01,602,Revenues from services,Revenue,Sales Revenue,-9119710.61,0.0,-9119710.61,91.07117160890282,-106.74906053924533,REVENUE,UNFAVORABLE,1,DRIVER_IDENTIFIED,ACCOUNT
2025,10,2025-10,2025-10-01,604,Revenues from goods,Revenue,Sales Revenue,735349.26,0.0,735349.26,7.3433381292281705,8.607492718809997,REVENUE,FAVORABLE,2,DRIVER_IDENTIFIED,ACCOUNT
2025,11,2025-11,2025-11-01,601,Revenues from own products,Revenue,Sales Revenue,174531.11,0.0,174531.11,1.904399065666493,1.9842090862539705,REVENUE,FAVORABLE,2,DRIVER_IDENTIFIED,ACCOUNT
2025,11,2025-11,2025-11-01,602,Revenues from services,Revenue,Sales Revenue,-8980316.51,0.0,-8980316.51,97.9888707006641,-102.09541219659089,REVENUE,UNFAVORABLE,1,DRIVER_IDENTIFIED,ACCOUNT
2025,11,2025-11,2025-11-01,604,Revenues from goods,Revenue,Sales Revenue,9781.43,0.0,9781.43,0.10673023366941405,0.11120311033693178,REVENUE,FAVORABLE,3,DRIVER_IDENTIFIED,ACCOUNT
2025,12,2025-12,2025-12-01,601,Revenues from own products,Revenue,Sales Revenue,-394409.92,0.0,-394409.92,3.724671638671636,-3.724671638671636,REVENUE,UNFAVORABLE,3,DRIVER_IDENTIFIED,ACCOUNT
2025,12,2025-12,2025-12-01,602,Revenues from services,Revenue,Sales Revenue,-9611169.76,0.0,-9611169.76,90.7645817314394,-90.7645817314394,REVENUE,UNFAVORABLE,1,DRIVER_IDENTIFIED,ACCOUNT
2025,12,2025-12,2025-12-01,604,Revenues from goods,Revenue,Sales Revenue,-583539.53,0.0,-583539.53,5.510746629888966,-5.510746629888966,REVENUE,UNFAVORABLE,2,DRIVER_IDENTIFIED,ACCOUNT
2026,1,2026-01,2026-01-01,601,Revenues from own products,Revenue,Sales Revenue,1231365.1,-227358.04,1458723.1400000001,62.97880433974971,67.9025687748266,REVENUE,FAVORABLE,1,DRIVER_IDENTIFIED,ACCOUNT
2026,1,2026-01,2026-01-01,602,Revenues from services,Revenue,Sales Revenue,-8927771.37,-9701284.21,773512.8400000017,33.39558581667816,36.006495938846605,REVENUE,FAVORABLE,2,DRIVER_IDENTIFIED,ACCOUNT
2026,1,2026-01,2026-01-01,604,Revenues from goods,Revenue,Sales Revenue,-274852.5,-190875.66,-83976.84,3.625609843572144,-3.909064713673226,REVENUE,UNFAVORABLE,3,DRIVER_IDENTIFIED,ACCOUNT
2026,2,2026-02,2026-02-01,601,Revenues from own products,Revenue,Sales Revenue,170279.81,143768.79,26511.01999999999,1.6834568890866657,4.896575504533354,REVENUE,FAVORABLE,3,DRIVER_IDENTIFIED,ACCOUNT
2026,2,2026-02,2026-02-01,602,Revenues from services,Revenue,Sales Revenue,-8146988.4,-9178585.43,1031597.0299999993,65.50668842295933,190.53558662199185,REVENUE,FAVORABLE,1,DRIVER_IDENTIFIED,ACCOUNT
2026,2,2026-02,2026-02-01,604,Revenues from goods,Revenue,Sales Revenue,-887754.6,-371066.16,-516688.44,32.80985468795401,-95.43216212652523,REVENUE,UNFAVORABLE,2,DRIVER_IDENTIFIED,ACCOUNT
2026,3,2026-03,2026-03-01,601,Revenues from own products,Revenue,Sales Revenue,-236931.71,-2182457.45,1945525.7400000002,44.88829517299603,439.07362310771026,REVENUE,FAVORABLE,1,DRIVER_IDENTIFIED,ACCOUNT
2026,3,2026-03,2026-03-01,602,Revenues from services,Revenue,Sales Revenue,-9927117.87,-8319320.58,-1607797.289999999,37.09602903113636,-362.8537864233333,REVENUE,UNFAVORABLE,2,DRIVER_IDENTIFIED,ACCOUNT
2026,3,2026-03,2026-03-01,604,Revenues from goods,Revenue,Sales Revenue,-780826.29,0.0,-780826.29,18.0156757958676,-176.219836684377,REVENUE,UNFAVORABLE,3,DRIVER_IDENTIFIED,ACCOUNT
2026,4,2026-04,2026-04-01,601,Revenues from own products,Revenue,Sales Revenue,-251347.78,-359064.29,107716.50999999998,6.89481697217129,16.716453214862582,REVENUE,FAVORABLE,3,DRIVER_IDENTIFIED,ACCOUNT
2026,4,2026-04,2026-04-01,602,Revenues from services,Revenue,Sales Revenue,-9337074.62,-10332686.39,995611.7700000014,63.728029523881816,154.50832535673086,REVENUE,FAVORABLE,1,DRIVER_IDENTIFIED,ACCOUNT
2026,4,2026-04,2026-04-01,604,Revenues from goods,Revenue,Sales Revenue,-171550.78,287403.31,-458954.08999999997,29.37715350394689,-71.22477857159346,REVENUE,UNFAVORABLE,2,DRIVER_IDENTIFIED,ACCOUNT
2026,5,2026-05,2026-05-01,601,Revenues from own products,Revenue,Sales Revenue,133065.89,384039.04,-250973.14999999997,17.19872773910749,-26.21655587367683,REVENUE,UNFAVORABLE,3,DRIVER_IDENTIFIED,ACCOUNT
2026,5,2026-05,2026-05-01,602,Revenues from services,Revenue,Sales Revenue,-8761944.18,-9031272.93,269328.75,18.456603200637783,28.13397458159384,REVENUE,FAVORABLE,2,DRIVER_IDENTIFIED,ACCOUNT
2026,5,2026-05,2026-05-01,604,Revenues from goods,Revenue,Sales Revenue,996623.79,57671.53,938952.26,64.34466906025473,98.08258129208298,REVENUE,FAVORABLE,1,DRIVER_IDENTIFIED,ACCOUNT
2026,6,2026-06,2026-06-01,601,Revenues from own products,Revenue,Sales Revenue,-386803.26,-845058.76,458255.5,22.836614092719287,22.836614092719287,REVENUE,FAVORABLE,3,DRIVER_IDENTIFIED,ACCOUNT
2026,6,2026-06,2026-06-01,602,Revenues from services,Revenue,Sales Revenue,-8753602.19,-9436698.6,683096.4100000001,34.04129160106525,34.04129160106525,REVENUE,FAVORABLE,2,DRIVER_IDENTIFIED,ACCOUNT
2026,6,2026-06,2026-06-01,604,Revenues from goods,Revenue,Sales Revenue,305333.05,-559985.11,865318.1599999999,43.122094306215466,43.122094306215466,REVENUE,FAVORABLE,1,DRIVER_IDENTIFIED,ACCOUNT
2026,7,2026-07,2026-07-01,601,Revenues from own products,Revenue,Sales Revenue,258550.37,-144232.39,402782.76,19.77268751970389,19.77268751970389,REVENUE,FAVORABLE,2,DRIVER_IDENTIFIED,ACCOUNT
2026,7,2026-07,2026-07-01,602,Revenues from services,Revenue,Sales Revenue,-8410710.02,-9923850.62,1513140.5999999996,74.28037947100131,74.28037947100131,REVENUE,FAVORABLE,1,DRIVER_IDENTIFIED,ACCOUNT
2026,7,2026-07,2026-07-01,604,Revenues from goods,Revenue,Sales Revenue,396998.09,275855.12,121142.97000000003,5.946933009294796,5.946933009294796,REVENUE,FAVORABLE,3,DRIVER_IDENTIFIED,ACCOUNT
2026,8,2026-08,2026-08-01,601,Revenues from own products,Revenue,Sales Revenue,167218.14,1202386.63,-1035168.4899999999,14.133068771489807,-20.845165788429927,REVENUE,UNFAVORABLE,2,DRIVER_IDENTIFIED,ACCOUNT
2026,8,2026-08,2026-08-01,602,Revenues from services,Revenue,Sales Revenue,-2359838.04,-8505053.41,6145215.37,83.90011121747553,123.74607074183427,REVENUE,FAVORABLE,1,DRIVER_IDENTIFIED,ACCOUNT
2026,8,2026-08,2026-08-01,604,Revenues from goods,Revenue,Sales Revenue,0.0,144058.6,-144058.6,1.9668200110346694,-2.9009049534043605,REVENUE,UNFAVORABLE,3,DRIVER_IDENTIFIED,ACCOUNT
2026,9,2026-09,2026-09-01,601,Revenues from own products,Revenue,Sales Revenue,0.0,-551165.56,551165.56,6.964455530655636,6.964455530655636,REVENUE,FAVORABLE,2,DRIVER_IDENTIFIED,ACCOUNT
2026,9,2026-09,2026-09-01,602,Revenues from services,Revenue,Sales Revenue,0.0,-7122879.24,7122879.24,90.0037653245428,90.0037653245428,REVENUE,FAVORABLE,1,DRIVER_IDENTIFIED,ACCOUNT
2026,9,2026-09,2026-09-01,604,Revenues from goods,Revenue,Sales Revenue,0.0,-239934.37,239934.37,3.0317791448015647,3.0317791448015647,REVENUE,FAVORABLE,3,DRIVER_IDENTIFIED,ACCOUNT
2026,10,2026-10,2026-10-01,601,Revenues from own products,Revenue,Sales Revenue,0.0,-166706.68,166706.68,1.5854902040028607,1.8584321055341302,REVENUE,FAVORABLE,3,DRIVER_IDENTIFIED,ACCOUNT
2026,10,2026-10,2026-10-01,602,Revenues from services,Revenue,Sales Revenue,0.0,-9575696.31,9575696.31,91.07117180914011,106.74906041766714,REVENUE,FAVORABLE,1,DRIVER_IDENTIFIED,ACCOUNT
2026,10,2026-10,2026-10-01,604,Revenues from goods,Revenue,Sales Revenue,0.0,772116.72,-772116.72,7.343337986857032,-8.60749252320127,REVENUE,UNFAVORABLE,2,DRIVER_IDENTIFIED,ACCOUNT
2026,11,2026-11,2026-11-01,601,Revenues from own products,Revenue,Sales Revenue,0.0,183257.66,-183257.66,1.9043989931734,-1.9842090070453702,REVENUE,UNFAVORABLE,2,DRIVER_IDENTIFIED,ACCOUNT
2026,11,2026-11,2026-11-01,602,Revenues from services,Revenue,Sales Revenue,0.0,-9429332.42,9429332.42,97.98887078960465,102.09541210003947,REVENUE,FAVORABLE,1,DRIVER_IDENTIFIED,ACCOUNT
2026,11,2026-11,2026-11-01,604,Revenues from goods,Revenue,Sales Revenue,0.0,10270.5,-10270.5,0.10673021722195626,-0.11120309299409081,REVENUE,UNFAVORABLE,3,DRIVER_IDENTIFIED,ACCOUNT
2026,12,2026-12,2026-12-01,601,Revenues from own products,Revenue,Sales Revenue,0.0,-414130.42,414130.42,3.7246716413154255,3.7246716413154255,REVENUE,FAVORABLE,3,DRIVER_IDENTIFIED,ACCOUNT
2026,12,2026-12,2026-12-01,602,Revenues from services,Revenue,Sales Revenue,0.0,-10091728.35,10091728.35,90.76458183657195,90.76458183657195,REVENUE,FAVORABLE,1,DRIVER_IDENTIFIED,ACCOUNT
2026,12,2026-12,2026-12-01,604,Revenues from goods,Revenue,Sales Revenue,0.0,-612716.5,612716.5,5.510746522112631,5.510746522112631,REVENUE,FAVORABLE,2,DRIVER_IDENTIFIED,ACCOUNT
2021,1,2021-01,2021-01-01,501,Material consumption,Operating Costs,Material Consumption,-7077580.47,0.0,-7077580.47,18.188299193533506,-19.457444316991115,OPERATING_COSTS,FAVORABLE,2,DRIVER_IDENTIFIED,ACCOUNT
2021,1,2021-01,2021-01-01,502,Energy consumption,Operating Costs,Energy Consumption,499759.84,0.0,499759.84,1.2843063435819098,1.3739228116001045,OPERATING_COSTS,UNFAVORABLE,7,DRIVER_IDENTIFIED,ACCOUNT
2021,1,2021-01,2021-01-01,504,Cost of goods sold,Operating Costs,Cost of Goods Sold,-23152397.98,0.0,-23152397.98,59.49812132732993,-63.64978772197099,OPERATING_COSTS,FAVORABLE,1,DRIVER_IDENTIFIED,ACCOUNT
2021,1,2021-01,2021-01-01,511,Repairs and maintenance,Operating Costs,Repairs & Maintenance,-390241.61,0.0,-390241.61,1.0028612448183463,-1.0728390060604938,OPERATING_COSTS,FAVORABLE,8,DRIVER_IDENTIFIED,ACCOUNT
2021,1,2021-01,2021-01-01,518,Other services,Operating Costs,Other Services,769317.88,0.0,769317.88,1.9770292737307311,2.1149826378682848,OPERATING_COSTS,UNFAVORABLE,6,DRIVER_IDENTIFIED,ACCOUNT
2021,1,2021-01,2021-01-01,521,Payroll costs (Wages),Operating Costs,Payroll Costs,-2164169.36,0.0,-2164169.36,5.561584215397543,-5.9496610449331,OPERATING_COSTS,FAVORABLE,4,DRIVER_IDENTIFIED,ACCOUNT
2021,1,2021-01,2021-01-01,524,Statutory social and health insurance,Operating Costs,Social & Health Insurance,-3737.38,0.0,-3737.38,0.00960449491575025,-0.010274678408769299,OPERATING_COSTS,FAVORABLE,10,DRIVER_IDENTIFIED,ACCOUNT
2021,1,2021-01,2021-01-01,548,Other operating expenses,Operating Costs,Other Operating Costs,-947460.02,0.0,-947460.02,2.4348273242128524,-2.604724970612067,OPERATING_COSTS,FAVORABLE,5,DRIVER_IDENTIFIED,ACCOUNT
2021,1,2021-01,2021-01-01,549,Shortages and damages in operating area,Operating Costs,Shortages & Damages,-3837911.43,0.0,-3837911.43,9.862845313169858,-10.5510560083775,OPERATING_COSTS,FAVORABLE,3,DRIVER_IDENTIFIED,ACCOUNT
2021,1,2021-01,2021-01-01,582,Change in inventory of semi-finished goods,Operating Costs,Inventory Change,-70245.92,0.0,-70245.92,0.18052126930956947,-0.1931177021143516,OPERATING_COSTS,FAVORABLE,9,DRIVER_IDENTIFIED,ACCOUNT
2021,2,2021-02,2021-02-01,501,Material consumption,Operating Costs,Material Consumption,-5257125.2,0.0,-5257125.2,14.031518499995773,-14.031518499995773,OPERATING_COSTS,FAVORABLE,2,DRIVER_IDENTIFIED,ACCOUNT
2021,2,2021-02,2021-02-01,502,Energy consumption,Operating Costs,Energy Consumption,-497987.98,0.0,-497987.98,1.3291537272396565,-1.3291537272396565,OPERATING_COSTS,FAVORABLE,6,DRIVER_IDENTIFIED,ACCOUNT
2021,2,2021-02,2021-02-01,504,Cost of goods sold,Operating Costs,Cost of Goods Sold,-23939698.93,0.0,-23939698.93,63.896200992250286,-63.896200992250286,OPERATING_COSTS,FAVORABLE,1,DRIVER_IDENTIFIED,ACCOUNT
2021,2,2021-02,2021-02-01,511,Repairs and maintenance,Operating Costs,Repairs & Maintenance,-117501.2,0.0,-117501.2,0.31361632048856347,-0.31361632048856347,OPERATING_COSTS,FAVORABLE,9,DRIVER_IDENTIFIED,ACCOUNT
2021,2,2021-02,2021-02-01,518,Other services,Operating Costs,Other Services,-297415.62,0.0,-297415.62,0.7938165091099052,-0.7938165091099052,OPERATING_COSTS,FAVORABLE,8,DRIVER_IDENTIFIED,ACCOUNT
2021,2,2021-02,2021-02-01,521,Payroll costs (Wages),Operating Costs,Payroll Costs,-409612.98,0.0,-409612.98,1.0932766270638559,-1.0932766270638559,OPERATING_COSTS,FAVORABLE,7,DRIVER_IDENTIFIED,ACCOUNT
2021,2,2021-02,2021-02-01,524,Statutory social and health insurance,Operating Costs,Social & Health Insurance,-586868.48,0.0,-586868.48,1.5663800310832237,-1.5663800310832237,OPERATING_COSTS,FAVORABLE,5,DRIVER_IDENTIFIED,ACCOUNT
2021,2,2021-02,2021-02-01,548,Other operating expenses,Operating Costs,Other Operating Costs,-1668779.03,0.0,-1668779.03,4.4540510147732455,-4.4540510147732455,OPERATING_COSTS,FAVORABLE,4,DRIVER_IDENTIFIED,ACCOUNT
2021,2,2021-02,2021-02-01,549,Shortages and damages in operating area,Operating Costs,Shortages & Damages,-4691555.63,0.0,-4691555.63,12.521986277995495,-12.521986277995495,OPERATING_COSTS,FAVORABLE,3,DRIVER_IDENTIFIED,ACCOUNT
2021,3,2021-03,2021-03-01,501,Material consumption,Operating Costs,Material Consumption,-7136004.08,0.0,-7136004.08,17.356898170485206,-17.421723542033657,OPERATING_COSTS,FAVORABLE,2,DRIVER_IDENTIFIED,ACCOUNT
2021,3,2021-03,2021-03-01,502,Energy consumption,Operating Costs,Energy Consumption,-367619.33,0.0,-367619.33,0.894160261790657,-0.8974998142052129,OPERATING_COSTS,FAVORABLE,8,DRIVER_IDENTIFIED,ACCOUNT
2021,3,2021-03,2021-03-01,504,Cost of goods sold,Operating Costs,Cost of Goods Sold,-24283718.19,0.0,-24283718.19,59.06527225872736,-59.28587205612052,OPERATING_COSTS,FAVORABLE,1,DRIVER_IDENTIFIED,ACCOUNT
2021,3,2021-03,2021-03-01,511,Repairs and maintenance,Operating Costs,Repairs & Maintenance,-118138.22,0.0,-118138.22,0.2873475171250713,-0.28842071634409033,OPERATING_COSTS,FAVORABLE,9,DRIVER_IDENTIFIED,ACCOUNT
2021,3,2021-03,2021-03-01,518,Other services,Operating Costs,Other Services,76490.39,0.0,76490.39,0.18604752679046951,0.1867423859716089,OPERATING_COSTS,UNFAVORABLE,10,DRIVER_IDENTIFIED,ACCOUNT
2021,3,2021-03,2021-03-01,521,Payroll costs (Wages),Operating Costs,Payroll Costs,-1614933.66,0.0,-1614933.66,3.9280021107707905,-3.9426726004961274,OPERATING_COSTS,FAVORABLE,4,DRIVER_IDENTIFIED,ACCOUNT
2021,3,2021-03,2021-03-01,524,Statutory social and health insurance,Operating Costs,Social & Health Insurance,-871798.52,0.0,-871798.52,2.1204749839240153,-2.128394635081837,OPERATING_COSTS,FAVORABLE,6,DRIVER_IDENTIFIED,ACCOUNT
2021,3,2021-03,2021-03-01,548,Other operating expenses,Operating Costs,Other Operating Costs,-1463829.96,0.0,-1463829.96,3.5604726776761355,-3.573770500936455,OPERATING_COSTS,FAVORABLE,5,DRIVER_IDENTIFIED,ACCOUNT
2021,3,2021-03,2021-03-01,549,Shortages and damages in operating area,Operating Costs,Shortages & Damages,-4615278.94,0.0,-4615278.94,11.225740020872422,-11.267666450388317,OPERATING_COSTS,FAVORABLE,3,DRIVER_IDENTIFIED,ACCOUNT
2021,3,2021-03,2021-03-01,582,Change in inventory of semi-finished goods,Operating Costs,Inventory Change,-565549.0,0.0,-565549.0,1.3755844718378771,-1.3807220703654073,OPERATING_COSTS,FAVORABLE,7,DRIVER_IDENTIFIED,ACCOUNT
2021,4,2021-04,2021-04-01,501,Material consumption,Operating Costs,Material Consumption,-6057808.61,0.0,-6057808.61,15.334467985147349,-15.630642501882178,OPERATING_COSTS,FAVORABLE,2,DRIVER_IDENTIFIED,ACCOUNT
2021,4,2021-04,2021-04-01,502,Energy consumption,Operating Costs,Energy Consumption,-704868.2,0.0,-704868.2,1.784272092849833,-1.818734059533978,OPERATING_COSTS,FAVORABLE,7,DRIVER_IDENTIFIED,ACCOUNT
2021,4,2021-04,2021-04-01,504,Cost of goods sold,Operating Costs,Cost of Goods Sold,-23444258.92,0.0,-23444258.92,59.34575702025112,-60.49197878175988,OPERATING_COSTS,FAVORABLE,1,DRIVER_IDENTIFIED,ACCOUNT
2021,4,2021-04,2021-04-01,518,Other services,Operating Costs,Other Services,374272.31,0.0,374272.31,0.9474163224549519,0.9657150056385854,OPERATING_COSTS,UNFAVORABLE,9,DRIVER_IDENTIFIED,ACCOUNT
2021,4,2021-04,2021-04-01,521,Payroll costs (Wages),Operating Costs,Payroll Costs,-1330477.34,0.0,-1330477.34,3.367911317223673,-3.432960167157731,OPERATING_COSTS,FAVORABLE,5,DRIVER_IDENTIFIED,ACCOUNT
2021,4,2021-04,2021-04-01,524,Statutory social and health insurance,Operating Costs,Social & Health Insurance,-489588.47,0.0,-489588.47,1.2393225343433674,-1.2632591817081964,OPERATING_COSTS,FAVORABLE,8,DRIVER_IDENTIFIED,ACCOUNT
2021,4,2021-04,2021-04-01,548,Other operating expenses,Operating Costs,Other Operating Costs,-1715634.98,0.0,-1715634.98,4.342882281156933,-4.426762012889637,OPERATING_COSTS,FAVORABLE,4,DRIVER_IDENTIFIED,ACCOUNT
2021,4,2021-04,2021-04-01,549,Shortages and damages in operating area,Operating Costs,Shortages & Damages,-4478927.9,0.0,-4478927.9,11.337759396517686,-11.556740284108429,OPERATING_COSTS,FAVORABLE,3,DRIVER_IDENTIFIED,ACCOUNT
2021,4,2021-04,2021-04-01,582,Change in inventory of semi-finished goods,Operating Costs,Inventory Change,-908687.43,0.0,-908687.43,2.3002110500550828,-2.344638016598561,OPERATING_COSTS,FAVORABLE,6,DRIVER_IDENTIFIED,ACCOUNT
2021,5,2021-05,2021-05-01,501,Material consumption,Operating Costs,Material Consumption,-6472062.68,0.0,-6472062.68,16.331938451927662,-16.743254751392563,OPERATING_COSTS,FAVORABLE,2,DRIVER_IDENTIFIED,ACCOUNT
2021,5,2021-05,2021-05-01,502,Energy consumption,Operating Costs,Energy Consumption,-493522.82,0.0,-493522.82,1.2453810661892069,-1.2767457160791367,OPERATING_COSTS,FAVORABLE,5,DRIVER_IDENTIFIED,ACCOUNT
2021,5,2021-05,2021-05-01,504,Cost of goods sold,Operating Costs,Cost of Goods Sold,-23285599.06,0.0,-23285599.06,58.76008769806671,-60.239947660761395,OPERATING_COSTS,FAVORABLE,1,DRIVER_IDENTIFIED,ACCOUNT
2021,5,2021-05,2021-05-01,511,Repairs and maintenance,Operating Costs,Repairs & Maintenance,136149.86,0.0,136149.86,0.3435676141749863,0.35222028942810424,OPERATING_COSTS,UNFAVORABLE,9,DRIVER_IDENTIFIED,ACCOUNT
2021,5,2021-05,2021-05-01,518,Other services,Operating Costs,Other Services,350605.81,0.0,350605.81,0.884736874922887,0.9070187796988917,OPERATING_COSTS,UNFAVORABLE,8,DRIVER_IDENTIFIED,ACCOUNT
2021,5,2021-05,2021-05-01,521,Payroll costs (Wages),Operating Costs,Payroll Costs,-1763094.96,0.0,-1763094.96,4.449085213683973,-4.561134452142896,OPERATING_COSTS,FAVORABLE,4,DRIVER_IDENTIFIED,ACCOUNT
2021,5,2021-05,2021-05-01,524,Statutory social and health insurance,Operating Costs,Social & Health Insurance,-438822.28,0.0,-438822.28,1.1073468881013013,-1.1352351773927687,OPERATING_COSTS,FAVORABLE,6,DRIVER_IDENTIFIED,ACCOUNT
2021,5,2021-05,2021-05-01,548,Other operating expenses,Operating Costs,Other Operating Costs,-99480.57,0.0,-99480.57,0.25103442700321343,-0.25735667416678054,OPERATING_COSTS,FAVORABLE,10,DRIVER_IDENTIFIED,ACCOUNT
2021,5,2021-05,2021-05-01,549,Shortages and damages in operating area,Operating Costs,Shortages & Damages,-6151548.92,0.0,-6151548.92,15.523137415823374,-15.914084238012013,OPERATING_COSTS,FAVORABLE,3,DRIVER_IDENTIFIED,ACCOUNT
2021,5,2021-05,2021-05-01,582,Change in inventory of semi-finished goods,Operating Costs,Inventory Change,-437370.88,0.0,-437370.88,1.103684350106671,-1.1314803991794384,OPERATING_COSTS,FAVORABLE,7,DRIVER_IDENTIFIED,ACCOUNT
2021,6,2021-06,2021-06-01,501,Material consumption,Operating Costs,Material Consumption,-6673410.18,0.0,-6673410.18,16.729960568099134,-17.04474821974831,OPERATING_COSTS,FAVORABLE,2,DRIVER_IDENTIFIED,ACCOUNT
2021,6,2021-06,2021-06-01,502,Energy consumption,Operating Costs,Energy Consumption,368340.95,0.0,368340.95,0.9234153757826071,0.940790178099453,OPERATING_COSTS,UNFAVORABLE,8,DRIVER_IDENTIFIED,ACCOUNT
2021,6,2021-06,2021-06-01,504,Cost of goods sold,Operating Costs,Cost of Goods Sold,-24420936.89,0.0,-24420936.89,61.22226870306623,-62.37421488460243,OPERATING_COSTS,FAVORABLE,1,DRIVER_IDENTIFIED,ACCOUNT
2021,6,2021-06,2021-06-01,511,Repairs and maintenance,Operating Costs,Repairs & Maintenance,-284611.46,0.0,-284611.46,0.7135090417938501,-0.7269342877639462,OPERATING_COSTS,FAVORABLE,9,DRIVER_IDENTIFIED,ACCOUNT
2021,6,2021-06,2021-06-01,518,Other services,Operating Costs,Other Services,-25326.28,0.0,-25326.28,0.06349192606300093,-0.0646865776715747,OPERATING_COSTS,FAVORABLE,10,DRIVER_IDENTIFIED,ACCOUNT
2021,6,2021-06,2021-06-01,521,Payroll costs (Wages),Operating Costs,Payroll Costs,-2618472.0,0.0,-2618472.0,6.564399928534241,-6.687914388091877,OPERATING_COSTS,FAVORABLE,4,DRIVER_IDENTIFIED,ACCOUNT
2021,6,2021-06,2021-06-01,524,Statutory social and health insurance,Operating Costs,Social & Health Insurance,-387056.12,0.0,-387056.12,0.9703335252264453,-0.9885911302267184,OPERATING_COSTS,FAVORABLE,7,DRIVER_IDENTIFIED,ACCOUNT
2021,6,2021-06,2021-06-01,548,Other operating expenses,Operating Costs,Other Operating Costs,-866911.12,0.0,-866911.12,2.17330996633668,-2.2142025397425837,OPERATING_COSTS,FAVORABLE,5,DRIVER_IDENTIFIED,ACCOUNT
2021,6,2021-06,2021-06-01,549,Shortages and damages in operating area,Operating Costs,Shortages & Damages,-3586383.02,0.0,-3586383.02,8.990912425332185,-9.160083667370282,OPERATING_COSTS,FAVORABLE,3,DRIVER_IDENTIFIED,ACCOUNT
2021,6,2021-06,2021-06-01,582,Change in inventory of semi-finished goods,Operating Costs,Inventory Change,-657529.32,0.0,-657529.32,1.648398539765622,-1.6794144828817217,OPERATING_COSTS,FAVORABLE,6,DRIVER_IDENTIFIED,ACCOUNT
2021,7,2021-07,2021-07-01,501,Material consumption,Operating Costs,Material Consumption,-6351860.03,0.0,-6351860.03,16.978515929582503,-17.34600872571474,OPERATING_COSTS,FAVORABLE,2,DRIVER_IDENTIFIED,ACCOUNT
2021,7,2021-07,2021-07-01,502,Energy consumption,Operating Costs,Energy Consumption,172968.3,0.0,172968.3,0.46234410440288076,0.47235134699151177,OPERATING_COSTS,UNFAVORABLE,7,DRIVER_IDENTIFIED,ACCOUNT
2021,7,2021-07,2021-07-01,504,Cost of goods sold,Operating Costs,Cost of Goods Sold,-24727122.75,0.0,-24727122.75,66.09557602351903,-67.52618681103391,OPERATING_COSTS,FAVORABLE,1,DRIVER_IDENTIFIED,ACCOUNT
2021,7,2021-07,2021-07-01,511,Repairs and maintenance,Operating Costs,Repairs & Maintenance,88443.93,0.0,88443.93,0.2364105423116321,0.24152754850873237,OPERATING_COSTS,UNFAVORABLE,9,DRIVER_IDENTIFIED,ACCOUNT
2021,7,2021-07,2021-07-01,518,Other services,Operating Costs,Other Services,-205650.1,0.0,-205650.1,0.5497025252885231,-0.561600603948464,OPERATING_COSTS,FAVORABLE,6,DRIVER_IDENTIFIED,ACCOUNT
2021,7,2021-07,2021-07-01,521,Payroll costs (Wages),Operating Costs,Payroll Costs,-1406928.29,0.0,-1406928.29,3.760718005548569,-3.8421171561607785,OPERATING_COSTS,FAVORABLE,4,DRIVER_IDENTIFIED,ACCOUNT
2021,7,2021-07,2021-07-01,524,Statutory social and health insurance,Operating Costs,Social & Health Insurance,134884.48,0.0,134884.48,0.3605460891009988,0.3683499567044923,OPERATING_COSTS,UNFAVORABLE,8,DRIVER_IDENTIFIED,ACCOUNT
2021,7,2021-07,2021-07-01,548,Other operating expenses,Operating Costs,Other Operating Costs,-277097.09,0.0,-277097.09,0.7406802628498658,-0.75671197386416,OPERATING_COSTS,FAVORABLE,5,DRIVER_IDENTIFIED,ACCOUNT
2021,7,2021-07,2021-07-01,549,Shortages and damages in operating area,Operating Costs,Shortages & Damages,-4031685.76,0.0,-4031685.76,10.776692272173847,-11.009949218339411,OPERATING_COSTS,FAVORABLE,3,DRIVER_IDENTIFIED,ACCOUNT
2021,7,2021-07,2021-07-01,582,Change in inventory of semi-finished goods,Operating Costs,Inventory Change,-14520.86,0.0,-14520.86,0.03881424522215698,-0.03965436314327633,OPERATING_COSTS,FAVORABLE,10,DRIVER_IDENTIFIED,ACCOUNT
2021,8,2021-08,2021-08-01,501,Material consumption,Operating Costs,Material Consumption,-6760444.41,0.0,-6760444.41,16.494753273017636,-17.53870724702113,OPERATING_COSTS,FAVORABLE,2,DRIVER_IDENTIFIED,ACCOUNT
2021,8,2021-08,2021-08-01,502,Energy consumption,Operating Costs,Energy Consumption,1219784.75,0.0,1219784.75,2.9761428801452867,3.164503150560017,OPERATING_COSTS,UNFAVORABLE,5,DRIVER_IDENTIFIED,ACCOUNT
2021,8,2021-08,2021-08-01,504,Cost of goods sold,Operating Costs,Cost of Goods Sold,-23887952.93,0.0,-23887952.93,58.284021860303824,-61.97282127638862,OPERATING_COSTS,FAVORABLE,1,DRIVER_IDENTIFIED,ACCOUNT
2021,8,2021-08,2021-08-01,511,Repairs and maintenance,Operating Costs,Repairs & Maintenance,-224947.04,0.0,-224947.04,0.5488464513970657,-0.5835829778894597,OPERATING_COSTS,FAVORABLE,9,DRIVER_IDENTIFIED,ACCOUNT
2021,8,2021-08,2021-08-01,518,Other services,Operating Costs,Other Services,-102332.97,0.0,-102332.97,0.2496813803169954,-0.26548373060998154,OPERATING_COSTS,FAVORABLE,10,DRIVER_IDENTIFIED,ACCOUNT
2021,8,2021-08,2021-08-01,521,Payroll costs (Wages),Operating Costs,Payroll Costs,-1291785.9,0.0,-1291785.9,3.1518178998032815,-3.3512966532816604,OPERATING_COSTS,FAVORABLE,4,DRIVER_IDENTIFIED,ACCOUNT
2021,8,2021-08,2021-08-01,524,Statutory social and health insurance,Operating Costs,Social & Health Insurance,-391826.16,0.0,-391826.16,0.9560134575700079,-1.0165196095391693,OPERATING_COSTS,FAVORABLE,7,DRIVER_IDENTIFIED,ACCOUNT
2021,8,2021-08,2021-08-01,548,Other operating expenses,Operating Costs,Other Operating Costs,-1041529.82,0.0,-1041529.82,2.541220127774184,-2.702054109786343,OPERATING_COSTS,FAVORABLE,6,DRIVER_IDENTIFIED,ACCOUNT
2021,8,2021-08,2021-08-01,549,Shortages and damages in operating area,Operating Costs,Shortages & Damages,-5674537.7,0.0,-5674537.7,13.845258332645175,-14.721525604924631,OPERATING_COSTS,FAVORABLE,3,DRIVER_IDENTIFIED,ACCOUNT
2021,8,2021-08,2021-08-01,582,Change in inventory of semi-finished goods,Operating Costs,Inventory Change,-390281.37,0.0,-390281.37,0.9522443370265519,-1.0125119411190209,OPERATING_COSTS,FAVORABLE,8,DRIVER_IDENTIFIED,ACCOUNT
2021,9,2021-09,2021-09-01,501,Material consumption,Operating Costs,Material Consumption,-6480276.13,0.0,-6480276.13,15.479025162885135,-16.36216562508852,OPERATING_COSTS,FAVORABLE,2,DRIVER_IDENTIFIED,ACCOUNT
2021,9,2021-09,2021-09-01,502,Energy consumption,Operating Costs,Energy Consumption,660583.03,0.0,660583.03,1.5778928456779986,1.6679179604624068,OPERATING_COSTS,UNFAVORABLE,6,DRIVER_IDENTIFIED,ACCOUNT
2021,9,2021-09,2021-09-01,504,Cost of goods sold,Operating Costs,Cost of Goods Sold,-24767828.29,0.0,-24767828.29,59.161342763788724,-62.53673462750003,OPERATING_COSTS,FAVORABLE,1,DRIVER_IDENTIFIED,ACCOUNT
2021,9,2021-09,2021-09-01,511,Repairs and maintenance,Operating Costs,Repairs & Maintenance,219778.46,0.0,219778.46,0.5249708877143395,0.5549225821873877,OPERATING_COSTS,UNFAVORABLE,10,DRIVER_IDENTIFIED,ACCOUNT
2021,9,2021-09,2021-09-01,518,Other services,Operating Costs,Other Services,249457.6,0.0,249457.6,0.5958635697014558,0.6298599759879494,OPERATING_COSTS,UNFAVORABLE,8,DRIVER_IDENTIFIED,ACCOUNT
2021,9,2021-09,2021-09-01,521,Payroll costs (Wages),Operating Costs,Payroll Costs,-2133394.23,0.0,-2133394.23,5.095903678494015,-5.386645419825372,OPERATING_COSTS,FAVORABLE,4,DRIVER_IDENTIFIED,ACCOUNT
2021,9,2021-09,2021-09-01,524,Statutory social and health insurance,Operating Costs,Social & Health Insurance,-364057.87,0.0,-364057.87,0.8696019764325021,-0.9192162566160502,OPERATING_COSTS,FAVORABLE,7,DRIVER_IDENTIFIED,ACCOUNT
2021,9,2021-09,2021-09-01,548,Other operating expenses,Operating Costs,Other Operating Costs,-2013782.3,0.0,-2013782.3,4.810194236934886,-5.084635108823934,OPERATING_COSTS,FAVORABLE,5,DRIVER_IDENTIFIED,ACCOUNT
2021,9,2021-09,2021-09-01,549,Shortages and damages in operating area,Operating Costs,Shortages & Damages,-4732576.38,0.0,-4732576.38,11.304405460774069,-11.949367127190898,OPERATING_COSTS,FAVORABLE,3,DRIVER_IDENTIFIED,ACCOUNT
2021,9,2021-09,2021-09-01,582,Change in inventory of semi-finished goods,Operating Costs,Inventory Change,-243151.01,0.0,-243151.01,0.5807994175968757,-0.6139363535929379,OPERATING_COSTS,FAVORABLE,9,DRIVER_IDENTIFIED,ACCOUNT
2021,10,2021-10,2021-10-01,501,Material consumption,Operating Costs,Material Consumption,-6466972.31,0.0,-6466972.31,16.892276673614038,-17.277612716974364,OPERATING_COSTS,FAVORABLE,2,DRIVER_IDENTIFIED,ACCOUNT
2021,10,2021-10,2021-10-01,502,Energy consumption,Operating Costs,Energy Consumption,-207005.56,0.0,-207005.56,0.5407159679792121,-0.5530504422308868,OPERATING_COSTS,FAVORABLE,9,DRIVER_IDENTIFIED,ACCOUNT
2021,10,2021-10,2021-10-01,504,Cost of goods sold,Operating Costs,Cost of Goods Sold,-23873117.77,0.0,-23873117.77,62.35859550674523,-63.781080759997664,OPERATING_COSTS,FAVORABLE,1,DRIVER_IDENTIFIED,ACCOUNT
2021,10,2021-10,2021-10-01,511,Repairs and maintenance,Operating Costs,Repairs & Maintenance,-218147.17,0.0,-218147.17,0.5698187922511634,-0.5828171419159778,OPERATING_COSTS,FAVORABLE,8,DRIVER_IDENTIFIED,ACCOUNT
2021,10,2021-10,2021-10-01,518,Other services,Operating Costs,Other Services,426912.35,0.0,426912.35,1.115131035961209,1.140568707243067,OPERATING_COSTS,UNFAVORABLE,6,DRIVER_IDENTIFIED,ACCOUNT
2021,10,2021-10,2021-10-01,521,Payroll costs (Wages),Operating Costs,Payroll Costs,-1368923.03,0.0,-1368923.03,3.575742319459854,-3.657309915354668,OPERATING_COSTS,FAVORABLE,4,DRIVER_IDENTIFIED,ACCOUNT
2021,10,2021-10,2021-10-01,524,Statutory social and health insurance,Operating Costs,Social & Health Insurance,-940353.41,0.0,-940353.41,2.456282354593292,-2.5123135303893407,OPERATING_COSTS,FAVORABLE,5,DRIVER_IDENTIFIED,ACCOUNT
2021,10,2021-10,2021-10-01,548,Other operating expenses,Operating Costs,Other Operating Costs,-412686.99,0.0,-412686.99,1.0779731968082278,-1.1025632467187527,OPERATING_COSTS,FAVORABLE,7,DRIVER_IDENTIFIED,ACCOUNT
2021,10,2021-10,2021-10-01,549,Shortages and damages in operating area,Operating Costs,Shortages & Damages,-4369485.42,0.0,-4369485.42,11.413464152587757,-11.673820953661401,OPERATING_COSTS,FAVORABLE,3,DRIVER_IDENTIFIED,ACCOUNT
2021,11,2021-11,2021-11-01,501,Material consumption,Operating Costs,Material Consumption,-6553654.7,0.0,-6553654.7,15.604585814049729,-17.158085482368048,OPERATING_COSTS,FAVORABLE,2,DRIVER_IDENTIFIED,ACCOUNT
2021,11,2021-11,2021-11-01,502,Energy consumption,Operating Costs,Energy Consumption,-499302.49,0.0,-499302.49,1.1888646730767958,-1.30722096252328,OPERATING_COSTS,FAVORABLE,7,DRIVER_IDENTIFIED,ACCOUNT
2021,11,2021-11,2021-11-01,504,Cost of goods sold,Operating Costs,Cost of Goods Sold,-25100441.81,0.0,-25100441.81,59.76543106470146,-65.71532159318447,OPERATING_COSTS,FAVORABLE,1,DRIVER_IDENTIFIED,ACCOUNT
2021,11,2021-11,2021-11-01,511,Repairs and maintenance,Operating Costs,Repairs & Maintenance,289873.57,0.0,289873.57,0.6902037420875944,0.7589163178125936,OPERATING_COSTS,UNFAVORABLE,9,DRIVER_IDENTIFIED,ACCOUNT
2021,11,2021-11,2021-11-01,518,Other services,Operating Costs,Other Services,420542.59,0.0,420542.59,1.0013333375830331,1.1010201236565695,OPERATING_COSTS,UNFAVORABLE,8,DRIVER_IDENTIFIED,ACCOUNT
2021,11,2021-11,2021-11-01,521,Payroll costs (Wages),Operating Costs,Payroll Costs,-1875059.5,0.0,-1875059.5,4.464612222276401,-4.909082436938017,OPERATING_COSTS,FAVORABLE,4,DRIVER_IDENTIFIED,ACCOUNT
2021,11,2021-11,2021-11-01,524,Statutory social and health insurance,Operating Costs,Social & Health Insurance,1190853.21,0.0,1190853.21,2.835482178727174,3.1177659045924995,OPERATING_COSTS,UNFAVORABLE,5,DRIVER_IDENTIFIED,ACCOUNT
2021,11,2021-11,2021-11-01,548,Other operating expenses,Operating Costs,Other Operating Costs,-908984.02,0.0,-908984.02,2.1643372733216926,-2.3798058077833346,OPERATING_COSTS,FAVORABLE,6,DRIVER_IDENTIFIED,ACCOUNT
2021,11,2021-11,2021-11-01,549,Shortages and damages in operating area,Operating Costs,Shortages & Damages,-5076872.28,0.0,-5076872.28,12.08829161539901,-13.291729966075994,OPERATING_COSTS,FAVORABLE,3,DRIVER_IDENTIFIED,ACCOUNT
2021,11,2021-11,2021-11-01,582,Change in inventory of semi-finished goods,Operating Costs,Inventory Change,-82676.97,0.0,-82676.97,0.19685807877711578,-0.2164560971885166,OPERATING_COSTS,FAVORABLE,10,DRIVER_IDENTIFIED,ACCOUNT
2021,12,2021-12,2021-12-01,501,Material consumption,Operating Costs,Material Consumption,-6806761.4,0.0,-6806761.4,14.666637651835693,-15.337656901705573,OPERATING_COSTS,FAVORABLE,2,DRIVER_IDENTIFIED,ACCOUNT
2021,12,2021-12,2021-12-01,502,Energy consumption,Operating Costs,Energy Consumption,1015210.1,0.0,1015210.1,2.1874894391309025,2.2875701500196852,OPERATING_COSTS,UNFAVORABLE,7,DRIVER_IDENTIFIED,ACCOUNT
2021,12,2021-12,2021-12-01,504,Cost of goods sold,Operating Costs,Cost of Goods Sold,-27479192.42,0.0,-27479192.42,59.20985539308165,-61.91878934876556,OPERATING_COSTS,FAVORABLE,1,DRIVER_IDENTIFIED,ACCOUNT
2021,12,2021-12,2021-12-01,518,Other services,Operating Costs,Other Services,-258802.77,0.0,-258802.77,0.5576464676551425,-0.5831595759285789,OPERATING_COSTS,FAVORABLE,9,DRIVER_IDENTIFIED,ACCOUNT
2021,12,2021-12,2021-12-01,521,Payroll costs (Wages),Operating Costs,Payroll Costs,-2094675.58,0.0,-2094675.58,4.51343097320978,-4.71992677257956,OPERATING_COSTS,FAVORABLE,4,DRIVER_IDENTIFIED,ACCOUNT
2021,12,2021-12,2021-12-01,524,Statutory social and health insurance,Operating Costs,Social & Health Insurance,-1927299.44,0.0,-1927299.44,4.152782927438274,-4.342778572724656,OPERATING_COSTS,FAVORABLE,5,DRIVER_IDENTIFIED,ACCOUNT
2021,12,2021-12,2021-12-01,548,Other operating expenses,Operating Costs,Other Operating Costs,-1571950.19,0.0,-1571950.19,3.387106215220688,-3.542071076678387,OPERATING_COSTS,FAVORABLE,6,DRIVER_IDENTIFIED,ACCOUNT
2021,12,2021-12,2021-12-01,549,Shortages and damages in operating area,Operating Costs,Shortages & Damages,-4934047.86,0.0,-4934047.86,10.631471836141534,-11.117876588604181,OPERATING_COSTS,FAVORABLE,3,DRIVER_IDENTIFIED,ACCOUNT
2021,12,2021-12,2021-12-01,582,Change in inventory of semi-finished goods,Operating Costs,Inventory Change,-321888.87,0.0,-321888.87,0.693579096286355,-0.7253113130332007,OPERATING_COSTS,FAVORABLE,8,DRIVER_IDENTIFIED,ACCOUNT
2022,1,2022-01,2022-01-01,501,Material consumption,Operating Costs,Material Consumption,-5789447.2,0.0,-5789447.2,16.449065521897868,-16.54509497969075,OPERATING_COSTS,FAVORABLE,2,DRIVER_IDENTIFIED,ACCOUNT
2022,1,2022-01,2022-01-01,502,Energy consumption,Operating Costs,Energy Consumption,-80711.71,0.0,-80711.71,0.22931933918914046,-0.2306581028881748,OPERATING_COSTS,FAVORABLE,9,DRIVER_IDENTIFIED,ACCOUNT
2022,1,2022-01,2022-01-01,504,Cost of goods sold,Operating Costs,Cost of Goods Sold,-22885372.75,0.0,-22885372.75,65.02226945913006,-65.4018687301227,OPERATING_COSTS,FAVORABLE,1,DRIVER_IDENTIFIED,ACCOUNT
2022,1,2022-01,2022-01-01,511,Repairs and maintenance,Operating Costs,Repairs & Maintenance,-277747.71,0.0,-277747.71,0.7891410220214269,-0.7937480183499388,OPERATING_COSTS,FAVORABLE,7,DRIVER_IDENTIFIED,ACCOUNT
2022,1,2022-01,2022-01-01,518,Other services,Operating Costs,Other Services,-38080.58,0.0,-38080.58,0.10819512362628915,-0.10882676552982672,OPERATING_COSTS,FAVORABLE,10,DRIVER_IDENTIFIED,ACCOUNT
2022,1,2022-01,2022-01-01,521,Payroll costs (Wages),Operating Costs,Payroll Costs,-810234.86,0.0,-810234.86,2.30205161906749,-2.3154909702875317,OPERATING_COSTS,FAVORABLE,5,DRIVER_IDENTIFIED,ACCOUNT
2022,1,2022-01,2022-01-01,524,Statutory social and health insurance,Operating Costs,Social & Health Insurance,102141.23,0.0,102141.23,0.2902052176513917,0.29189943241773375,OPERATING_COSTS,UNFAVORABLE,8,DRIVER_IDENTIFIED,ACCOUNT
2022,1,2022-01,2022-01-01,548,Other operating expenses,Operating Costs,Other Operating Costs,-946630.87,0.0,-946630.87,2.6895820391420413,-2.705283788555371,OPERATING_COSTS,FAVORABLE,4,DRIVER_IDENTIFIED,ACCOUNT
2022,1,2022-01,2022-01-01,549,Shortages and damages in operating area,Operating Costs,Shortages & Damages,-3974372.75,0.0,-3974372.75,11.292048362267716,-11.357971212423305,OPERATING_COSTS,FAVORABLE,3,DRIVER_IDENTIFIED,ACCOUNT
2022,1,2022-01,2022-01-01,582,Change in inventory of semi-finished goods,Operating Costs,Inventory Change,-291467.64,0.0,-291467.64,0.8281222960065929,-0.8329568645701286,OPERATING_COSTS,FAVORABLE,6,DRIVER_IDENTIFIED,ACCOUNT
2022,2,2022-02,2022-02-01,501,Material consumption,Operating Costs,Material Consumption,-6464748.98,0.0,-6464748.98,16.768985595645443,-16.768985595645443,OPERATING_COSTS,FAVORABLE,2,DRIVER_IDENTIFIED,ACCOUNT
2022,2,2022-02,2022-02-01,502,Energy consumption,Operating Costs,Energy Consumption,-44072.96,0.0,-44072.96,0.11432135009168722,-0.11432135009168722,OPERATING_COSTS,FAVORABLE,10,DRIVER_IDENTIFIED,ACCOUNT
2022,2,2022-02,2022-02-01,504,Cost of goods sold,Operating Costs,Cost of Goods Sold,-23192484.91,0.0,-23192484.91,60.15924927420991,-60.15924927420991,OPERATING_COSTS,FAVORABLE,1,DRIVER_IDENTIFIED,ACCOUNT
2022,2,2022-02,2022-02-01,511,Repairs and maintenance,Operating Costs,Repairs & Maintenance,-102025.84,0.0,-102025.84,0.2646459818682127,-0.2646459818682127,OPERATING_COSTS,FAVORABLE,9,DRIVER_IDENTIFIED,ACCOUNT
2022,2,2022-02,2022-02-01,518,Other services,Operating Costs,Other Services,-481446.8,0.0,-481446.8,1.2488303071389466,-1.2488303071389466,OPERATING_COSTS,FAVORABLE,7,DRIVER_IDENTIFIED,ACCOUNT
2022,2,2022-02,2022-02-01,521,Payroll costs (Wages),Operating Costs,Payroll Costs,-1797466.82,0.0,-1797466.82,4.662469541583132,-4.662469541583132,OPERATING_COSTS,FAVORABLE,4,DRIVER_IDENTIFIED,ACCOUNT
2022,2,2022-02,2022-02-01,524,Statutory social and health insurance,Operating Costs,Social & Health Insurance,-589196.13,0.0,-589196.13,1.5283225145394648,-1.5283225145394648,OPERATING_COSTS,FAVORABLE,6,DRIVER_IDENTIFIED,ACCOUNT
2022,2,2022-02,2022-02-01,548,Other operating expenses,Operating Costs,Other Operating Costs,-1756403.26,0.0,-1756403.26,4.555954308234362,-4.555954308234362,OPERATING_COSTS,FAVORABLE,5,DRIVER_IDENTIFIED,ACCOUNT
2022,2,2022-02,2022-02-01,549,Shortages and damages in operating area,Operating Costs,Shortages & Damages,-3822968.49,0.0,-3822968.49,9.916441263186744,-9.916441263186744,OPERATING_COSTS,FAVORABLE,3,DRIVER_IDENTIFIED,ACCOUNT
2022,2,2022-02,2022-02-01,582,Change in inventory of semi-finished goods,Operating Costs,Inventory Change,-301004.84,0.0,-301004.84,0.7807798635020724,-0.7807798635020724,OPERATING_COSTS,FAVORABLE,8,DRIVER_IDENTIFIED,ACCOUNT
2022,3,2022-03,2022-03-01,501,Material consumption,Operating Costs,Material Consumption,-7093322.96,0.0,-7093322.96,16.900061100624264,-17.29579619115815,OPERATING_COSTS,FAVORABLE,2,DRIVER_IDENTIFIED,ACCOUNT
2022,3,2022-03,2022-03-01,502,Energy consumption,Operating Costs,Energy Consumption,-219969.13,0.0,-219969.13,0.5240832481778275,-0.536355282605992,OPERATING_COSTS,FAVORABLE,8,DRIVER_IDENTIFIED,ACCOUNT
2022,3,2022-03,2022-03-01,504,Cost of goods sold,Operating Costs,Cost of Goods Sold,-26951286.25,0.0,-26951286.25,64.21227215141697,-65.71587910182551,OPERATING_COSTS,FAVORABLE,1,DRIVER_IDENTIFIED,ACCOUNT
2022,3,2022-03,2022-03-01,511,Repairs and maintenance,Operating Costs,Repairs & Maintenance,350827.41,0.0,350827.41,0.8358571431482883,0.8554297352382046,OPERATING_COSTS,UNFAVORABLE,7,DRIVER_IDENTIFIED,ACCOUNT
2022,3,2022-03,2022-03-01,518,Other services,Operating Costs,Other Services,129343.08,0.0,129343.08,0.30816388415831164,0.31537990911056213,OPERATING_COSTS,UNFAVORABLE,9,DRIVER_IDENTIFIED,ACCOUNT
2022,3,2022-03,2022-03-01,521,Payroll costs (Wages),Operating Costs,Payroll Costs,-413483.64,0.0,-413483.64,0.9851375468893815,-1.008205717707545,OPERATING_COSTS,FAVORABLE,6,DRIVER_IDENTIFIED,ACCOUNT
2022,3,2022-03,2022-03-01,524,Statutory social and health insurance,Operating Costs,Social & Health Insurance,-773903.16,0.0,-773903.16,1.8438481884611941,-1.8870240932965014,OPERATING_COSTS,FAVORABLE,4,DRIVER_IDENTIFIED,ACCOUNT
2022,3,2022-03,2022-03-01,549,Shortages and damages in operating area,Operating Costs,Shortages & Damages,-5295416.28,0.0,-5295416.28,12.6164928891438,-12.911923120193142,OPERATING_COSTS,FAVORABLE,3,DRIVER_IDENTIFIED,ACCOUNT
2022,3,2022-03,2022-03-01,582,Change in inventory of semi-finished goods,Operating Costs,Inventory Change,-744621.55,0.0,-744621.55,1.7740838479799805,-1.815626137561947,OPERATING_COSTS,FAVORABLE,5,DRIVER_IDENTIFIED,ACCOUNT
2022,4,2022-04,2022-04-01,501,Material consumption,Operating Costs,Material Consumption,-7478231.8,0.0,-7478231.8,17.809754302842883,-18.985826639520155,OPERATING_COSTS,FAVORABLE,2,DRIVER_IDENTIFIED,ACCOUNT
2022,4,2022-04,2022-04-01,502,Energy consumption,Operating Costs,Energy Consumption,881543.04,0.0,881543.04,2.0994354507413364,2.2380722850441175,OPERATING_COSTS,UNFAVORABLE,5,DRIVER_IDENTIFIED,ACCOUNT
2022,4,2022-04,2022-04-01,504,Cost of goods sold,Operating Costs,Cost of Goods Sold,-25196027.02,0.0,-25196027.02,60.005501652675505,-63.967982512441736,OPERATING_COSTS,FAVORABLE,1,DRIVER_IDENTIFIED,ACCOUNT
2022,4,2022-04,2022-04-01,511,Repairs and maintenance,Operating Costs,Repairs & Maintenance,219880.64,0.0,219880.64,0.523655896083864,0.5582356664080327,OPERATING_COSTS,UNFAVORABLE,8,DRIVER_IDENTIFIED,ACCOUNT
2022,4,2022-04,2022-04-01,518,Other services,Operating Costs,Other Services,199091.79,0.0,199091.79,0.47414628998437736,0.505456678982825,OPERATING_COSTS,UNFAVORABLE,9,DRIVER_IDENTIFIED,ACCOUNT
2022,4,2022-04,2022-04-01,521,Payroll costs (Wages),Operating Costs,Payroll Costs,-1310860.33,0.0,-1310860.33,3.1218743985233974,-3.3280282879174976,OPERATING_COSTS,FAVORABLE,4,DRIVER_IDENTIFIED,ACCOUNT
2022,4,2022-04,2022-04-01,524,Statutory social and health insurance,Operating Costs,Social & Health Insurance,-531681.75,0.0,-531681.75,1.2662246354553404,-1.3498401497659775,OPERATING_COSTS,FAVORABLE,6,DRIVER_IDENTIFIED,ACCOUNT
2022,4,2022-04,2022-04-01,548,Other operating expenses,Operating Costs,Other Operating Costs,-524328.64,0.0,-524328.64,1.2487128644960908,-1.3311719838873375,OPERATING_COSTS,FAVORABLE,7,DRIVER_IDENTIFIED,ACCOUNT
2022,4,2022-04,2022-04-01,549,Shortages and damages in operating area,Operating Costs,Shortages & Damages,-5503084.63,0.0,-5503084.63,13.105850124631205,-13.971298772496986,OPERATING_COSTS,FAVORABLE,3,DRIVER_IDENTIFIED,ACCOUNT
2022,4,2022-04,2022-04-01,582,Change in inventory of semi-finished goods,Operating Costs,Inventory Change,-144798.53,0.0,-144798.53,0.34484438456599115,-0.3676162844052733,OPERATING_COSTS,FAVORABLE,10,DRIVER_IDENTIFIED,ACCOUNT
2022,5,2022-05,2022-05-01,501,Material consumption,Operating Costs,Material Consumption,-6939300.19,0.0,-6939300.19,17.336200147288373,-17.4010229095485,OPERATING_COSTS,FAVORABLE,2,DRIVER_IDENTIFIED,ACCOUNT
2022,5,2022-05,2022-05-01,502,Energy consumption,Operating Costs,Energy Consumption,-107388.81,0.0,-107388.81,0.2682855407267117,-0.2692887023005631,OPERATING_COSTS,FAVORABLE,8,DRIVER_IDENTIFIED,ACCOUNT
2022,5,2022-05,2022-05-01,504,Cost of goods sold,Operating Costs,Cost of Goods Sold,-25290555.2,0.0,-25290555.2,63.182470101966395,-63.41871923405017,OPERATING_COSTS,FAVORABLE,1,DRIVER_IDENTIFIED,ACCOUNT
2022,5,2022-05,2022-05-01,511,Repairs and maintenance,Operating Costs,Repairs & Maintenance,74556.33,0.0,74556.33,0.18626135543032052,0.18695781575373213,OPERATING_COSTS,UNFAVORABLE,9,DRIVER_IDENTIFIED,ACCOUNT
2022,5,2022-05,2022-05-01,521,Payroll costs (Wages),Operating Costs,Payroll Costs,-1081592.83,0.0,-1081592.83,2.7021038527448473,-2.712207441429825,OPERATING_COSTS,FAVORABLE,5,DRIVER_IDENTIFIED,ACCOUNT
2022,5,2022-05,2022-05-01,524,Statutory social and health insurance,Operating Costs,Social & Health Insurance,-454733.09,0.0,-454733.09,1.136043065725176,-1.140290908328579,OPERATING_COSTS,FAVORABLE,6,DRIVER_IDENTIFIED,ACCOUNT
2022,5,2022-05,2022-05-01,548,Other operating expenses,Operating Costs,Other Operating Costs,-1462839.4,0.0,-1462839.4,3.654558230278727,-3.6682231947642814,OPERATING_COSTS,FAVORABLE,4,DRIVER_IDENTIFIED,ACCOUNT
2022,5,2022-05,2022-05-01,549,Shortages and damages in operating area,Operating Costs,Shortages & Damages,-4433284.52,0.0,-4433284.52,11.075512752618828,-11.11692582607047,OPERATING_COSTS,FAVORABLE,3,DRIVER_IDENTIFIED,ACCOUNT
2022,5,2022-05,2022-05-01,582,Change in inventory of semi-finished goods,Operating Costs,Inventory Change,-183553.48,0.0,-183553.48,0.458564953220635,-0.4602795992613418,OPERATING_COSTS,FAVORABLE,7,DRIVER_IDENTIFIED,ACCOUNT
2022,6,2022-06,2022-06-01,501,Material consumption,Operating Costs,Material Consumption,-5684580.39,0.0,-5684580.39,14.4521721386228,-14.634139098729865,OPERATING_COSTS,FAVORABLE,3,DRIVER_IDENTIFIED,ACCOUNT
2022,6,2022-06,2022-06-01,502,Energy consumption,Operating Costs,Energy Consumption,-1778196.6,0.0,-1778196.6,4.520791614579276,-4.577712795664855,OPERATING_COSTS,FAVORABLE,4,DRIVER_IDENTIFIED,ACCOUNT
2022,6,2022-06,2022-06-01,504,Cost of goods sold,Operating Costs,Cost of Goods Sold,-23776793.01,0.0,-23776793.01,60.44884264270618,-61.209952601276875,OPERATING_COSTS,FAVORABLE,1,DRIVER_IDENTIFIED,ACCOUNT
2022,6,2022-06,2022-06-01,518,Other services,Operating Costs,Other Services,244546.05,0.0,244546.05,0.6217207547345914,0.6295488261614589,OPERATING_COSTS,UNFAVORABLE,8,DRIVER_IDENTIFIED,ACCOUNT
2022,6,2022-06,2022-06-01,521,Payroll costs (Wages),Operating Costs,Payroll Costs,-1060224.65,0.0,-1060224.65,2.6954582565787426,-2.7293967082066697,OPERATING_COSTS,FAVORABLE,5,DRIVER_IDENTIFIED,ACCOUNT
2022,6,2022-06,2022-06-01,524,Statutory social and health insurance,Operating Costs,Social & Health Insurance,-533301.58,0.0,-533301.58,1.3558373190601527,-1.3729086349137571,OPERATING_COSTS,FAVORABLE,7,DRIVER_IDENTIFIED,ACCOUNT
2022,6,2022-06,2022-06-01,548,Other operating expenses,Operating Costs,Other Operating Costs,-569787.9,0.0,-569787.9,1.448598181105922,-1.4668374467958194,OPERATING_COSTS,FAVORABLE,6,DRIVER_IDENTIFIED,ACCOUNT
2022,6,2022-06,2022-06-01,549,Shortages and damages in operating area,Operating Costs,Shortages & Damages,-5686313.81,0.0,-5686313.81,14.456579092612332,-14.638601540573621,OPERATING_COSTS,FAVORABLE,2,DRIVER_IDENTIFIED,ACCOUNT
2022,7,2022-07,2022-07-01,501,Material consumption,Operating Costs,Material Consumption,-6662357.71,0.0,-6662357.71,16.782110565052825,-17.16624172330562,OPERATING_COSTS,FAVORABLE,2,DRIVER_IDENTIFIED,ACCOUNT
2022,7,2022-07,2022-07-01,502,Energy consumption,Operating Costs,Energy Consumption,-326148.2,0.0,-326148.2,0.821549275983406,-0.8403539831578672,OPERATING_COSTS,FAVORABLE,8,DRIVER_IDENTIFIED,ACCOUNT
2022,7,2022-07,2022-07-01,504,Cost of goods sold,Operating Costs,Cost of Goods Sold,-23791526.06,0.0,-23791526.06,59.92953819500869,-61.30128478380441,OPERATING_COSTS,FAVORABLE,1,DRIVER_IDENTIFIED,ACCOUNT
2022,7,2022-07,2022-07-01,511,Repairs and maintenance,Operating Costs,Repairs & Maintenance,427429.59,0.0,427429.59,1.0766714953459318,1.1013157775392723,OPERATING_COSTS,UNFAVORABLE,7,DRIVER_IDENTIFIED,ACCOUNT
2022,7,2022-07,2022-07-01,518,Other services,Operating Costs,Other Services,16747.02,0.0,16747.02,0.04218481707358685,0.0431503989996709,OPERATING_COSTS,UNFAVORABLE,9,DRIVER_IDENTIFIED,ACCOUNT
2022,7,2022-07,2022-07-01,521,Payroll costs (Wages),Operating Costs,Payroll Costs,-1755563.41,0.0,-1755563.41,4.422167126565344,-4.5233875406324735,OPERATING_COSTS,FAVORABLE,4,DRIVER_IDENTIFIED,ACCOUNT
2022,7,2022-07,2022-07-01,524,Statutory social and health insurance,Operating Costs,Social & Health Insurance,-480929.65,0.0,-480929.65,1.2114351873058102,-1.2391641192446226,OPERATING_COSTS,FAVORABLE,6,DRIVER_IDENTIFIED,ACCOUNT
2022,7,2022-07,2022-07-01,548,Other operating expenses,Operating Costs,Other Operating Costs,-801715.98,0.0,-801715.98,2.0194782093334465,-2.0657026994302377,OPERATING_COSTS,FAVORABLE,5,DRIVER_IDENTIFIED,ACCOUNT
2022,7,2022-07,2022-07-01,549,Shortages and damages in operating area,Operating Costs,Shortages & Damages,-5436747.06,0.0,-5436747.06,13.694865128330957,-14.008331326963704,OPERATING_COSTS,FAVORABLE,3,DRIVER_IDENTIFIED,ACCOUNT
2022,8,2022-08,2022-08-01,501,Material consumption,Operating Costs,Material Consumption,-6826846.9,0.0,-6826846.9,16.62258922839435,-17.377454201470016,OPERATING_COSTS,FAVORABLE,2,DRIVER_IDENTIFIED,ACCOUNT
2022,8,2022-08,2022-08-01,502,Energy consumption,Operating Costs,Energy Consumption,113190.23,0.0,113190.23,0.2756052282287858,0.2881210120412774,OPERATING_COSTS,UNFAVORABLE,9,DRIVER_IDENTIFIED,ACCOUNT
2022,8,2022-08,2022-08-01,504,Cost of goods sold,Operating Costs,Cost of Goods Sold,-27803070.7,0.0,-27803070.7,67.69728841203492,-70.77155747399034,OPERATING_COSTS,FAVORABLE,1,DRIVER_IDENTIFIED,ACCOUNT
2022,8,2022-08,2022-08-01,511,Repairs and maintenance,Operating Costs,Repairs & Maintenance,699421.18,0.0,699421.18,1.7030103564764087,1.7803474577682585,OPERATING_COSTS,UNFAVORABLE,5,DRIVER_IDENTIFIED,ACCOUNT
2022,8,2022-08,2022-08-01,518,Other services,Operating Costs,Other Services,79408.64,0.0,79408.64,0.19335093099941125,0.2021313829084141,OPERATING_COSTS,UNFAVORABLE,10,DRIVER_IDENTIFIED,ACCOUNT
2022,8,2022-08,2022-08-01,521,Payroll costs (Wages),Operating Costs,Payroll Costs,-918122.1,0.0,-918122.1,2.2355220138027114,-2.3370415329084753,OPERATING_COSTS,FAVORABLE,4,DRIVER_IDENTIFIED,ACCOUNT
2022,8,2022-08,2022-08-01,524,Statutory social and health insurance,Operating Costs,Social & Health Insurance,-131942.39,0.0,-131942.39,0.3212645871379665,-0.3358538536227457,OPERATING_COSTS,FAVORABLE,8,DRIVER_IDENTIFIED,ACCOUNT
2022,8,2022-08,2022-08-01,548,Other operating expenses,Operating Costs,Other Operating Costs,-221127.77,0.0,-221127.77,0.5384207587401533,-0.5628715206500668,OPERATING_COSTS,FAVORABLE,6,DRIVER_IDENTIFIED,ACCOUNT
2022,8,2022-08,2022-08-01,549,Shortages and damages in operating area,Operating Costs,Shortages & Damages,-4079885.73,0.0,-4079885.73,9.934053829239648,-10.385179052470923,OPERATING_COSTS,FAVORABLE,3,DRIVER_IDENTIFIED,ACCOUNT
2022,8,2022-08,2022-08-01,582,Change in inventory of semi-finished goods,Operating Costs,Inventory Change,-196680.58,0.0,-196680.58,0.47889465494566064,-0.5006422176054013,OPERATING_COSTS,FAVORABLE,7,DRIVER_IDENTIFIED,ACCOUNT
2022,9,2022-09,2022-09-01,501,Material consumption,Operating Costs,Material Consumption,-6282031.24,0.0,-6282031.24,15.013389954572624,-15.236395272212361,OPERATING_COSTS,FAVORABLE,2,DRIVER_IDENTIFIED,ACCOUNT
2022,9,2022-09,2022-09-01,504,Cost of goods sold,Operating Costs,Cost of Goods Sold,-28020760.06,0.0,-28020760.06,66.96665163420833,-67.96135832364644,OPERATING_COSTS,FAVORABLE,1,DRIVER_IDENTIFIED,ACCOUNT
2022,9,2022-09,2022-09-01,511,Repairs and maintenance,Operating Costs,Repairs & Maintenance,306213.49,0.0,306213.49,0.7318178402946981,0.7426880881483242,OPERATING_COSTS,UNFAVORABLE,7,DRIVER_IDENTIFIED,ACCOUNT
2022,9,2022-09,2022-09-01,521,Payroll costs (Wages),Operating Costs,Payroll Costs,-1293744.51,0.0,-1293744.51,3.0919124862896226,-3.1378390177529103,OPERATING_COSTS,FAVORABLE,4,DRIVER_IDENTIFIED,ACCOUNT
2022,9,2022-09,2022-09-01,524,Statutory social and health insurance,Operating Costs,Social & Health Insurance,-415501.19,0.0,-415501.19,0.9930038794361313,-1.0077537224909772,OPERATING_COSTS,FAVORABLE,6,DRIVER_IDENTIFIED,ACCOUNT
2022,9,2022-09,2022-09-01,548,Other operating expenses,Operating Costs,Other Operating Costs,-1120613.8,0.0,-1120613.8,2.678148408551285,-2.717928986977774,OPERATING_COSTS,FAVORABLE,5,DRIVER_IDENTIFIED,ACCOUNT
2022,9,2022-09,2022-09-01,549,Shortages and damages in operating area,Operating Costs,Shortages & Damages,-4403992.38,0.0,-4403992.38,10.525075796647323,-10.68141276506789,OPERATING_COSTS,FAVORABLE,3,DRIVER_IDENTIFIED,ACCOUNT
2022,10,2022-10,2022-10-01,501,Material consumption,Operating Costs,Material Consumption,-5671937.25,0.0,-5671937.25,15.446811710232996,-15.845431121159613,OPERATING_COSTS,FAVORABLE,2,DRIVER_IDENTIFIED,ACCOUNT
2022,10,2022-10,2022-10-01,502,Energy consumption,Operating Costs,Energy Consumption,276935.64,0.0,276935.64,0.7541995791531139,0.7736624040779463,OPERATING_COSTS,UNFAVORABLE,7,DRIVER_IDENTIFIED,ACCOUNT
2022,10,2022-10,2022-10-01,504,Cost of goods sold,Operating Costs,Cost of Goods Sold,-24080693.24,0.0,-24080693.24,65.58075626280255,-67.2731289621009,OPERATING_COSTS,FAVORABLE,1,DRIVER_IDENTIFIED,ACCOUNT
2022,10,2022-10,2022-10-01,518,Other services,Operating Costs,Other Services,184931.38,0.0,184931.38,0.5036374840313244,0.5166343199461515,OPERATING_COSTS,UNFAVORABLE,8,DRIVER_IDENTIFIED,ACCOUNT
2022,10,2022-10,2022-10-01,521,Payroll costs (Wages),Operating Costs,Payroll Costs,-1682736.03,0.0,-1682736.03,4.582721117627841,-4.700982518531668,OPERATING_COSTS,FAVORABLE,4,DRIVER_IDENTIFIED,ACCOUNT
2022,10,2022-10,2022-10-01,524,Statutory social and health insurance,Operating Costs,Social & Health Insurance,-359450.74,0.0,-359450.74,0.9789191338257341,-1.0041810568549314,OPERATING_COSTS,FAVORABLE,6,DRIVER_IDENTIFIED,ACCOUNT
2022,10,2022-10,2022-10-01,548,Other operating expenses,Operating Costs,Other Operating Costs,-376286.56,0.0,-376286.56,1.0247693839369065,-1.0512145155163863,OPERATING_COSTS,FAVORABLE,5,DRIVER_IDENTIFIED,ACCOUNT
2022,10,2022-10,2022-10-01,549,Shortages and damages in operating area,Operating Costs,Shortages & Damages,-4086174.55,0.0,-4086174.55,11.128185328389527,-11.41535854986061,OPERATING_COSTS,FAVORABLE,3,DRIVER_IDENTIFIED,ACCOUNT
2022,11,2022-11,2022-11-01,501,Material consumption,Operating Costs,Material Consumption,-7613253.52,0.0,-7613253.52,16.930451371978318,-17.754752977882134,OPERATING_COSTS,FAVORABLE,2,DRIVER_IDENTIFIED,ACCOUNT
2022,11,2022-11,2022-11-01,504,Cost of goods sold,Operating Costs,Cost of Goods Sold,-26154082.56,0.0,-26154082.56,58.161786126989014,-60.99353896413202,OPERATING_COSTS,FAVORABLE,1,DRIVER_IDENTIFIED,ACCOUNT
2022,11,2022-11,2022-11-01,511,Repairs and maintenance,Operating Costs,Repairs & Maintenance,616398.21,0.0,616398.21,1.3707542895773002,1.4374929096750633,OPERATING_COSTS,UNFAVORABLE,6,DRIVER_IDENTIFIED,ACCOUNT
2022,11,2022-11,2022-11-01,518,Other services,Operating Costs,Other Services,427464.23,0.0,427464.23,0.9506004680210829,0.996882842610316,OPERATING_COSTS,UNFAVORABLE,7,DRIVER_IDENTIFIED,ACCOUNT
2022,11,2022-11,2022-11-01,521,Payroll costs (Wages),Operating Costs,Payroll Costs,-1922286.17,0.0,-1922286.17,4.274804778103784,-4.482934400055175,OPERATING_COSTS,FAVORABLE,4,DRIVER_IDENTIFIED,ACCOUNT
2022,11,2022-11,2022-11-01,524,Statutory social and health insurance,Operating Costs,Social & Health Insurance,-63724.1,0.0,-63724.1,0.14171047548053853,-0.14861000638763164,OPERATING_COSTS,FAVORABLE,9,DRIVER_IDENTIFIED,ACCOUNT
2022,11,2022-11,2022-11-01,548,Other operating expenses,Operating Costs,Other Operating Costs,-1621675.32,0.0,-1621675.32,3.6063024926559106,-3.781884399526468,OPERATING_COSTS,FAVORABLE,5,DRIVER_IDENTIFIED,ACCOUNT
2022,11,2022-11,2022-11-01,549,Shortages and damages in operating area,Operating Costs,Shortages & Damages,-6187140.72,0.0,-6187140.72,13.759043333624193,-14.428936962944567,OPERATING_COSTS,FAVORABLE,3,DRIVER_IDENTIFIED,ACCOUNT
2022,11,2022-11,2022-11-01,582,Change in inventory of semi-finished goods,Operating Costs,Inventory Change,-361787.03,0.0,-361787.03,0.804546663569856,-0.8437180413573874,OPERATING_COSTS,FAVORABLE,8,DRIVER_IDENTIFIED,ACCOUNT
2022,12,2022-12,2022-12-01,501,Material consumption,Operating Costs,Material Consumption,-7282201.35,0.0,-7282201.35,18.828482086699175,-18.828482086699175,OPERATING_COSTS,FAVORABLE,2,DRIVER_IDENTIFIED,ACCOUNT
2022,12,2022-12,2022-12-01,504,Cost of goods sold,Operating Costs,Cost of Goods Sold,-22793215.08,0.0,-22793215.08,58.93295463906137,-58.93295463906137,OPERATING_COSTS,FAVORABLE,1,DRIVER_IDENTIFIED,ACCOUNT
2022,12,2022-12,2022-12-01,511,Repairs and maintenance,Operating Costs,Repairs & Maintenance,-378351.94,0.0,-378351.94,0.9782471511527049,-0.9782471511527049,OPERATING_COSTS,FAVORABLE,7,DRIVER_IDENTIFIED,ACCOUNT
2022,12,2022-12,2022-12-01,518,Other services,Operating Costs,Other Services,-17725.09,0.0,-17725.09,0.04582907331313089,-0.04582907331313089,OPERATING_COSTS,FAVORABLE,9,DRIVER_IDENTIFIED,ACCOUNT
2022,12,2022-12,2022-12-01,521,Payroll costs (Wages),Operating Costs,Payroll Costs,-2816228.08,0.0,-2816228.08,7.2814932474147,-7.2814932474147,OPERATING_COSTS,FAVORABLE,4,DRIVER_IDENTIFIED,ACCOUNT
2022,12,2022-12,2022-12-01,524,Statutory social and health insurance,Operating Costs,Social & Health Insurance,-777210.39,0.0,-777210.39,2.0095148708997836,-2.0095148708997836,OPERATING_COSTS,FAVORABLE,6,DRIVER_IDENTIFIED,ACCOUNT
2022,12,2022-12,2022-12-01,548,Other operating expenses,Operating Costs,Other Operating Costs,-1368754.2,0.0,-1368754.2,3.5389798629770457,-3.5389798629770457,OPERATING_COSTS,FAVORABLE,5,DRIVER_IDENTIFIED,ACCOUNT
2022,12,2022-12,2022-12-01,549,Shortages and damages in operating area,Operating Costs,Shortages & Damages,-3171938.9,0.0,-3171938.9,8.201200693078102,-8.201200693078102,OPERATING_COSTS,FAVORABLE,3,DRIVER_IDENTIFIED,ACCOUNT
2022,12,2022-12,2022-12-01,582,Change in inventory of semi-finished goods,Operating Costs,Inventory Change,-70893.43,0.0,-70893.43,0.18329837540397886,-0.18329837540397886,OPERATING_COSTS,FAVORABLE,8,DRIVER_IDENTIFIED,ACCOUNT
2023,1,2023-01,2023-01-01,501,Material consumption,Operating Costs,Material Consumption,-6723376.16,0.0,-6723376.16,15.811855662950794,-16.343265880260883,OPERATING_COSTS,FAVORABLE,2,DRIVER_IDENTIFIED,ACCOUNT
2023,1,2023-01,2023-01-01,502,Energy consumption,Operating Costs,Energy Consumption,670364.38,0.0,670364.38,1.5765449628127748,1.6295300215652726,OPERATING_COSTS,UNFAVORABLE,7,DRIVER_IDENTIFIED,ACCOUNT
2023,1,2023-01,2023-01-01,504,Cost of goods sold,Operating Costs,Cost of Goods Sold,-25036346.85,0.0,-25036346.85,58.87980878936465,-60.858661407988514,OPERATING_COSTS,FAVORABLE,1,DRIVER_IDENTIFIED,ACCOUNT
2023,1,2023-01,2023-01-01,518,Other services,Operating Costs,Other Services,20934.14,0.0,20934.14,0.049232348782937155,0.05088696628787233,OPERATING_COSTS,UNFAVORABLE,9,DRIVER_IDENTIFIED,ACCOUNT
2023,1,2023-01,2023-01-01,521,Payroll costs (Wages),Operating Costs,Payroll Costs,-3498688.94,0.0,-3498688.94,8.228122778250489,-8.50465632414476,OPERATING_COSTS,FAVORABLE,4,DRIVER_IDENTIFIED,ACCOUNT
2023,1,2023-01,2023-01-01,524,Statutory social and health insurance,Operating Costs,Social & Health Insurance,-780874.41,0.0,-780874.41,1.836439486350539,-1.898159168551094,OPERATING_COSTS,FAVORABLE,6,DRIVER_IDENTIFIED,ACCOUNT
2023,1,2023-01,2023-01-01,548,Other operating expenses,Operating Costs,Other Operating Costs,-1471241.27,0.0,-1471241.27,3.4600257449549594,-3.5763114657595905,OPERATING_COSTS,FAVORABLE,5,DRIVER_IDENTIFIED,ACCOUNT
2023,1,2023-01,2023-01-01,549,Shortages and damages in operating area,Operating Costs,Shortages & Damages,-4192967.3,0.0,-4192967.3,9.860907997608228,-10.192316743904984,OPERATING_COSTS,FAVORABLE,3,DRIVER_IDENTIFIED,ACCOUNT
2023,1,2023-01,2023-01-01,582,Change in inventory of semi-finished goods,Operating Costs,Inventory Change,-126314.15,0.0,-126314.15,0.2970622289246294,-0.30704599724331877,OPERATING_COSTS,FAVORABLE,8,DRIVER_IDENTIFIED,ACCOUNT
2023,2,2023-02,2023-02-01,501,Material consumption,Operating Costs,Material Consumption,-5719584.8,0.0,-5719584.8,16.139013445146865,-16.409712054385732,OPERATING_COSTS,FAVORABLE,2,DRIVER_IDENTIFIED,ACCOUNT
2023,2,2023-02,2023-02-01,502,Energy consumption,Operating Costs,Energy Consumption,292309.27,0.0,292309.27,0.8248121854353949,0.8386467058811147,OPERATING_COSTS,UNFAVORABLE,9,DRIVER_IDENTIFIED,ACCOUNT
2023,2,2023-02,2023-02-01,504,Cost of goods sold,Operating Costs,Cost of Goods Sold,-23536950.35,0.0,-23536950.35,66.41446388842846,-67.52842931568627,OPERATING_COSTS,FAVORABLE,1,DRIVER_IDENTIFIED,ACCOUNT
2023,2,2023-02,2023-02-01,511,Repairs and maintenance,Operating Costs,Repairs & Maintenance,-308923.96,0.0,-308923.96,0.8716940334494232,-0.8863149000431949,OPERATING_COSTS,FAVORABLE,8,DRIVER_IDENTIFIED,ACCOUNT
2023,2,2023-02,2023-02-01,518,Other services,Operating Costs,Other Services,-84795.83,0.0,-84795.83,0.2392692980900271,-0.24328254626326085,OPERATING_COSTS,FAVORABLE,10,DRIVER_IDENTIFIED,ACCOUNT
2023,2,2023-02,2023-02-01,521,Payroll costs (Wages),Operating Costs,Payroll Costs,-932801.71,0.0,-932801.71,2.6320965359838686,-2.676244517773148,OPERATING_COSTS,FAVORABLE,4,DRIVER_IDENTIFIED,ACCOUNT
2023,2,2023-02,2023-02-01,524,Statutory social and health insurance,Operating Costs,Social & Health Insurance,-453362.15,0.0,-453362.15,1.2792568150000487,-1.300713705277564,OPERATING_COSTS,FAVORABLE,6,DRIVER_IDENTIFIED,ACCOUNT
2023,2,2023-02,2023-02-01,548,Other operating expenses,Operating Costs,Other Operating Costs,-739324.65,0.0,-739324.65,2.0861602518208144,-2.121151280283407,OPERATING_COSTS,FAVORABLE,5,DRIVER_IDENTIFIED,ACCOUNT
2023,2,2023-02,2023-02-01,549,Shortages and damages in operating area,Operating Costs,Shortages & Damages,-2931546.97,0.0,-2931546.97,8.271977358200818,-8.410722689452385,OPERATING_COSTS,FAVORABLE,3,DRIVER_IDENTIFIED,ACCOUNT
2023,2,2023-02,2023-02-01,582,Change in inventory of semi-finished goods,Operating Costs,Inventory Change,-439894.92,0.0,-439894.92,1.2412561884442739,-1.2620756967161406,OPERATING_COSTS,FAVORABLE,7,DRIVER_IDENTIFIED,ACCOUNT
2023,3,2023-03,2023-03-01,501,Material consumption,Operating Costs,Material Consumption,-7211746.83,0.0,-7211746.83,17.609073592046066,-17.841522251148337,OPERATING_COSTS,FAVORABLE,2,DRIVER_IDENTIFIED,ACCOUNT
2023,3,2023-03,2023-03-01,504,Cost of goods sold,Operating Costs,Cost of Goods Sold,-25807035.81,0.0,-25807035.81,63.01358096494051,-63.84539203801985,OPERATING_COSTS,FAVORABLE,1,DRIVER_IDENTIFIED,ACCOUNT
2023,3,2023-03,2023-03-01,511,Repairs and maintenance,Operating Costs,Repairs & Maintenance,239327.64,0.0,239327.64,0.5843713215000238,0.5920853178889004,OPERATING_COSTS,UNFAVORABLE,7,DRIVER_IDENTIFIED,ACCOUNT
2023,3,2023-03,2023-03-01,518,Other services,Operating Costs,Other Services,-919395.06,0.0,-919395.06,2.2449062138948666,-2.2745401089718875,OPERATING_COSTS,FAVORABLE,5,DRIVER_IDENTIFIED,ACCOUNT
2023,3,2023-03,2023-03-01,521,Payroll costs (Wages),Operating Costs,Payroll Costs,-1820413.2,0.0,-1820413.2,4.444941116538345,-4.503616582736329,OPERATING_COSTS,FAVORABLE,4,DRIVER_IDENTIFIED,ACCOUNT
2023,3,2023-03,2023-03-01,524,Statutory social and health insurance,Operating Costs,Social & Health Insurance,27462.09,0.0,27462.09,0.06705476151627363,0.06793991821230339,OPERATING_COSTS,UNFAVORABLE,9,DRIVER_IDENTIFIED,ACCOUNT
2023,3,2023-03,2023-03-01,548,Other operating expenses,Operating Costs,Other Operating Costs,-645764.52,0.0,-645764.52,1.5767767815294071,-1.5975910308795638,OPERATING_COSTS,FAVORABLE,6,DRIVER_IDENTIFIED,ACCOUNT
2023,3,2023-03,2023-03-01,549,Shortages and damages in operating area,Operating Costs,Shortages & Damages,-4223815.94,0.0,-4223815.94,10.313380028444124,-10.449521850209631,OPERATING_COSTS,FAVORABLE,3,DRIVER_IDENTIFIED,ACCOUNT
2023,3,2023-03,2023-03-01,582,Change in inventory of semi-finished goods,Operating Costs,Inventory Change,-59759.17,0.0,-59759.17,0.14591521959036813,-0.14784137413558598,OPERATING_COSTS,FAVORABLE,8,DRIVER_IDENTIFIED,ACCOUNT
2023,4,2023-04,2023-04-01,501,Material consumption,Operating Costs,Material Consumption,-6058185.41,0.0,-6058185.41,16.159176825448128,-17.418718640962066,OPERATING_COSTS,FAVORABLE,2,DRIVER_IDENTIFIED,ACCOUNT
2023,4,2023-04,2023-04-01,502,Energy consumption,Operating Costs,Energy Consumption,-70677.49,0.0,-70677.49,0.1885201559865831,-0.2032145319499903,OPERATING_COSTS,FAVORABLE,9,DRIVER_IDENTIFIED,ACCOUNT
2023,4,2023-04,2023-04-01,504,Cost of goods sold,Operating Costs,Cost of Goods Sold,-21209421.97,0.0,-21209421.97,56.57251747578559,-60.982114087008334,OPERATING_COSTS,FAVORABLE,1,DRIVER_IDENTIFIED,ACCOUNT
2023,4,2023-04,2023-04-01,511,Repairs and maintenance,Operating Costs,Repairs & Maintenance,1313631.6,0.0,1313631.6,3.50388835456529,3.7770021367300517,OPERATING_COSTS,UNFAVORABLE,5,DRIVER_IDENTIFIED,ACCOUNT
2023,4,2023-04,2023-04-01,518,Other services,Operating Costs,Other Services,41837.8,0.0,41837.8,0.1115951992937987,0.12029358915854686,OPERATING_COSTS,UNFAVORABLE,10,DRIVER_IDENTIFIED,ACCOUNT
2023,4,2023-04,2023-04-01,521,Payroll costs (Wages),Operating Costs,Payroll Costs,-1519476.37,0.0,-1519476.37,4.052944187609478,-4.368854628802187,OPERATING_COSTS,FAVORABLE,4,DRIVER_IDENTIFIED,ACCOUNT
2023,4,2023-04,2023-04-01,524,Statutory social and health insurance,Operating Costs,Social & Health Insurance,-1310464.25,0.0,-1310464.25,3.4954399883872584,-3.767895254924093,OPERATING_COSTS,FAVORABLE,6,DRIVER_IDENTIFIED,ACCOUNT
2023,4,2023-04,2023-04-01,548,Other operating expenses,Operating Costs,Other Operating Costs,-307389.87,0.0,-307389.87,0.8199100766183899,-0.8838187173627468,OPERATING_COSTS,FAVORABLE,8,DRIVER_IDENTIFIED,ACCOUNT
2023,4,2023-04,2023-04-01,549,Shortages and damages in operating area,Operating Costs,Shortages & Damages,-5069521.73,0.0,-5069521.73,13.522084999297125,-14.576076280754382,OPERATING_COSTS,FAVORABLE,3,DRIVER_IDENTIFIED,ACCOUNT
2023,4,2023-04,2023-04-01,582,Change in inventory of semi-finished goods,Operating Costs,Inventory Change,-590074.35,0.0,-590074.35,1.5739227370083688,-1.6966035841248006,OPERATING_COSTS,FAVORABLE,7,DRIVER_IDENTIFIED,ACCOUNT
2023,5,2023-05,2023-05-01,501,Material consumption,Operating Costs,Material Consumption,-6944559.73,0.0,-6944559.73,15.9748788014232,-16.210141560238846,OPERATING_COSTS,FAVORABLE,2,DRIVER_IDENTIFIED,ACCOUNT
2023,5,2023-05,2023-05-01,502,Energy consumption,Operating Costs,Energy Consumption,-1016941.18,0.0,-1016941.18,2.3393149069618984,-2.3737661028421067,OPERATING_COSTS,FAVORABLE,6,DRIVER_IDENTIFIED,ACCOUNT
2023,5,2023-05,2023-05-01,504,Cost of goods sold,Operating Costs,Cost of Goods Sold,-26281426.92,0.0,-26281426.92,60.45633216484136,-61.34667528855311,OPERATING_COSTS,FAVORABLE,1,DRIVER_IDENTIFIED,ACCOUNT
2023,5,2023-05,2023-05-01,511,Repairs and maintenance,Operating Costs,Repairs & Maintenance,49519.57,0.0,49519.57,0.11391206351516142,0.1155896515994336,OPERATING_COSTS,UNFAVORABLE,10,DRIVER_IDENTIFIED,ACCOUNT
2023,5,2023-05,2023-05-01,518,Other services,Operating Costs,Other Services,265939.87,0.0,265939.87,0.6117532798175301,0.6207625978920791,OPERATING_COSTS,UNFAVORABLE,8,DRIVER_IDENTIFIED,ACCOUNT
2023,5,2023-05,2023-05-01,521,Payroll costs (Wages),Operating Costs,Payroll Costs,-2606348.95,0.0,-2606348.95,5.995500105010489,-6.083796104793512,OPERATING_COSTS,FAVORABLE,4,DRIVER_IDENTIFIED,ACCOUNT
2023,5,2023-05,2023-05-01,524,Statutory social and health insurance,Operating Costs,Social & Health Insurance,-118806.42,0.0,-118806.42,0.2732956780733141,-0.277320515819826,OPERATING_COSTS,FAVORABLE,9,DRIVER_IDENTIFIED,ACCOUNT
2023,5,2023-05,2023-05-01,548,Other operating expenses,Operating Costs,Other Operating Costs,-1662938.47,0.0,-1662938.47,3.8253311290151615,-3.881666952653166,OPERATING_COSTS,FAVORABLE,5,DRIVER_IDENTIFIED,ACCOUNT
2023,5,2023-05,2023-05-01,549,Shortages and damages in operating area,Operating Costs,Shortages & Damages,-3968098.12,0.0,-3968098.12,9.127992126745701,-9.2624204774631,OPERATING_COSTS,FAVORABLE,3,DRIVER_IDENTIFIED,ACCOUNT
2023,5,2023-05,2023-05-01,582,Change in inventory of semi-finished goods,Operating Costs,Inventory Change,-557172.99,0.0,-557172.99,1.2816897445961748,-1.3005652471278468,OPERATING_COSTS,FAVORABLE,7,DRIVER_IDENTIFIED,ACCOUNT
2023,6,2023-06,2023-06-01,501,Material consumption,Operating Costs,Material Consumption,-6849736.36,0.0,-6849736.36,16.233072599685276,-16.574386235886614,OPERATING_COSTS,FAVORABLE,2,DRIVER_IDENTIFIED,ACCOUNT
2023,6,2023-06,2023-06-01,502,Energy consumption,Operating Costs,Energy Consumption,-354090.91,0.0,-354090.91,0.8391539683899052,-0.8567978673206285,OPERATING_COSTS,FAVORABLE,8,DRIVER_IDENTIFIED,ACCOUNT
2023,6,2023-06,2023-06-01,504,Cost of goods sold,Operating Costs,Cost of Goods Sold,-25727025.24,0.0,-25727025.24,60.97003542116699,-62.25198031244569,OPERATING_COSTS,FAVORABLE,1,DRIVER_IDENTIFIED,ACCOUNT
2023,6,2023-06,2023-06-01,511,Repairs and maintenance,Operating Costs,Repairs & Maintenance,434469.52,0.0,434469.52,1.029641856246627,1.0512909189106752,OPERATING_COSTS,UNFAVORABLE,7,DRIVER_IDENTIFIED,ACCOUNT
2023,6,2023-06,2023-06-01,518,Other services,Operating Costs,Other Services,-342991.37,0.0,-342991.37,0.8128493591066495,-0.829940182100073,OPERATING_COSTS,FAVORABLE,9,DRIVER_IDENTIFIED,ACCOUNT
2023,6,2023-06,2023-06-01,521,Payroll costs (Wages),Operating Costs,Payroll Costs,-2208846.48,0.0,-2208846.48,5.234707350313154,-5.344771356323937,OPERATING_COSTS,FAVORABLE,4,DRIVER_IDENTIFIED,ACCOUNT
2023,6,2023-06,2023-06-01,524,Statutory social and health insurance,Operating Costs,Social & Health Insurance,-257573.42,0.0,-257573.42,0.6104188259019692,-0.6232533812700263,OPERATING_COSTS,FAVORABLE,10,DRIVER_IDENTIFIED,ACCOUNT
2023,6,2023-06,2023-06-01,548,Other operating expenses,Operating Costs,Other Operating Costs,-992373.44,0.0,-992373.44,2.351808777866513,-2.4012574820902226,OPERATING_COSTS,FAVORABLE,5,DRIVER_IDENTIFIED,ACCOUNT
2023,6,2023-06,2023-06-01,549,Shortages and damages in operating area,Operating Costs,Shortages & Damages,-4480667.5,0.0,-4480667.5,10.618656981792263,-10.841922934911976,OPERATING_COSTS,FAVORABLE,3,DRIVER_IDENTIFIED,ACCOUNT
2023,6,2023-06,2023-06-01,582,Change in inventory of semi-finished goods,Operating Costs,Inventory Change,-548404.69,0.0,-548404.69,1.299654859530666,-1.3269811665615205,OPERATING_COSTS,FAVORABLE,6,DRIVER_IDENTIFIED,ACCOUNT
2023,7,2023-07,2023-07-01,501,Material consumption,Operating Costs,Material Consumption,-6571777.9,0.0,-6571777.9,15.867285094416333,-16.173063476941486,OPERATING_COSTS,FAVORABLE,2,DRIVER_IDENTIFIED,ACCOUNT
2023,7,2023-07,2023-07-01,502,Energy consumption,Operating Costs,Energy Consumption,391529.73,0.0,391529.73,0.9453322895848094,0.963549784054595,OPERATING_COSTS,UNFAVORABLE,7,DRIVER_IDENTIFIED,ACCOUNT
2023,7,2023-07,2023-07-01,504,Cost of goods sold,Operating Costs,Cost of Goods Sold,-24322022.63,0.0,-24322022.63,58.72451458577985,-59.85619445273663,OPERATING_COSTS,FAVORABLE,1,DRIVER_IDENTIFIED,ACCOUNT
2023,7,2023-07,2023-07-01,511,Repairs and maintenance,Operating Costs,Repairs & Maintenance,-145783.95,0.0,-145783.95,0.35198929909669285,-0.3587724833593758,OPERATING_COSTS,FAVORABLE,10,DRIVER_IDENTIFIED,ACCOUNT
2023,7,2023-07,2023-07-01,518,Other services,Operating Costs,Other Services,-660372.45,0.0,-660372.45,1.5944418834739065,-1.6251683661240843,OPERATING_COSTS,FAVORABLE,6,DRIVER_IDENTIFIED,ACCOUNT
2023,7,2023-07,2023-07-01,521,Payroll costs (Wages),Operating Costs,Payroll Costs,-2015467.7,0.0,-2015467.7,4.8662631453944245,-4.960040881452377,OPERATING_COSTS,FAVORABLE,4,DRIVER_IDENTIFIED,ACCOUNT
2023,7,2023-07,2023-07-01,524,Statutory social and health insurance,Operating Costs,Social & Health Insurance,-336185.23,0.0,-336185.23,0.8117052904271043,-0.8273476595732446,OPERATING_COSTS,FAVORABLE,8,DRIVER_IDENTIFIED,ACCOUNT
2023,7,2023-07,2023-07-01,548,Other operating expenses,Operating Costs,Other Operating Costs,-1569221.09,0.0,-1569221.09,3.7888192191036687,-3.8618335379114543,OPERATING_COSTS,FAVORABLE,5,DRIVER_IDENTIFIED,ACCOUNT
2023,7,2023-07,2023-07-01,549,Shortages and damages in operating area,Operating Costs,Shortages & Damages,-5233102.97,0.0,-5233102.97,12.63511001390154,-12.87860116440956,OPERATING_COSTS,FAVORABLE,3,DRIVER_IDENTIFIED,ACCOUNT
2023,7,2023-07,2023-07-01,582,Change in inventory of semi-finished goods,Operating Costs,Inventory Change,-171690.33,0.0,-171690.33,0.41453917882167335,-0.4225277615463892,OPERATING_COSTS,FAVORABLE,9,DRIVER_IDENTIFIED,ACCOUNT
2023,8,2023-08,2023-08-01,501,Material consumption,Operating Costs,Material Consumption,-6576595.59,0.0,-6576595.59,15.103672807518873,-15.987512467158266,OPERATING_COSTS,FAVORABLE,2,DRIVER_IDENTIFIED,ACCOUNT
2023,8,2023-08,2023-08-01,502,Energy consumption,Operating Costs,Energy Consumption,-92787.79,0.0,-92787.79,0.2130945109083059,-0.22556441689689832,OPERATING_COSTS,FAVORABLE,10,DRIVER_IDENTIFIED,ACCOUNT
2023,8,2023-08,2023-08-01,504,Cost of goods sold,Operating Costs,Cost of Goods Sold,-25410490.99,0.0,-25410490.99,58.35720572129117,-61.77216402312459,OPERATING_COSTS,FAVORABLE,1,DRIVER_IDENTIFIED,ACCOUNT
2023,8,2023-08,2023-08-01,511,Repairs and maintenance,Operating Costs,Repairs & Maintenance,-332580.94,0.0,-332580.94,0.7637984776523358,-0.8084945853557062,OPERATING_COSTS,FAVORABLE,9,DRIVER_IDENTIFIED,ACCOUNT
2023,8,2023-08,2023-08-01,518,Other services,Operating Costs,Other Services,1203597.18,0.0,1203597.18,2.764156279643218,2.9259097138260453,OPERATING_COSTS,UNFAVORABLE,6,DRIVER_IDENTIFIED,ACCOUNT
2023,8,2023-08,2023-08-01,521,Payroll costs (Wages),Operating Costs,Payroll Costs,-2795648.33,0.0,-2795648.33,6.420427876911091,-6.796139722750564,OPERATING_COSTS,FAVORABLE,4,DRIVER_IDENTIFIED,ACCOUNT
2023,8,2023-08,2023-08-01,524,Statutory social and health insurance,Operating Costs,Social & Health Insurance,-1026349.58,0.0,-1026349.58,2.3570931236862647,-2.495025957025989,OPERATING_COSTS,FAVORABLE,7,DRIVER_IDENTIFIED,ACCOUNT
2023,8,2023-08,2023-08-01,548,Other operating expenses,Operating Costs,Other Operating Costs,-1346142.5,0.0,-1346142.5,3.0915229002693585,-3.2724332379576344,OPERATING_COSTS,FAVORABLE,5,DRIVER_IDENTIFIED,ACCOUNT
2023,8,2023-08,2023-08-01,549,Shortages and damages in operating area,Operating Costs,Shortages & Damages,-4030553.13,0.0,-4030553.13,9.256484586250965,-9.798157349586821,OPERATING_COSTS,FAVORABLE,3,DRIVER_IDENTIFIED,ACCOUNT
2023,8,2023-08,2023-08-01,582,Change in inventory of semi-finished goods,Operating Costs,Inventory Change,-728276.08,0.0,-728276.08,1.6725437158684158,-1.7704179539695781,OPERATING_COSTS,FAVORABLE,8,DRIVER_IDENTIFIED,ACCOUNT
2023,9,2023-09,2023-09-01,501,Material consumption,Operating Costs,Material Consumption,-7039389.72,0.0,-7039389.72,17.870137547200944,-17.926155536312177,OPERATING_COSTS,FAVORABLE,2,DRIVER_IDENTIFIED,ACCOUNT
2023,9,2023-09,2023-09-01,502,Energy consumption,Operating Costs,Energy Consumption,61548.5,0.0,61548.5,0.15624652201013492,0.15673631208284772,OPERATING_COSTS,UNFAVORABLE,9,DRIVER_IDENTIFIED,ACCOUNT
2023,9,2023-09,2023-09-01,504,Cost of goods sold,Operating Costs,Cost of Goods Sold,-23771535.37,0.0,-23771535.37,60.346226543350454,-60.53539544328088,OPERATING_COSTS,FAVORABLE,1,DRIVER_IDENTIFIED,ACCOUNT
2023,9,2023-09,2023-09-01,511,Repairs and maintenance,Operating Costs,Repairs & Maintenance,-487717.64,0.0,-487717.64,1.2381160381323844,-1.2419971929673344,OPERATING_COSTS,FAVORABLE,6,DRIVER_IDENTIFIED,ACCOUNT
2023,9,2023-09,2023-09-01,518,Other services,Operating Costs,Other Services,-478901.01,0.0,-478901.01,1.2157342128506923,-1.2195452067905956,OPERATING_COSTS,FAVORABLE,7,DRIVER_IDENTIFIED,ACCOUNT
2023,9,2023-09,2023-09-01,521,Payroll costs (Wages),Operating Costs,Payroll Costs,-1274310.12,0.0,-1274310.12,3.2349533166903774,-3.2450940097427416,OPERATING_COSTS,FAVORABLE,4,DRIVER_IDENTIFIED,ACCOUNT
2023,9,2023-09,2023-09-01,524,Statutory social and health insurance,Operating Costs,Social & Health Insurance,-941924.56,0.0,-941924.56,2.3911620347518894,-2.39865767313028,OPERATING_COSTS,FAVORABLE,5,DRIVER_IDENTIFIED,ACCOUNT
2023,9,2023-09,2023-09-01,548,Other operating expenses,Operating Costs,Other Operating Costs,-468058.49,0.0,-468058.49,1.1882094796756302,-1.1919341911121548,OPERATING_COSTS,FAVORABLE,8,DRIVER_IDENTIFIED,ACCOUNT
2023,9,2023-09,2023-09-01,549,Shortages and damages in operating area,Operating Costs,Shortages & Damages,-4868531.42,0.0,-4868531.42,12.359214305337472,-12.397957058746675,OPERATING_COSTS,FAVORABLE,3,DRIVER_IDENTIFIED,ACCOUNT
2023,10,2023-10,2023-10-01,501,Material consumption,Operating Costs,Material Consumption,-6898432.45,0.0,-6898432.45,16.65562368808532,-17.30645824809581,OPERATING_COSTS,FAVORABLE,2,DRIVER_IDENTIFIED,ACCOUNT
2023,10,2023-10,2023-10-01,502,Energy consumption,Operating Costs,Energy Consumption,-915631.88,0.0,-915631.88,2.2107080326769153,-2.297093581288235,OPERATING_COSTS,FAVORABLE,5,DRIVER_IDENTIFIED,ACCOUNT
2023,10,2023-10,2023-10-01,504,Cost of goods sold,Operating Costs,Cost of Goods Sold,-25293388.71,0.0,-25293388.71,61.068535091653445,-63.45484700114342,OPERATING_COSTS,FAVORABLE,1,DRIVER_IDENTIFIED,ACCOUNT
2023,10,2023-10,2023-10-01,511,Repairs and maintenance,Operating Costs,Repairs & Maintenance,778792.8,0.0,778792.8,1.8803227982308202,1.953798225148618,OPERATING_COSTS,UNFAVORABLE,7,DRIVER_IDENTIFIED,ACCOUNT
2023,10,2023-10,2023-10-01,518,Other services,Operating Costs,Other Services,-515153.97,0.0,-515153.97,1.2437913580995048,-1.292393705057705,OPERATING_COSTS,FAVORABLE,9,DRIVER_IDENTIFIED,ACCOUNT
2023,10,2023-10,2023-10-01,521,Payroll costs (Wages),Operating Costs,Payroll Costs,-758195.28,0.0,-758195.28,1.8305920014861465,-1.9021241495556447,OPERATING_COSTS,FAVORABLE,8,DRIVER_IDENTIFIED,ACCOUNT
2023,10,2023-10,2023-10-01,524,Statutory social and health insurance,Operating Costs,Social & Health Insurance,-783426.21,0.0,-783426.21,1.891509735830334,-1.965422303124667,OPERATING_COSTS,FAVORABLE,6,DRIVER_IDENTIFIED,ACCOUNT
2023,10,2023-10,2023-10-01,548,Other operating expenses,Operating Costs,Other Operating Costs,-1580530.84,0.0,-1580530.84,3.816044744839589,-3.9651603738306958,OPERATING_COSTS,FAVORABLE,4,DRIVER_IDENTIFIED,ACCOUNT
2023,10,2023-10,2023-10-01,549,Shortages and damages in operating area,Operating Costs,Shortages & Damages,-3639746.09,0.0,-3639746.09,8.787828486342564,-9.131221360333095,OPERATING_COSTS,FAVORABLE,3,DRIVER_IDENTIFIED,ACCOUNT
2023,10,2023-10,2023-10-01,582,Change in inventory of semi-finished goods,Operating Costs,Inventory Change,-254739.18,0.0,-254739.18,0.6150440627553626,-0.6390775027193553,OPERATING_COSTS,FAVORABLE,10,DRIVER_IDENTIFIED,ACCOUNT
2023,11,2023-11,2023-11-01,501,Material consumption,Operating Costs,Material Consumption,-6809360.64,0.0,-6809360.64,16.8478696732003,-16.8478696732003,OPERATING_COSTS,FAVORABLE,2,DRIVER_IDENTIFIED,ACCOUNT
2023,11,2023-11,2023-11-01,504,Cost of goods sold,Operating Costs,Cost of Goods Sold,-24456682.69,0.0,-24456682.69,60.51126153892971,-60.51126153892971,OPERATING_COSTS,FAVORABLE,1,DRIVER_IDENTIFIED,ACCOUNT
2023,11,2023-11,2023-11-01,511,Repairs and maintenance,Operating Costs,Repairs & Maintenance,-479509.85,0.0,-479509.85,1.1864138040155008,-1.1864138040155008,OPERATING_COSTS,FAVORABLE,7,DRIVER_IDENTIFIED,ACCOUNT
2023,11,2023-11,2023-11-01,518,Other services,Operating Costs,Other Services,-414517.13,0.0,-414517.13,1.0256073885299497,-1.0256073885299497,OPERATING_COSTS,FAVORABLE,8,DRIVER_IDENTIFIED,ACCOUNT
2023,11,2023-11,2023-11-01,521,Payroll costs (Wages),Operating Costs,Payroll Costs,-1540251.33,0.0,-1540251.33,3.8109236745923663,-3.8109236745923663,OPERATING_COSTS,FAVORABLE,4,DRIVER_IDENTIFIED,ACCOUNT
2023,11,2023-11,2023-11-01,524,Statutory social and health insurance,Operating Costs,Social & Health Insurance,-856951.39,0.0,-856951.39,2.1202879533470917,-2.1202879533470917,OPERATING_COSTS,FAVORABLE,5,DRIVER_IDENTIFIED,ACCOUNT
2023,11,2023-11,2023-11-01,548,Other operating expenses,Operating Costs,Other Operating Costs,-505000.9,0.0,-505000.9,1.2494843198742456,-1.2494843198742456,OPERATING_COSTS,FAVORABLE,6,DRIVER_IDENTIFIED,ACCOUNT
2023,11,2023-11,2023-11-01,549,Shortages and damages in operating area,Operating Costs,Shortages & Damages,-4979760.06,0.0,-4979760.06,12.32103172827223,-12.32103172827223,OPERATING_COSTS,FAVORABLE,3,DRIVER_IDENTIFIED,ACCOUNT
2023,11,2023-11,2023-11-01,582,Change in inventory of semi-finished goods,Operating Costs,Inventory Change,-374711.7,0.0,-374711.7,0.927119919238604,-0.927119919238604,OPERATING_COSTS,FAVORABLE,9,DRIVER_IDENTIFIED,ACCOUNT
2023,12,2023-12,2023-12-01,501,Material consumption,Operating Costs,Material Consumption,-6706150.72,0.0,-6706150.72,17.369643392239396,-17.739039712970104,OPERATING_COSTS,FAVORABLE,2,DRIVER_IDENTIFIED,ACCOUNT
2023,12,2023-12,2023-12-01,502,Energy consumption,Operating Costs,Energy Consumption,-493181.55,0.0,-493181.55,1.2773926517314964,-1.304558675524989,OPERATING_COSTS,FAVORABLE,7,DRIVER_IDENTIFIED,ACCOUNT
2023,12,2023-12,2023-12-01,504,Cost of goods sold,Operating Costs,Cost of Goods Sold,-22518046.68,0.0,-22518046.68,58.32413511896141,-59.56450145442521,OPERATING_COSTS,FAVORABLE,1,DRIVER_IDENTIFIED,ACCOUNT
2023,12,2023-12,2023-12-01,511,Repairs and maintenance,Operating Costs,Repairs & Maintenance,257901.36,0.0,257901.36,0.6679919436068914,0.6821979788532101,OPERATING_COSTS,UNFAVORABLE,8,DRIVER_IDENTIFIED,ACCOUNT
2023,12,2023-12,2023-12-01,518,Other services,Operating Costs,Other Services,144088.29,0.0,144088.29,0.3732039912007189,0.3811408370022369,OPERATING_COSTS,UNFAVORABLE,10,DRIVER_IDENTIFIED,ACCOUNT
2023,12,2023-12,2023-12-01,521,Payroll costs (Wages),Operating Costs,Payroll Costs,-1485590.54,0.0,-1485590.54,3.8478374531201056,-3.929668551540205,OPERATING_COSTS,FAVORABLE,4,DRIVER_IDENTIFIED,ACCOUNT
2023,12,2023-12,2023-12-01,524,Statutory social and health insurance,Operating Costs,Social & Health Insurance,-500804.01,0.0,-500804.01,1.2971356335849689,-1.324721526957372,OPERATING_COSTS,FAVORABLE,6,DRIVER_IDENTIFIED,ACCOUNT
2023,12,2023-12,2023-12-01,548,Other operating expenses,Operating Costs,Other Operating Costs,-857638.96,0.0,-857638.96,2.2213760943462764,-2.268617602860912,OPERATING_COSTS,FAVORABLE,5,DRIVER_IDENTIFIED,ACCOUNT
2023,12,2023-12,2023-12-01,549,Shortages and damages in operating area,Operating Costs,Shortages & Damages,-5496840.43,0.0,-5496840.43,14.237401161950602,-14.540184787798754,OPERATING_COSTS,FAVORABLE,3,DRIVER_IDENTIFIED,ACCOUNT
2023,12,2023-12,2023-12-01,582,Change in inventory of semi-finished goods,Operating Costs,Inventory Change,-148211.12,0.0,-148211.12,0.3838825592581374,-0.39204650377791955,OPERATING_COSTS,FAVORABLE,9,DRIVER_IDENTIFIED,ACCOUNT
2024,1,2024-01,2024-01-01,501,Material consumption,Operating Costs,Material Consumption,-6888421.18,0.0,-6888421.18,16.594606764517987,-17.02529788386917,OPERATING_COSTS,FAVORABLE,2,DRIVER_IDENTIFIED,ACCOUNT
2024,1,2024-01,2024-01-01,502,Energy consumption,Operating Costs,Energy Consumption,205198.02,0.0,205198.02,0.49433394993970114,0.5071637352581487,OPERATING_COSTS,UNFAVORABLE,9,DRIVER_IDENTIFIED,ACCOUNT
2024,1,2024-01,2024-01-01,504,Cost of goods sold,Operating Costs,Cost of Goods Sold,-26000528.15,0.0,-26000528.15,62.63678265953975,-64.26243769427522,OPERATING_COSTS,FAVORABLE,1,DRIVER_IDENTIFIED,ACCOUNT
2024,1,2024-01,2024-01-01,518,Other services,Operating Costs,Other Services,-722796.95,0.0,-722796.95,1.7412598391440066,-1.7864519403998018,OPERATING_COSTS,FAVORABLE,5,DRIVER_IDENTIFIED,ACCOUNT
2024,1,2024-01,2024-01-01,521,Payroll costs (Wages),Operating Costs,Payroll Costs,-1816830.41,0.0,-1816830.41,4.376849995657203,-4.490445361345074,OPERATING_COSTS,FAVORABLE,4,DRIVER_IDENTIFIED,ACCOUNT
2024,1,2024-01,2024-01-01,524,Statutory social and health insurance,Operating Costs,Social & Health Insurance,319843.84,0.0,319843.84,0.7705223899873974,0.7905202817927273,OPERATING_COSTS,UNFAVORABLE,8,DRIVER_IDENTIFIED,ACCOUNT
2024,1,2024-01,2024-01-01,548,Other operating expenses,Operating Costs,Other Operating Costs,-325173.44,0.0,-325173.44,0.7833617059788414,-0.8036928252872104,OPERATING_COSTS,FAVORABLE,7,DRIVER_IDENTIFIED,ACCOUNT
2024,1,2024-01,2024-01-01,549,Shortages and damages in operating area,Operating Costs,Shortages & Damages,-4828622.41,0.0,-4828622.41,11.632431875817609,-11.934336294311242,OPERATING_COSTS,FAVORABLE,3,DRIVER_IDENTIFIED,ACCOUNT
2024,1,2024-01,2024-01-01,582,Change in inventory of semi-finished goods,Operating Costs,Inventory Change,-402585.07,0.0,-402585.07,0.9698508194175124,-0.9950220175631482,OPERATING_COSTS,FAVORABLE,6,DRIVER_IDENTIFIED,ACCOUNT
2024,2,2024-02,2024-02-01,501,Material consumption,Operating Costs,Material Consumption,-6656038.15,0.0,-6656038.15,17.51792366708894,-17.51792366708894,OPERATING_COSTS,FAVORABLE,2,DRIVER_IDENTIFIED,ACCOUNT
2024,2,2024-02,2024-02-01,504,Cost of goods sold,Operating Costs,Cost of Goods Sold,-24349381.43,0.0,-24349381.43,64.08475967517899,-64.08475967517899,OPERATING_COSTS,FAVORABLE,1,DRIVER_IDENTIFIED,ACCOUNT
2024,2,2024-02,2024-02-01,511,Repairs and maintenance,Operating Costs,Repairs & Maintenance,-64572.22,0.0,-64572.22,0.16994662522697138,-0.16994662522697138,OPERATING_COSTS,FAVORABLE,9,DRIVER_IDENTIFIED,ACCOUNT
2024,2,2024-02,2024-02-01,518,Other services,Operating Costs,Other Services,-834536.37,0.0,-834536.37,2.1964033404870875,-2.1964033404870875,OPERATING_COSTS,FAVORABLE,4,DRIVER_IDENTIFIED,ACCOUNT
2024,2,2024-02,2024-02-01,521,Payroll costs (Wages),Operating Costs,Payroll Costs,-320355.11,0.0,-320355.11,0.8431376498858981,-0.8431376498858981,OPERATING_COSTS,FAVORABLE,7,DRIVER_IDENTIFIED,ACCOUNT
2024,2,2024-02,2024-02-01,524,Statutory social and health insurance,Operating Costs,Social & Health Insurance,-316506.1,0.0,-316506.1,0.8330075001099594,-0.8330075001099594,OPERATING_COSTS,FAVORABLE,8,DRIVER_IDENTIFIED,ACCOUNT
2024,2,2024-02,2024-02-01,548,Other operating expenses,Operating Costs,Other Operating Costs,-426323.76,0.0,-426323.76,1.1220348977636712,-1.1220348977636712,OPERATING_COSTS,FAVORABLE,6,DRIVER_IDENTIFIED,ACCOUNT
2024,2,2024-02,2024-02-01,549,Shortages and damages in operating area,Operating Costs,Shortages & Damages,-4455408.82,0.0,-4455408.82,11.726121433729285,-11.726121433729285,OPERATING_COSTS,FAVORABLE,3,DRIVER_IDENTIFIED,ACCOUNT
2024,2,2024-02,2024-02-01,582,Change in inventory of semi-finished goods,Operating Costs,Inventory Change,-572466.31,0.0,-572466.31,1.5066652105291907,-1.5066652105291907,OPERATING_COSTS,FAVORABLE,5,DRIVER_IDENTIFIED,ACCOUNT
2024,3,2024-03,2024-03-01,501,Material consumption,Operating Costs,Material Consumption,-6893397.51,0.0,-6893397.51,16.210919547564625,-17.489932210465778,OPERATING_COSTS,FAVORABLE,2,DRIVER_IDENTIFIED,ACCOUNT
2024,3,2024-03,2024-03-01,502,Energy consumption,Operating Costs,Energy Consumption,-42305.23,0.0,-42305.23,0.09948747028970008,-0.10733685439941547,OPERATING_COSTS,FAVORABLE,10,DRIVER_IDENTIFIED,ACCOUNT
2024,3,2024-03,2024-03-01,504,Cost of goods sold,Operating Costs,Cost of Goods Sold,-24817445.65,0.0,-24817445.65,58.36216672904558,-62.966837677030874,OPERATING_COSTS,FAVORABLE,1,DRIVER_IDENTIFIED,ACCOUNT
2024,3,2024-03,2024-03-01,511,Repairs and maintenance,Operating Costs,Repairs & Maintenance,1554828.15,0.0,1554828.15,3.6564254438213504,3.944910895240671,OPERATING_COSTS,UNFAVORABLE,5,DRIVER_IDENTIFIED,ACCOUNT
2024,3,2024-03,2024-03-01,518,Other services,Operating Costs,Other Services,-442793.02,0.0,-442793.02,1.041298142611128,-1.1234547103707382,OPERATING_COSTS,FAVORABLE,8,DRIVER_IDENTIFIED,ACCOUNT
2024,3,2024-03,2024-03-01,521,Payroll costs (Wages),Operating Costs,Payroll Costs,-1610482.59,0.0,-1610482.59,3.7873057025030765,-4.086117373091307,OPERATING_COSTS,FAVORABLE,4,DRIVER_IDENTIFIED,ACCOUNT
2024,3,2024-03,2024-03-01,524,Statutory social and health insurance,Operating Costs,Social & Health Insurance,-471917.65,0.0,-471917.65,1.1097893377145114,-1.1973497387099494,OPERATING_COSTS,FAVORABLE,7,DRIVER_IDENTIFIED,ACCOUNT
2024,3,2024-03,2024-03-01,548,Other operating expenses,Operating Costs,Other Operating Costs,-119933.2,0.0,-119933.2,0.28204197617525434,-0.3042945854698338,OPERATING_COSTS,FAVORABLE,9,DRIVER_IDENTIFIED,ACCOUNT
2024,3,2024-03,2024-03-01,549,Shortages and damages in operating area,Operating Costs,Shortages & Damages,-5985532.09,0.0,-5985532.09,14.07592976026655,-15.18649553370491,OPERATING_COSTS,FAVORABLE,3,DRIVER_IDENTIFIED,ACCOUNT
2024,3,2024-03,2024-03-01,582,Change in inventory of semi-finished goods,Operating Costs,Inventory Change,-584538.81,0.0,-584538.81,1.374635890008201,-1.483092211997845,OPERATING_COSTS,FAVORABLE,6,DRIVER_IDENTIFIED,ACCOUNT
2024,4,2024-04,2024-04-01,501,Material consumption,Operating Costs,Material Consumption,-6726707.0,0.0,-6726707.0,16.82328900592492,-17.65939006498613,OPERATING_COSTS,FAVORABLE,2,DRIVER_IDENTIFIED,ACCOUNT
2024,4,2024-04,2024-04-01,502,Energy consumption,Operating Costs,Energy Consumption,-227819.87,0.0,-227819.87,0.5697705451273921,-0.598087585632083,OPERATING_COSTS,FAVORABLE,8,DRIVER_IDENTIFIED,ACCOUNT
2024,4,2024-04,2024-04-01,504,Cost of goods sold,Operating Costs,Cost of Goods Sold,-23171953.14,0.0,-23171953.14,57.95234793279527,-60.832523115224156,OPERATING_COSTS,FAVORABLE,1,DRIVER_IDENTIFIED,ACCOUNT
2024,4,2024-04,2024-04-01,511,Repairs and maintenance,Operating Costs,Repairs & Maintenance,619651.92,0.0,619651.92,1.5497305491730604,1.6267506463114243,OPERATING_COSTS,UNFAVORABLE,5,DRIVER_IDENTIFIED,ACCOUNT
2024,4,2024-04,2024-04-01,518,Other services,Operating Costs,Other Services,174452.27,0.0,174452.27,0.43629980552886366,0.45798348042396936,OPERATING_COSTS,UNFAVORABLE,9,DRIVER_IDENTIFIED,ACCOUNT
2024,4,2024-04,2024-04-01,521,Payroll costs (Wages),Operating Costs,Payroll Costs,-1502216.49,0.0,-1502216.49,3.7569976157332445,-3.9437167337546195,OPERATING_COSTS,FAVORABLE,4,DRIVER_IDENTIFIED,ACCOUNT
2024,4,2024-04,2024-04-01,524,Statutory social and health insurance,Operating Costs,Social & Health Insurance,152448.26,0.0,152448.26,0.3812684477606032,0.40021711783617486,OPERATING_COSTS,UNFAVORABLE,10,DRIVER_IDENTIFIED,ACCOUNT
2024,4,2024-04,2024-04-01,548,Other operating expenses,Operating Costs,Other Operating Costs,-491316.98,0.0,-491316.98,1.2287687791453135,-1.2898373892858703,OPERATING_COSTS,FAVORABLE,6,DRIVER_IDENTIFIED,ACCOUNT
2024,4,2024-04,2024-04-01,549,Shortages and damages in operating area,Operating Costs,Shortages & Damages,-6495797.29,0.0,-6495797.29,16.245790865214417,-17.0531908298057,OPERATING_COSTS,FAVORABLE,3,DRIVER_IDENTIFIED,ACCOUNT
2024,4,2024-04,2024-04-01,582,Change in inventory of semi-finished goods,Operating Costs,Inventory Change,-422130.88,0.0,-422130.88,1.0557364535968954,-1.1082055258829993,OPERATING_COSTS,FAVORABLE,7,DRIVER_IDENTIFIED,ACCOUNT
2024,5,2024-05,2024-05-01,501,Material consumption,Operating Costs,Material Consumption,-7069046.04,0.0,-7069046.04,17.629672079229294,-17.702797125477442,OPERATING_COSTS,FAVORABLE,2,DRIVER_IDENTIFIED,ACCOUNT
2024,5,2024-05,2024-05-01,502,Energy consumption,Operating Costs,Energy Consumption,-109649.46,0.0,-109649.46,0.2734575517723703,-0.2745918097455416,OPERATING_COSTS,FAVORABLE,9,DRIVER_IDENTIFIED,ACCOUNT
2024,5,2024-05,2024-05-01,504,Cost of goods sold,Operating Costs,Cost of Goods Sold,-24901119.37,0.0,-24901119.37,62.101529175900616,-62.35911633762774,OPERATING_COSTS,FAVORABLE,1,DRIVER_IDENTIFIED,ACCOUNT
2024,5,2024-05,2024-05-01,511,Repairs and maintenance,Operating Costs,Repairs & Maintenance,82815.35,0.0,82815.35,0.20653528854744901,0.2073919637288723,OPERATING_COSTS,UNFAVORABLE,10,DRIVER_IDENTIFIED,ACCOUNT
2024,5,2024-05,2024-05-01,518,Other services,Operating Costs,Other Services,-432485.81,0.0,-432485.81,1.0785872614319352,-1.0830610680359614,OPERATING_COSTS,FAVORABLE,5,DRIVER_IDENTIFIED,ACCOUNT
2024,5,2024-05,2024-05-01,521,Payroll costs (Wages),Operating Costs,Payroll Costs,-1987288.42,0.0,-1987288.42,4.956148675960483,-4.976705984089278,OPERATING_COSTS,FAVORABLE,4,DRIVER_IDENTIFIED,ACCOUNT
2024,5,2024-05,2024-05-01,524,Statutory social and health insurance,Operating Costs,Social & Health Insurance,-379596.0,0.0,-379596.0,0.9466840312992392,-0.9506107245048776,OPERATING_COSTS,FAVORABLE,7,DRIVER_IDENTIFIED,ACCOUNT
2024,5,2024-05,2024-05-01,548,Other operating expenses,Operating Costs,Other Operating Costs,-376939.77,0.0,-376939.77,0.9400595923576857,-0.9439588084553101,OPERATING_COSTS,FAVORABLE,8,DRIVER_IDENTIFIED,ACCOUNT
2024,5,2024-05,2024-05-01,549,Shortages and damages in operating area,Operating Costs,Shortages & Damages,-4336381.83,0.0,-4336381.83,10.814611934997135,-10.85946920712043,OPERATING_COSTS,FAVORABLE,3,DRIVER_IDENTIFIED,ACCOUNT
2024,5,2024-05,2024-05-01,582,Change in inventory of semi-finished goods,Operating Costs,Inventory Change,-422111.46,0.0,-422111.46,1.0527144085037976,-1.0570808986723035,OPERATING_COSTS,FAVORABLE,6,DRIVER_IDENTIFIED,ACCOUNT
2024,6,2024-06,2024-06-01,501,Material consumption,Operating Costs,Material Consumption,-6622742.62,0.0,-6622742.62,18.597309558044646,-19.26516557720447,OPERATING_COSTS,FAVORABLE,2,DRIVER_IDENTIFIED,ACCOUNT
2024,6,2024-06,2024-06-01,502,Energy consumption,Operating Costs,Energy Consumption,-304182.82,0.0,-304182.82,0.854175134134833,-0.8848497864531211,OPERATING_COSTS,FAVORABLE,9,DRIVER_IDENTIFIED,ACCOUNT
2024,6,2024-06,2024-06-01,504,Cost of goods sold,Operating Costs,Cost of Goods Sold,-22470688.77,0.0,-22470688.77,63.099893656771386,-65.36590120240534,OPERATING_COSTS,FAVORABLE,1,DRIVER_IDENTIFIED,ACCOUNT
2024,6,2024-06,2024-06-01,511,Repairs and maintenance,Operating Costs,Repairs & Maintenance,-72746.36,0.0,-72746.36,0.20427889981038655,-0.21161484764735192,OPERATING_COSTS,FAVORABLE,10,DRIVER_IDENTIFIED,ACCOUNT
2024,6,2024-06,2024-06-01,518,Other services,Operating Costs,Other Services,617259.61,0.0,617259.61,1.7333254066346175,1.7955716042564036,OPERATING_COSTS,UNFAVORABLE,5,DRIVER_IDENTIFIED,ACCOUNT
2024,6,2024-06,2024-06-01,521,Payroll costs (Wages),Operating Costs,Payroll Costs,-527034.1,0.0,-527034.1,1.479963342640886,-1.5331109457086132,OPERATING_COSTS,FAVORABLE,6,DRIVER_IDENTIFIED,ACCOUNT
2024,6,2024-06,2024-06-01,524,Statutory social and health insurance,Operating Costs,Social & Health Insurance,-371090.71,0.0,-371090.71,1.0420590386743092,-1.0794808710703552,OPERATING_COSTS,FAVORABLE,8,DRIVER_IDENTIFIED,ACCOUNT
2024,6,2024-06,2024-06-01,548,Other operating expenses,Operating Costs,Other Operating Costs,-929477.21,0.0,-929477.21,2.6100629895107823,-2.703794089296505,OPERATING_COSTS,FAVORABLE,4,DRIVER_IDENTIFIED,ACCOUNT
2024,6,2024-06,2024-06-01,549,Shortages and damages in operating area,Operating Costs,Shortages & Damages,-3290324.86,0.0,-3290324.86,9.239554287246317,-9.57135991352962,OPERATING_COSTS,FAVORABLE,3,DRIVER_IDENTIFIED,ACCOUNT
2024,6,2024-06,2024-06-01,582,Change in inventory of semi-finished goods,Operating Costs,Inventory Change,-405747.14,0.0,-405747.14,1.1393776865318193,-1.1802943709410172,OPERATING_COSTS,FAVORABLE,7,DRIVER_IDENTIFIED,ACCOUNT
2024,7,2024-07,2024-07-01,501,Material consumption,Operating Costs,Material Consumption,-6958173.25,0.0,-6958173.25,16.83401328969194,-17.639956405832084,OPERATING_COSTS,FAVORABLE,2,DRIVER_IDENTIFIED,ACCOUNT
2024,7,2024-07,2024-07-01,502,Energy consumption,Operating Costs,Energy Consumption,640976.58,0.0,640976.58,1.5507242890368227,1.6249665712706047,OPERATING_COSTS,UNFAVORABLE,6,DRIVER_IDENTIFIED,ACCOUNT
2024,7,2024-07,2024-07-01,504,Cost of goods sold,Operating Costs,Cost of Goods Sold,-25855615.7,0.0,-25855615.7,62.55288028463038,-65.54765416252715,OPERATING_COSTS,FAVORABLE,1,DRIVER_IDENTIFIED,ACCOUNT
2024,7,2024-07,2024-07-01,511,Repairs and maintenance,Operating Costs,Repairs & Maintenance,-357114.72,0.0,-357114.72,0.8639730179791966,-0.905336482198245,OPERATING_COSTS,FAVORABLE,7,DRIVER_IDENTIFIED,ACCOUNT
2024,7,2024-07,2024-07-01,518,Other services,Operating Costs,Other Services,62154.24,0.0,62154.24,0.1503706884807305,0.15756981676729948,OPERATING_COSTS,UNFAVORABLE,10,DRIVER_IDENTIFIED,ACCOUNT
2024,7,2024-07,2024-07-01,521,Payroll costs (Wages),Operating Costs,Payroll Costs,-969417.95,0.0,-969417.95,2.345327439722188,-2.4576120430791377,OPERATING_COSTS,FAVORABLE,5,DRIVER_IDENTIFIED,ACCOUNT
2024,7,2024-07,2024-07-01,524,Statutory social and health insurance,Operating Costs,Social & Health Insurance,241113.67,0.0,241113.67,0.5833299314739536,0.6112573623616203,OPERATING_COSTS,UNFAVORABLE,8,DRIVER_IDENTIFIED,ACCOUNT
2024,7,2024-07,2024-07-01,548,Other operating expenses,Operating Costs,Other Operating Costs,-1304564.75,0.0,-1304564.75,3.1561531381478094,-3.307256731295851,OPERATING_COSTS,FAVORABLE,4,DRIVER_IDENTIFIED,ACCOUNT
2024,7,2024-07,2024-07-01,549,Shortages and damages in operating area,Operating Costs,Shortages & Damages,-4802881.71,0.0,-4802881.71,11.619684021946183,-12.175986561813225,OPERATING_COSTS,FAVORABLE,3,DRIVER_IDENTIFIED,ACCOUNT
2024,7,2024-07,2024-07-01,582,Change in inventory of semi-finished goods,Operating Costs,Inventory Change,-142000.48,0.0,-142000.48,0.343543898890795,-0.3599913636538485,OPERATING_COSTS,FAVORABLE,9,DRIVER_IDENTIFIED,ACCOUNT
2024,8,2024-08,2024-08-01,501,Material consumption,Operating Costs,Material Consumption,-6074659.35,0.0,-6074659.35,15.442641384835184,-16.49323084531963,OPERATING_COSTS,FAVORABLE,2,DRIVER_IDENTIFIED,ACCOUNT
2024,8,2024-08,2024-08-01,502,Energy consumption,Operating Costs,Energy Consumption,162448.18,0.0,162448.18,0.41296619988397465,0.44106100091720124,OPERATING_COSTS,UNFAVORABLE,10,DRIVER_IDENTIFIED,ACCOUNT
2024,8,2024-08,2024-08-01,504,Cost of goods sold,Operating Costs,Cost of Goods Sold,-22615324.82,0.0,-22615324.82,57.491347394948555,-61.40258266468006,OPERATING_COSTS,FAVORABLE,1,DRIVER_IDENTIFIED,ACCOUNT
2024,8,2024-08,2024-08-01,511,Repairs and maintenance,Operating Costs,Repairs & Maintenance,813247.34,0.0,813247.34,2.067389511938827,2.2080375771132155,OPERATING_COSTS,UNFAVORABLE,6,DRIVER_IDENTIFIED,ACCOUNT
2024,8,2024-08,2024-08-01,518,Other services,Operating Costs,Other Services,277150.36,0.0,277150.36,0.704555329371345,0.7524874405251119,OPERATING_COSTS,UNFAVORABLE,9,DRIVER_IDENTIFIED,ACCOUNT
2024,8,2024-08,2024-08-01,521,Payroll costs (Wages),Operating Costs,Payroll Costs,-1898869.95,0.0,-1898869.95,4.827195400560185,-5.155597808227805,OPERATING_COSTS,FAVORABLE,4,DRIVER_IDENTIFIED,ACCOUNT
2024,8,2024-08,2024-08-01,524,Statutory social and health insurance,Operating Costs,Social & Health Insurance,-360911.27,0.0,-360911.27,0.9174873837749317,-0.9799056289119293,OPERATING_COSTS,FAVORABLE,8,DRIVER_IDENTIFIED,ACCOUNT
2024,8,2024-08,2024-08-01,548,Other operating expenses,Operating Costs,Other Operating Costs,-1274500.19,0.0,-1274500.19,3.239959353288561,-3.4603793620252516,OPERATING_COSTS,FAVORABLE,5,DRIVER_IDENTIFIED,ACCOUNT
2024,8,2024-08,2024-08-01,549,Shortages and damages in operating area,Operating Costs,Shortages & Damages,-5424447.5,0.0,-5424447.5,13.78971109768744,-14.727848867083706,OPERATING_COSTS,FAVORABLE,3,DRIVER_IDENTIFIED,ACCOUNT
2024,8,2024-08,2024-08-01,582,Change in inventory of semi-finished goods,Operating Costs,Inventory Change,-435360.15,0.0,-435360.15,1.1067469437110173,-1.1820408423071462,OPERATING_COSTS,FAVORABLE,7,DRIVER_IDENTIFIED,ACCOUNT
2024,9,2024-09,2024-09-01,501,Material consumption,Operating Costs,Material Consumption,-5947864.46,0.0,-5947864.46,14.265418028288435,-14.581127309428263,OPERATING_COSTS,FAVORABLE,2,DRIVER_IDENTIFIED,ACCOUNT
2024,9,2024-09,2024-09-01,502,Energy consumption,Operating Costs,Energy Consumption,261383.58,0.0,261383.58,0.6269050109508668,0.6407791035261968,OPERATING_COSTS,UNFAVORABLE,9,DRIVER_IDENTIFIED,ACCOUNT
2024,9,2024-09,2024-09-01,504,Cost of goods sold,Operating Costs,Cost of Goods Sold,-24014255.62,0.0,-24014255.62,57.59603255274497,-58.87069565744159,OPERATING_COSTS,FAVORABLE,1,DRIVER_IDENTIFIED,ACCOUNT
2024,9,2024-09,2024-09-01,511,Repairs and maintenance,Operating Costs,Repairs & Maintenance,-816097.96,0.0,-816097.96,1.9573375670758664,-2.0006555851685786,OPERATING_COSTS,FAVORABLE,7,DRIVER_IDENTIFIED,ACCOUNT
2024,9,2024-09,2024-09-01,518,Other services,Operating Costs,Other Services,189996.94,0.0,189996.94,0.4556905745622246,0.4657755046660567,OPERATING_COSTS,UNFAVORABLE,10,DRIVER_IDENTIFIED,ACCOUNT
2024,9,2024-09,2024-09-01,521,Payroll costs (Wages),Operating Costs,Payroll Costs,-1993650.76,0.0,-1993650.76,4.781592063013308,-4.887413917649766,OPERATING_COSTS,FAVORABLE,4,DRIVER_IDENTIFIED,ACCOUNT
2024,9,2024-09,2024-09-01,524,Statutory social and health insurance,Operating Costs,Social & Health Insurance,-983959.26,0.0,-983959.26,2.3599377997099396,-2.412165800656262,OPERATING_COSTS,FAVORABLE,6,DRIVER_IDENTIFIED,ACCOUNT
2024,9,2024-09,2024-09-01,548,Other operating expenses,Operating Costs,Other Operating Costs,-1507474.72,0.0,-1507474.72,3.6155425518686184,-3.695558457306326,OPERATING_COSTS,FAVORABLE,5,DRIVER_IDENTIFIED,ACCOUNT
2024,9,2024-09,2024-09-01,549,Shortages and damages in operating area,Operating Costs,Shortages & Damages,-5475129.95,0.0,-5475129.95,13.13160681808004,-13.422223618830346,OPERATING_COSTS,FAVORABLE,3,DRIVER_IDENTIFIED,ACCOUNT
2024,9,2024-09,2024-09-01,582,Change in inventory of semi-finished goods,Operating Costs,Inventory Change,-504474.63,0.0,-504474.63,1.2099370337057307,-1.2367142617111213,OPERATING_COSTS,FAVORABLE,8,DRIVER_IDENTIFIED,ACCOUNT
2024,10,2024-10,2024-10-01,501,Material consumption,Operating Costs,Material Consumption,-7756614.06,0.0,-7756614.06,17.74713205821323,-17.897028381211257,OPERATING_COSTS,FAVORABLE,2,DRIVER_IDENTIFIED,ACCOUNT
2024,10,2024-10,2024-10-01,502,Energy consumption,Operating Costs,Energy Consumption,-86508.19,0.0,-86508.19,0.1979307285590281,-0.1996024966127058,OPERATING_COSTS,FAVORABLE,9,DRIVER_IDENTIFIED,ACCOUNT
2024,10,2024-10,2024-10-01,504,Cost of goods sold,Operating Costs,Cost of Goods Sold,-25250727.64,0.0,-25250727.64,57.773661874451285,-58.261631392720815,OPERATING_COSTS,FAVORABLE,1,DRIVER_IDENTIFIED,ACCOUNT
2024,10,2024-10,2024-10-01,511,Repairs and maintenance,Operating Costs,Repairs & Maintenance,183030.75,0.0,183030.75,0.4187743345018007,0.4223113979947563,OPERATING_COSTS,UNFAVORABLE,7,DRIVER_IDENTIFIED,ACCOUNT
2024,10,2024-10,2024-10-01,518,Other services,Operating Costs,Other Services,-121524.22,0.0,-121524.22,0.2780474010861586,-0.28039585281938867,OPERATING_COSTS,FAVORABLE,8,DRIVER_IDENTIFIED,ACCOUNT
2024,10,2024-10,2024-10-01,521,Payroll costs (Wages),Operating Costs,Payroll Costs,-1664787.33,0.0,-1664787.33,3.809033215499471,-3.8412051783443917,OPERATING_COSTS,FAVORABLE,5,DRIVER_IDENTIFIED,ACCOUNT
2024,10,2024-10,2024-10-01,524,Statutory social and health insurance,Operating Costs,Social & Health Insurance,-1284399.04,0.0,-1284399.04,2.9387048526586477,-2.9635258237510524,OPERATING_COSTS,FAVORABLE,6,DRIVER_IDENTIFIED,ACCOUNT
2024,10,2024-10,2024-10-01,548,Other operating expenses,Operating Costs,Other Operating Costs,-2001181.27,0.0,-2001181.27,4.578702510707728,-4.61737527587371,OPERATING_COSTS,FAVORABLE,4,DRIVER_IDENTIFIED,ACCOUNT
2024,10,2024-10,2024-10-01,549,Shortages and damages in operating area,Operating Costs,Shortages & Damages,-5357523.45,0.0,-5357523.45,12.258013024322644,-12.361546996661435,OPERATING_COSTS,FAVORABLE,3,DRIVER_IDENTIFIED,ACCOUNT
2024,11,2024-11,2024-11-01,501,Material consumption,Operating Costs,Material Consumption,-6647980.47,0.0,-6647980.47,17.104130237153896,-17.104130237153896,OPERATING_COSTS,FAVORABLE,2,DRIVER_IDENTIFIED,ACCOUNT
2024,11,2024-11,2024-11-01,502,Energy consumption,Operating Costs,Energy Consumption,-821588.45,0.0,-821588.45,2.113808232974758,-2.113808232974758,OPERATING_COSTS,FAVORABLE,6,DRIVER_IDENTIFIED,ACCOUNT
2024,11,2024-11,2024-11-01,504,Cost of goods sold,Operating Costs,Cost of Goods Sold,-22734012.92,0.0,-22734012.92,58.490773183155774,-58.490773183155774,OPERATING_COSTS,FAVORABLE,1,DRIVER_IDENTIFIED,ACCOUNT
2024,11,2024-11,2024-11-01,511,Repairs and maintenance,Operating Costs,Repairs & Maintenance,-236408.23,0.0,-236408.23,0.6082384226762075,-0.6082384226762075,OPERATING_COSTS,FAVORABLE,8,DRIVER_IDENTIFIED,ACCOUNT
2024,11,2024-11,2024-11-01,521,Payroll costs (Wages),Operating Costs,Payroll Costs,-1429752.52,0.0,-1429752.52,3.678511605040708,-3.678511605040708,OPERATING_COSTS,FAVORABLE,5,DRIVER_IDENTIFIED,ACCOUNT
2024,11,2024-11,2024-11-01,524,Statutory social and health insurance,Operating Costs,Social & Health Insurance,-233103.02,0.0,-233103.02,0.599734675928416,-0.599734675928416,OPERATING_COSTS,FAVORABLE,9,DRIVER_IDENTIFIED,ACCOUNT
2024,11,2024-11,2024-11-01,548,Other operating expenses,Operating Costs,Other Operating Costs,-1634217.74,0.0,-1634217.74,4.204566061372214,-4.204566061372214,OPERATING_COSTS,FAVORABLE,4,DRIVER_IDENTIFIED,ACCOUNT
2024,11,2024-11,2024-11-01,549,Shortages and damages in operating area,Operating Costs,Shortages & Damages,-4821895.75,0.0,-4821895.75,12.405922861861065,-12.405922861861065,OPERATING_COSTS,FAVORABLE,3,DRIVER_IDENTIFIED,ACCOUNT
2024,11,2024-11,2024-11-01,582,Change in inventory of semi-finished goods,Operating Costs,Inventory Change,-308731.79,0.0,-308731.79,0.7943147198369622,-0.7943147198369622,OPERATING_COSTS,FAVORABLE,7,DRIVER_IDENTIFIED,ACCOUNT
2024,12,2024-12,2024-12-01,501,Material consumption,Operating Costs,Material Consumption,-6845705.22,0.0,-6845705.22,16.64953049516275,-16.845474282918506,OPERATING_COSTS,FAVORABLE,2,DRIVER_IDENTIFIED,ACCOUNT
2024,12,2024-12,2024-12-01,502,Energy consumption,Operating Costs,Energy Consumption,-534428.16,0.0,-534428.16,1.2997898187900236,-1.315086691002371,OPERATING_COSTS,FAVORABLE,8,DRIVER_IDENTIFIED,ACCOUNT
2024,12,2024-12,2024-12-01,504,Cost of goods sold,Operating Costs,Cost of Goods Sold,-24600737.26,0.0,-24600737.26,59.83177949544496,-60.53592340544356,OPERATING_COSTS,FAVORABLE,1,DRIVER_IDENTIFIED,ACCOUNT
2024,12,2024-12,2024-12-01,511,Repairs and maintenance,Operating Costs,Repairs & Maintenance,239130.22,0.0,239130.22,0.5815917808691413,0.5884363760668393,OPERATING_COSTS,UNFAVORABLE,9,DRIVER_IDENTIFIED,ACCOUNT
2024,12,2024-12,2024-12-01,518,Other services,Operating Costs,Other Services,-169677.29,0.0,-169677.29,0.4126743883067132,-0.41753104073772923,OPERATING_COSTS,FAVORABLE,10,DRIVER_IDENTIFIED,ACCOUNT
2024,12,2024-12,2024-12-01,521,Payroll costs (Wages),Operating Costs,Payroll Costs,-817730.84,0.0,-817730.84,1.988814025710422,-2.012219836069621,OPERATING_COSTS,FAVORABLE,6,DRIVER_IDENTIFIED,ACCOUNT
2024,12,2024-12,2024-12-01,524,Statutory social and health insurance,Operating Costs,Social & Health Insurance,-997714.44,0.0,-997714.44,2.4265545273134363,-2.455111986361054,OPERATING_COSTS,FAVORABLE,4,DRIVER_IDENTIFIED,ACCOUNT
2024,12,2024-12,2024-12-01,548,Other operating expenses,Operating Costs,Other Operating Costs,-842861.71,0.0,-842861.71,2.049935148076683,-2.0740602762708082,OPERATING_COSTS,FAVORABLE,5,DRIVER_IDENTIFIED,ACCOUNT
2024,12,2024-12,2024-12-01,549,Shortages and damages in operating area,Operating Costs,Shortages & Damages,-5444132.25,0.0,-5444132.25,13.240746278595092,-13.396573013727032,OPERATING_COSTS,FAVORABLE,3,DRIVER_IDENTIFIED,ACCOUNT
2024,12,2024-12,2024-12-01,582,Change in inventory of semi-finished goods,Operating Costs,Inventory Change,-624388.7,0.0,-624388.7,1.5185840417307692,-1.536455843536149,OPERATING_COSTS,FAVORABLE,7,DRIVER_IDENTIFIED,ACCOUNT
2025,1,2025-01,2025-01-01,501,Material consumption,Operating Costs,Material Consumption,-7416394.2,0.0,-7416394.2,16.96902393802132,-17.361876680138295,OPERATING_COSTS,FAVORABLE,2,DRIVER_IDENTIFIED,ACCOUNT
2025,1,2025-01,2025-01-01,502,Energy consumption,Operating Costs,Energy Consumption,-419821.19,0.0,-419821.19,0.9605686578524367,-0.9828069452523044,OPERATING_COSTS,FAVORABLE,9,DRIVER_IDENTIFIED,ACCOUNT
2025,1,2025-01,2025-01-01,504,Cost of goods sold,Operating Costs,Cost of Goods Sold,-27352922.15,0.0,-27352922.15,62.58464399562034,-64.03355166985638,OPERATING_COSTS,FAVORABLE,1,DRIVER_IDENTIFIED,ACCOUNT
2025,1,2025-01,2025-01-01,511,Repairs and maintenance,Operating Costs,Repairs & Maintenance,-790745.21,0.0,-790745.21,1.809258520449964,-1.85114497034557,OPERATING_COSTS,FAVORABLE,6,DRIVER_IDENTIFIED,ACCOUNT
2025,1,2025-01,2025-01-01,518,Other services,Operating Costs,Other Services,494469.0,0.0,494469.0,1.1313660077035095,1.1575584534262353,OPERATING_COSTS,UNFAVORABLE,8,DRIVER_IDENTIFIED,ACCOUNT
2025,1,2025-01,2025-01-01,521,Payroll costs (Wages),Operating Costs,Payroll Costs,-1306333.02,0.0,-1306333.02,2.9889452595990225,-3.0581428366405645,OPERATING_COSTS,FAVORABLE,4,DRIVER_IDENTIFIED,ACCOUNT
2025,1,2025-01,2025-01-01,524,Statutory social and health insurance,Operating Costs,Social & Health Insurance,-960053.86,0.0,-960053.86,2.1966438801391877,-2.2474987539916302,OPERATING_COSTS,FAVORABLE,5,DRIVER_IDENTIFIED,ACCOUNT
2025,1,2025-01,2025-01-01,548,Other operating expenses,Operating Costs,Other Operating Costs,-717688.36,0.0,-717688.36,1.642101354439771,-1.6801179205240595,OPERATING_COSTS,FAVORABLE,7,DRIVER_IDENTIFIED,ACCOUNT
2025,1,2025-01,2025-01-01,549,Shortages and damages in operating area,Operating Costs,Shortages & Damages,-3981217.9,0.0,-3981217.9,9.109195119048414,-9.320083635327684,OPERATING_COSTS,FAVORABLE,3,DRIVER_IDENTIFIED,ACCOUNT
2025,1,2025-01,2025-01-01,582,Change in inventory of semi-finished goods,Operating Costs,Inventory Change,-265840.04,0.0,-265840.04,0.6082532671260307,-0.6223350413497479,OPERATING_COSTS,FAVORABLE,10,DRIVER_IDENTIFIED,ACCOUNT
2025,2,2025-02,2025-02-01,501,Material consumption,Operating Costs,Material Consumption,-6071977.65,0.0,-6071977.65,16.825393944973925,-17.270566545775925,OPERATING_COSTS,FAVORABLE,2,DRIVER_IDENTIFIED,ACCOUNT
2025,2,2025-02,2025-02-01,502,Energy consumption,Operating Costs,Energy Consumption,83840.79,0.0,83840.79,0.23232205415114304,0.23846891843309478,OPERATING_COSTS,UNFAVORABLE,8,DRIVER_IDENTIFIED,ACCOUNT
2025,2,2025-02,2025-02-01,504,Cost of goods sold,Operating Costs,Cost of Goods Sold,-22165577.85,0.0,-22165577.85,61.42061134632769,-63.0457009808002,OPERATING_COSTS,FAVORABLE,1,DRIVER_IDENTIFIED,ACCOUNT
2025,2,2025-02,2025-02-01,511,Repairs and maintenance,Operating Costs,Repairs & Maintenance,381270.38,0.0,381270.38,1.0564966989049946,1.084449885898917,OPERATING_COSTS,UNFAVORABLE,7,DRIVER_IDENTIFIED,ACCOUNT
2025,2,2025-02,2025-02-01,521,Payroll costs (Wages),Operating Costs,Payroll Costs,-1087067.6,0.0,-1087067.6,3.012254271854465,-3.0919536282477798,OPERATING_COSTS,FAVORABLE,5,DRIVER_IDENTIFIED,ACCOUNT
2025,2,2025-02,2025-02-01,524,Statutory social and health insurance,Operating Costs,Social & Health Insurance,-831132.64,0.0,-831132.64,2.303060863296523,-2.363996113768045,OPERATING_COSTS,FAVORABLE,6,DRIVER_IDENTIFIED,ACCOUNT
2025,2,2025-02,2025-02-01,548,Other operating expenses,Operating Costs,Other Operating Costs,-1612861.03,0.0,-1612861.03,4.469223006485606,-4.587471389606268,OPERATING_COSTS,FAVORABLE,4,DRIVER_IDENTIFIED,ACCOUNT
2025,2,2025-02,2025-02-01,549,Shortages and damages in operating area,Operating Costs,Shortages & Damages,-3854447.29,0.0,-3854447.29,10.680637814005648,-10.963230146133801,OPERATING_COSTS,FAVORABLE,3,DRIVER_IDENTIFIED,ACCOUNT
2025,3,2025-03,2025-03-01,501,Material consumption,Operating Costs,Material Consumption,-7050446.44,0.0,-7050446.44,17.298696564680675,-17.547055538221503,OPERATING_COSTS,FAVORABLE,3,DRIVER_IDENTIFIED,ACCOUNT
2025,3,2025-03,2025-03-01,502,Energy consumption,Operating Costs,Energy Consumption,172217.25,0.0,172217.25,0.4225454340099566,0.42861195756984966,OPERATING_COSTS,UNFAVORABLE,7,DRIVER_IDENTIFIED,ACCOUNT
2025,3,2025-03,2025-03-01,504,Cost of goods sold,Operating Costs,Cost of Goods Sold,-22949333.9,0.0,-22949333.9,56.30757809113145,-57.11599115537561,OPERATING_COSTS,FAVORABLE,1,DRIVER_IDENTIFIED,ACCOUNT
2025,3,2025-03,2025-03-01,511,Repairs and maintenance,Operating Costs,Repairs & Maintenance,47184.78,0.0,47184.78,0.11577071021494256,0.11743284092216481,OPERATING_COSTS,UNFAVORABLE,10,DRIVER_IDENTIFIED,ACCOUNT
2025,3,2025-03,2025-03-01,518,Other services,Operating Costs,Other Services,69033.56,0.0,69033.56,0.16937801278009243,0.1718097884481123,OPERATING_COSTS,UNFAVORABLE,8,DRIVER_IDENTIFIED,ACCOUNT
2025,3,2025-03,2025-03-01,521,Payroll costs (Wages),Operating Costs,Payroll Costs,-1786081.15,0.0,-1786081.15,4.382258076375928,-4.4451745576015655,OPERATING_COSTS,FAVORABLE,4,DRIVER_IDENTIFIED,ACCOUNT
2025,3,2025-03,2025-03-01,524,Statutory social and health insurance,Operating Costs,Social & Health Insurance,-966002.9,0.0,-966002.9,2.3701465134031383,-2.40417492433047,OPERATING_COSTS,FAVORABLE,5,DRIVER_IDENTIFIED,ACCOUNT
2025,3,2025-03,2025-03-01,548,Other operating expenses,Operating Costs,Other Operating Costs,-470027.85,0.0,-470027.85,1.1532417448020842,-1.1697989423292243,OPERATING_COSTS,FAVORABLE,6,DRIVER_IDENTIFIED,ACCOUNT
2025,3,2025-03,2025-03-01,549,Shortages and damages in operating area,Operating Costs,Shortages & Damages,-7183696.67,0.0,-7183696.67,17.625634059428016,-17.878686904573787,OPERATING_COSTS,FAVORABLE,2,DRIVER_IDENTIFIED,ACCOUNT
2025,3,2025-03,2025-03-01,582,Change in inventory of semi-finished goods,Operating Costs,Inventory Change,-63071.93,0.0,-63071.93,0.15475079317371285,-0.1569725645079603,OPERATING_COSTS,FAVORABLE,9,DRIVER_IDENTIFIED,ACCOUNT
2025,4,2025-04,2025-04-01,501,Material consumption,Operating Costs,Material Consumption,-6989525.65,0.0,-6989525.65,17.347319983045033,-17.407035835454607,OPERATING_COSTS,FAVORABLE,2,DRIVER_IDENTIFIED,ACCOUNT
2025,4,2025-04,2025-04-01,502,Energy consumption,Operating Costs,Energy Consumption,-875011.06,0.0,-875011.06,2.171691986926669,-2.179167749078812,OPERATING_COSTS,FAVORABLE,6,DRIVER_IDENTIFIED,ACCOUNT
2025,4,2025-04,2025-04-01,504,Cost of goods sold,Operating Costs,Cost of Goods Sold,-23906954.56,0.0,-23906954.56,59.334726180229055,-59.53897811971044,OPERATING_COSTS,FAVORABLE,1,DRIVER_IDENTIFIED,ACCOUNT
2025,4,2025-04,2025-04-01,511,Repairs and maintenance,Operating Costs,Repairs & Maintenance,50619.11,0.0,50619.11,0.12563168695531643,0.12606415740513358,OPERATING_COSTS,UNFAVORABLE,9,DRIVER_IDENTIFIED,ACCOUNT
2025,4,2025-04,2025-04-01,518,Other services,Operating Costs,Other Services,18492.36,0.0,18492.36,0.04589623133605106,0.04605422303616947,OPERATING_COSTS,UNFAVORABLE,10,DRIVER_IDENTIFIED,ACCOUNT
2025,4,2025-04,2025-04-01,521,Payroll costs (Wages),Operating Costs,Payroll Costs,-1336698.63,0.0,-1336698.63,3.3175554417641937,-3.328975687157407,OPERATING_COSTS,FAVORABLE,4,DRIVER_IDENTIFIED,ACCOUNT
2025,4,2025-04,2025-04-01,524,Statutory social and health insurance,Operating Costs,Social & Health Insurance,-613206.0,0.0,-613206.0,1.521917399004482,-1.5271563981621237,OPERATING_COSTS,FAVORABLE,7,DRIVER_IDENTIFIED,ACCOUNT
2025,4,2025-04,2025-04-01,548,Other operating expenses,Operating Costs,Other Operating Costs,-980041.2,0.0,-980041.2,2.432366535913268,-2.440739635689288,OPERATING_COSTS,FAVORABLE,5,DRIVER_IDENTIFIED,ACCOUNT
2025,4,2025-04,2025-04-01,549,Shortages and damages in operating area,Operating Costs,Shortages & Damages,-5119617.32,0.0,-5119617.32,12.706390145485688,-12.750130211347615,OPERATING_COSTS,FAVORABLE,3,DRIVER_IDENTIFIED,ACCOUNT
2025,4,2025-04,2025-04-01,582,Change in inventory of semi-finished goods,Operating Costs,Inventory Change,-401508.31,0.0,-401508.31,0.9965044093402302,-0.9999347438409955,OPERATING_COSTS,FAVORABLE,8,DRIVER_IDENTIFIED,ACCOUNT
2025,5,2025-05,2025-05-01,501,Material consumption,Operating Costs,Material Consumption,-6587593.11,0.0,-6587593.11,16.49213713770136,-16.900749817778944,OPERATING_COSTS,FAVORABLE,2,DRIVER_IDENTIFIED,ACCOUNT
2025,5,2025-05,2025-05-01,502,Energy consumption,Operating Costs,Energy Consumption,-842613.36,0.0,-842613.36,2.1094950545874447,-2.1617603505080636,OPERATING_COSTS,FAVORABLE,7,DRIVER_IDENTIFIED,ACCOUNT
2025,5,2025-05,2025-05-01,504,Cost of goods sold,Operating Costs,Cost of Goods Sold,-22918912.94,0.0,-22918912.94,57.377838755666296,-58.79944423197633,OPERATING_COSTS,FAVORABLE,1,DRIVER_IDENTIFIED,ACCOUNT
2025,5,2025-05,2025-05-01,511,Repairs and maintenance,Operating Costs,Repairs & Maintenance,-41616.42,0.0,-41616.42,0.10418732522782931,-0.10676869244761414,OPERATING_COSTS,FAVORABLE,10,DRIVER_IDENTIFIED,ACCOUNT
2025,5,2025-05,2025-05-01,518,Other services,Operating Costs,Other Services,482864.97,0.0,482864.97,1.2088596200854385,1.2388105818726463,OPERATING_COSTS,UNFAVORABLE,8,DRIVER_IDENTIFIED,ACCOUNT
2025,5,2025-05,2025-05-01,521,Payroll costs (Wages),Operating Costs,Payroll Costs,-1946107.18,0.0,-1946107.18,4.872108213317575,-4.992820597531304,OPERATING_COSTS,FAVORABLE,5,DRIVER_IDENTIFIED,ACCOUNT
2025,5,2025-05,2025-05-01,524,Statutory social and health insurance,Operating Costs,Social & Health Insurance,-1968128.7,0.0,-1968128.7,4.92723941552697,-5.049317742074466,OPERATING_COSTS,FAVORABLE,4,DRIVER_IDENTIFIED,ACCOUNT
2025,5,2025-05,2025-05-01,548,Other operating expenses,Operating Costs,Other Operating Costs,-974442.52,0.0,-974442.52,2.4395313135311874,-2.4999736576514295,OPERATING_COSTS,FAVORABLE,6,DRIVER_IDENTIFIED,ACCOUNT
2025,5,2025-05,2025-05-01,549,Shortages and damages in operating area,Operating Costs,Shortages & Damages,-3858405.16,0.0,-3858405.16,9.659574592568386,-9.898902257001623,OPERATING_COSTS,FAVORABLE,3,DRIVER_IDENTIFIED,ACCOUNT
2025,5,2025-05,2025-05-01,582,Change in inventory of semi-finished goods,Operating Costs,Inventory Change,-323157.09,0.0,-323157.09,0.809028571787504,-0.8290732349028573,OPERATING_COSTS,FAVORABLE,9,DRIVER_IDENTIFIED,ACCOUNT
2025,6,2025-06,2025-06-01,501,Material consumption,Operating Costs,Material Consumption,-6326170.96,0.0,-6326170.96,16.051868986270716,-16.17163156367668,OPERATING_COSTS,FAVORABLE,2,DRIVER_IDENTIFIED,ACCOUNT
2025,6,2025-06,2025-06-01,502,Energy consumption,Operating Costs,Energy Consumption,99017.76,0.0,99017.76,0.2512452035969001,0.2531197375324429,OPERATING_COSTS,UNFAVORABLE,8,DRIVER_IDENTIFIED,ACCOUNT
2025,6,2025-06,2025-06-01,504,Cost of goods sold,Operating Costs,Cost of Goods Sold,-25416629.97,0.0,-25416629.97,64.4915252734431,-64.97269486772495,OPERATING_COSTS,FAVORABLE,1,DRIVER_IDENTIFIED,ACCOUNT
2025,6,2025-06,2025-06-01,511,Repairs and maintenance,Operating Costs,Repairs & Maintenance,-133334.75,0.0,-133334.75,0.33832028123330377,-0.340844480060485,OPERATING_COSTS,FAVORABLE,7,DRIVER_IDENTIFIED,ACCOUNT
2025,6,2025-06,2025-06-01,518,Other services,Operating Costs,Other Services,-396040.5,0.0,-396040.5,1.0049033229505304,-1.012400880531103,OPERATING_COSTS,FAVORABLE,6,DRIVER_IDENTIFIED,ACCOUNT
2025,6,2025-06,2025-06-01,521,Payroll costs (Wages),Operating Costs,Payroll Costs,-2083985.31,0.0,-2083985.31,5.287852537806339,-5.327305068188441,OPERATING_COSTS,FAVORABLE,4,DRIVER_IDENTIFIED,ACCOUNT
2025,6,2025-06,2025-06-01,524,Statutory social and health insurance,Operating Costs,Social & Health Insurance,46914.94,0.0,46914.94,0.11904080290279595,0.11992896324003197,OPERATING_COSTS,UNFAVORABLE,10,DRIVER_IDENTIFIED,ACCOUNT
2025,6,2025-06,2025-06-01,548,Other operating expenses,Operating Costs,Other Operating Costs,-826895.56,0.0,-826895.56,2.0981442452906705,-2.1137984449854494,OPERATING_COSTS,FAVORABLE,5,DRIVER_IDENTIFIED,ACCOUNT
2025,6,2025-06,2025-06-01,549,Shortages and damages in operating area,Operating Costs,Shortages & Damages,-4028340.65,0.0,-4028340.65,10.221411459589865,-10.297673144891082,OPERATING_COSTS,FAVORABLE,3,DRIVER_IDENTIFIED,ACCOUNT
2025,6,2025-06,2025-06-01,582,Change in inventory of semi-finished goods,Operating Costs,Inventory Change,-53475.69,0.0,-53475.69,0.13568788691578879,-0.13670025071427877,OPERATING_COSTS,FAVORABLE,9,DRIVER_IDENTIFIED,ACCOUNT
2025,7,2025-07,2025-07-01,501,Material consumption,Operating Costs,Material Consumption,-6513180.96,0.0,-6513180.96,14.66833349977477,-14.66833349977477,OPERATING_COSTS,FAVORABLE,2,DRIVER_IDENTIFIED,ACCOUNT
2025,7,2025-07,2025-07-01,504,Cost of goods sold,Operating Costs,Cost of Goods Sold,-26317453.84,0.0,-26317453.84,59.269532377624614,-59.269532377624614,OPERATING_COSTS,FAVORABLE,1,DRIVER_IDENTIFIED,ACCOUNT
2025,7,2025-07,2025-07-01,511,Repairs and maintenance,Operating Costs,Repairs & Maintenance,-292041.7,0.0,-292041.7,0.6577070524755041,-0.6577070524755041,OPERATING_COSTS,FAVORABLE,8,DRIVER_IDENTIFIED,ACCOUNT
2025,7,2025-07,2025-07-01,518,Other services,Operating Costs,Other Services,-705413.42,0.0,-705413.42,1.588661418026483,-1.588661418026483,OPERATING_COSTS,FAVORABLE,6,DRIVER_IDENTIFIED,ACCOUNT
2025,7,2025-07,2025-07-01,521,Payroll costs (Wages),Operating Costs,Payroll Costs,-1961172.54,0.0,-1961172.54,4.416756273776304,-4.416756273776304,OPERATING_COSTS,FAVORABLE,4,DRIVER_IDENTIFIED,ACCOUNT
2025,7,2025-07,2025-07-01,524,Statutory social and health insurance,Operating Costs,Social & Health Insurance,-424502.05,0.0,-424502.05,0.9560209794536499,-0.9560209794536499,OPERATING_COSTS,FAVORABLE,7,DRIVER_IDENTIFIED,ACCOUNT
2025,7,2025-07,2025-07-01,548,Other operating expenses,Operating Costs,Other Operating Costs,-1572080.26,0.0,-1572080.26,3.5404816300532564,-3.5404816300532564,OPERATING_COSTS,FAVORABLE,5,DRIVER_IDENTIFIED,ACCOUNT
2025,7,2025-07,2025-07-01,549,Shortages and damages in operating area,Operating Costs,Shortages & Damages,-6338138.31,0.0,-6338138.31,14.274119983728939,-14.274119983728939,OPERATING_COSTS,FAVORABLE,3,DRIVER_IDENTIFIED,ACCOUNT
2025,7,2025-07,2025-07-01,582,Change in inventory of semi-finished goods,Operating Costs,Inventory Change,-279022.62,0.0,-279022.62,0.628386785086488,-0.628386785086488,OPERATING_COSTS,FAVORABLE,9,DRIVER_IDENTIFIED,ACCOUNT
2025,8,2025-08,2025-08-01,501,Material consumption,Operating Costs,Material Consumption,-6487223.7,0.0,-6487223.7,16.62868644929655,-17.00687603926581,OPERATING_COSTS,FAVORABLE,2,DRIVER_IDENTIFIED,ACCOUNT
2025,8,2025-08,2025-08-01,502,Energy consumption,Operating Costs,Energy Consumption,124180.58,0.0,124180.58,0.3183118115553477,0.32555124167278693,OPERATING_COSTS,UNFAVORABLE,10,DRIVER_IDENTIFIED,ACCOUNT
2025,8,2025-08,2025-08-01,504,Cost of goods sold,Operating Costs,Cost of Goods Sold,-24561912.66,0.0,-24561912.66,62.95949748397721,-64.3913981100873,OPERATING_COSTS,FAVORABLE,1,DRIVER_IDENTIFIED,ACCOUNT
2025,8,2025-08,2025-08-01,511,Repairs and maintenance,Operating Costs,Repairs & Maintenance,309585.87,0.0,309585.87,0.7935607895504949,0.8116089036051368,OPERATING_COSTS,UNFAVORABLE,8,DRIVER_IDENTIFIED,ACCOUNT
2025,8,2025-08,2025-08-01,518,Other services,Operating Costs,Other Services,-442475.5,0.0,-442475.5,1.13419649009417,-1.1599917510031537,OPERATING_COSTS,FAVORABLE,7,DRIVER_IDENTIFIED,ACCOUNT
2025,8,2025-08,2025-08-01,521,Payroll costs (Wages),Operating Costs,Payroll Costs,-1498724.6,0.0,-1498724.6,3.8416775187276784,-3.929049570033824,OPERATING_COSTS,FAVORABLE,4,DRIVER_IDENTIFIED,ACCOUNT
2025,8,2025-08,2025-08-01,524,Statutory social and health insurance,Operating Costs,Social & Health Insurance,-692823.29,0.0,-692823.29,1.7759124375778892,-1.8163023744882278,OPERATING_COSTS,FAVORABLE,5,DRIVER_IDENTIFIED,ACCOUNT
2025,8,2025-08,2025-08-01,548,Other operating expenses,Operating Costs,Other Operating Costs,-503695.66,0.0,-503695.66,1.2911219935288312,-1.3204862430034865,OPERATING_COSTS,FAVORABLE,6,DRIVER_IDENTIFIED,ACCOUNT
2025,8,2025-08,2025-08-01,549,Shortages and damages in operating area,Operating Costs,Shortages & Damages,-4160289.65,0.0,-4160289.65,10.664061442509478,-10.906596355693814,OPERATING_COSTS,FAVORABLE,3,DRIVER_IDENTIFIED,ACCOUNT
2025,8,2025-08,2025-08-01,582,Change in inventory of semi-finished goods,Operating Costs,Inventory Change,-231332.3,0.0,-231332.3,0.5929735831823718,-0.6064597017023244,OPERATING_COSTS,FAVORABLE,9,DRIVER_IDENTIFIED,ACCOUNT
2025,9,2025-09,2025-09-01,501,Material consumption,Operating Costs,Material Consumption,-7438943.4,0.0,-7438943.4,17.59108352756729,-18.489918469733336,OPERATING_COSTS,FAVORABLE,2,DRIVER_IDENTIFIED,ACCOUNT
2025,9,2025-09,2025-09-01,502,Energy consumption,Operating Costs,Energy Consumption,307317.39,0.0,307317.39,0.7267222757688911,0.7638549159321797,OPERATING_COSTS,UNFAVORABLE,10,DRIVER_IDENTIFIED,ACCOUNT
2025,9,2025-09,2025-09-01,504,Cost of goods sold,Operating Costs,Cost of Goods Sold,-23566758.16,0.0,-23566758.16,55.72899119874174,-58.57652270540502,OPERATING_COSTS,FAVORABLE,1,DRIVER_IDENTIFIED,ACCOUNT
2025,9,2025-09,2025-09-01,511,Repairs and maintenance,Operating Costs,Repairs & Maintenance,361590.96,0.0,361590.96,0.8550645485719441,0.8987549723516659,OPERATING_COSTS,UNFAVORABLE,6,DRIVER_IDENTIFIED,ACCOUNT
2025,9,2025-09,2025-09-01,518,Other services,Operating Costs,Other Services,358950.83,0.0,358950.83,0.8488213571862379,0.8921927785259276,OPERATING_COSTS,UNFAVORABLE,7,DRIVER_IDENTIFIED,ACCOUNT
2025,9,2025-09,2025-09-01,521,Payroll costs (Wages),Operating Costs,Payroll Costs,-889585.68,0.0,-889585.68,2.1036288569970494,-2.2111159892737304,OPERATING_COSTS,FAVORABLE,5,DRIVER_IDENTIFIED,ACCOUNT
2025,9,2025-09,2025-09-01,524,Statutory social and health insurance,Operating Costs,Social & Health Insurance,-322812.95,0.0,-322812.95,0.7633650724147737,-0.8023700148698677,OPERATING_COSTS,FAVORABLE,9,DRIVER_IDENTIFIED,ACCOUNT
2025,9,2025-09,2025-09-01,548,Other operating expenses,Operating Costs,Other Operating Costs,-2457558.0,0.0,-2457558.0,5.811458123453555,-6.1084006976906045,OPERATING_COSTS,FAVORABLE,4,DRIVER_IDENTIFIED,ACCOUNT
2025,9,2025-09,2025-09-01,549,Shortages and damages in operating area,Operating Costs,Shortages & Damages,-6240475.89,0.0,-6240475.89,14.757032918513643,-15.511059059602008,OPERATING_COSTS,FAVORABLE,3,DRIVER_IDENTIFIED,ACCOUNT
2025,9,2025-09,2025-09-01,582,Change in inventory of semi-finished goods,Operating Costs,Inventory Change,-344154.53,0.0,-344154.53,0.8138321207848768,-0.85541573023521,OPERATING_COSTS,FAVORABLE,8,DRIVER_IDENTIFIED,ACCOUNT
2025,10,2025-10,2025-10-01,501,Material consumption,Operating Costs,Material Consumption,-7495180.61,0.0,-7495180.61,17.8726547638926,-18.67555193049001,OPERATING_COSTS,FAVORABLE,2,DRIVER_IDENTIFIED,ACCOUNT
2025,10,2025-10,2025-10-01,502,Energy consumption,Operating Costs,Energy Consumption,901466.35,0.0,901466.35,2.149594211688566,2.246160901119937,OPERATING_COSTS,UNFAVORABLE,6,DRIVER_IDENTIFIED,ACCOUNT
2025,10,2025-10,2025-10-01,504,Cost of goods sold,Operating Costs,Cost of Goods Sold,-24328604.85,0.0,-24328604.85,58.01284558654726,-60.61896929693147,OPERATING_COSTS,FAVORABLE,1,DRIVER_IDENTIFIED,ACCOUNT
2025,10,2025-10,2025-10-01,518,Other services,Operating Costs,Other Services,-499590.39,0.0,-499590.39,1.1912997202382907,-1.244816737300578,OPERATING_COSTS,FAVORABLE,8,DRIVER_IDENTIFIED,ACCOUNT
2025,10,2025-10,2025-10-01,521,Payroll costs (Wages),Operating Costs,Payroll Costs,-1032656.83,0.0,-1032656.83,2.4624248530504365,-2.573044901587794,OPERATING_COSTS,FAVORABLE,5,DRIVER_IDENTIFIED,ACCOUNT
2025,10,2025-10,2025-10-01,524,Statutory social and health insurance,Operating Costs,Social & Health Insurance,-611713.67,0.0,-611713.67,1.4586636142799667,-1.5241914778456056,OPERATING_COSTS,FAVORABLE,7,DRIVER_IDENTIFIED,ACCOUNT
2025,10,2025-10,2025-10-01,548,Other operating expenses,Operating Costs,Other Operating Costs,-1268929.66,0.0,-1268929.66,3.025829918305813,-3.1617599354245614,OPERATING_COSTS,FAVORABLE,4,DRIVER_IDENTIFIED,ACCOUNT
2025,10,2025-10,2025-10-01,549,Shortages and damages in operating area,Operating Costs,Shortages & Damages,-5545095.72,0.0,-5545095.72,13.222574157062034,-13.816574738737067,OPERATING_COSTS,FAVORABLE,3,DRIVER_IDENTIFIED,ACCOUNT
2025,10,2025-10,2025-10-01,582,Change in inventory of semi-finished goods,Operating Costs,Inventory Change,-253344.42,0.0,-253344.42,0.6041131749350344,-0.6312518828028444,OPERATING_COSTS,FAVORABLE,9,DRIVER_IDENTIFIED,ACCOUNT
2025,11,2025-11,2025-11-01,501,Material consumption,Operating Costs,Material Consumption,-6614113.86,0.0,-6614113.86,17.200597299001235,-17.769569755809787,OPERATING_COSTS,FAVORABLE,2,DRIVER_IDENTIFIED,ACCOUNT
2025,11,2025-11,2025-11-01,502,Energy consumption,Operating Costs,Energy Consumption,-252054.46,0.0,-252054.46,0.6554902675771617,-0.6771729976285844,OPERATING_COSTS,FAVORABLE,10,DRIVER_IDENTIFIED,ACCOUNT
2025,11,2025-11,2025-11-01,504,Cost of goods sold,Operating Costs,Cost of Goods Sold,-24005012.63,0.0,-24005012.63,62.42719193317129,-64.49219887150232,OPERATING_COSTS,FAVORABLE,1,DRIVER_IDENTIFIED,ACCOUNT
2025,11,2025-11,2025-11-01,511,Repairs and maintenance,Operating Costs,Repairs & Maintenance,-288977.77,0.0,-288977.77,0.7515126523892952,-0.7763716728476997,OPERATING_COSTS,FAVORABLE,9,DRIVER_IDENTIFIED,ACCOUNT
2025,11,2025-11,2025-11-01,518,Other services,Operating Costs,Other Services,615619.65,0.0,615619.65,1.600974206543533,1.6539322644382488,OPERATING_COSTS,UNFAVORABLE,7,DRIVER_IDENTIFIED,ACCOUNT
2025,11,2025-11,2025-11-01,521,Payroll costs (Wages),Operating Costs,Payroll Costs,-838792.81,0.0,-838792.81,2.181356058800544,-2.2535123621181063,OPERATING_COSTS,FAVORABLE,4,DRIVER_IDENTIFIED,ACCOUNT
2025,11,2025-11,2025-11-01,524,Statutory social and health insurance,Operating Costs,Social & Health Insurance,-714837.44,0.0,-714837.44,1.8589989830760119,-1.9204921510293582,OPERATING_COSTS,FAVORABLE,6,DRIVER_IDENTIFIED,ACCOUNT
2025,11,2025-11,2025-11-01,548,Other operating expenses,Operating Costs,Other Operating Costs,-726823.8,0.0,-726823.8,1.8901705890998697,-1.9526948715519605,OPERATING_COSTS,FAVORABLE,5,DRIVER_IDENTIFIED,ACCOUNT
2025,11,2025-11,2025-11-01,549,Shortages and damages in operating area,Operating Costs,Shortages & Damages,-3959609.73,0.0,-3959609.73,10.297320830660299,-10.637942253842324,OPERATING_COSTS,FAVORABLE,3,DRIVER_IDENTIFIED,ACCOUNT
2025,11,2025-11,2025-11-01,582,Change in inventory of semi-finished goods,Operating Costs,Inventory Change,-436972.86,0.0,-436972.86,1.1363871796807627,-1.1739773281081227,OPERATING_COSTS,FAVORABLE,8,DRIVER_IDENTIFIED,ACCOUNT
2025,12,2025-12,2025-12-01,501,Material consumption,Operating Costs,Material Consumption,-6919859.57,0.0,-6919859.57,15.920510067584978,-16.271996965103757,OPERATING_COSTS,FAVORABLE,2,DRIVER_IDENTIFIED,ACCOUNT
2025,12,2025-12,2025-12-01,502,Energy consumption,Operating Costs,Energy Consumption,-340508.31,0.0,-340508.31,0.783406935157117,-0.8007026921375239,OPERATING_COSTS,FAVORABLE,9,DRIVER_IDENTIFIED,ACCOUNT
2025,12,2025-12,2025-12-01,504,Cost of goods sold,Operating Costs,Cost of Goods Sold,-26818360.36,0.0,-26818360.36,61.70095964931581,-63.063169703453795,OPERATING_COSTS,FAVORABLE,1,DRIVER_IDENTIFIED,ACCOUNT
2025,12,2025-12,2025-12-01,511,Repairs and maintenance,Operating Costs,Repairs & Maintenance,469438.38,0.0,469438.38,1.0800361451411336,1.1038807677224616,OPERATING_COSTS,UNFAVORABLE,7,DRIVER_IDENTIFIED,ACCOUNT
2025,12,2025-12,2025-12-01,518,Other services,Operating Costs,Other Services,-317616.93,0.0,-317616.93,0.7307407730675137,-0.746873786779111,OPERATING_COSTS,FAVORABLE,10,DRIVER_IDENTIFIED,ACCOUNT
2025,12,2025-12,2025-12-01,521,Payroll costs (Wages),Operating Costs,Payroll Costs,-1627208.28,0.0,-1627208.28,3.7437155395622623,-3.826367851241192,OPERATING_COSTS,FAVORABLE,4,DRIVER_IDENTIFIED,ACCOUNT
2025,12,2025-12,2025-12-01,524,Statutory social and health insurance,Operating Costs,Social & Health Insurance,-522278.07,0.0,-522278.07,1.2016043371114034,-1.2281328954743869,OPERATING_COSTS,FAVORABLE,6,DRIVER_IDENTIFIED,ACCOUNT
2025,12,2025-12,2025-12-01,548,Other operating expenses,Operating Costs,Other Operating Costs,-676247.79,0.0,-676247.79,1.5558422306071584,-1.5901915169267113,OPERATING_COSTS,FAVORABLE,5,DRIVER_IDENTIFIED,ACCOUNT
2025,12,2025-12,2025-12-01,549,Shortages and damages in operating area,Operating Costs,Shortages & Damages,-5419228.87,0.0,-5419228.87,12.468011367950659,-12.743275327167172,OPERATING_COSTS,FAVORABLE,3,DRIVER_IDENTIFIED,ACCOUNT
2025,12,2025-12,2025-12-01,582,Change in inventory of semi-finished goods,Operating Costs,Inventory Change,-354315.43,0.0,-354315.43,0.8151729545019798,-0.8331700294388243,OPERATING_COSTS,FAVORABLE,8,DRIVER_IDENTIFIED,ACCOUNT
2026,1,2026-01,2026-01-01,501,Material consumption,Operating Costs,Material Consumption,-6726449.99,-7787214.04,1060764.0499999998,13.440179241912725,70.39124325022786,OPERATING_COSTS,UNFAVORABLE,4,DRIVER_IDENTIFIED,ACCOUNT
2026,1,2026-01,2026-01-01,502,Energy consumption,Operating Costs,Energy Consumption,-351655.23,-440812.25,89157.02000000002,1.1296445514672164,5.916370829389845,OPERATING_COSTS,UNFAVORABLE,8,DRIVER_IDENTIFIED,ACCOUNT
2026,1,2026-01,2026-01-01,504,Cost of goods sold,Operating Costs,Cost of Goods Sold,-26206722.07,-28720568.34,2513846.2699999996,31.851140180904252,166.8163285560516,OPERATING_COSTS,UNFAVORABLE,1,DRIVER_IDENTIFIED,ACCOUNT
2026,1,2026-01,2026-01-01,511,Repairs and maintenance,Operating Costs,Repairs & Maintenance,0.0,-830282.47,830282.47,10.519912715950381,55.09671572313373,OPERATING_COSTS,UNFAVORABLE,5,DRIVER_IDENTIFIED,ACCOUNT
2026,1,2026-01,2026-01-01,518,Other services,Operating Costs,Other Services,-971176.7,519192.45,-1490369.15,18.883396842697593,-98.89940875191361,OPERATING_COSTS,FAVORABLE,3,DRIVER_IDENTIFIED,ACCOUNT
2026,1,2026-01,2026-01-01,521,Payroll costs (Wages),Operating Costs,Payroll Costs,-1222366.19,-1371649.69,149283.5,1.891463985662107,9.906304009591379,OPERATING_COSTS,UNFAVORABLE,6,DRIVER_IDENTIFIED,ACCOUNT
2026,1,2026-01,2026-01-01,524,Statutory social and health insurance,Operating Costs,Social & Health Insurance,-969136.99,-1008056.56,38919.570000000065,0.4931219122840468,2.582663806399053,OPERATING_COSTS,UNFAVORABLE,9,DRIVER_IDENTIFIED,ACCOUNT
2026,1,2026-01,2026-01-01,548,Other operating expenses,Operating Costs,Other Operating Costs,-736106.18,-753572.78,17466.599999999977,0.22130674087870203,1.159066136672362,OPERATING_COSTS,UNFAVORABLE,10,DRIVER_IDENTIFIED,ACCOUNT
2026,1,2026-01,2026-01-01,549,Shortages and damages in operating area,Operating Costs,Shortages & Damages,-5749219.62,-4180278.85,-1568940.77,19.878921395143973,-104.11334300617541,OPERATING_COSTS,FAVORABLE,2,DRIVER_IDENTIFIED,ACCOUNT
2026,1,2026-01,2026-01-01,582,Change in inventory of semi-finished goods,Operating Costs,Inventory Change,-412587.04,-279132.04,-133455.0,1.6909124330990128,-8.855940553376747,OPERATING_COSTS,FAVORABLE,7,DRIVER_IDENTIFIED,ACCOUNT
2026,2,2026-02,2026-02-01,501,Material consumption,Operating Costs,Material Consumption,-6014860.42,-6375576.69,360716.2700000005,7.6574495222074255,96.74932634580891,OPERATING_COSTS,UNFAVORABLE,6,DRIVER_IDENTIFIED,ACCOUNT
2026,2,2026-02,2026-02-01,502,Energy consumption,Operating Costs,Energy Consumption,125065.27,88032.83,37032.44,0.786141528864708,9.932636592581707,OPERATING_COSTS,UNFAVORABLE,10,DRIVER_IDENTIFIED,ACCOUNT
2026,2,2026-02,2026-02-01,504,Cost of goods sold,Operating Costs,Cost of Goods Sold,-22978141.49,-23273856.85,295715.36000000313,6.277580554216248,79.31514114988111,OPERATING_COSTS,UNFAVORABLE,7,DRIVER_IDENTIFIED,ACCOUNT
2026,2,2026-02,2026-02-01,511,Repairs and maintenance,Operating Costs,Repairs & Maintenance,361295.43,400333.9,-39038.47000000003,0.8287264487659753,-10.470682883450387,OPERATING_COSTS,FAVORABLE,9,DRIVER_IDENTIFIED,ACCOUNT
2026,2,2026-02,2026-02-01,518,Other services,Operating Costs,Other Services,-545205.82,0.0,-545205.82,11.573877845498075,-146.23209483956538,OPERATING_COSTS,FAVORABLE,5,DRIVER_IDENTIFIED,ACCOUNT
2026,2,2026-02,2026-02-01,521,Payroll costs (Wages),Operating Costs,Payroll Costs,-1236658.82,-1141420.99,-95237.83000000007,2.0217520984833084,-25.544164933665638,OPERATING_COSTS,FAVORABLE,8,DRIVER_IDENTIFIED,ACCOUNT
2026,2,2026-02,2026-02-01,524,Statutory social and health insurance,Operating Costs,Social & Health Insurance,-12460.66,-872689.3,860228.64,18.261325967794953,230.72577630992708,OPERATING_COSTS,UNFAVORABLE,3,DRIVER_IDENTIFIED,ACCOUNT
2026,2,2026-02,2026-02-01,548,Other operating expenses,Operating Costs,Other Operating Costs,-705449.74,-1693504.08,988054.3400000001,20.974868235768696,265.0104798102196,OPERATING_COSTS,UNFAVORABLE,1,DRIVER_IDENTIFIED,ACCOUNT
2026,2,2026-02,2026-02-01,549,Shortages and damages in operating area,Operating Costs,Shortages & Damages,-4988414.17,-4047169.75,-941244.4199999999,19.981165901414418,-252.455381515648,OPERATING_COSTS,FAVORABLE,2,DRIVER_IDENTIFIED,ACCOUNT
2026,2,2026-02,2026-02-01,582,Change in inventory of semi-finished goods,Operating Costs,Inventory Change,-548184.56,0.0,-548184.56,11.637111896986191,-147.03103603608895,OPERATING_COSTS,FAVORABLE,4,DRIVER_IDENTIFIED,ACCOUNT
2026,3,2026-03,2026-03-01,501,Material consumption,Operating Costs,Material Consumption,-6797977.33,-7402968.87,604991.54,14.090299002072642,736.7525951407396,OPERATING_COSTS,UNFAVORABLE,3,DRIVER_IDENTIFIED,ACCOUNT
2026,3,2026-03,2026-03-01,502,Energy consumption,Operating Costs,Energy Consumption,175041.45,180828.11,-5786.659999999974,0.13477175172289735,-7.046936180623439,OPERATING_COSTS,FAVORABLE,10,DRIVER_IDENTIFIED,ACCOUNT
2026,3,2026-03,2026-03-01,504,Cost of goods sold,Operating Costs,Cost of Goods Sold,-25050969.86,-24096800.66,-954169.1999999993,22.222673273362535,-1161.9776274943658,OPERATING_COSTS,FAVORABLE,2,DRIVER_IDENTIFIED,ACCOUNT
2026,3,2026-03,2026-03-01,511,Repairs and maintenance,Operating Costs,Repairs & Maintenance,161052.05,49544.01,111508.03999999998,2.5970307365538963,135.79336638171398,OPERATING_COSTS,UNFAVORABLE,7,DRIVER_IDENTIFIED,ACCOUNT
2026,3,2026-03,2026-03-01,518,Other services,Operating Costs,Other Services,-208469.79,72485.24,-280955.03,6.543464027342084,-342.1442016699016,OPERATING_COSTS,FAVORABLE,5,DRIVER_IDENTIFIED,ACCOUNT
2026,3,2026-03,2026-03-01,521,Payroll costs (Wages),Operating Costs,Payroll Costs,-2080113.84,-1875385.21,-204728.63000000012,4.768145371065356,-249.31646061052083,OPERATING_COSTS,FAVORABLE,6,DRIVER_IDENTIFIED,ACCOUNT
2026,3,2026-03,2026-03-01,524,Statutory social and health insurance,Operating Costs,Social & Health Insurance,-1520688.66,-1014303.06,-506385.59999999986,11.793759156275069,-616.6712760014799,OPERATING_COSTS,FAVORABLE,4,DRIVER_IDENTIFIED,ACCOUNT
2026,3,2026-03,2026-03-01,548,Other operating expenses,Operating Costs,Other Operating Costs,-559397.68,-493529.23,-65868.45000000007,1.5340812126117873,-80.21393402525611,OPERATING_COSTS,FAVORABLE,9,DRIVER_IDENTIFIED,ACCOUNT
2026,3,2026-03,2026-03-01,549,Shortages and damages in operating area,Operating Costs,Shortages & Damages,-6071486.12,-7542881.65,1471395.5300000003,34.26891385623863,1791.8506351443923,OPERATING_COSTS,UNFAVORABLE,1,DRIVER_IDENTIFIED,ACCOUNT
2026,3,2026-03,2026-03-01,582,Change in inventory of semi-finished goods,Operating Costs,Inventory Change,-154111.09,-66225.52,-87885.56999999999,2.0468616127550896,-107.02616068469837,OPERATING_COSTS,FAVORABLE,8,DRIVER_IDENTIFIED,ACCOUNT
2026,4,2026-04,2026-04-01,501,Material consumption,Operating Costs,Material Consumption,-6764645.68,-7339002.02,574356.3399999999,8.870680159271947,16.810803630901493,OPERATING_COSTS,UNFAVORABLE,5,DRIVER_IDENTIFIED,ACCOUNT
2026,4,2026-04,2026-04-01,502,Energy consumption,Operating Costs,Energy Consumption,950428.02,-918761.61,1869189.63,28.868808803882757,54.70920686423941,OPERATING_COSTS,UNFAVORABLE,1,DRIVER_IDENTIFIED,ACCOUNT
2026,4,2026-04,2026-04-01,504,Cost of goods sold,Operating Costs,Cost of Goods Sold,-25250767.93,-25102302.45,-148465.48000000045,2.292983808227468,-4.34542784057636,OPERATING_COSTS,FAVORABLE,9,DRIVER_IDENTIFIED,ACCOUNT
2026,4,2026-04,2026-04-01,511,Repairs and maintenance,Operating Costs,Repairs & Maintenance,0.0,53150.07,-53150.07,0.8208793715290325,-1.5556464297733161,OPERATING_COSTS,FAVORABLE,10,DRIVER_IDENTIFIED,ACCOUNT
2026,4,2026-04,2026-04-01,518,Other services,Operating Costs,Other Services,827389.11,19416.97,807972.14,12.478773075861751,23.648491430910738,OPERATING_COSTS,UNFAVORABLE,3,DRIVER_IDENTIFIED,ACCOUNT
2026,4,2026-04,2026-04-01,521,Payroll costs (Wages),Operating Costs,Payroll Costs,-1036119.82,-1403533.54,367413.7200000001,5.674542734651976,10.753811646301369,OPERATING_COSTS,UNFAVORABLE,8,DRIVER_IDENTIFIED,ACCOUNT
2026,4,2026-04,2026-04-01,524,Statutory social and health insurance,Operating Costs,Social & Health Insurance,-1190876.43,-643866.31,-547010.1199999999,8.448329861571594,-16.010408645329594,OPERATING_COSTS,FAVORABLE,6,DRIVER_IDENTIFIED,ACCOUNT
2026,4,2026-04,2026-04-01,548,Other operating expenses,Operating Costs,Other Operating Costs,-1809508.42,-1029043.26,-780465.1599999999,12.05393991091838,-22.843391169879173,OPERATING_COSTS,FAVORABLE,4,DRIVER_IDENTIFIED,ACCOUNT
2026,4,2026-04,2026-04-01,549,Shortages and damages in operating area,Operating Costs,Shortages & Damages,-4470432.41,-5375598.3,905165.8899999997,13.979887644789876,26.493249870246373,OPERATING_COSTS,UNFAVORABLE,2,DRIVER_IDENTIFIED,ACCOUNT
2026,4,2026-04,2026-04-01,582,Change in inventory of semi-finished goods,Operating Costs,Inventory Change,0.0,-421583.73,421583.73,6.511174629295226,12.339310642959035,OPERATING_COSTS,UNFAVORABLE,7,DRIVER_IDENTIFIED,ACCOUNT
2026,5,2026-05,2026-05-01,501,Material consumption,Operating Costs,Material Consumption,-6245013.97,-6916972.94,671958.9700000007,9.660546596450496,11.773101665566715,OPERATING_COSTS,UNFAVORABLE,3,DRIVER_IDENTIFIED,ACCOUNT
2026,5,2026-05,2026-05-01,502,Energy consumption,Operating Costs,Energy Consumption,284042.2,-884744.03,1168786.23,16.803278682632506,20.477796599849583,OPERATING_COSTS,UNFAVORABLE,2,DRIVER_IDENTIFIED,ACCOUNT
2026,5,2026-05,2026-05-01,504,Cost of goods sold,Operating Costs,Cost of Goods Sold,-23485545.98,-24064858.74,579312.7599999979,8.328600646403036,10.149887603464865,OPERATING_COSTS,UNFAVORABLE,5,DRIVER_IDENTIFIED,ACCOUNT
2026,5,2026-05,2026-05-01,511,Repairs and maintenance,Operating Costs,Repairs & Maintenance,205703.36,-43697.24,249400.59999999998,3.585555405983656,4.369639740434353,OPERATING_COSTS,UNFAVORABLE,8,DRIVER_IDENTIFIED,ACCOUNT
2026,5,2026-05,2026-05-01,518,Other services,Operating Costs,Other Services,420045.69,507008.22,-86962.52999999997,1.2502334379288411,-1.523632769996201,OPERATING_COSTS,FAVORABLE,10,DRIVER_IDENTIFIED,ACCOUNT
2026,5,2026-05,2026-05-01,521,Payroll costs (Wages),Operating Costs,Payroll Costs,-1386558.82,-2043412.57,656853.75,9.443383513324093,11.508449657512179,OPERATING_COSTS,UNFAVORABLE,4,DRIVER_IDENTIFIED,ACCOUNT
2026,5,2026-05,2026-05-01,524,Statutory social and health insurance,Operating Costs,Social & Health Insurance,213490.54,-2066535.15,2280025.69,32.77922522464306,39.94734120220744,OPERATING_COSTS,UNFAVORABLE,1,DRIVER_IDENTIFIED,ACCOUNT
2026,5,2026-05,2026-05-01,548,Other operating expenses,Operating Costs,Other Operating Costs,-444398.51,-1023164.65,578766.14,8.320742059470962,10.140310511529615,OPERATING_COSTS,UNFAVORABLE,6,DRIVER_IDENTIFIED,ACCOUNT
2026,5,2026-05,2026-05-01,549,Shortages and damages in operating area,Operating Costs,Shortages & Damages,-4588425.7,-4051325.56,-537100.1400000001,7.721722844819054,-9.410298597264221,OPERATING_COSTS,FAVORABLE,7,DRIVER_IDENTIFIED,ACCOUNT
2026,5,2026-05,2026-05-01,582,Change in inventory of semi-finished goods,Operating Costs,Inventory Change,-192778.33,-339314.94,146536.61000000002,2.106711588344289,2.567404386695662,OPERATING_COSTS,UNFAVORABLE,9,DRIVER_IDENTIFIED,ACCOUNT
2026,6,2026-06,2026-06-01,501,Material consumption,Operating Costs,Material Consumption,-6919096.35,-6642479.54,-276616.8099999996,5.855597827467282,-16.66748552915132,OPERATING_COSTS,FAVORABLE,6,DRIVER_IDENTIFIED,ACCOUNT
2026,6,2026-06,2026-06-01,502,Energy consumption,Operating Costs,Energy Consumption,-115103.85,103968.65,-219072.5,4.637463844145365,-13.200165686188804,OPERATING_COSTS,FAVORABLE,9,DRIVER_IDENTIFIED,ACCOUNT
2026,6,2026-06,2026-06-01,504,Cost of goods sold,Operating Costs,Cost of Goods Sold,-27733159.88,-26687461.56,-1045698.3200000003,22.135996763096927,-63.00832410169822,OPERATING_COSTS,FAVORABLE,1,DRIVER_IDENTIFIED,ACCOUNT
2026,6,2026-06,2026-06-01,511,Repairs and maintenance,Operating Costs,Repairs & Maintenance,-364446.42,-140001.49,-224444.93,4.7511908061337556,-13.523880283582137,OPERATING_COSTS,FAVORABLE,8,DRIVER_IDENTIFIED,ACCOUNT
2026,6,2026-06,2026-06-01,518,Other services,Operating Costs,Other Services,-624230.51,-415842.53,-208387.97999999998,4.411287235068242,-12.55637226493603,OPERATING_COSTS,FAVORABLE,10,DRIVER_IDENTIFIED,ACCOUNT
2026,6,2026-06,2026-06-01,521,Payroll costs (Wages),Operating Costs,Payroll Costs,-1573553.08,-2188184.59,614631.5099999998,13.010904632473128,37.034487523319484,OPERATING_COSTS,UNFAVORABLE,4,DRIVER_IDENTIFIED,ACCOUNT
2026,6,2026-06,2026-06-01,524,Statutory social and health insurance,Operating Costs,Social & Health Insurance,-933662.88,49260.67,-982923.55,20.80714112763587,-59.22584403271468,OPERATING_COSTS,FAVORABLE,2,DRIVER_IDENTIFIED,ACCOUNT
2026,6,2026-06,2026-06-01,548,Other operating expenses,Operating Costs,Other Operating Costs,-234923.41,-868240.34,633316.9299999999,13.406449302217945,38.160373428287144,OPERATING_COSTS,UNFAVORABLE,3,DRIVER_IDENTIFIED,ACCOUNT
2026,6,2026-06,2026-06-01,549,Shortages and damages in operating area,Operating Costs,Shortages & Damages,-3945529.74,-4229757.71,284227.96999999974,6.016715627793686,17.126094314206927,OPERATING_COSTS,UNFAVORABLE,5,DRIVER_IDENTIFIED,ACCOUNT
2026,6,2026-06,2026-06-01,582,Change in inventory of semi-finished goods,Operating Costs,Inventory Change,-290801.11,-56149.47,-234651.63999999998,4.967252833967815,-14.138883367542379,OPERATING_COSTS,FAVORABLE,7,DRIVER_IDENTIFIED,ACCOUNT
2026,7,2026-07,2026-07-01,501,Material consumption,Operating Costs,Material Consumption,-7032360.54,-6838840.12,-193520.41999999993,3.136851666528176,-4.425178364176412,OPERATING_COSTS,FAVORABLE,7,DRIVER_IDENTIFIED,ACCOUNT
2026,7,2026-07,2026-07-01,502,Energy consumption,Operating Costs,Energy Consumption,558120.71,0.0,558120.71,9.046806943098765,12.76239319081045,OPERATING_COSTS,UNFAVORABLE,5,DRIVER_IDENTIFIED,ACCOUNT
2026,7,2026-07,2026-07-01,504,Cost of goods sold,Operating Costs,Cost of Goods Sold,-26730736.37,-27633326.68,902590.3099999987,14.630455629001219,20.63928505078315,OPERATING_COSTS,UNFAVORABLE,3,DRIVER_IDENTIFIED,ACCOUNT
2026,7,2026-07,2026-07-01,511,Repairs and maintenance,Operating Costs,Repairs & Maintenance,-304944.22,-306643.78,1699.5600000000559,0.02754886341381857,0.03886337235429684,OPERATING_COSTS,UNFAVORABLE,10,DRIVER_IDENTIFIED,ACCOUNT
2026,7,2026-07,2026-07-01,518,Other services,Operating Costs,Other Services,-112760.68,-740684.09,627923.4099999999,10.178267467125979,14.358552385799264,OPERATING_COSTS,UNFAVORABLE,4,DRIVER_IDENTIFIED,ACCOUNT
2026,7,2026-07,2026-07-01,521,Payroll costs (Wages),Operating Costs,Payroll Costs,-1136461.33,-2059231.18,922769.8499999999,14.9575540493063,21.10072505699561,OPERATING_COSTS,UNFAVORABLE,2,DRIVER_IDENTIFIED,ACCOUNT
2026,7,2026-07,2026-07-01,524,Statutory social and health insurance,Operating Costs,Social & Health Insurance,-980409.33,-445727.18,-534682.1499999999,8.666881734187887,-12.226430068161942,OPERATING_COSTS,FAVORABLE,6,DRIVER_IDENTIFIED,ACCOUNT
2026,7,2026-07,2026-07-01,548,Other operating expenses,Operating Costs,Other Operating Costs,-1641074.62,-1650684.27,9609.649999999907,0.15576674863175785,0.2197412307564621,OPERATING_COSTS,UNFAVORABLE,9,DRIVER_IDENTIFIED,ACCOUNT
2026,7,2026-07,2026-07-01,549,Shortages and damages in operating area,Operating Costs,Shortages & Damages,-4406547.4,-6655045.35,2248497.9499999993,36.44682324295642,51.415785890889545,OPERATING_COSTS,UNFAVORABLE,1,DRIVER_IDENTIFIED,ACCOUNT
2026,7,2026-07,2026-07-01,582,Change in inventory of semi-finished goods,Operating Costs,Inventory Change,-462816.07,-292973.75,-169842.32,2.7530436557496722,-3.8837377460504015,OPERATING_COSTS,FAVORABLE,8,DRIVER_IDENTIFIED,ACCOUNT
2026,8,2026-08,2026-08-01,501,Material consumption,Operating Costs,Material Consumption,-1851985.12,-6811585.03,4959599.91,15.758947503408397,16.175684050255683,OPERATING_COSTS,UNFAVORABLE,2,DRIVER_IDENTIFIED,ACCOUNT
2026,8,2026-08,2026-08-01,502,Energy consumption,Operating Costs,Energy Consumption,259873.7,130389.61,129484.09000000001,0.4114309649700369,0.42231102657126857,OPERATING_COSTS,UNFAVORABLE,9,DRIVER_IDENTIFIED,ACCOUNT
2026,8,2026-08,2026-08-01,504,Cost of goods sold,Operating Costs,Cost of Goods Sold,-5313532.69,-25790008.33,20476475.639999997,65.06325319003015,66.78381450639976,OPERATING_COSTS,UNFAVORABLE,1,DRIVER_IDENTIFIED,ACCOUNT
2026,8,2026-08,2026-08-01,511,Repairs and maintenance,Operating Costs,Repairs & Maintenance,-80339.16,325065.16,-405404.31999999995,1.2881574144021988,-1.3222220162772664,OPERATING_COSTS,FAVORABLE,7,DRIVER_IDENTIFIED,ACCOUNT
2026,8,2026-08,2026-08-01,518,Other services,Operating Costs,Other Services,0.0,-464599.28,464599.28,1.47624723697548,1.5152857689394292,OPERATING_COSTS,UNFAVORABLE,5,DRIVER_IDENTIFIED,ACCOUNT
2026,8,2026-08,2026-08-01,521,Payroll costs (Wages),Operating Costs,Payroll Costs,-644875.77,-1573660.87,928785.1000000001,2.9511807199076907,3.02922304234519,OPERATING_COSTS,UNFAVORABLE,4,DRIVER_IDENTIFIED,ACCOUNT
2026,8,2026-08,2026-08-01,524,Statutory social and health insurance,Operating Costs,Social & Health Insurance,-302932.2,-727464.46,424532.25999999995,1.348935744868042,1.3846075956761998,OPERATING_COSTS,UNFAVORABLE,6,DRIVER_IDENTIFIED,ACCOUNT
2026,8,2026-08,2026-08-01,548,Other operating expenses,Operating Costs,Other Operating Costs,-420171.01,-528880.44,108709.42999999993,0.3454202418709716,0.3545546868443639,OPERATING_COSTS,UNFAVORABLE,10,DRIVER_IDENTIFIED,ACCOUNT
2026,8,2026-08,2026-08-01,549,Shortages and damages in operating area,Operating Costs,Shortages & Damages,-1037148.81,-4368304.2,3331155.39,10.584624540148829,10.864529012169099,OPERATING_COSTS,UNFAVORABLE,3,DRIVER_IDENTIFIED,ACCOUNT
2026,8,2026-08,2026-08-01,582,Change in inventory of semi-finished goods,Operating Costs,Inventory Change,0.0,-242898.92,242898.92,0.7718024434181822,0.7922123270762643,OPERATING_COSTS,UNFAVORABLE,8,DRIVER_IDENTIFIED,ACCOUNT
2026,9,2026-09,2026-09-01,501,Material consumption,Operating Costs,Material Consumption,0.0,-7810890.69,7810890.69,17.591083662925175,18.48991859688412,OPERATING_COSTS,UNFAVORABLE,2,DRIVER_IDENTIFIED,ACCOUNT
2026,9,2026-09,2026-09-01,502,Energy consumption,Operating Costs,Energy Consumption,0.0,322683.25,-322683.25,0.7267222488008726,-0.7638548869614263,OPERATING_COSTS,FAVORABLE,10,DRIVER_IDENTIFIED,ACCOUNT
2026,9,2026-09,2026-09-01,504,Cost of goods sold,Operating Costs,Cost of Goods Sold,0.0,-24745096.2,24745096.2,55.7289910686654,58.576522520771135,OPERATING_COSTS,UNFAVORABLE,1,DRIVER_IDENTIFIED,ACCOUNT
2026,9,2026-09,2026-09-01,511,Repairs and maintenance,Operating Costs,Repairs & Maintenance,0.0,379670.51,-379670.51,0.8550645465191459,-0.8987549694588645,OPERATING_COSTS,FAVORABLE,6,DRIVER_IDENTIFIED,ACCOUNT
2026,9,2026-09,2026-09-01,518,Other services,Operating Costs,Other Services,0.0,376898.37,-376898.37,0.8488213472988861,-0.8921927674036252,OPERATING_COSTS,FAVORABLE,7,DRIVER_IDENTIFIED,ACCOUNT
2026,9,2026-09,2026-09-01,521,Payroll costs (Wages),Operating Costs,Payroll Costs,0.0,-934064.96,934064.96,2.103628831856928,2.2111159610405227,OPERATING_COSTS,UNFAVORABLE,5,DRIVER_IDENTIFIED,ACCOUNT
2026,9,2026-09,2026-09-01,524,Statutory social and health insurance,Operating Costs,Social & Health Insurance,0.0,-338953.61,338953.61,0.7633650947124585,0.8023700376505982,OPERATING_COSTS,UNFAVORABLE,9,DRIVER_IDENTIFIED,ACCOUNT
2026,9,2026-09,2026-09-01,548,Other operating expenses,Operating Costs,Other Operating Costs,0.0,-2580435.9,2580435.9,5.811458078888519,6.10840064585226,OPERATING_COSTS,UNFAVORABLE,4,DRIVER_IDENTIFIED,ACCOUNT
2026,9,2026-09,2026-09-01,549,Shortages and damages in operating area,Operating Costs,Shortages & Damages,0.0,-6552499.77,6552499.77,14.75703299790615,15.511059130364288,OPERATING_COSTS,UNFAVORABLE,3,DRIVER_IDENTIFIED,ACCOUNT
2026,9,2026-09,2026-09-01,582,Change in inventory of semi-finished goods,Operating Costs,Inventory Change,0.0,-361362.26,361362.26,0.8138321224264525,0.8554157312609985,OPERATING_COSTS,UNFAVORABLE,8,DRIVER_IDENTIFIED,ACCOUNT
2026,10,2026-10,2026-10-01,501,Material consumption,Operating Costs,Material Consumption,0.0,-7869939.87,7869939.87,17.87265511258513,18.675552288965307,OPERATING_COSTS,UNFAVORABLE,2,DRIVER_IDENTIFIED,ACCOUNT
2026,10,2026-10,2026-10-01,502,Energy consumption,Operating Costs,Energy Consumption,0.0,946539.67,-946539.67,2.1495941966187018,-2.246160884665688,OPERATING_COSTS,FAVORABLE,6,DRIVER_IDENTIFIED,ACCOUNT
2026,10,2026-10,2026-10-01,504,Cost of goods sold,Operating Costs,Cost of Goods Sold,0.0,-25545035.18,25545035.18,58.01284522533384,60.61896890040004,OPERATING_COSTS,UNFAVORABLE,1,DRIVER_IDENTIFIED,ACCOUNT
2026,10,2026-10,2026-10-01,518,Other services,Operating Costs,Other Services,0.0,-524569.9,524569.9,1.1912996871656236,1.2448167023501417,OPERATING_COSTS,UNFAVORABLE,8,DRIVER_IDENTIFIED,ACCOUNT
2026,10,2026-10,2026-10-01,521,Payroll costs (Wages),Operating Costs,Payroll Costs,0.0,-1084289.71,1084289.71,2.4624249167173042,2.5730449673044364,OPERATING_COSTS,UNFAVORABLE,5,DRIVER_IDENTIFIED,ACCOUNT
2026,10,2026-10,2026-10-01,524,Statutory social and health insurance,Operating Costs,Social & Health Insurance,0.0,-642299.37,642299.37,1.4586636376728386,1.5241915018093366,OPERATING_COSTS,UNFAVORABLE,7,DRIVER_IDENTIFIED,ACCOUNT
2026,10,2026-10,2026-10-01,548,Other operating expenses,Operating Costs,Other Operating Costs,0.0,-1332376.13,1332376.13,3.025829859578188,3.1617598730629486,OPERATING_COSTS,UNFAVORABLE,4,DRIVER_IDENTIFIED,ACCOUNT
2026,10,2026-10,2026-10-01,549,Shortages and damages in operating area,Operating Costs,Shortages & Damages,0.0,-5822350.58,5822350.58,13.222574197495105,13.816574776635173,OPERATING_COSTS,UNFAVORABLE,3,DRIVER_IDENTIFIED,ACCOUNT
2026,10,2026-10,2026-10-01,582,Change in inventory of semi-finished goods,Operating Costs,Inventory Change,0.0,-266011.64,266011.64,0.6041131668332753,0.6312518741383237,OPERATING_COSTS,UNFAVORABLE,9,DRIVER_IDENTIFIED,ACCOUNT
2026,11,2026-11,2026-11-01,501,Material consumption,Operating Costs,Material Consumption,0.0,-6944819.71,6944819.71,17.200597564519647,17.76957002362326,OPERATING_COSTS,UNFAVORABLE,2,DRIVER_IDENTIFIED,ACCOUNT
2026,11,2026-11,2026-11-01,502,Energy consumption,Operating Costs,Energy Consumption,0.0,-264657.18,264657.18,0.6554902554469103,0.6771729848498349,OPERATING_COSTS,UNFAVORABLE,10,DRIVER_IDENTIFIED,ACCOUNT
2026,11,2026-11,2026-11-01,504,Cost of goods sold,Operating Costs,Cost of Goods Sold,0.0,-25205263.38,25205263.38,62.42719177905113,64.49219868873702,OPERATING_COSTS,UNFAVORABLE,1,DRIVER_IDENTIFIED,ACCOUNT
2026,11,2026-11,2026-11-01,511,Repairs and maintenance,Operating Costs,Repairs & Maintenance,0.0,-303426.66,303426.66,0.7515126507159292,0.7763716708355164,OPERATING_COSTS,UNFAVORABLE,9,DRIVER_IDENTIFIED,ACCOUNT
2026,11,2026-11,2026-11-01,518,Other services,Operating Costs,Other Services,0.0,646400.63,-646400.63,1.600974188872351,-1.6539322455786531,OPERATING_COSTS,FAVORABLE,7,DRIVER_IDENTIFIED,ACCOUNT
2026,11,2026-11,2026-11-01,521,Payroll costs (Wages),Operating Costs,Payroll Costs,0.0,-880732.45,880732.45,2.181356041921414,2.2535123438578464,OPERATING_COSTS,UNFAVORABLE,4,DRIVER_IDENTIFIED,ACCOUNT
2026,11,2026-11,2026-11-01,524,Statutory social and health insurance,Operating Costs,Social & Health Insurance,0.0,-750579.32,750579.32,1.8589989895606391,1.9204921570272888,OPERATING_COSTS,UNFAVORABLE,6,DRIVER_IDENTIFIED,ACCOUNT
2026,11,2026-11,2026-11-01,548,Other operating expenses,Operating Costs,Other Operating Costs,0.0,-763164.99,763164.99,1.8901705755469727,1.9526948568377949,OPERATING_COSTS,UNFAVORABLE,5,DRIVER_IDENTIFIED,ACCOUNT
2026,11,2026-11,2026-11-01,549,Shortages and damages in operating area,Operating Costs,Shortages & Damages,0.0,-4157590.23,4157590.23,10.29732079026263,10.637942208224285,OPERATING_COSTS,UNFAVORABLE,3,DRIVER_IDENTIFIED,ACCOUNT
2026,11,2026-11,2026-11-01,582,Change in inventory of semi-finished goods,Operating Costs,Inventory Change,0.0,-458821.5,458821.5,1.1363871641023855,1.1739773115857979,OPERATING_COSTS,UNFAVORABLE,8,DRIVER_IDENTIFIED,ACCOUNT
2026,12,2026-12,2026-12-01,501,Material consumption,Operating Costs,Material Consumption,0.0,-7265852.71,7265852.71,15.920510278255119,16.271997177922522,OPERATING_COSTS,UNFAVORABLE,2,DRIVER_IDENTIFIED,ACCOUNT
2026,12,2026-12,2026-12-01,502,Energy consumption,Operating Costs,Energy Consumption,0.0,-357533.73,357533.73,0.7834069379707933,0.8007026948901794,OPERATING_COSTS,UNFAVORABLE,9,DRIVER_IDENTIFIED,ACCOUNT
2026,12,2026-12,2026-12-01,504,Cost of goods sold,Operating Costs,Cost of Goods Sold,0.0,-28159278.47,28159278.47,61.70095929592316,63.06316933256062,OPERATING_COSTS,UNFAVORABLE,1,DRIVER_IDENTIFIED,ACCOUNT
2026,12,2026-12,2026-12-01,511,Repairs and maintenance,Operating Costs,Repairs & Maintenance,0.0,492910.3,-492910.3,1.0800361376177434,-1.1038807598632074,OPERATING_COSTS,FAVORABLE,7,DRIVER_IDENTIFIED,ACCOUNT
2026,12,2026-12,2026-12-01,518,Other services,Operating Costs,Other Services,0.0,-333497.78,333497.78,0.7307407741637615,0.7468737877846999,OPERATING_COSTS,UNFAVORABLE,10,DRIVER_IDENTIFIED,ACCOUNT
2026,12,2026-12,2026-12-01,521,Payroll costs (Wages),Operating Costs,Payroll Costs,0.0,-1708568.68,1708568.68,3.7437154752129262,3.8263677848827204,OPERATING_COSTS,UNFAVORABLE,4,DRIVER_IDENTIFIED,ACCOUNT
2026,12,2026-12,2026-12-01,524,Statutory social and health insurance,Operating Costs,Social & Health Insurance,0.0,-548392.0,548392.0,1.2016043843686561,1.2281329435860928,OPERATING_COSTS,UNFAVORABLE,6,DRIVER_IDENTIFIED,ACCOUNT
2026,12,2026-12,2026-12-01,548,Other operating expenses,Operating Costs,Other Operating Costs,0.0,-710060.17,710060.17,1.5558421957970818,1.5901914811035565,OPERATING_COSTS,UNFAVORABLE,5,DRIVER_IDENTIFIED,ACCOUNT
2026,12,2026-12,2026-12-01,549,Shortages and damages in operating area,Operating Costs,Shortages & Damages,0.0,-5690190.46,5690190.46,12.468011576807648,12.74327553867544,OPERATING_COSTS,UNFAVORABLE,3,DRIVER_IDENTIFIED,ACCOUNT
2026,12,2026-12,2026-12-01,582,Change in inventory of semi-finished goods,Operating Costs,Inventory Change,0.0,-372031.2,372031.2,0.8151729438830844,0.833170018457356,OPERATING_COSTS,UNFAVORABLE,8,DRIVER_IDENTIFIED,ACCOUNT
2021,1,2021-01,2021-01-01,501,Material consumption,Operating Costs,Material Consumption,-7077580.47,0.0,-7077580.47,2.69259748922073,-2.721410244955589,EBITDA,UNFAVORABLE,5,DRIVER_IDENTIFIED,ACCOUNT
2021,1,2021-01,2021-01-01,504,Cost of goods sold,Operating Costs,Cost of Goods Sold,-23152397.98,0.0,-23152397.98,8.808107365875998,-8.902360534808738,EBITDA,UNFAVORABLE,3,DRIVER_IDENTIFIED,ACCOUNT
2021,1,2021-01,2021-01-01,518,Other services,Operating Costs,Other Services,769317.88,0.0,769317.88,0.2926795959270266,0.2958114809338952,EBITDA,FAVORABLE,9,DRIVER_IDENTIFIED,ACCOUNT
2021,1,2021-01,2021-01-01,521,Payroll costs (Wages),Operating Costs,Payroll Costs,-2164169.36,0.0,-2164169.36,0.8233374399181412,-0.8321477506454942,EBITDA,UNFAVORABLE,7,DRIVER_IDENTIFIED,ACCOUNT
2021,1,2021-01,2021-01-01,541,Net book value of sold long-term intangible and tangible assets,Non-Core Operating Items,Fixed Asset Disposal Costs,-106594970.0,0.0,-106594970.0,40.55303218411292,-40.98697918707431,EBITDA,UNFAVORABLE,2,DRIVER_IDENTIFIED,ACCOUNT
2021,1,2021-01,2021-01-01,548,Other operating expenses,Operating Costs,Other Operating Costs,-947460.02,0.0,-947460.02,0.3604520615205415,-0.36430916130775226,EBITDA,UNFAVORABLE,8,DRIVER_IDENTIFIED,ACCOUNT
2021,1,2021-01,2021-01-01,549,Shortages and damages in operating area,Operating Costs,Shortages & Damages,-3837911.43,0.0,-3837911.43,1.460096529325585,-1.4757206264352305,EBITDA,UNFAVORABLE,6,DRIVER_IDENTIFIED,ACCOUNT
2021,1,2021-01,2021-01-01,602,Revenues from services,Revenue,Sales Revenue,-8660080.68,0.0,-8660080.68,3.2946444896326206,-3.3298995870963175,EBITDA,UNFAVORABLE,4,DRIVER_IDENTIFIED,ACCOUNT
2021,1,2021-01,2021-01-01,604,Revenues from goods,Revenue,Sales Revenue,-733819.22,0.0,-733819.22,0.27917447179712734,-0.28216184213209217,EBITDA,UNFAVORABLE,10,DRIVER_IDENTIFIED,ACCOUNT
2021,1,2021-01,2021-01-01,641,Revenues from sale of long-term intangible and tangible assets,Other Operating Income,Other Operating Income,-107829182.0,0.0,-107829182.0,41.022576281343945,-41.46154774839045,EBITDA,UNFAVORABLE,1,DRIVER_IDENTIFIED,ACCOUNT
2021,2,2021-02,2021-02-01,501,Material consumption,Operating Costs,Material Consumption,-5257125.2,0.0,-5257125.2,2.0023218898804234,-2.0200465968778754,EBITDA,UNFAVORABLE,5,DRIVER_IDENTIFIED,ACCOUNT
2021,2,2021-02,2021-02-01,502,Energy consumption,Operating Costs,Energy Consumption,-497987.98,0.0,-497987.98,0.18967252924684663,-0.1913515250283724,EBITDA,UNFAVORABLE,10,DRIVER_IDENTIFIED,ACCOUNT
2021,2,2021-02,2021-02-01,504,Cost of goods sold,Operating Costs,Cost of Goods Sold,-23939698.93,0.0,-23939698.93,9.118098082329473,-9.198812186140708,EBITDA,UNFAVORABLE,2,DRIVER_IDENTIFIED,ACCOUNT
2021,2,2021-02,2021-02-01,524,Statutory social and health insurance,Operating Costs,Social & Health Insurance,-586868.48,0.0,-586868.48,0.22352513194565946,-0.2255037935636175,EBITDA,UNFAVORABLE,9,DRIVER_IDENTIFIED,ACCOUNT
2021,2,2021-02,2021-02-01,541,Net book value of sold long-term intangible and tangible assets,Non-Core Operating Items,Fixed Asset Disposal Costs,-197605531.0,0.0,-197605531.0,75.26354523242942,-75.92978390942552,EBITDA,UNFAVORABLE,1,DRIVER_IDENTIFIED,ACCOUNT
2021,2,2021-02,2021-02-01,548,Other operating expenses,Operating Costs,Other Operating Costs,-1668779.03,0.0,-1668779.03,0.6356007616372574,-0.6412271483457654,EBITDA,UNFAVORABLE,7,DRIVER_IDENTIFIED,ACCOUNT
2021,2,2021-02,2021-02-01,549,Shortages and damages in operating area,Operating Costs,Shortages & Damages,-4691555.63,0.0,-4691555.63,1.7869090383353892,-1.8027268942434043,EBITDA,UNFAVORABLE,6,DRIVER_IDENTIFIED,ACCOUNT
2021,2,2021-02,2021-02-01,602,Revenues from services,Revenue,Sales Revenue,-6947629.78,0.0,-6947629.78,2.6461974295911976,-2.6696217722675466,EBITDA,UNFAVORABLE,4,DRIVER_IDENTIFIED,ACCOUNT
2021,2,2021-02,2021-02-01,604,Revenues from goods,Revenue,Sales Revenue,778793.39,0.0,778793.39,0.29662505517106225,0.29925080291800615,EBITDA,FAVORABLE,8,DRIVER_IDENTIFIED,ACCOUNT
2021,2,2021-02,2021-02-01,641,Revenues from sale of long-term intangible and tangible assets,Other Operating Income,Other Operating Income,-19379880.0,0.0,-19379880.0,7.381364618680913,-7.446705024620984,EBITDA,UNFAVORABLE,3,DRIVER_IDENTIFIED,ACCOUNT
2021,3,2021-03,2021-03-01,501,Material consumption,Operating Costs,Material Consumption,-7136004.08,0.0,-7136004.08,3.1016363955307575,-3.1257673774235357,EBITDA,UNFAVORABLE,4,DRIVER_IDENTIFIED,ACCOUNT
2021,3,2021-03,2021-03-01,504,Cost of goods sold,Operating Costs,Cost of Goods Sold,-24283718.19,0.0,-24283718.19,10.554823583693395,-10.636940964423959,EBITDA,UNFAVORABLE,2,DRIVER_IDENTIFIED,ACCOUNT
2021,3,2021-03,2021-03-01,521,Payroll costs (Wages),Operating Costs,Payroll Costs,-1614933.66,0.0,-1614933.66,0.7019246289757858,-0.7073856593326375,EBITDA,UNFAVORABLE,7,DRIVER_IDENTIFIED,ACCOUNT
2021,3,2021-03,2021-03-01,524,Statutory social and health insurance,Operating Costs,Social & Health Insurance,-871798.52,0.0,-871798.52,0.3789238331267671,-0.3818718911806059,EBITDA,UNFAVORABLE,9,DRIVER_IDENTIFIED,ACCOUNT
2021,3,2021-03,2021-03-01,541,Net book value of sold long-term intangible and tangible assets,Non-Core Operating Items,Fixed Asset Disposal Costs,-174631237.0,0.0,-174631237.0,75.90278738682524,-76.49331720865803,EBITDA,UNFAVORABLE,1,DRIVER_IDENTIFIED,ACCOUNT
2021,3,2021-03,2021-03-01,548,Other operating expenses,Operating Costs,Other Operating Costs,-1463829.96,0.0,-1463829.96,0.6362479939619559,-0.6411980547891165,EBITDA,UNFAVORABLE,8,DRIVER_IDENTIFIED,ACCOUNT
2021,3,2021-03,2021-03-01,549,Shortages and damages in operating area,Operating Costs,Shortages & Damages,-4615278.94,0.0,-4615278.94,2.006013025686305,-2.0216199691917605,EBITDA,UNFAVORABLE,6,DRIVER_IDENTIFIED,ACCOUNT
2021,3,2021-03,2021-03-01,601,Revenues from own products,Revenue,Sales Revenue,811590.55,0.0,811590.55,0.35275467333376653,0.35549913320890714,EBITDA,FAVORABLE,10,DRIVER_IDENTIFIED,ACCOUNT
2021,3,2021-03,2021-03-01,602,Revenues from services,Revenue,Sales Revenue,-8388981.46,0.0,-8388981.46,3.646238136367315,-3.674606163829276,EBITDA,UNFAVORABLE,3,DRIVER_IDENTIFIED,ACCOUNT
2021,3,2021-03,2021-03-01,641,Revenues from sale of long-term intangible and tangible assets,Other Operating Income,Other Operating Income,-4925402.4,0.0,-4925402.4,2.1408069803786525,-2.157462631748326,EBITDA,UNFAVORABLE,5,DRIVER_IDENTIFIED,ACCOUNT
2021,4,2021-04,2021-04-01,501,Material consumption,Operating Costs,Material Consumption,-6057808.61,0.0,-6057808.61,8.861813421195977,-9.144953437110226,EBITDA,UNFAVORABLE,5,DRIVER_IDENTIFIED,ACCOUNT
2021,4,2021-04,2021-04-01,504,Cost of goods sold,Operating Costs,Cost of Goods Sold,-23444258.92,0.0,-23444258.92,34.29600730605609,-35.391784388341065,EBITDA,UNFAVORABLE,1,DRIVER_IDENTIFIED,ACCOUNT
2021,4,2021-04,2021-04-01,521,Payroll costs (Wages),Operating Costs,Payroll Costs,-1330477.34,0.0,-1330477.34,1.9463213031765167,-2.008507383898725,EBITDA,UNFAVORABLE,8,DRIVER_IDENTIFIED,ACCOUNT
2021,4,2021-04,2021-04-01,541,Net book value of sold long-term intangible and tangible assets,Non-Core Operating Items,Fixed Asset Disposal Costs,-7660426.0,0.0,-7660426.0,11.2062414495592,-11.56428728414854,EBITDA,UNFAVORABLE,4,DRIVER_IDENTIFIED,ACCOUNT
2021,4,2021-04,2021-04-01,548,Other operating expenses,Operating Costs,Other Operating Costs,-1715634.98,0.0,-1715634.98,2.509758572850866,-2.589946797143453,EBITDA,UNFAVORABLE,7,DRIVER_IDENTIFIED,ACCOUNT
2021,4,2021-04,2021-04-01,549,Shortages and damages in operating area,Operating Costs,Shortages & Damages,-4478927.9,0.0,-4478927.9,6.552109175464543,-6.761452817452727,EBITDA,UNFAVORABLE,6,DRIVER_IDENTIFIED,ACCOUNT
2021,4,2021-04,2021-04-01,582,Change in inventory of semi-finished goods,Operating Costs,Inventory Change,-908687.43,0.0,-908687.43,1.3292956217786616,-1.3717673784740714,EBITDA,UNFAVORABLE,9,DRIVER_IDENTIFIED,ACCOUNT
2021,4,2021-04,2021-04-01,602,Revenues from services,Revenue,Sales Revenue,-9109256.73,0.0,-9109256.73,13.325698902698377,-13.751462617194331,EBITDA,UNFAVORABLE,3,DRIVER_IDENTIFIED,ACCOUNT
2021,4,2021-04,2021-04-01,604,Revenues from goods,Revenue,Sales Revenue,-784876.98,0.0,-784876.98,1.1481764781855275,-1.1848613744764205,EBITDA,UNFAVORABLE,10,DRIVER_IDENTIFIED,ACCOUNT
2021,4,2021-04,2021-04-01,641,Revenues from sale of long-term intangible and tangible assets,Other Operating Income,Other Operating Income,-10615518.4,0.0,-10615518.4,15.529170610438422,-16.025336508408913,EBITDA,UNFAVORABLE,2,DRIVER_IDENTIFIED,ACCOUNT
2021,5,2021-05,2021-05-01,501,Material consumption,Operating Costs,Material Consumption,-6472062.68,0.0,-6472062.68,5.029048981585185,-5.067381536845789,EBITDA,UNFAVORABLE,5,DRIVER_IDENTIFIED,ACCOUNT
2021,5,2021-05,2021-05-01,502,Energy consumption,Operating Costs,Energy Consumption,-493522.82,0.0,-493522.82,0.3834867735412675,-0.38640979695828104,EBITDA,UNFAVORABLE,9,DRIVER_IDENTIFIED,ACCOUNT
2021,5,2021-05,2021-05-01,504,Cost of goods sold,Operating Costs,Cost of Goods Sold,-23285599.06,0.0,-23285599.06,18.093832527328665,-18.231747834530807,EBITDA,UNFAVORABLE,2,DRIVER_IDENTIFIED,ACCOUNT
2021,5,2021-05,2021-05-01,521,Payroll costs (Wages),Operating Costs,Payroll Costs,-1763094.96,0.0,-1763094.96,1.36999459854211,-1.3804370089953868,EBITDA,UNFAVORABLE,7,DRIVER_IDENTIFIED,ACCOUNT
2021,5,2021-05,2021-05-01,524,Statutory social and health insurance,Operating Costs,Social & Health Insurance,-438822.28,0.0,-438822.28,0.3409822879420706,-0.3435813325016459,EBITDA,UNFAVORABLE,10,DRIVER_IDENTIFIED,ACCOUNT
2021,5,2021-05,2021-05-01,541,Net book value of sold long-term intangible and tangible assets,Non-Core Operating Items,Fixed Asset Disposal Costs,-9357009.0,0.0,-9357009.0,7.27076650965522,-7.326185945822744,EBITDA,UNFAVORABLE,3,DRIVER_IDENTIFIED,ACCOUNT
2021,5,2021-05,2021-05-01,549,Shortages and damages in operating area,Operating Costs,Shortages & Damages,-6151548.92,0.0,-6151548.92,4.779997098436235,-4.816431323593371,EBITDA,UNFAVORABLE,6,DRIVER_IDENTIFIED,ACCOUNT
2021,5,2021-05,2021-05-01,601,Revenues from own products,Revenue,Sales Revenue,-790847.0,0.0,-790847.0,0.6145194347746489,-0.6192034416869835,EBITDA,UNFAVORABLE,8,DRIVER_IDENTIFIED,ACCOUNT
2021,5,2021-05,2021-05-01,602,Revenues from services,Revenue,Sales Revenue,-6750628.83,0.0,-6750628.83,5.245505910732479,-5.285488349943003,EBITDA,UNFAVORABLE,4,DRIVER_IDENTIFIED,ACCOUNT
2021,5,2021-05,2021-05-01,641,Revenues from sale of long-term intangible and tangible assets,Other Operating Income,Other Operating Income,-71935509.6,0.0,-71935509.6,55.89673944469451,-56.322797107186396,EBITDA,UNFAVORABLE,1,DRIVER_IDENTIFIED,ACCOUNT
2021,6,2021-06,2021-06-01,501,Material consumption,Operating Costs,Material Consumption,-6673410.18,0.0,-6673410.18,4.172960129630445,-4.252516209457926,EBITDA,UNFAVORABLE,4,DRIVER_IDENTIFIED,ACCOUNT
2021,6,2021-06,2021-06-01,504,Cost of goods sold,Operating Costs,Cost of Goods Sold,-24420936.89,0.0,-24420936.89,15.270692677576628,-15.561823291802215,EBITDA,UNFAVORABLE,2,DRIVER_IDENTIFIED,ACCOUNT
2021,6,2021-06,2021-06-01,521,Payroll costs (Wages),Operating Costs,Payroll Costs,-2618472.0,0.0,-2618472.0,1.6373606539728227,-1.6685763835382457,EBITDA,UNFAVORABLE,7,DRIVER_IDENTIFIED,ACCOUNT
2021,6,2021-06,2021-06-01,541,Net book value of sold long-term intangible and tangible assets,Non-Core Operating Items,Fixed Asset Disposal Costs,-106878163.0,0.0,-106878163.0,66.83214442052233,-68.10627675138444,EBITDA,UNFAVORABLE,1,DRIVER_IDENTIFIED,ACCOUNT
2021,6,2021-06,2021-06-01,548,Other operating expenses,Operating Costs,Other Operating Costs,-866911.12,0.0,-866911.12,0.542089492795612,-0.5524242464531567,EBITDA,UNFAVORABLE,9,DRIVER_IDENTIFIED,ACCOUNT
2021,6,2021-06,2021-06-01,549,Shortages and damages in operating area,Operating Costs,Shortages & Damages,-3586383.02,0.0,-3586383.02,2.242606545735156,-2.2853610844395402,EBITDA,UNFAVORABLE,5,DRIVER_IDENTIFIED,ACCOUNT
2021,6,2021-06,2021-06-01,582,Change in inventory of semi-finished goods,Operating Costs,Inventory Change,-657529.32,0.0,-657529.32,0.41116064536932423,-0.4189992846346884,EBITDA,UNFAVORABLE,10,DRIVER_IDENTIFIED,ACCOUNT
2021,6,2021-06,2021-06-01,601,Revenues from own products,Revenue,Sales Revenue,1127553.62,0.0,1127553.62,0.7050722454288697,0.7185142103887525,EBITDA,FAVORABLE,8,DRIVER_IDENTIFIED,ACCOUNT
2021,6,2021-06,2021-06-01,602,Revenues from services,Revenue,Sales Revenue,-8372339.71,0.0,-8372339.71,5.23532030239324,-5.335129921215672,EBITDA,UNFAVORABLE,3,DRIVER_IDENTIFIED,ACCOUNT
2021,6,2021-06,2021-06-01,641,Revenues from sale of long-term intangible and tangible assets,Other Operating Income,Other Operating Income,-3061886.4,0.0,-3061886.4,1.9146327775490788,-1.951134606792411,EBITDA,UNFAVORABLE,6,DRIVER_IDENTIFIED,ACCOUNT
2021,7,2021-07,2021-07-01,501,Material consumption,Operating Costs,Material Consumption,-6351860.03,0.0,-6351860.03,3.9409546042723362,-3.960430316633222,EBITDA,UNFAVORABLE,5,DRIVER_IDENTIFIED,ACCOUNT
2021,7,2021-07,2021-07-01,504,Cost of goods sold,Operating Costs,Cost of Goods Sold,-24727122.75,0.0,-24727122.75,15.341721604658806,-15.417538503632777,EBITDA,UNFAVORABLE,3,DRIVER_IDENTIFIED,ACCOUNT
2021,7,2021-07,2021-07-01,521,Payroll costs (Wages),Operating Costs,Payroll Costs,-1406928.29,0.0,-1406928.29,0.8729160428864967,-0.8772298864786128,EBITDA,UNFAVORABLE,7,DRIVER_IDENTIFIED,ACCOUNT
2021,7,2021-07,2021-07-01,541,Net book value of sold long-term intangible and tangible assets,Non-Core Operating Items,Fixed Asset Disposal Costs,-70849783.0,0.0,-70849783.0,43.95811261690316,-44.17534819640619,EBITDA,UNFAVORABLE,1,DRIVER_IDENTIFIED,ACCOUNT
2021,7,2021-07,2021-07-01,548,Other operating expenses,Operating Costs,Other Operating Costs,-277097.09,0.0,-277097.09,0.17192240501338094,-0.17277202436824546,EBITDA,UNFAVORABLE,10,DRIVER_IDENTIFIED,ACCOUNT
2021,7,2021-07,2021-07-01,549,Shortages and damages in operating area,Operating Costs,Shortages & Damages,-4031685.76,0.0,-4031685.76,2.501423281339405,-2.513785007167806,EBITDA,UNFAVORABLE,6,DRIVER_IDENTIFIED,ACCOUNT
2021,7,2021-07,2021-07-01,601,Revenues from own products,Revenue,Sales Revenue,-661292.88,0.0,-661292.88,0.4102932381853057,-0.4123208568444628,EBITDA,UNFAVORABLE,9,DRIVER_IDENTIFIED,ACCOUNT
2021,7,2021-07,2021-07-01,602,Revenues from services,Revenue,Sales Revenue,-8347773.7,0.0,-8347773.7,5.179301345284605,-5.204896814748212,EBITDA,UNFAVORABLE,4,DRIVER_IDENTIFIED,ACCOUNT
2021,7,2021-07,2021-07-01,604,Revenues from goods,Revenue,Sales Revenue,-773095.1,0.0,-773095.1,0.4796599231556716,-0.48203034343006335,EBITDA,UNFAVORABLE,8,DRIVER_IDENTIFIED,ACCOUNT
2021,7,2021-07,2021-07-01,641,Revenues from sale of long-term intangible and tangible assets,Other Operating Income,Other Operating Income,-43132564.8,0.0,-43132564.8,26.761213099753217,-26.89346371948737,EBITDA,UNFAVORABLE,2,DRIVER_IDENTIFIED,ACCOUNT
2021,8,2021-08,2021-08-01,501,Material consumption,Operating Costs,Material Consumption,-6760444.41,0.0,-6760444.41,10.993160879427823,-11.631521965613215,EBITDA,UNFAVORABLE,3,DRIVER_IDENTIFIED,ACCOUNT
2021,8,2021-08,2021-08-01,502,Energy consumption,Operating Costs,Energy Consumption,1219784.75,0.0,1219784.75,1.983492383309553,2.0986716630578766,EBITDA,FAVORABLE,8,DRIVER_IDENTIFIED,ACCOUNT
2021,8,2021-08,2021-08-01,504,Cost of goods sold,Operating Costs,Cost of Goods Sold,-23887952.93,0.0,-23887952.93,38.84420811910636,-41.09984970926335,EBITDA,UNFAVORABLE,1,DRIVER_IDENTIFIED,ACCOUNT
2021,8,2021-08,2021-08-01,521,Payroll costs (Wages),Operating Costs,Payroll Costs,-1291785.9,0.0,-1291785.9,2.100573477014429,-2.222551530561204,EBITDA,UNFAVORABLE,7,DRIVER_IDENTIFIED,ACCOUNT
2021,8,2021-08,2021-08-01,541,Net book value of sold long-term intangible and tangible assets,Non-Core Operating Items,Fixed Asset Disposal Costs,-4934999.0,0.0,-4934999.0,8.024803497617315,-8.49079524770166,EBITDA,UNFAVORABLE,6,DRIVER_IDENTIFIED,ACCOUNT
2021,8,2021-08,2021-08-01,548,Other operating expenses,Operating Costs,Other Operating Costs,-1041529.82,0.0,-1041529.82,1.6936319829869737,-1.791979379528864,EBITDA,UNFAVORABLE,9,DRIVER_IDENTIFIED,ACCOUNT
2021,8,2021-08,2021-08-01,549,Shortages and damages in operating area,Operating Costs,Shortages & Damages,-5674537.7,0.0,-5674537.7,9.227367621010929,-9.763190982625105,EBITDA,UNFAVORABLE,5,DRIVER_IDENTIFIED,ACCOUNT
2021,8,2021-08,2021-08-01,602,Revenues from services,Revenue,Sales Revenue,-8697619.77,0.0,-8697619.77,14.143202369694807,-14.964482993701115,EBITDA,UNFAVORABLE,2,DRIVER_IDENTIFIED,ACCOUNT
2021,8,2021-08,2021-08-01,604,Revenues from goods,Revenue,Sales Revenue,-532448.62,0.0,-532448.62,0.8658148761686704,-0.9160918193380194,EBITDA,UNFAVORABLE,10,DRIVER_IDENTIFIED,ACCOUNT
2021,8,2021-08,2021-08-01,641,Revenues from sale of long-term intangible and tangible assets,Other Operating Income,Other Operating Income,-5878580.8,0.0,-5878580.8,9.559162173055352,-10.114252489183933,EBITDA,UNFAVORABLE,4,DRIVER_IDENTIFIED,ACCOUNT
2021,9,2021-09,2021-09-01,501,Material consumption,Operating Costs,Material Consumption,-6480276.13,0.0,-6480276.13,3.84838840441361,-3.941118303352089,EBITDA,UNFAVORABLE,4,DRIVER_IDENTIFIED,ACCOUNT
2021,9,2021-09,2021-09-01,502,Energy consumption,Operating Costs,Energy Consumption,660583.03,0.0,660583.03,0.39229502289810725,0.4017476752825936,EBITDA,FAVORABLE,10,DRIVER_IDENTIFIED,ACCOUNT
2021,9,2021-09,2021-09-01,504,Cost of goods sold,Operating Costs,Cost of Goods Sold,-24767828.29,0.0,-24767828.29,14.708666927398875,-15.063083647949533,EBITDA,UNFAVORABLE,2,DRIVER_IDENTIFIED,ACCOUNT
2021,9,2021-09,2021-09-01,521,Payroll costs (Wages),Operating Costs,Payroll Costs,-2133394.23,0.0,-2133394.23,1.2669413234980316,-1.297469255853876,EBITDA,UNFAVORABLE,7,DRIVER_IDENTIFIED,ACCOUNT
2021,9,2021-09,2021-09-01,541,Net book value of sold long-term intangible and tangible assets,Non-Core Operating Items,Fixed Asset Disposal Costs,-113703778.0,0.0,-113703778.0,67.52432952162168,-69.15138053478017,EBITDA,UNFAVORABLE,1,DRIVER_IDENTIFIED,ACCOUNT
2021,9,2021-09,2021-09-01,548,Other operating expenses,Operating Costs,Other Operating Costs,-2013782.3,0.0,-2013782.3,1.1959083682338965,-1.2247247065221074,EBITDA,UNFAVORABLE,8,DRIVER_IDENTIFIED,ACCOUNT
2021,9,2021-09,2021-09-01,549,Shortages and damages in operating area,Operating Costs,Shortages & Damages,-4732576.38,0.0,-4732576.38,2.8104962965202747,-2.8782173813370773,EBITDA,UNFAVORABLE,5,DRIVER_IDENTIFIED,ACCOUNT
2021,9,2021-09,2021-09-01,601,Revenues from own products,Revenue,Sales Revenue,706771.96,0.0,706771.96,0.4197248637040224,0.4298384593454092,EBITDA,FAVORABLE,9,DRIVER_IDENTIFIED,ACCOUNT
2021,9,2021-09,2021-09-01,602,Revenues from services,Revenue,Sales Revenue,-8815371.37,0.0,-8815371.37,5.23511225144471,-5.361256335407575,EBITDA,UNFAVORABLE,3,DRIVER_IDENTIFIED,ACCOUNT
2021,9,2021-09,2021-09-01,641,Revenues from sale of long-term intangible and tangible assets,Other Operating Income,Other Operating Income,-3154130.0,0.0,-3154130.0,1.8731172984773874,-1.9182515103954259,EBITDA,UNFAVORABLE,6,DRIVER_IDENTIFIED,ACCOUNT
2021,10,2021-10,2021-10-01,501,Material consumption,Operating Costs,Material Consumption,-6466972.31,0.0,-6466972.31,4.580167936704773,-4.733390242429383,EBITDA,UNFAVORABLE,4,DRIVER_IDENTIFIED,ACCOUNT
2021,10,2021-10,2021-10-01,504,Cost of goods sold,Operating Costs,Cost of Goods Sold,-23873117.77,0.0,-23873117.77,16.90789496504446,-17.4735219654722,EBITDA,UNFAVORABLE,2,DRIVER_IDENTIFIED,ACCOUNT
2021,10,2021-10,2021-10-01,521,Payroll costs (Wages),Operating Costs,Payroll Costs,-1368923.03,0.0,-1368923.03,0.9695259341264669,-1.0019598974962776,EBITDA,UNFAVORABLE,7,DRIVER_IDENTIFIED,ACCOUNT
2021,10,2021-10,2021-10-01,524,Statutory social and health insurance,Operating Costs,Social & Health Insurance,-940353.41,0.0,-940353.41,0.6659958217221742,-0.6882756631641117,EBITDA,UNFAVORABLE,9,DRIVER_IDENTIFIED,ACCOUNT
2021,10,2021-10,2021-10-01,541,Net book value of sold long-term intangible and tangible assets,Non-Core Operating Items,Fixed Asset Disposal Costs,-90021766.0,0.0,-90021766.0,63.757008144471214,-65.88989845089675,EBITDA,UNFAVORABLE,1,DRIVER_IDENTIFIED,ACCOUNT
2021,10,2021-10,2021-10-01,549,Shortages and damages in operating area,Operating Costs,Shortages & Damages,-4369485.42,0.0,-4369485.42,3.0946439943211983,-3.1981704358751855,EBITDA,UNFAVORABLE,5,DRIVER_IDENTIFIED,ACCOUNT
2021,10,2021-10,2021-10-01,601,Revenues from own products,Revenue,Sales Revenue,1291770.02,0.0,1291770.02,0.9148830926725405,0.9454890658300668,EBITDA,FAVORABLE,8,DRIVER_IDENTIFIED,ACCOUNT
2021,10,2021-10,2021-10-01,602,Revenues from services,Revenue,Sales Revenue,-7776598.16,0.0,-7776598.16,5.507697240947261,-5.691948578922909,EBITDA,UNFAVORABLE,3,DRIVER_IDENTIFIED,ACCOUNT
2021,10,2021-10,2021-10-01,604,Revenues from goods,Revenue,Sales Revenue,566596.93,0.0,566596.93,0.4012865630812263,0.41471097312498695,EBITDA,FAVORABLE,10,DRIVER_IDENTIFIED,ACCOUNT
2021,10,2021-10,2021-10-01,641,Revenues from sale of long-term intangible and tangible assets,Other Operating Income,Other Operating Income,-3254756.4,0.0,-3254756.4,2.305148404920981,-2.3822635147860387,EBITDA,UNFAVORABLE,6,DRIVER_IDENTIFIED,ACCOUNT
2021,11,2021-11,2021-11-01,501,Material consumption,Operating Costs,Material Consumption,-6553654.7,0.0,-6553654.7,6.793333041821037,-7.151680206329944,EBITDA,UNFAVORABLE,5,DRIVER_IDENTIFIED,ACCOUNT
2021,11,2021-11,2021-11-01,504,Cost of goods sold,Operating Costs,Cost of Goods Sold,-25100441.81,0.0,-25100441.81,26.01840782245961,-27.390874417401566,EBITDA,UNFAVORABLE,2,DRIVER_IDENTIFIED,ACCOUNT
2021,11,2021-11,2021-11-01,521,Payroll costs (Wages),Operating Costs,Payroll Costs,-1875059.5,0.0,-1875059.5,1.9436336273149133,-2.04615997114418,EBITDA,UNFAVORABLE,7,DRIVER_IDENTIFIED,ACCOUNT
2021,11,2021-11,2021-11-01,524,Statutory social and health insurance,Operating Costs,Social & Health Insurance,1190853.21,0.0,1190853.21,1.2344047451037732,1.2995193858171188,EBITDA,FAVORABLE,8,DRIVER_IDENTIFIED,ACCOUNT
2021,11,2021-11,2021-11-01,541,Net book value of sold long-term intangible and tangible assets,Non-Core Operating Items,Fixed Asset Disposal Costs,-28132539.0,0.0,-28132539.0,29.161393983576666,-30.699652564866618,EBITDA,UNFAVORABLE,1,DRIVER_IDENTIFIED,ACCOUNT
2021,11,2021-11,2021-11-01,548,Other operating expenses,Operating Costs,Other Operating Costs,-908984.02,0.0,-908984.02,0.9422271175735446,-0.9919294380438173,EBITDA,UNFAVORABLE,9,DRIVER_IDENTIFIED,ACCOUNT
2021,11,2021-11,2021-11-01,549,Shortages and damages in operating area,Operating Costs,Shortages & Damages,-5076872.28,0.0,-5076872.28,5.262542167323723,-5.540140373117486,EBITDA,UNFAVORABLE,6,DRIVER_IDENTIFIED,ACCOUNT
2021,11,2021-11,2021-11-01,601,Revenues from own products,Revenue,Sales Revenue,515674.36,0.0,515674.36,0.5345334517865148,0.5627300006092572,EBITDA,FAVORABLE,10,DRIVER_IDENTIFIED,ACCOUNT
2021,11,2021-11,2021-11-01,602,Revenues from services,Revenue,Sales Revenue,-9221866.55,0.0,-9221866.55,9.55912595477134,-10.06336822583149,EBITDA,UNFAVORABLE,4,DRIVER_IDENTIFIED,ACCOUNT
2021,11,2021-11,2021-11-01,641,Revenues from sale of long-term intangible and tangible assets,Other Operating Income,Other Operating Income,-16196880.4,0.0,-16196880.4,16.789227970119256,-17.674856894882396,EBITDA,UNFAVORABLE,3,DRIVER_IDENTIFIED,ACCOUNT
2021,12,2021-12,2021-12-01,501,Material consumption,Operating Costs,Material Consumption,-6806761.4,0.0,-6806761.4,4.549304772833305,-4.624871457640064,EBITDA,UNFAVORABLE,4,DRIVER_IDENTIFIED,ACCOUNT
2021,12,2021-12,2021-12-01,502,Energy consumption,Operating Costs,Energy Consumption,1015210.1,0.0,1015210.1,0.678516534068401,0.6897871012487545,EBITDA,FAVORABLE,10,DRIVER_IDENTIFIED,ACCOUNT
2021,12,2021-12,2021-12-01,504,Cost of goods sold,Operating Costs,Cost of Goods Sold,-27479192.42,0.0,-27479192.42,18.36574163300491,-18.670807632871806,EBITDA,UNFAVORABLE,2,DRIVER_IDENTIFIED,ACCOUNT
2021,12,2021-12,2021-12-01,521,Payroll costs (Wages),Operating Costs,Payroll Costs,-2094675.58,0.0,-2094675.58,1.3999782060278139,-1.4232326849237944,EBITDA,UNFAVORABLE,7,DRIVER_IDENTIFIED,ACCOUNT
2021,12,2021-12,2021-12-01,524,Statutory social and health insurance,Operating Costs,Social & Health Insurance,-1927299.44,0.0,-1927299.44,1.288112220456406,-1.3095085381399851,EBITDA,UNFAVORABLE,8,DRIVER_IDENTIFIED,ACCOUNT
2021,12,2021-12,2021-12-01,541,Net book value of sold long-term intangible and tangible assets,Non-Core Operating Items,Fixed Asset Disposal Costs,-90196451.0,0.0,-90196451.0,60.282874764337315,-61.284209522950306,EBITDA,UNFAVORABLE,1,DRIVER_IDENTIFIED,ACCOUNT
2021,12,2021-12,2021-12-01,548,Other operating expenses,Operating Costs,Other Operating Costs,-1571950.19,0.0,-1571950.19,1.0506142468903377,-1.0680655805803438,EBITDA,UNFAVORABLE,9,DRIVER_IDENTIFIED,ACCOUNT
2021,12,2021-12,2021-12-01,549,Shortages and damages in operating area,Operating Costs,Shortages & Damages,-4934047.86,0.0,-4934047.86,3.297675085083187,-3.352451448987772,EBITDA,UNFAVORABLE,5,DRIVER_IDENTIFIED,ACCOUNT
2021,12,2021-12,2021-12-01,602,Revenues from services,Revenue,Sales Revenue,-8360867.31,0.0,-8360867.31,5.587992780003858,-5.6808126964954075,EBITDA,UNFAVORABLE,3,DRIVER_IDENTIFIED,ACCOUNT
2021,12,2021-12,2021-12-01,641,Revenues from sale of long-term intangible and tangible assets,Other Operating Income,Other Operating Income,-4199216.8,0.0,-4199216.8,2.8065501209432426,-2.8531686042003237,EBITDA,UNFAVORABLE,6,DRIVER_IDENTIFIED,ACCOUNT
2022,1,2022-01,2022-01-01,501,Material consumption,Operating Costs,Material Consumption,-5789447.2,0.0,-5789447.2,10.406896332930964,-10.888088397303473,EBITDA,UNFAVORABLE,4,DRIVER_IDENTIFIED,ACCOUNT
2022,1,2022-01,2022-01-01,504,Cost of goods sold,Operating Costs,Cost of Goods Sold,-22885372.75,0.0,-22885372.75,41.137900307603324,-43.040026603444986,EBITDA,UNFAVORABLE,1,DRIVER_IDENTIFIED,ACCOUNT
2022,1,2022-01,2022-01-01,521,Payroll costs (Wages),Operating Costs,Payroll Costs,-810234.86,0.0,-810234.86,1.4564482414394992,-1.523791214169257,EBITDA,UNFAVORABLE,8,DRIVER_IDENTIFIED,ACCOUNT
2022,1,2022-01,2022-01-01,541,Net book value of sold long-term intangible and tangible assets,Non-Core Operating Items,Fixed Asset Disposal Costs,-8859600.0,0.0,-8859600.0,15.92568954618589,-16.66205850616443,EBITDA,UNFAVORABLE,2,DRIVER_IDENTIFIED,ACCOUNT
2022,1,2022-01,2022-01-01,548,Other operating expenses,Operating Costs,Other Operating Costs,-946630.87,0.0,-946630.87,1.7016286683886241,-1.7803082463859925,EBITDA,UNFAVORABLE,7,DRIVER_IDENTIFIED,ACCOUNT
2022,1,2022-01,2022-01-01,549,Shortages and damages in operating area,Operating Costs,Shortages & Damages,-3974372.75,0.0,-3974372.75,7.144185579182024,-7.474517053343901,EBITDA,UNFAVORABLE,5,DRIVER_IDENTIFIED,ACCOUNT
2022,1,2022-01,2022-01-01,601,Revenues from own products,Revenue,Sales Revenue,642383.11,0.0,642383.11,1.1547241387391507,1.2081160506334216,EBITDA,FAVORABLE,9,DRIVER_IDENTIFIED,ACCOUNT
2022,1,2022-01,2022-01-01,602,Revenues from services,Revenue,Sales Revenue,-7866698.03,0.0,-7866698.03,14.140885658423871,-14.794729200662388,EBITDA,UNFAVORABLE,3,DRIVER_IDENTIFIED,ACCOUNT
2022,1,2022-01,2022-01-01,604,Revenues from goods,Revenue,Sales Revenue,484760.97,0.0,484760.97,0.8713884049311403,0.9116794938422752,EBITDA,FAVORABLE,10,DRIVER_IDENTIFIED,ACCOUNT
2022,1,2022-01,2022-01-01,641,Revenues from sale of long-term intangible and tangible assets,Other Operating Income,Other Operating Income,-2581222.8,0.0,-2581222.8,4.639910714065722,-4.854450010276488,EBITDA,UNFAVORABLE,6,DRIVER_IDENTIFIED,ACCOUNT
2022,2,2022-02,2022-02-01,501,Material consumption,Operating Costs,Material Consumption,-6464748.98,0.0,-6464748.98,11.708669441860927,-11.827525556446398,EBITDA,UNFAVORABLE,3,DRIVER_IDENTIFIED,ACCOUNT
2022,2,2022-02,2022-02-01,504,Cost of goods sold,Operating Costs,Cost of Goods Sold,-23192484.91,0.0,-23192484.91,42.0052101306086,-42.43161008094121,EBITDA,UNFAVORABLE,1,DRIVER_IDENTIFIED,ACCOUNT
2022,2,2022-02,2022-02-01,518,Other services,Operating Costs,Other Services,-481446.8,0.0,-481446.8,0.8719753005849469,-0.8808268269480954,EBITDA,UNFAVORABLE,10,DRIVER_IDENTIFIED,ACCOUNT
2022,2,2022-02,2022-02-01,521,Payroll costs (Wages),Operating Costs,Payroll Costs,-1797466.82,0.0,-1797466.82,3.25549296549685,-3.2885398669283576,EBITDA,UNFAVORABLE,7,DRIVER_IDENTIFIED,ACCOUNT
2022,2,2022-02,2022-02-01,524,Statutory social and health insurance,Operating Costs,Social & Health Insurance,-589196.13,0.0,-589196.13,1.0671261550813869,-1.0779586812873148,EBITDA,UNFAVORABLE,9,DRIVER_IDENTIFIED,ACCOUNT
2022,2,2022-02,2022-02-01,541,Net book value of sold long-term intangible and tangible assets,Non-Core Operating Items,Fixed Asset Disposal Costs,-5604666.0,0.0,-5604666.0,10.150924920527526,-10.253968182743918,EBITDA,UNFAVORABLE,4,DRIVER_IDENTIFIED,ACCOUNT
2022,2,2022-02,2022-02-01,548,Other operating expenses,Operating Costs,Other Operating Costs,-1756403.26,0.0,-1756403.26,3.181120449002633,-3.213412386056135,EBITDA,UNFAVORABLE,8,DRIVER_IDENTIFIED,ACCOUNT
2022,2,2022-02,2022-02-01,549,Shortages and damages in operating area,Operating Costs,Shortages & Damages,-3822968.49,0.0,-3822968.49,6.923992636765954,-6.99427892047315,EBITDA,UNFAVORABLE,5,DRIVER_IDENTIFIED,ACCOUNT
2022,2,2022-02,2022-02-01,602,Revenues from services,Revenue,Sales Revenue,-8039938.1,0.0,-8039938.1,14.561582798830248,-14.709399180723809,EBITDA,UNFAVORABLE,2,DRIVER_IDENTIFIED,ACCOUNT
2022,2,2022-02,2022-02-01,641,Revenues from sale of long-term intangible and tangible assets,Other Operating Income,Other Operating Income,-2571496.0,0.0,-2571496.0,4.657380623472808,-4.704658255470219,EBITDA,UNFAVORABLE,6,DRIVER_IDENTIFIED,ACCOUNT
2022,3,2022-03,2022-03-01,501,Material consumption,Operating Costs,Material Consumption,-7093322.96,0.0,-7093322.96,2.6423324536848347,-2.65181897661629,EBITDA,UNFAVORABLE,4,DRIVER_IDENTIFIED,ACCOUNT
2022,3,2022-03,2022-03-01,504,Cost of goods sold,Operating Costs,Cost of Goods Sold,-26951286.25,0.0,-26951286.25,10.039618769441288,-10.075663088371165,EBITDA,UNFAVORABLE,2,DRIVER_IDENTIFIED,ACCOUNT
2022,3,2022-03,2022-03-01,521,Payroll costs (Wages),Operating Costs,Payroll Costs,-413483.64,0.0,-413483.64,0.15402671599767914,-0.15457970393503395,EBITDA,UNFAVORABLE,10,DRIVER_IDENTIFIED,ACCOUNT
2022,3,2022-03,2022-03-01,524,Statutory social and health insurance,Operating Costs,Social & Health Insurance,-773903.16,0.0,-773903.16,0.2882865262456973,-0.28932153481861383,EBITDA,UNFAVORABLE,7,DRIVER_IDENTIFIED,ACCOUNT
2022,3,2022-03,2022-03-01,541,Net book value of sold long-term intangible and tangible assets,Non-Core Operating Items,Fixed Asset Disposal Costs,-210633650.0,0.0,-210633650.0,78.46310288867669,-78.74480174295545,EBITDA,UNFAVORABLE,1,DRIVER_IDENTIFIED,ACCOUNT
2022,3,2022-03,2022-03-01,549,Shortages and damages in operating area,Operating Costs,Shortages & Damages,-5295416.28,0.0,-5295416.28,1.9725945612964195,-1.9796765859349568,EBITDA,UNFAVORABLE,6,DRIVER_IDENTIFIED,ACCOUNT
2022,3,2022-03,2022-03-01,582,Change in inventory of semi-finished goods,Operating Costs,Inventory Change,-744621.55,0.0,-744621.55,0.27737883899735827,-0.2783746867050074,EBITDA,UNFAVORABLE,8,DRIVER_IDENTIFIED,ACCOUNT
2022,3,2022-03,2022-03-01,602,Revenues from services,Revenue,Sales Revenue,-9154658.19,0.0,-9154658.19,3.4102000676180495,-3.4224433949469764,EBITDA,UNFAVORABLE,3,DRIVER_IDENTIFIED,ACCOUNT
2022,3,2022-03,2022-03-01,604,Revenues from goods,Revenue,Sales Revenue,-451607.97,0.0,-451607.97,0.1682284032748633,-0.16883237822251368,EBITDA,UNFAVORABLE,9,DRIVER_IDENTIFIED,ACCOUNT
2022,3,2022-03,2022-03-01,641,Revenues from sale of long-term intangible and tangible assets,Other Operating Income,Other Operating Income,-6210612.4,0.0,-6210612.4,2.3135141025324835,-2.3218200992117866,EBITDA,UNFAVORABLE,5,DRIVER_IDENTIFIED,ACCOUNT
2022,4,2022-04,2022-04-01,501,Material consumption,Operating Costs,Material Consumption,-7478231.8,0.0,-7478231.8,4.875373245584689,-4.968152203044494,EBITDA,UNFAVORABLE,4,DRIVER_IDENTIFIED,ACCOUNT
2022,4,2022-04,2022-04-01,502,Energy consumption,Operating Costs,Energy Consumption,881543.04,0.0,881543.04,0.5747149148341983,0.5856518109340421,EBITDA,FAVORABLE,8,DRIVER_IDENTIFIED,ACCOUNT
2022,4,2022-04,2022-04-01,504,Cost of goods sold,Operating Costs,Cost of Goods Sold,-25196027.02,0.0,-25196027.02,16.42634774016191,-16.738943174692928,EBITDA,UNFAVORABLE,2,DRIVER_IDENTIFIED,ACCOUNT
2022,4,2022-04,2022-04-01,521,Payroll costs (Wages),Operating Costs,Payroll Costs,-1310860.33,0.0,-1310860.33,0.8546048788672634,-0.8708681156918849,EBITDA,UNFAVORABLE,7,DRIVER_IDENTIFIED,ACCOUNT
2022,4,2022-04,2022-04-01,524,Statutory social and health insurance,Operating Costs,Social & Health Insurance,-531681.75,0.0,-531681.75,0.34662565275332163,-0.3532219819103564,EBITDA,UNFAVORABLE,9,DRIVER_IDENTIFIED,ACCOUNT
2022,4,2022-04,2022-04-01,541,Net book value of sold long-term intangible and tangible assets,Non-Core Operating Items,Fixed Asset Disposal Costs,-98530357.0,0.0,-98530357.0,64.23607601942857,-65.4584965120111,EBITDA,UNFAVORABLE,1,DRIVER_IDENTIFIED,ACCOUNT
2022,4,2022-04,2022-04-01,548,Other operating expenses,Operating Costs,Other Operating Costs,-524328.64,0.0,-524328.64,0.3418318516617533,-0.3483369541895349,EBITDA,UNFAVORABLE,10,DRIVER_IDENTIFIED,ACCOUNT
2022,4,2022-04,2022-04-01,549,Shortages and damages in operating area,Operating Costs,Shortages & Damages,-5503084.63,0.0,-5503084.63,3.5876918890492693,-3.6559661106084986,EBITDA,UNFAVORABLE,5,DRIVER_IDENTIFIED,ACCOUNT
2022,4,2022-04,2022-04-01,602,Revenues from services,Revenue,Sales Revenue,-8259096.41,0.0,-8259096.41,5.384451665434944,-5.486918448355449,EBITDA,UNFAVORABLE,3,DRIVER_IDENTIFIED,ACCOUNT
2022,4,2022-04,2022-04-01,641,Revenues from sale of long-term intangible and tangible assets,Other Operating Income,Other Operating Income,-4278282.4,0.0,-4278282.4,2.7891918982794643,-2.8422705659921492,EBITDA,UNFAVORABLE,6,DRIVER_IDENTIFIED,ACCOUNT
2022,5,2022-05,2022-05-01,501,Material consumption,Operating Costs,Material Consumption,-6939300.19,0.0,-6939300.19,8.904774628434646,-8.921846318313312,EBITDA,UNFAVORABLE,5,DRIVER_IDENTIFIED,ACCOUNT
2022,5,2022-05,2022-05-01,504,Cost of goods sold,Operating Costs,Cost of Goods Sold,-25290555.2,0.0,-25290555.2,32.45380486760379,-32.51602331952432,EBITDA,UNFAVORABLE,1,DRIVER_IDENTIFIED,ACCOUNT
2022,5,2022-05,2022-05-01,521,Payroll costs (Wages),Operating Costs,Payroll Costs,-1081592.83,0.0,-1081592.83,1.3879411651278957,-1.3906020411331386,EBITDA,UNFAVORABLE,8,DRIVER_IDENTIFIED,ACCOUNT
2022,5,2022-05,2022-05-01,524,Statutory social and health insurance,Operating Costs,Social & Health Insurance,-454733.09,0.0,-454733.09,0.5835308419683295,-0.5846495516476189,EBITDA,UNFAVORABLE,10,DRIVER_IDENTIFIED,ACCOUNT
2022,5,2022-05,2022-05-01,541,Net book value of sold long-term intangible and tangible assets,Non-Core Operating Items,Fixed Asset Disposal Costs,-10540319.0,0.0,-10540319.0,13.525739287380164,-13.551670008384209,EBITDA,UNFAVORABLE,3,DRIVER_IDENTIFIED,ACCOUNT
2022,5,2022-05,2022-05-01,548,Other operating expenses,Operating Costs,Other Operating Costs,-1462839.4,0.0,-1462839.4,1.877171302282941,-1.8807701004175255,EBITDA,UNFAVORABLE,7,DRIVER_IDENTIFIED,ACCOUNT
2022,5,2022-05,2022-05-01,549,Shortages and damages in operating area,Operating Costs,Shortages & Damages,-4433284.52,0.0,-4433284.52,5.688959755800399,-5.699866281876097,EBITDA,UNFAVORABLE,6,DRIVER_IDENTIFIED,ACCOUNT
2022,5,2022-05,2022-05-01,601,Revenues from own products,Revenue,Sales Revenue,-566839.17,0.0,-566839.17,0.7273896388994455,-0.7287841458751294,EBITDA,UNFAVORABLE,9,DRIVER_IDENTIFIED,ACCOUNT
2022,5,2022-05,2022-05-01,602,Revenues from services,Revenue,Sales Revenue,-8052342.73,0.0,-8052342.73,10.333073260743916,-10.352883197498256,EBITDA,UNFAVORABLE,4,DRIVER_IDENTIFIED,ACCOUNT
2022,5,2022-05,2022-05-01,641,Revenues from sale of long-term intangible and tangible assets,Other Operating Income,Other Operating Income,-18507476.8,0.0,-18507476.8,23.749499997489348,-23.795031087904132,EBITDA,UNFAVORABLE,2,DRIVER_IDENTIFIED,ACCOUNT
2022,6,2022-06,2022-06-01,501,Material consumption,Operating Costs,Material Consumption,-5684580.39,0.0,-5684580.39,2.54757370076022,-2.5751112879171645,EBITDA,UNFAVORABLE,6,DRIVER_IDENTIFIED,ACCOUNT
2022,6,2022-06,2022-06-01,502,Energy consumption,Operating Costs,Energy Consumption,-1778196.6,0.0,-1778196.6,0.7969078774768178,-0.8055219246879054,EBITDA,UNFAVORABLE,7,DRIVER_IDENTIFIED,ACCOUNT
2022,6,2022-06,2022-06-01,504,Cost of goods sold,Operating Costs,Cost of Goods Sold,-23776793.01,0.0,-23776793.01,10.65569108095513,-10.770872055610239,EBITDA,UNFAVORABLE,2,DRIVER_IDENTIFIED,ACCOUNT
2022,6,2022-06,2022-06-01,521,Payroll costs (Wages),Operating Costs,Payroll Costs,-1060224.65,0.0,-1060224.65,0.4751450854647354,-0.4802810896554187,EBITDA,UNFAVORABLE,8,DRIVER_IDENTIFIED,ACCOUNT
2022,6,2022-06,2022-06-01,541,Net book value of sold long-term intangible and tangible assets,Non-Core Operating Items,Fixed Asset Disposal Costs,-167666902.0,0.0,-167666902.0,75.14077745730341,-75.9529995758053,EBITDA,UNFAVORABLE,1,DRIVER_IDENTIFIED,ACCOUNT
2022,6,2022-06,2022-06-01,548,Other operating expenses,Operating Costs,Other Operating Costs,-569787.9,0.0,-569787.9,0.25535335406724613,-0.25811355497579946,EBITDA,UNFAVORABLE,10,DRIVER_IDENTIFIED,ACCOUNT
2022,6,2022-06,2022-06-01,549,Shortages and damages in operating area,Operating Costs,Shortages & Damages,-5686313.81,0.0,-5686313.81,2.548350541775986,-2.5758965260706357,EBITDA,UNFAVORABLE,5,DRIVER_IDENTIFIED,ACCOUNT
2022,6,2022-06,2022-06-01,601,Revenues from own products,Revenue,Sales Revenue,584735.63,0.0,584735.63,0.2620522555202106,0.26488486712391357,EBITDA,FAVORABLE,9,DRIVER_IDENTIFIED,ACCOUNT
2022,6,2022-06,2022-06-01,602,Revenues from services,Revenue,Sales Revenue,-9001908.44,0.0,-9001908.44,4.0342511891885575,-4.0778587769502534,EBITDA,UNFAVORABLE,3,DRIVER_IDENTIFIED,ACCOUNT
2022,6,2022-06,2022-06-01,641,Revenues from sale of long-term intangible and tangible assets,Other Operating Income,Other Operating Income,-6185940.0,0.0,-6185940.0,2.7722605675879404,-2.8022268712041742,EBITDA,UNFAVORABLE,4,DRIVER_IDENTIFIED,ACCOUNT
2022,7,2022-07,2022-07-01,501,Material consumption,Operating Costs,Material Consumption,-6662357.71,0.0,-6662357.71,3.230630599121046,-3.244607381014796,EBITDA,UNFAVORABLE,5,DRIVER_IDENTIFIED,ACCOUNT
2022,7,2022-07,2022-07-01,504,Cost of goods sold,Operating Costs,Cost of Goods Sold,-23791526.06,0.0,-23791526.06,11.536701485399796,-11.58661309104069,EBITDA,UNFAVORABLE,3,DRIVER_IDENTIFIED,ACCOUNT
2022,7,2022-07,2022-07-01,511,Repairs and maintenance,Operating Costs,Repairs & Maintenance,427429.59,0.0,427429.59,0.20726403062254115,0.20816072371744931,EBITDA,FAVORABLE,10,DRIVER_IDENTIFIED,ACCOUNT
2022,7,2022-07,2022-07-01,521,Payroll costs (Wages),Operating Costs,Payroll Costs,-1755563.41,0.0,-1755563.41,0.8512867543167818,-0.8549697037995735,EBITDA,UNFAVORABLE,7,DRIVER_IDENTIFIED,ACCOUNT
2022,7,2022-07,2022-07-01,524,Statutory social and health insurance,Operating Costs,Social & Health Insurance,-480929.65,0.0,-480929.65,0.2332066380918738,-0.23421556753050157,EBITDA,UNFAVORABLE,9,DRIVER_IDENTIFIED,ACCOUNT
2022,7,2022-07,2022-07-01,541,Net book value of sold long-term intangible and tangible assets,Non-Core Operating Items,Fixed Asset Disposal Costs,-50021670.0,0.0,-50021670.0,24.25590830684101,-24.36084742929338,EBITDA,UNFAVORABLE,2,DRIVER_IDENTIFIED,ACCOUNT
2022,7,2022-07,2022-07-01,548,Other operating expenses,Operating Costs,Other Operating Costs,-801715.98,0.0,-801715.98,0.38875849804713003,-0.39044039654026785,EBITDA,UNFAVORABLE,8,DRIVER_IDENTIFIED,ACCOUNT
2022,7,2022-07,2022-07-01,549,Shortages and damages in operating area,Operating Costs,Shortages & Damages,-5436747.06,0.0,-5436747.06,2.6363221814635027,-2.6477277875832477,EBITDA,UNFAVORABLE,6,DRIVER_IDENTIFIED,ACCOUNT
2022,7,2022-07,2022-07-01,602,Revenues from services,Revenue,Sales Revenue,-8846777.73,0.0,-8846777.73,4.289873357484527,-4.308432775663036,EBITDA,UNFAVORABLE,4,DRIVER_IDENTIFIED,ACCOUNT
2022,7,2022-07,2022-07-01,641,Revenues from sale of long-term intangible and tangible assets,Other Operating Income,Other Operating Income,-107199837.2,0.0,-107199837.2,51.98205940808223,-52.206951076889055,EBITDA,UNFAVORABLE,1,DRIVER_IDENTIFIED,ACCOUNT
2022,8,2022-08,2022-08-01,501,Material consumption,Operating Costs,Material Consumption,-6826846.9,0.0,-6826846.9,1.9097100174636652,-1.923282288954586,EBITDA,UNFAVORABLE,5,DRIVER_IDENTIFIED,ACCOUNT
2022,8,2022-08,2022-08-01,504,Cost of goods sold,Operating Costs,Cost of Goods Sold,-27803070.7,0.0,-27803070.7,7.777500127041155,-7.832774667300973,EBITDA,UNFAVORABLE,2,DRIVER_IDENTIFIED,ACCOUNT
2022,8,2022-08,2022-08-01,511,Repairs and maintenance,Operating Costs,Repairs & Maintenance,699421.18,0.0,699421.18,0.19565278867939126,0.19704328919602954,EBITDA,FAVORABLE,8,DRIVER_IDENTIFIED,ACCOUNT
2022,8,2022-08,2022-08-01,521,Payroll costs (Wages),Operating Costs,Payroll Costs,-918122.1,0.0,-918122.1,0.25683115460298034,-0.25865644856160336,EBITDA,UNFAVORABLE,7,DRIVER_IDENTIFIED,ACCOUNT
2022,8,2022-08,2022-08-01,541,Net book value of sold long-term intangible and tangible assets,Non-Core Operating Items,Fixed Asset Disposal Costs,-282647910.0,0.0,-282647910.0,79.06659590420409,-79.62852064443247,EBITDA,UNFAVORABLE,1,DRIVER_IDENTIFIED,ACCOUNT
2022,8,2022-08,2022-08-01,549,Shortages and damages in operating area,Operating Costs,Shortages & Damages,-4079885.73,0.0,-4079885.73,1.1412880298645716,-1.1493991414202585,EBITDA,UNFAVORABLE,6,DRIVER_IDENTIFIED,ACCOUNT
2022,8,2022-08,2022-08-01,601,Revenues from own products,Revenue,Sales Revenue,-318838.34,0.0,-318838.34,0.08919033644206757,-0.08982421040695678,EBITDA,UNFAVORABLE,10,DRIVER_IDENTIFIED,ACCOUNT
2022,8,2022-08,2022-08-01,602,Revenues from services,Revenue,Sales Revenue,-9367392.05,0.0,-9367392.05,2.6203901592394727,-2.639013220504329,EBITDA,UNFAVORABLE,4,DRIVER_IDENTIFIED,ACCOUNT
2022,8,2022-08,2022-08-01,604,Revenues from goods,Revenue,Sales Revenue,369320.18,0.0,369320.18,0.10331188874288127,0.10404612430191158,EBITDA,FAVORABLE,9,DRIVER_IDENTIFIED,ACCOUNT
2022,8,2022-08,2022-08-01,641,Revenues from sale of long-term intangible and tangible assets,Other Operating Income,Other Operating Income,-23707656.4,0.0,-23707656.4,6.631868208098613,-6.679000764868602,EBITDA,UNFAVORABLE,3,DRIVER_IDENTIFIED,ACCOUNT
2022,9,2022-09,2022-09-01,501,Material consumption,Operating Costs,Material Consumption,-6282031.24,0.0,-6282031.24,9.19168814499912,-9.662242565333107,EBITDA,UNFAVORABLE,4,DRIVER_IDENTIFIED,ACCOUNT
2022,9,2022-09,2022-09-01,504,Cost of goods sold,Operating Costs,Cost of Goods Sold,-28020760.06,0.0,-28020760.06,40.99917339114773,-43.098063384466364,EBITDA,UNFAVORABLE,1,DRIVER_IDENTIFIED,ACCOUNT
2022,9,2022-09,2022-09-01,521,Payroll costs (Wages),Operating Costs,Payroll Costs,-1293744.51,0.0,-1293744.51,1.8929699043051391,-1.9898776041725037,EBITDA,UNFAVORABLE,8,DRIVER_IDENTIFIED,ACCOUNT
2022,9,2022-09,2022-09-01,541,Net book value of sold long-term intangible and tangible assets,Non-Core Operating Items,Fixed Asset Disposal Costs,-13070293.0,0.0,-13070293.0,19.12407828455259,-20.103106231285686,EBITDA,UNFAVORABLE,2,DRIVER_IDENTIFIED,ACCOUNT
2022,9,2022-09,2022-09-01,548,Other operating expenses,Operating Costs,Other Operating Costs,-1120613.8,0.0,-1120613.8,1.639650009219377,-1.7235893843883021,EBITDA,UNFAVORABLE,9,DRIVER_IDENTIFIED,ACCOUNT
2022,9,2022-09,2022-09-01,549,Shortages and damages in operating area,Operating Costs,Shortages & Damages,-4403992.38,0.0,-4403992.38,6.443795486428122,-6.773675743681697,EBITDA,UNFAVORABLE,5,DRIVER_IDENTIFIED,ACCOUNT
2022,9,2022-09,2022-09-01,601,Revenues from own products,Revenue,Sales Revenue,-1054267.24,0.0,-1054267.24,1.5425736232997371,-1.6215433213229695,EBITDA,UNFAVORABLE,10,DRIVER_IDENTIFIED,ACCOUNT
2022,9,2022-09,2022-09-01,602,Revenues from services,Revenue,Sales Revenue,-8530595.44,0.0,-8530595.44,12.481722866381597,-13.120705583757095,EBITDA,UNFAVORABLE,3,DRIVER_IDENTIFIED,ACCOUNT
2022,9,2022-09,2022-09-01,604,Revenues from goods,Revenue,Sales Revenue,1357991.18,0.0,1357991.18,1.9869737913336714,2.088693876463902,EBITDA,FAVORABLE,7,DRIVER_IDENTIFIED,ACCOUNT
2022,9,2022-09,2022-09-01,641,Revenues from sale of long-term intangible and tangible assets,Other Operating Income,Other Operating Income,-2488691.6,0.0,-2488691.6,3.641382253979191,-3.8277972507355686,EBITDA,UNFAVORABLE,6,DRIVER_IDENTIFIED,ACCOUNT
2022,10,2022-10,2022-10-01,501,Material consumption,Operating Costs,Material Consumption,-5671937.25,0.0,-5671937.25,6.151805558778728,-6.292490302833453,EBITDA,UNFAVORABLE,4,DRIVER_IDENTIFIED,ACCOUNT
2022,10,2022-10,2022-10-01,502,Energy consumption,Operating Costs,Energy Consumption,276935.64,0.0,276935.64,0.3003654896880153,0.30723450426200966,EBITDA,FAVORABLE,10,DRIVER_IDENTIFIED,ACCOUNT
2022,10,2022-10,2022-10-01,504,Cost of goods sold,Operating Costs,Cost of Goods Sold,-24080693.24,0.0,-24080693.24,26.118015063209192,-26.715304140257736,EBITDA,UNFAVORABLE,2,DRIVER_IDENTIFIED,ACCOUNT
2022,10,2022-10,2022-10-01,521,Payroll costs (Wages),Operating Costs,Payroll Costs,-1682736.03,0.0,-1682736.03,1.8251021488841839,-1.866840143727518,EBITDA,UNFAVORABLE,6,DRIVER_IDENTIFIED,ACCOUNT
2022,10,2022-10,2022-10-01,524,Statutory social and health insurance,Operating Costs,Social & Health Insurance,-359450.74,0.0,-359450.74,0.3898616932758075,-0.3987773834762204,EBITDA,UNFAVORABLE,9,DRIVER_IDENTIFIED,ACCOUNT
2022,10,2022-10,2022-10-01,541,Net book value of sold long-term intangible and tangible assets,Non-Core Operating Items,Fixed Asset Disposal Costs,-47468366.0,0.0,-47468366.0,51.48437737475731,-52.66176609170865,EBITDA,UNFAVORABLE,1,DRIVER_IDENTIFIED,ACCOUNT
2022,10,2022-10,2022-10-01,548,Other operating expenses,Operating Costs,Other Operating Costs,-376286.56,0.0,-376286.56,0.408121890188705,-0.4174551701689856,EBITDA,UNFAVORABLE,8,DRIVER_IDENTIFIED,ACCOUNT
2022,10,2022-10,2022-10-01,549,Shortages and damages in operating area,Operating Costs,Shortages & Damages,-4086174.55,0.0,-4086174.55,4.431881066884188,-4.533233108592633,EBITDA,UNFAVORABLE,5,DRIVER_IDENTIFIED,ACCOUNT
2022,10,2022-10,2022-10-01,601,Revenues from own products,Revenue,Sales Revenue,568811.61,0.0,568811.61,0.6169353203433056,0.6310439242013977,EBITDA,FAVORABLE,7,DRIVER_IDENTIFIED,ACCOUNT
2022,10,2022-10,2022-10-01,602,Revenues from services,Revenue,Sales Revenue,-7109057.96,0.0,-7109057.96,7.710512360835472,-7.886842943401915,EBITDA,UNFAVORABLE,3,DRIVER_IDENTIFIED,ACCOUNT
2022,11,2022-11,2022-11-01,501,Material consumption,Operating Costs,Material Consumption,-7613253.52,0.0,-7613253.52,4.482082258190209,-4.537856484465521,EBITDA,UNFAVORABLE,5,DRIVER_IDENTIFIED,ACCOUNT
2022,11,2022-11,2022-11-01,504,Cost of goods sold,Operating Costs,Cost of Goods Sold,-26154082.56,0.0,-26154082.56,15.397457750942985,-15.589060948563102,EBITDA,UNFAVORABLE,3,DRIVER_IDENTIFIED,ACCOUNT
2022,11,2022-11,2022-11-01,511,Repairs and maintenance,Operating Costs,Repairs & Maintenance,616398.21,0.0,616398.21,0.362886573232255,0.36740226854568736,EBITDA,FAVORABLE,9,DRIVER_IDENTIFIED,ACCOUNT
2022,11,2022-11,2022-11-01,518,Other services,Operating Costs,Other Services,427464.23,0.0,427464.23,0.25165717078260896,0.2547887473977828,EBITDA,FAVORABLE,10,DRIVER_IDENTIFIED,ACCOUNT
2022,11,2022-11,2022-11-01,521,Payroll costs (Wages),Operating Costs,Payroll Costs,-1922286.17,0.0,-1922286.17,1.1316902445304895,-1.145772794590044,EBITDA,UNFAVORABLE,7,DRIVER_IDENTIFIED,ACCOUNT
2022,11,2022-11,2022-11-01,541,Net book value of sold long-term intangible and tangible assets,Non-Core Operating Items,Fixed Asset Disposal Costs,-62656869.0,0.0,-62656869.0,36.88741484319416,-37.346435205530454,EBITDA,UNFAVORABLE,1,DRIVER_IDENTIFIED,ACCOUNT
2022,11,2022-11,2022-11-01,548,Other operating expenses,Operating Costs,Other Operating Costs,-1621675.32,0.0,-1621675.32,0.9547143230187521,-0.9665946165102484,EBITDA,UNFAVORABLE,8,DRIVER_IDENTIFIED,ACCOUNT
2022,11,2022-11,2022-11-01,549,Shortages and damages in operating area,Operating Costs,Shortages & Damages,-6187140.72,0.0,-6187140.72,3.6424996983468634,-3.6878263101046276,EBITDA,UNFAVORABLE,6,DRIVER_IDENTIFIED,ACCOUNT
2022,11,2022-11,2022-11-01,602,Revenues from services,Revenue,Sales Revenue,-8951099.33,0.0,-8951099.33,5.2697001870353155,-5.335275389297095,EBITDA,UNFAVORABLE,4,DRIVER_IDENTIFIED,ACCOUNT
2022,11,2022-11,2022-11-01,641,Revenues from sale of long-term intangible and tangible assets,Other Operating Income,Other Operating Income,-52954004.8,0.0,-52954004.8,31.175134886904328,-31.563072663853482,EBITDA,UNFAVORABLE,2,DRIVER_IDENTIFIED,ACCOUNT
2022,12,2022-12,2022-12-01,501,Material consumption,Operating Costs,Material Consumption,-7282201.35,0.0,-7282201.35,8.551745036642384,-8.627179664810368,EBITDA,UNFAVORABLE,5,DRIVER_IDENTIFIED,ACCOUNT
2022,12,2022-12,2022-12-01,504,Cost of goods sold,Operating Costs,Cost of Goods Sold,-22793215.08,0.0,-22793215.08,26.766873718688416,-27.002983326439473,EBITDA,UNFAVORABLE,1,DRIVER_IDENTIFIED,ACCOUNT
2022,12,2022-12,2022-12-01,521,Payroll costs (Wages),Operating Costs,Payroll Costs,-2816228.08,0.0,-2816228.08,3.3071956332535226,-3.3363682841925186,EBITDA,UNFAVORABLE,7,DRIVER_IDENTIFIED,ACCOUNT
2022,12,2022-12,2022-12-01,524,Statutory social and health insurance,Operating Costs,Social & Health Insurance,-777210.39,0.0,-777210.39,0.9127054822659347,-0.9207564237271928,EBITDA,UNFAVORABLE,10,DRIVER_IDENTIFIED,ACCOUNT
2022,12,2022-12,2022-12-01,541,Net book value of sold long-term intangible and tangible assets,Non-Core Operating Items,Fixed Asset Disposal Costs,-19882172.0,0.0,-19882172.0,23.348333497901727,-23.554288288205885,EBITDA,UNFAVORABLE,2,DRIVER_IDENTIFIED,ACCOUNT
2022,12,2022-12,2022-12-01,548,Other operating expenses,Operating Costs,Other Operating Costs,-1368754.2,0.0,-1368754.2,1.6073761728976934,-1.6215547789493328,EBITDA,UNFAVORABLE,8,DRIVER_IDENTIFIED,ACCOUNT
2022,12,2022-12,2022-12-01,549,Shortages and damages in operating area,Operating Costs,Shortages & Damages,-3171938.9,0.0,-3171938.9,3.724919353487514,-3.7577767299857707,EBITDA,UNFAVORABLE,6,DRIVER_IDENTIFIED,ACCOUNT
2022,12,2022-12,2022-12-01,602,Revenues from services,Revenue,Sales Revenue,-8462099.09,0.0,-8462099.09,9.937340429688,-10.02499734381257,EBITDA,UNFAVORABLE,4,DRIVER_IDENTIFIED,ACCOUNT
2022,12,2022-12,2022-12-01,604,Revenues from goods,Revenue,Sales Revenue,-813214.7,0.0,-813214.7,0.9549866091590045,-0.963410510884166,EBITDA,UNFAVORABLE,9,DRIVER_IDENTIFIED,ACCOUNT
2022,12,2022-12,2022-12-01,641,Revenues from sale of long-term intangible and tangible assets,Other Operating Income,Other Operating Income,-16948272.8,0.0,-16948272.8,19.90295253193749,-20.078515743569582,EBITDA,UNFAVORABLE,3,DRIVER_IDENTIFIED,ACCOUNT
2023,1,2023-01,2023-01-01,501,Material consumption,Operating Costs,Material Consumption,-6723376.16,0.0,-6723376.16,4.9452409215655555,-5.022564688067178,EBITDA,UNFAVORABLE,5,DRIVER_IDENTIFIED,ACCOUNT
2023,1,2023-01,2023-01-01,502,Energy consumption,Operating Costs,Energy Consumption,670364.38,0.0,670364.38,0.49307271903940625,0.5007824020255395,EBITDA,FAVORABLE,10,DRIVER_IDENTIFIED,ACCOUNT
2023,1,2023-01,2023-01-01,504,Cost of goods sold,Operating Costs,Cost of Goods Sold,-25036346.85,0.0,-25036346.85,18.414969506797448,-18.702905893489667,EBITDA,UNFAVORABLE,2,DRIVER_IDENTIFIED,ACCOUNT
2023,1,2023-01,2023-01-01,521,Payroll costs (Wages),Operating Costs,Payroll Costs,-3498688.94,0.0,-3498688.94,2.573388622943985,-2.613626116759647,EBITDA,UNFAVORABLE,7,DRIVER_IDENTIFIED,ACCOUNT
2023,1,2023-01,2023-01-01,524,Statutory social and health insurance,Operating Costs,Social & Health Insurance,-780874.41,0.0,-780874.41,0.5743560965560135,-0.5833367260952558,EBITDA,UNFAVORABLE,9,DRIVER_IDENTIFIED,ACCOUNT
2023,1,2023-01,2023-01-01,541,Net book value of sold long-term intangible and tangible assets,Non-Core Operating Items,Fixed Asset Disposal Costs,-73986569.0,0.0,-73986569.0,54.41929767990753,-55.270197592312876,EBITDA,UNFAVORABLE,1,DRIVER_IDENTIFIED,ACCOUNT
2023,1,2023-01,2023-01-01,548,Other operating expenses,Operating Costs,Other Operating Costs,-1471241.27,0.0,-1471241.27,1.0821412279720013,-1.0990615837161652,EBITDA,UNFAVORABLE,8,DRIVER_IDENTIFIED,ACCOUNT
2023,1,2023-01,2023-01-01,549,Shortages and damages in operating area,Operating Costs,Shortages & Damages,-4192967.3,0.0,-4192967.3,3.084050777659633,-3.1322729828045763,EBITDA,UNFAVORABLE,6,DRIVER_IDENTIFIED,ACCOUNT
2023,1,2023-01,2023-01-01,602,Revenues from services,Revenue,Sales Revenue,-8267648.22,0.0,-8267648.22,6.081098443650463,-6.176182473647803,EBITDA,UNFAVORABLE,4,DRIVER_IDENTIFIED,ACCOUNT
2023,1,2023-01,2023-01-01,641,Revenues from sale of long-term intangible and tangible assets,Other Operating Income,Other Operating Income,-10269110.8,0.0,-10269110.8,7.55323304062327,-7.671335361062008,EBITDA,UNFAVORABLE,3,DRIVER_IDENTIFIED,ACCOUNT
2023,2,2023-02,2023-02-01,501,Material consumption,Operating Costs,Material Consumption,-5719584.8,0.0,-5719584.8,2.725678558145996,-2.7332935421202667,EBITDA,UNFAVORABLE,5,DRIVER_IDENTIFIED,ACCOUNT
2023,2,2023-02,2023-02-01,504,Cost of goods sold,Operating Costs,Cost of Goods Sold,-23536950.35,0.0,-23536950.35,11.216576576177681,-11.247913378757906,EBITDA,UNFAVORABLE,3,DRIVER_IDENTIFIED,ACCOUNT
2023,2,2023-02,2023-02-01,521,Payroll costs (Wages),Operating Costs,Payroll Costs,-932801.71,0.0,-932801.71,0.444528354566737,-0.44577027514685014,EBITDA,UNFAVORABLE,7,DRIVER_IDENTIFIED,ACCOUNT
2023,2,2023-02,2023-02-01,524,Statutory social and health insurance,Operating Costs,Social & Health Insurance,-453362.15,0.0,-453362.15,0.21605055865767894,-0.2166541593782751,EBITDA,UNFAVORABLE,10,DRIVER_IDENTIFIED,ACCOUNT
2023,2,2023-02,2023-02-01,541,Net book value of sold long-term intangible and tangible assets,Non-Core Operating Items,Fixed Asset Disposal Costs,-90894807.0,0.0,-90894807.0,43.31608589608088,-43.43710211016856,EBITDA,UNFAVORABLE,1,DRIVER_IDENTIFIED,ACCOUNT
2023,2,2023-02,2023-02-01,548,Other operating expenses,Operating Costs,Other Operating Costs,-739324.65,0.0,-739324.65,0.35232650908747665,-0.3533108367193588,EBITDA,UNFAVORABLE,8,DRIVER_IDENTIFIED,ACCOUNT
2023,2,2023-02,2023-02-01,549,Shortages and damages in operating area,Operating Costs,Shortages & Damages,-2931546.97,0.0,-2931546.97,1.397034050151134,-1.4009370752791768,EBITDA,UNFAVORABLE,6,DRIVER_IDENTIFIED,ACCOUNT
2023,2,2023-02,2023-02-01,601,Revenues from own products,Revenue,Sales Revenue,-537758.92,0.0,-537758.92,0.25626999318127924,-0.25698595871042407,EBITDA,UNFAVORABLE,9,DRIVER_IDENTIFIED,ACCOUNT
2023,2,2023-02,2023-02-01,602,Revenues from services,Revenue,Sales Revenue,-7956506.4,0.0,-7956506.4,3.791687622540606,-3.80228081607577,EBITDA,UNFAVORABLE,4,DRIVER_IDENTIFIED,ACCOUNT
2023,2,2023-02,2023-02-01,641,Revenues from sale of long-term intangible and tangible assets,Other Operating Income,Other Operating Income,-74932982.4,0.0,-74932982.4,35.70944929876926,-35.80921413836396,EBITDA,UNFAVORABLE,2,DRIVER_IDENTIFIED,ACCOUNT
2023,3,2023-03,2023-03-01,501,Material consumption,Operating Costs,Material Consumption,-7211746.83,0.0,-7211746.83,9.312371230948749,-9.508394356235693,EBITDA,UNFAVORABLE,5,DRIVER_IDENTIFIED,ACCOUNT
2023,3,2023-03,2023-03-01,504,Cost of goods sold,Operating Costs,Cost of Goods Sold,-25807035.81,0.0,-25807035.81,33.32406190874398,-34.02552522035447,EBITDA,UNFAVORABLE,1,DRIVER_IDENTIFIED,ACCOUNT
2023,3,2023-03,2023-03-01,518,Other services,Operating Costs,Other Services,-919395.06,0.0,-919395.06,1.1871947682639878,-1.2121849263051538,EBITDA,UNFAVORABLE,8,DRIVER_IDENTIFIED,ACCOUNT
2023,3,2023-03,2023-03-01,521,Payroll costs (Wages),Operating Costs,Payroll Costs,-1820413.2,0.0,-1820413.2,2.350659820946509,-2.4001406323489807,EBITDA,UNFAVORABLE,7,DRIVER_IDENTIFIED,ACCOUNT
2023,3,2023-03,2023-03-01,541,Net book value of sold long-term intangible and tangible assets,Non-Core Operating Items,Fixed Asset Disposal Costs,-9575526.0,0.0,-9575526.0,12.364667665906092,-12.62494088084733,EBITDA,UNFAVORABLE,3,DRIVER_IDENTIFIED,ACCOUNT
2023,3,2023-03,2023-03-01,548,Other operating expenses,Operating Costs,Other Operating Costs,-645764.52,0.0,-645764.52,0.833861626007111,-0.8514142082585074,EBITDA,UNFAVORABLE,9,DRIVER_IDENTIFIED,ACCOUNT
2023,3,2023-03,2023-03-01,549,Shortages and damages in operating area,Operating Costs,Shortages & Damages,-4223815.94,0.0,-4223815.94,5.454121306762339,-5.568929219562517,EBITDA,UNFAVORABLE,6,DRIVER_IDENTIFIED,ACCOUNT
2023,3,2023-03,2023-03-01,601,Revenues from own products,Revenue,Sales Revenue,333902.03,0.0,333902.03,0.4311604014151709,0.4402362218790813,EBITDA,FAVORABLE,10,DRIVER_IDENTIFIED,ACCOUNT
2023,3,2023-03,2023-03-01,602,Revenues from services,Revenue,Sales Revenue,-9306741.27,0.0,-9306741.27,12.017591812305954,-12.27055916584551,EBITDA,UNFAVORABLE,4,DRIVER_IDENTIFIED,ACCOUNT
2023,3,2023-03,2023-03-01,641,Revenues from sale of long-term intangible and tangible assets,Other Operating Income,Other Operating Income,-17074178.8,0.0,-17074178.8,22.047514312034586,-22.51160906868373,EBITDA,UNFAVORABLE,2,DRIVER_IDENTIFIED,ACCOUNT
2023,4,2023-04,2023-04-01,501,Material consumption,Operating Costs,Material Consumption,-6058185.41,0.0,-6058185.41,2.9731794840820447,-3.015400906590853,EBITDA,UNFAVORABLE,5,DRIVER_IDENTIFIED,ACCOUNT
2023,4,2023-04,2023-04-01,504,Cost of goods sold,Operating Costs,Cost of Goods Sold,-21209421.97,0.0,-21209421.97,10.40896143032423,-10.556776643223593,EBITDA,UNFAVORABLE,3,DRIVER_IDENTIFIED,ACCOUNT
2023,4,2023-04,2023-04-01,511,Repairs and maintenance,Operating Costs,Repairs & Maintenance,1313631.6,0.0,1313631.6,0.6446918109034684,0.65384692766714,EBITDA,FAVORABLE,8,DRIVER_IDENTIFIED,ACCOUNT
2023,4,2023-04,2023-04-01,521,Payroll costs (Wages),Operating Costs,Payroll Costs,-1519476.37,0.0,-1519476.37,0.7457143788260945,-0.7563040933145324,EBITDA,UNFAVORABLE,7,DRIVER_IDENTIFIED,ACCOUNT
2023,4,2023-04,2023-04-01,524,Statutory social and health insurance,Operating Costs,Social & Health Insurance,-1310464.25,0.0,-1310464.25,0.6431373685413441,-0.6522704110346637,EBITDA,UNFAVORABLE,9,DRIVER_IDENTIFIED,ACCOUNT
2023,4,2023-04,2023-04-01,541,Net book value of sold long-term intangible and tangible assets,Non-Core Operating Items,Fixed Asset Disposal Costs,-93979015.0,0.0,-93979015.0,46.12214061177747,-46.77711028185838,EBITDA,UNFAVORABLE,1,DRIVER_IDENTIFIED,ACCOUNT
2023,4,2023-04,2023-04-01,549,Shortages and damages in operating area,Operating Costs,Shortages & Damages,-5069521.73,0.0,-5069521.73,2.487972384744843,-2.5233034953652944,EBITDA,UNFAVORABLE,6,DRIVER_IDENTIFIED,ACCOUNT
2023,4,2023-04,2023-04-01,582,Change in inventory of semi-finished goods,Operating Costs,Inventory Change,-590074.35,0.0,-590074.35,0.28959116183653544,-0.29370357780878953,EBITDA,UNFAVORABLE,10,DRIVER_IDENTIFIED,ACCOUNT
2023,4,2023-04,2023-04-01,602,Revenues from services,Revenue,Sales Revenue,-6761860.66,0.0,-6761860.66,3.318522631438161,-3.3656481907517293,EBITDA,UNFAVORABLE,4,DRIVER_IDENTIFIED,ACCOUNT
2023,4,2023-04,2023-04-01,641,Revenues from sale of long-term intangible and tangible assets,Other Operating Income,Other Operating Income,-64922001.6,0.0,-64922001.6,31.86181177354585,-32.314273868077734,EBITDA,UNFAVORABLE,2,DRIVER_IDENTIFIED,ACCOUNT
2023,5,2023-05,2023-05-01,501,Material consumption,Operating Costs,Material Consumption,-6944559.73,0.0,-6944559.73,6.781494073248292,-6.864432924696905,EBITDA,UNFAVORABLE,4,DRIVER_IDENTIFIED,ACCOUNT
2023,5,2023-05,2023-05-01,502,Energy consumption,Operating Costs,Energy Consumption,-1016941.18,0.0,-1016941.18,0.9930623182950324,-1.0052076430872776,EBITDA,UNFAVORABLE,9,DRIVER_IDENTIFIED,ACCOUNT
2023,5,2023-05,2023-05-01,504,Cost of goods sold,Operating Costs,Cost of Goods Sold,-26281426.92,0.0,-26281426.92,25.66431103249912,-25.97819001805368,EBITDA,UNFAVORABLE,2,DRIVER_IDENTIFIED,ACCOUNT
2023,5,2023-05,2023-05-01,521,Payroll costs (Wages),Operating Costs,Payroll Costs,-2606348.95,0.0,-2606348.95,2.545149101517183,-2.576276717491665,EBITDA,UNFAVORABLE,6,DRIVER_IDENTIFIED,ACCOUNT
2023,5,2023-05,2023-05-01,541,Net book value of sold long-term intangible and tangible assets,Non-Core Operating Items,Fixed Asset Disposal Costs,-48451730.0,0.0,-48451730.0,47.314031790122776,-47.89269062425138,EBITDA,UNFAVORABLE,1,DRIVER_IDENTIFIED,ACCOUNT
2023,5,2023-05,2023-05-01,548,Other operating expenses,Operating Costs,Other Operating Costs,-1662938.47,0.0,-1662938.47,1.623890904093582,-1.6437513721569061,EBITDA,UNFAVORABLE,8,DRIVER_IDENTIFIED,ACCOUNT
2023,5,2023-05,2023-05-01,549,Shortages and damages in operating area,Operating Costs,Shortages & Damages,-3968098.12,0.0,-3968098.12,3.874922951069166,-3.9223139323989784,EBITDA,UNFAVORABLE,5,DRIVER_IDENTIFIED,ACCOUNT
2023,5,2023-05,2023-05-01,582,Change in inventory of semi-finished goods,Operating Costs,Inventory Change,-557172.99,0.0,-557172.99,0.5440899749391356,-0.5507442899202796,EBITDA,UNFAVORABLE,10,DRIVER_IDENTIFIED,ACCOUNT
2023,5,2023-05,2023-05-01,602,Revenues from services,Revenue,Sales Revenue,-8482894.04,0.0,-8482894.04,8.283706655692233,-8.385017828177155,EBITDA,UNFAVORABLE,3,DRIVER_IDENTIFIED,ACCOUNT
2023,5,2023-05,2023-05-01,641,Revenues from sale of long-term intangible and tangible assets,Other Operating Income,Other Operating Income,-1695004.8,0.0,-1695004.8,1.655204282522228,-1.675447718647427,EBITDA,UNFAVORABLE,7,DRIVER_IDENTIFIED,ACCOUNT
2023,6,2023-06,2023-06-01,501,Material consumption,Operating Costs,Material Consumption,-6849736.36,0.0,-6849736.36,4.0447272308206115,-4.1557399138203355,EBITDA,UNFAVORABLE,5,DRIVER_IDENTIFIED,ACCOUNT
2023,6,2023-06,2023-06-01,504,Cost of goods sold,Operating Costs,Cost of Goods Sold,-25727025.24,0.0,-25727025.24,15.191650318675501,-15.608604482659413,EBITDA,UNFAVORABLE,3,DRIVER_IDENTIFIED,ACCOUNT
2023,6,2023-06,2023-06-01,521,Payroll costs (Wages),Operating Costs,Payroll Costs,-2208846.48,0.0,-2208846.48,1.3043102736815777,-1.3401087279857804,EBITDA,UNFAVORABLE,7,DRIVER_IDENTIFIED,ACCOUNT
2023,6,2023-06,2023-06-01,541,Net book value of sold long-term intangible and tangible assets,Non-Core Operating Items,Fixed Asset Disposal Costs,-40263082.0,0.0,-40263082.0,23.775102515356252,-24.427640441452127,EBITDA,UNFAVORABLE,2,DRIVER_IDENTIFIED,ACCOUNT
2023,6,2023-06,2023-06-01,548,Other operating expenses,Operating Costs,Other Operating Costs,-992373.44,0.0,-992373.44,0.585990418456211,-0.602073670762883,EBITDA,UNFAVORABLE,9,DRIVER_IDENTIFIED,ACCOUNT
2023,6,2023-06,2023-06-01,549,Shortages and damages in operating area,Operating Costs,Shortages & Damages,-4480667.5,0.0,-4480667.5,2.6458066262718045,-2.7184241541097176,EBITDA,UNFAVORABLE,6,DRIVER_IDENTIFIED,ACCOUNT
2023,6,2023-06,2023-06-01,601,Revenues from own products,Revenue,Sales Revenue,1015058.84,0.0,1015058.84,0.599386007760623,0.6158369190524828,EBITDA,FAVORABLE,8,DRIVER_IDENTIFIED,ACCOUNT
2023,6,2023-06,2023-06-01,602,Revenues from services,Revenue,Sales Revenue,-9023056.56,0.0,-9023056.56,5.328059454461478,-5.474294822501812,EBITDA,UNFAVORABLE,4,DRIVER_IDENTIFIED,ACCOUNT
2023,6,2023-06,2023-06-01,604,Revenues from goods,Revenue,Sales Revenue,812400.08,0.0,812400.08,0.4797172552633606,0.4928837054462682,EBITDA,FAVORABLE,10,DRIVER_IDENTIFIED,ACCOUNT
2023,6,2023-06,2023-06-01,641,Revenues from sale of long-term intangible and tangible assets,Other Operating Income,Other Operating Income,-76039996.0,0.0,-76039996.0,44.90115039298978,-46.133519571538464,EBITDA,UNFAVORABLE,1,DRIVER_IDENTIFIED,ACCOUNT
2023,7,2023-07,2023-07-01,501,Material consumption,Operating Costs,Material Consumption,-6571777.9,0.0,-6571777.9,4.60562876365669,-4.654063645278258,EBITDA,UNFAVORABLE,5,DRIVER_IDENTIFIED,ACCOUNT
2023,7,2023-07,2023-07-01,502,Energy consumption,Operating Costs,Energy Consumption,391529.73,0.0,391529.73,0.2743915898793138,0.27727721632811303,EBITDA,FAVORABLE,10,DRIVER_IDENTIFIED,ACCOUNT
2023,7,2023-07,2023-07-01,504,Cost of goods sold,Operating Costs,Cost of Goods Sold,-24322022.63,0.0,-24322022.63,17.04534278540316,-17.224599343492432,EBITDA,UNFAVORABLE,3,DRIVER_IDENTIFIED,ACCOUNT
2023,7,2023-07,2023-07-01,518,Other services,Operating Costs,Other Services,-660372.45,0.0,-660372.45,0.46280175573895144,-0.46766878897236225,EBITDA,UNFAVORABLE,9,DRIVER_IDENTIFIED,ACCOUNT
2023,7,2023-07,2023-07-01,521,Payroll costs (Wages),Operating Costs,Payroll Costs,-2015467.7,0.0,-2015467.7,1.412478655333284,-1.427332921704884,EBITDA,UNFAVORABLE,7,DRIVER_IDENTIFIED,ACCOUNT
2023,7,2023-07,2023-07-01,541,Net book value of sold long-term intangible and tangible assets,Non-Core Operating Items,Fixed Asset Disposal Costs,-44935730.0,0.0,-44935730.0,31.4918266796434,-31.82300901663758,EBITDA,UNFAVORABLE,2,DRIVER_IDENTIFIED,ACCOUNT
2023,7,2023-07,2023-07-01,548,Other operating expenses,Operating Costs,Other Operating Costs,-1569221.09,0.0,-1569221.09,1.099740420113818,-1.1113057893166052,EBITDA,UNFAVORABLE,8,DRIVER_IDENTIFIED,ACCOUNT
2023,7,2023-07,2023-07-01,549,Shortages and damages in operating area,Operating Costs,Shortages & Damages,-5233102.97,0.0,-5233102.97,3.667459541170625,-3.70602820960743,EBITDA,UNFAVORABLE,6,DRIVER_IDENTIFIED,ACCOUNT
2023,7,2023-07,2023-07-01,602,Revenues from services,Revenue,Sales Revenue,-7674654.89,0.0,-7674654.89,5.3785462397508095,-5.43510947221847,EBITDA,UNFAVORABLE,4,DRIVER_IDENTIFIED,ACCOUNT
2023,7,2023-07,2023-07-01,641,Revenues from sale of long-term intangible and tangible assets,Other Operating Income,Other Operating Income,-48182800.8,0.0,-48182800.8,33.76743655290307,-34.12255023575343,EBITDA,UNFAVORABLE,1,DRIVER_IDENTIFIED,ACCOUNT
2023,8,2023-08,2023-08-01,501,Material consumption,Operating Costs,Material Consumption,-6576595.59,0.0,-6576595.59,4.744170591949573,-4.862699484772688,EBITDA,UNFAVORABLE,5,DRIVER_IDENTIFIED,ACCOUNT
2023,8,2023-08,2023-08-01,504,Cost of goods sold,Operating Costs,Cost of Goods Sold,-25410490.99,0.0,-25410490.99,18.330411598527014,-18.788380668073593,EBITDA,UNFAVORABLE,2,DRIVER_IDENTIFIED,ACCOUNT
2023,8,2023-08,2023-08-01,518,Other services,Operating Costs,Other Services,1203597.18,0.0,1203597.18,0.8682410629888582,0.8899332955730459,EBITDA,FAVORABLE,9,DRIVER_IDENTIFIED,ACCOUNT
2023,8,2023-08,2023-08-01,521,Payroll costs (Wages),Operating Costs,Payroll Costs,-2795648.33,0.0,-2795648.33,2.0167018651391544,-2.067087371856573,EBITDA,UNFAVORABLE,7,DRIVER_IDENTIFIED,ACCOUNT
2023,8,2023-08,2023-08-01,524,Statutory social and health insurance,Operating Costs,Social & Health Insurance,-1026349.58,0.0,-1026349.58,0.740379642911234,-0.7588773713639073,EBITDA,UNFAVORABLE,10,DRIVER_IDENTIFIED,ACCOUNT
2023,8,2023-08,2023-08-01,541,Net book value of sold long-term intangible and tangible assets,Non-Core Operating Items,Fixed Asset Disposal Costs,-9254684.0,0.0,-9254684.0,6.676068046109895,-6.8428636826875415,EBITDA,UNFAVORABLE,3,DRIVER_IDENTIFIED,ACCOUNT
2023,8,2023-08,2023-08-01,548,Other operating expenses,Operating Costs,Other Operating Costs,-1346142.5,0.0,-1346142.5,0.9710692369140307,-0.9953305401861602,EBITDA,UNFAVORABLE,8,DRIVER_IDENTIFIED,ACCOUNT
2023,8,2023-08,2023-08-01,549,Shortages and damages in operating area,Operating Costs,Shortages & Damages,-4030553.13,0.0,-4030553.13,2.9075273622893247,-2.980169353639692,EBITDA,UNFAVORABLE,6,DRIVER_IDENTIFIED,ACCOUNT
2023,8,2023-08,2023-08-01,602,Revenues from services,Revenue,Sales Revenue,-9009561.62,0.0,-9009561.62,6.499243673878016,-6.661621510408517,EBITDA,UNFAVORABLE,4,DRIVER_IDENTIFIED,ACCOUNT
2023,8,2023-08,2023-08-01,641,Revenues from sale of long-term intangible and tangible assets,Other Operating Income,Other Operating Income,-76331602.0,0.0,-76331602.0,55.063465054082684,-56.43917687164248,EBITDA,UNFAVORABLE,1,DRIVER_IDENTIFIED,ACCOUNT
2023,9,2023-09,2023-09-01,501,Material consumption,Operating Costs,Material Consumption,-7039389.72,0.0,-7039389.72,5.343623403388142,-5.403524292291813,EBITDA,UNFAVORABLE,5,DRIVER_IDENTIFIED,ACCOUNT
2023,9,2023-09,2023-09-01,504,Cost of goods sold,Operating Costs,Cost of Goods Sold,-23771535.37,0.0,-23771535.37,18.045049044052785,-18.247330229767282,EBITDA,UNFAVORABLE,2,DRIVER_IDENTIFIED,ACCOUNT
2023,9,2023-09,2023-09-01,521,Payroll costs (Wages),Operating Costs,Payroll Costs,-1274310.12,0.0,-1274310.12,0.9673329153889142,-0.9781765129113061,EBITDA,UNFAVORABLE,7,DRIVER_IDENTIFIED,ACCOUNT
2023,9,2023-09,2023-09-01,524,Statutory social and health insurance,Operating Costs,Social & Health Insurance,-941924.56,0.0,-941924.56,0.7150179665066304,-0.7230331667822871,EBITDA,UNFAVORABLE,8,DRIVER_IDENTIFIED,ACCOUNT
2023,9,2023-09,2023-09-01,541,Net book value of sold long-term intangible and tangible assets,Non-Core Operating Items,Fixed Asset Disposal Costs,-75245022.0,0.0,-75245022.0,57.11873849025305,-57.7590274758977,EBITDA,UNFAVORABLE,1,DRIVER_IDENTIFIED,ACCOUNT
2023,9,2023-09,2023-09-01,549,Shortages and damages in operating area,Operating Costs,Shortages & Damages,-4868531.42,0.0,-4868531.42,3.695717877663194,-3.7371460939309884,EBITDA,UNFAVORABLE,6,DRIVER_IDENTIFIED,ACCOUNT
2023,9,2023-09,2023-09-01,601,Revenues from own products,Revenue,Sales Revenue,668623.76,0.0,668623.76,0.5075544491941236,0.5132440272909753,EBITDA,FAVORABLE,9,DRIVER_IDENTIFIED,ACCOUNT
2023,9,2023-09,2023-09-01,602,Revenues from services,Revenue,Sales Revenue,-7976942.85,0.0,-7976942.85,6.055323003305705,-6.123201894296951,EBITDA,UNFAVORABLE,3,DRIVER_IDENTIFIED,ACCOUNT
2023,9,2023-09,2023-09-01,604,Revenues from goods,Revenue,Sales Revenue,-617781.44,0.0,-617781.44,0.468959880369122,-0.4742168215069384,EBITDA,UNFAVORABLE,10,DRIVER_IDENTIFIED,ACCOUNT
2023,9,2023-09,2023-09-01,641,Revenues from sale of long-term intangible and tangible assets,Other Operating Income,Other Operating Income,-7834103.6,0.0,-7834103.6,5.946893268686265,-6.013556685270545,EBITDA,UNFAVORABLE,4,DRIVER_IDENTIFIED,ACCOUNT
2023,10,2023-10,2023-10-01,501,Material consumption,Operating Costs,Material Consumption,-6898432.45,0.0,-6898432.45,9.717030360801933,-10.25902499906304,EBITDA,UNFAVORABLE,5,DRIVER_IDENTIFIED,ACCOUNT
2023,10,2023-10,2023-10-01,502,Energy consumption,Operating Costs,Energy Consumption,-915631.88,0.0,-915631.88,1.2897455823138708,-1.3616847617112042,EBITDA,UNFAVORABLE,8,DRIVER_IDENTIFIED,ACCOUNT
2023,10,2023-10,2023-10-01,504,Cost of goods sold,Operating Costs,Cost of Goods Sold,-25293388.71,0.0,-25293388.71,35.627894859307474,-37.61514068125852,EBITDA,UNFAVORABLE,1,DRIVER_IDENTIFIED,ACCOUNT
2023,10,2023-10,2023-10-01,511,Repairs and maintenance,Operating Costs,Repairs & Maintenance,778792.8,0.0,778792.8,1.0969960693568797,1.1581841037365384,EBITDA,FAVORABLE,10,DRIVER_IDENTIFIED,ACCOUNT
2023,10,2023-10,2023-10-01,524,Statutory social and health insurance,Operating Costs,Social & Health Insurance,-783426.21,0.0,-783426.21,1.1035226224499728,-1.1650746936445264,EBITDA,UNFAVORABLE,9,DRIVER_IDENTIFIED,ACCOUNT
2023,10,2023-10,2023-10-01,541,Net book value of sold long-term intangible and tangible assets,Non-Core Operating Items,Fixed Asset Disposal Costs,-7997304.0,0.0,-7997304.0,11.26488464383858,-11.893215198636446,EBITDA,UNFAVORABLE,4,DRIVER_IDENTIFIED,ACCOUNT
2023,10,2023-10,2023-10-01,548,Other operating expenses,Operating Costs,Other Operating Costs,-1580530.84,0.0,-1580530.84,2.226312465879663,-2.3504912915904694,EBITDA,UNFAVORABLE,7,DRIVER_IDENTIFIED,ACCOUNT
2023,10,2023-10,2023-10-01,549,Shortages and damages in operating area,Operating Costs,Shortages & Damages,-3639746.09,0.0,-3639746.09,5.1268927424432675,-5.41285957327189,EBITDA,UNFAVORABLE,6,DRIVER_IDENTIFIED,ACCOUNT
2023,10,2023-10,2023-10-01,602,Revenues from services,Revenue,Sales Revenue,-9228721.56,0.0,-9228721.56,12.99944128465118,-13.724521603952514,EBITDA,UNFAVORABLE,3,DRIVER_IDENTIFIED,ACCOUNT
2023,10,2023-10,2023-10-01,641,Revenues from sale of long-term intangible and tangible assets,Other Operating Income,Other Operating Income,-11252625.2,0.0,-11252625.2,15.850282147377543,-16.734376116401158,EBITDA,UNFAVORABLE,2,DRIVER_IDENTIFIED,ACCOUNT
2023,11,2023-11,2023-11-01,501,Material consumption,Operating Costs,Material Consumption,-6809360.64,0.0,-6809360.64,2.423055605608905,-2.4430736252889385,EBITDA,UNFAVORABLE,4,DRIVER_IDENTIFIED,ACCOUNT
2023,11,2023-11,2023-11-01,504,Cost of goods sold,Operating Costs,Cost of Goods Sold,-24456682.69,0.0,-24456682.69,8.702711637638094,-8.774608895145777,EBITDA,UNFAVORABLE,2,DRIVER_IDENTIFIED,ACCOUNT
2023,11,2023-11,2023-11-01,521,Payroll costs (Wages),Operating Costs,Payroll Costs,-1540251.33,0.0,-1540251.33,0.5480859094581708,-0.5526139089380364,EBITDA,UNFAVORABLE,7,DRIVER_IDENTIFIED,ACCOUNT
2023,11,2023-11,2023-11-01,524,Statutory social and health insurance,Operating Costs,Social & Health Insurance,-856951.39,0.0,-856951.39,0.30493918284725235,-0.3074584310846099,EBITDA,UNFAVORABLE,8,DRIVER_IDENTIFIED,ACCOUNT
2023,11,2023-11,2023-11-01,541,Net book value of sold long-term intangible and tangible assets,Non-Core Operating Items,Fixed Asset Disposal Costs,-226674054.0,0.0,-226674054.0,80.66011865554468,-81.32649042138567,EBITDA,UNFAVORABLE,1,DRIVER_IDENTIFIED,ACCOUNT
2023,11,2023-11,2023-11-01,549,Shortages and damages in operating area,Operating Costs,Shortages & Damages,-4979760.06,0.0,-4979760.06,1.7720071187139146,-1.7866465158839435,EBITDA,UNFAVORABLE,5,DRIVER_IDENTIFIED,ACCOUNT
2023,11,2023-11,2023-11-01,601,Revenues from own products,Revenue,Sales Revenue,508343.82,0.0,508343.82,0.1808900141655068,0.18238443297087986,EBITDA,FAVORABLE,10,DRIVER_IDENTIFIED,ACCOUNT
2023,11,2023-11,2023-11-01,602,Revenues from services,Revenue,Sales Revenue,-8769690.74,0.0,-8769690.74,3.12062312901869,-3.146404087188226,EBITDA,UNFAVORABLE,3,DRIVER_IDENTIFIED,ACCOUNT
2023,11,2023-11,2023-11-01,604,Revenues from goods,Revenue,Sales Revenue,642980.07,0.0,642980.07,0.22879922877873982,0.2306894484888724,EBITDA,FAVORABLE,9,DRIVER_IDENTIFIED,ACCOUNT
2023,11,2023-11,2023-11-01,641,Revenues from sale of long-term intangible and tangible assets,Other Operating Income,Other Operating Income,-4011890.8,0.0,-4011890.8,1.427598713883187,-1.4393927887214002,EBITDA,UNFAVORABLE,6,DRIVER_IDENTIFIED,ACCOUNT
2023,12,2023-12,2023-12-01,501,Material consumption,Operating Costs,Material Consumption,-6706150.72,0.0,-6706150.72,7.599966792178072,-7.82462747485987,EBITDA,UNFAVORABLE,4,DRIVER_IDENTIFIED,ACCOUNT
2023,12,2023-12,2023-12-01,502,Energy consumption,Operating Costs,Energy Consumption,-493181.55,0.0,-493181.55,0.5589142801900685,-0.5754362028749597,EBITDA,UNFAVORABLE,10,DRIVER_IDENTIFIED,ACCOUNT
2023,12,2023-12,2023-12-01,504,Cost of goods sold,Operating Costs,Cost of Goods Sold,-22518046.68,0.0,-22518046.68,25.519320119413553,-26.2736902418598,EBITDA,UNFAVORABLE,2,DRIVER_IDENTIFIED,ACCOUNT
2023,12,2023-12,2023-12-01,521,Payroll costs (Wages),Operating Costs,Payroll Costs,-1485590.54,0.0,-1485590.54,1.6835945450945502,-1.7333628546415836,EBITDA,UNFAVORABLE,6,DRIVER_IDENTIFIED,ACCOUNT
2023,12,2023-12,2023-12-01,524,Statutory social and health insurance,Operating Costs,Social & Health Insurance,-500804.01,0.0,-500804.01,0.5675526847373952,-0.5843299650989647,EBITDA,UNFAVORABLE,9,DRIVER_IDENTIFIED,ACCOUNT
2023,12,2023-12,2023-12-01,548,Other operating expenses,Operating Costs,Other Operating Costs,-857638.96,0.0,-857638.96,0.9719476772627827,-1.0006791750016386,EBITDA,UNFAVORABLE,7,DRIVER_IDENTIFIED,ACCOUNT
2023,12,2023-12,2023-12-01,549,Shortages and damages in operating area,Operating Costs,Shortages & Damages,-5496840.43,0.0,-5496840.43,6.229475965297397,-6.413623917700814,EBITDA,UNFAVORABLE,5,DRIVER_IDENTIFIED,ACCOUNT
2023,12,2023-12,2023-12-01,601,Revenues from own products,Revenue,Sales Revenue,646308.33,0.0,646308.33,0.7324502610505101,0.7541020366671387,EBITDA,FAVORABLE,8,DRIVER_IDENTIFIED,ACCOUNT
2023,12,2023-12,2023-12-01,602,Revenues from services,Revenue,Sales Revenue,-8359591.82,0.0,-8359591.82,9.473783528110662,-9.753835630074509,EBITDA,UNFAVORABLE,3,DRIVER_IDENTIFIED,ACCOUNT
2023,12,2023-12,2023-12-01,641,Revenues from sale of long-term intangible and tangible assets,Other Operating Income,Other Operating Income,-40297060.0,0.0,-40297060.0,45.66797416423222,-47.0179535171671,EBITDA,UNFAVORABLE,1,DRIVER_IDENTIFIED,ACCOUNT
2024,1,2024-01,2024-01-01,501,Material consumption,Operating Costs,Material Consumption,-6888421.18,0.0,-6888421.18,3.320341632214475,-3.3791976926292953,EBITDA,UNFAVORABLE,5,DRIVER_IDENTIFIED,ACCOUNT
2024,1,2024-01,2024-01-01,504,Cost of goods sold,Operating Costs,Cost of Goods Sold,-26000528.15,0.0,-26000528.15,12.532717413775995,-12.754871172326174,EBITDA,UNFAVORABLE,3,DRIVER_IDENTIFIED,ACCOUNT
2024,1,2024-01,2024-01-01,518,Other services,Operating Costs,Other Services,-722796.95,0.0,-722796.95,0.34840099668856833,-0.35457671966560733,EBITDA,UNFAVORABLE,9,DRIVER_IDENTIFIED,ACCOUNT
2024,1,2024-01,2024-01-01,521,Payroll costs (Wages),Operating Costs,Payroll Costs,-1816830.41,0.0,-1816830.41,0.8757445997220937,-0.8912679653207176,EBITDA,UNFAVORABLE,7,DRIVER_IDENTIFIED,ACCOUNT
2024,1,2024-01,2024-01-01,541,Net book value of sold long-term intangible and tangible assets,Non-Core Operating Items,Fixed Asset Disposal Costs,-103982604.0,0.0,-103982604.0,50.12146616262384,-51.00991451140996,EBITDA,UNFAVORABLE,1,DRIVER_IDENTIFIED,ACCOUNT
2024,1,2024-01,2024-01-01,549,Shortages and damages in operating area,Operating Costs,Shortages & Damages,-4828622.41,0.0,-4828622.41,2.3274819577984616,-2.3687386819239338,EBITDA,UNFAVORABLE,6,DRIVER_IDENTIFIED,ACCOUNT
2024,1,2024-01,2024-01-01,582,Change in inventory of semi-finished goods,Operating Costs,Inventory Change,-402585.07,0.0,-402585.07,0.1940531703128203,-0.19749293837909654,EBITDA,UNFAVORABLE,10,DRIVER_IDENTIFIED,ACCOUNT
2024,1,2024-01,2024-01-01,601,Revenues from own products,Revenue,Sales Revenue,1281651.78,0.0,1281651.78,0.6177789731399361,0.6287296645427,EBITDA,FAVORABLE,8,DRIVER_IDENTIFIED,ACCOUNT
2024,1,2024-01,2024-01-01,602,Revenues from services,Revenue,Sales Revenue,-8764508.96,0.0,-8764508.96,4.224649339139972,-4.299535072078852,EBITDA,UNFAVORABLE,4,DRIVER_IDENTIFIED,ACCOUNT
2024,1,2024-01,2024-01-01,641,Revenues from sale of long-term intangible and tangible assets,Other Operating Income,Other Operating Income,-51858404.4,0.0,-51858404.4,24.996674072350245,-25.43976274283462,EBITDA,UNFAVORABLE,2,DRIVER_IDENTIFIED,ACCOUNT
2024,2,2024-02,2024-02-01,501,Material consumption,Operating Costs,Material Consumption,-6656038.15,0.0,-6656038.15,9.030603144986014,-9.236984765053178,EBITDA,UNFAVORABLE,4,DRIVER_IDENTIFIED,ACCOUNT
2024,2,2024-02,2024-02-01,504,Cost of goods sold,Operating Costs,Cost of Goods Sold,-24349381.43,0.0,-24349381.43,33.03610880298546,-33.791102190028575,EBITDA,UNFAVORABLE,1,DRIVER_IDENTIFIED,ACCOUNT
2024,2,2024-02,2024-02-01,518,Other services,Operating Costs,Other Services,-834536.37,0.0,-834536.37,1.1322601520135835,-1.158136351062348,EBITDA,UNFAVORABLE,7,DRIVER_IDENTIFIED,ACCOUNT
2024,2,2024-02,2024-02-01,541,Net book value of sold long-term intangible and tangible assets,Non-Core Operating Items,Fixed Asset Disposal Costs,-21451180.0,0.0,-21451180.0,29.10396383044485,-29.769093624022187,EBITDA,UNFAVORABLE,2,DRIVER_IDENTIFIED,ACCOUNT
2024,2,2024-02,2024-02-01,548,Other operating expenses,Operating Costs,Other Operating Costs,-426323.76,0.0,-426323.76,0.5784162592034215,-0.5916351420101442,EBITDA,UNFAVORABLE,10,DRIVER_IDENTIFIED,ACCOUNT
2024,2,2024-02,2024-02-01,549,Shortages and damages in operating area,Operating Costs,Shortages & Damages,-4455408.82,0.0,-4455408.82,6.044891569933449,-6.1830389888050075,EBITDA,UNFAVORABLE,5,DRIVER_IDENTIFIED,ACCOUNT
2024,2,2024-02,2024-02-01,582,Change in inventory of semi-finished goods,Operating Costs,Inventory Change,-572466.31,0.0,-572466.31,0.7766956773654519,-0.7944459549073062,EBITDA,UNFAVORABLE,8,DRIVER_IDENTIFIED,ACCOUNT
2024,2,2024-02,2024-02-01,602,Revenues from services,Revenue,Sales Revenue,-9361178.35,0.0,-9361178.35,12.700811615432968,-12.991070641909651,EBITDA,UNFAVORABLE,3,DRIVER_IDENTIFIED,ACCOUNT
2024,2,2024-02,2024-02-01,604,Revenues from goods,Revenue,Sales Revenue,435066.6,0.0,435066.6,0.5902781380900547,0.6037681073062185,EBITDA,FAVORABLE,9,DRIVER_IDENTIFIED,ACCOUNT
2024,2,2024-02,2024-02-01,641,Revenues from sale of long-term intangible and tangible assets,Other Operating Income,Other Operating Income,-4074010.8,0.0,-4074010.8,5.527428466314753,-5.653750000255347,EBITDA,UNFAVORABLE,6,DRIVER_IDENTIFIED,ACCOUNT
2024,3,2024-03,2024-03-01,501,Material consumption,Operating Costs,Material Consumption,-6893397.51,0.0,-6893397.51,4.61663828364229,-4.714829100191956,EBITDA,UNFAVORABLE,4,DRIVER_IDENTIFIED,ACCOUNT
2024,3,2024-03,2024-03-01,504,Cost of goods sold,Operating Costs,Cost of Goods Sold,-24817445.65,0.0,-24817445.65,16.62071127100892,-16.97421551177197,EBITDA,UNFAVORABLE,2,DRIVER_IDENTIFIED,ACCOUNT
2024,3,2024-03,2024-03-01,511,Repairs and maintenance,Operating Costs,Repairs & Maintenance,1554828.15,0.0,1554828.15,1.0412977274793365,1.0634449843902334,EBITDA,FAVORABLE,8,DRIVER_IDENTIFIED,ACCOUNT
2024,3,2024-03,2024-03-01,521,Payroll costs (Wages),Operating Costs,Payroll Costs,-1610482.59,0.0,-1610482.59,1.0785705552810043,-1.1015105642274954,EBITDA,UNFAVORABLE,7,DRIVER_IDENTIFIED,ACCOUNT
2024,3,2024-03,2024-03-01,541,Net book value of sold long-term intangible and tangible assets,Non-Core Operating Items,Fixed Asset Disposal Costs,-6809095.0,0.0,-6809095.0,4.560179303218117,-4.657169299376665,EBITDA,UNFAVORABLE,5,DRIVER_IDENTIFIED,ACCOUNT
2024,3,2024-03,2024-03-01,549,Shortages and damages in operating area,Operating Costs,Shortages & Damages,-5985532.09,0.0,-5985532.09,4.008623694568203,-4.093882709814131,EBITDA,UNFAVORABLE,6,DRIVER_IDENTIFIED,ACCOUNT
2024,3,2024-03,2024-03-01,582,Change in inventory of semi-finished goods,Operating Costs,Inventory Change,-584538.81,0.0,-584538.81,0.39147666221278266,-0.3998029400715029,EBITDA,UNFAVORABLE,10,DRIVER_IDENTIFIED,ACCOUNT
2024,3,2024-03,2024-03-01,601,Revenues from own products,Revenue,Sales Revenue,-604135.07,0.0,-604135.07,0.4046006470114205,-0.41320605758632717,EBITDA,UNFAVORABLE,9,DRIVER_IDENTIFIED,ACCOUNT
2024,3,2024-03,2024-03-01,602,Revenues from services,Revenue,Sales Revenue,-8638797.14,0.0,-8638797.14,5.785565324397422,-5.908617932919271,EBITDA,UNFAVORABLE,3,DRIVER_IDENTIFIED,ACCOUNT
2024,3,2024-03,2024-03-01,641,Revenues from sale of long-term intangible and tangible assets,Other Operating Income,Other Operating Income,-90505149.2,0.0,-90505149.2,60.61300484374323,-61.902176763541206,EBITDA,UNFAVORABLE,1,DRIVER_IDENTIFIED,ACCOUNT
2024,4,2024-04,2024-04-01,501,Material consumption,Operating Costs,Material Consumption,-6726707.0,0.0,-6726707.0,2.849603749160584,-2.874313331235754,EBITDA,UNFAVORABLE,5,DRIVER_IDENTIFIED,ACCOUNT
2024,4,2024-04,2024-04-01,504,Cost of goods sold,Operating Costs,Cost of Goods Sold,-23171953.14,0.0,-23171953.14,9.816227248060212,-9.901346055517536,EBITDA,UNFAVORABLE,2,DRIVER_IDENTIFIED,ACCOUNT
2024,4,2024-04,2024-04-01,511,Repairs and maintenance,Operating Costs,Repairs & Maintenance,619651.92,0.0,619651.92,0.26250027456325276,0.2647764759758127,EBITDA,FAVORABLE,9,DRIVER_IDENTIFIED,ACCOUNT
2024,4,2024-04,2024-04-01,521,Payroll costs (Wages),Operating Costs,Payroll Costs,-1502216.49,0.0,-1502216.49,0.6363770180498204,-0.6418951923443643,EBITDA,UNFAVORABLE,7,DRIVER_IDENTIFIED,ACCOUNT
2024,4,2024-04,2024-04-01,541,Net book value of sold long-term intangible and tangible assets,Non-Core Operating Items,Fixed Asset Disposal Costs,-174766236.0,0.0,-174766236.0,74.03541158137011,-74.67738998958836,EBITDA,UNFAVORABLE,1,DRIVER_IDENTIFIED,ACCOUNT
2024,4,2024-04,2024-04-01,548,Other operating expenses,Operating Costs,Other Operating Costs,-491316.98,0.0,-491316.98,0.20813433798056846,-0.20993911961328035,EBITDA,UNFAVORABLE,10,DRIVER_IDENTIFIED,ACCOUNT
2024,4,2024-04,2024-04-01,549,Shortages and damages in operating area,Operating Costs,Shortages & Damages,-6495797.29,0.0,-6495797.29,2.751784537571082,-2.7756459063330814,EBITDA,UNFAVORABLE,6,DRIVER_IDENTIFIED,ACCOUNT
2024,4,2024-04,2024-04-01,601,Revenues from own products,Revenue,Sales Revenue,-633091.83,0.0,-633091.83,0.2681937614245625,-0.27051933239628834,EBITDA,UNFAVORABLE,8,DRIVER_IDENTIFIED,ACCOUNT
2024,4,2024-04,2024-04-01,602,Revenues from services,Revenue,Sales Revenue,-7925104.72,0.0,-7925104.72,3.3572754280218,-3.3863871502260166,EBITDA,UNFAVORABLE,4,DRIVER_IDENTIFIED,ACCOUNT
2024,4,2024-04,2024-04-01,641,Revenues from sale of long-term intangible and tangible assets,Other Operating Income,Other Operating Income,-12680596.0,0.0,-12680596.0,5.371822186277877,-5.418402515646181,EBITDA,UNFAVORABLE,3,DRIVER_IDENTIFIED,ACCOUNT
2024,5,2024-05,2024-05-01,501,Material consumption,Operating Costs,Material Consumption,-7069046.04,0.0,-7069046.04,4.774645041942318,-4.7799925116620585,EBITDA,UNFAVORABLE,4,DRIVER_IDENTIFIED,ACCOUNT
2024,5,2024-05,2024-05-01,504,Cost of goods sold,Operating Costs,Cost of Goods Sold,-24901119.37,0.0,-24901119.37,16.81896050273628,-16.83779727096006,EBITDA,UNFAVORABLE,2,DRIVER_IDENTIFIED,ACCOUNT
2024,5,2024-05,2024-05-01,518,Other services,Operating Costs,Other Services,-432485.81,0.0,-432485.81,0.292113846301517,-0.2924410056890929,EBITDA,UNFAVORABLE,8,DRIVER_IDENTIFIED,ACCOUNT
2024,5,2024-05,2024-05-01,521,Payroll costs (Wages),Operating Costs,Payroll Costs,-1987288.42,0.0,-1987288.42,1.3422740137454787,-1.3437773233278762,EBITDA,UNFAVORABLE,7,DRIVER_IDENTIFIED,ACCOUNT
2024,5,2024-05,2024-05-01,524,Statutory social and health insurance,Operating Costs,Social & Health Insurance,-379596.0,0.0,-379596.0,0.25639048735649994,-0.25667763757510775,EBITDA,UNFAVORABLE,10,DRIVER_IDENTIFIED,ACCOUNT
2024,5,2024-05,2024-05-01,541,Net book value of sold long-term intangible and tangible assets,Non-Core Operating Items,Fixed Asset Disposal Costs,-92288640.0,0.0,-92288640.0,62.33450665198942,-62.404319566643466,EBITDA,UNFAVORABLE,1,DRIVER_IDENTIFIED,ACCOUNT
2024,5,2024-05,2024-05-01,549,Shortages and damages in operating area,Operating Costs,Shortages & Damages,-4336381.83,0.0,-4336381.83,2.9289219347874345,-2.9322022459352115,EBITDA,UNFAVORABLE,6,DRIVER_IDENTIFIED,ACCOUNT
2024,5,2024-05,2024-05-01,582,Change in inventory of semi-finished goods,Operating Costs,Inventory Change,-422111.46,0.0,-422111.46,0.28510670014479533,-0.2854260117234628,EBITDA,UNFAVORABLE,9,DRIVER_IDENTIFIED,ACCOUNT
2024,5,2024-05,2024-05-01,602,Revenues from services,Revenue,Sales Revenue,-9487469.47,0.0,-9487469.47,6.4081205312838225,-6.41529744814371,EBITDA,UNFAVORABLE,3,DRIVER_IDENTIFIED,ACCOUNT
2024,5,2024-05,2024-05-01,641,Revenues from sale of long-term intangible and tangible assets,Other Operating Income,Other Operating Income,-5895586.0,0.0,-5895586.0,3.9820550474508636,-3.9865148384094646,EBITDA,UNFAVORABLE,5,DRIVER_IDENTIFIED,ACCOUNT
2024,6,2024-06,2024-06-01,501,Material consumption,Operating Costs,Material Consumption,-6622742.62,0.0,-6622742.62,3.1001529398816485,-3.1213812045048015,EBITDA,UNFAVORABLE,5,DRIVER_IDENTIFIED,ACCOUNT
2024,6,2024-06,2024-06-01,504,Cost of goods sold,Operating Costs,Cost of Goods Sold,-22470688.77,0.0,-22470688.77,10.518689287593219,-10.590715901768672,EBITDA,UNFAVORABLE,2,DRIVER_IDENTIFIED,ACCOUNT
2024,6,2024-06,2024-06-01,518,Other services,Operating Costs,Other Services,617259.61,0.0,617259.61,0.2889436151169196,0.29092215347996775,EBITDA,FAVORABLE,8,DRIVER_IDENTIFIED,ACCOUNT
2024,6,2024-06,2024-06-01,521,Payroll costs (Wages),Operating Costs,Payroll Costs,-527034.1,0.0,-527034.1,0.2467084119498636,-0.24839774520379956,EBITDA,UNFAVORABLE,10,DRIVER_IDENTIFIED,ACCOUNT
2024,6,2024-06,2024-06-01,541,Net book value of sold long-term intangible and tangible assets,Non-Core Operating Items,Fixed Asset Disposal Costs,-162633471.0,0.0,-162633471.0,76.12988487899396,-76.651183464348,EBITDA,UNFAVORABLE,1,DRIVER_IDENTIFIED,ACCOUNT
2024,6,2024-06,2024-06-01,548,Other operating expenses,Operating Costs,Other Operating Costs,-929477.21,0.0,-929477.21,0.43509489504130733,-0.43807420275522685,EBITDA,UNFAVORABLE,7,DRIVER_IDENTIFIED,ACCOUNT
2024,6,2024-06,2024-06-01,549,Shortages and damages in operating area,Operating Costs,Shortages & Damages,-3290324.86,0.0,-3290324.86,1.5402244769546356,-1.5507711478479427,EBITDA,UNFAVORABLE,6,DRIVER_IDENTIFIED,ACCOUNT
2024,6,2024-06,2024-06-01,602,Revenues from services,Revenue,Sales Revenue,-7745502.49,0.0,-7745502.49,3.625724823235563,-3.6505519357977314,EBITDA,UNFAVORABLE,3,DRIVER_IDENTIFIED,ACCOUNT
2024,6,2024-06,2024-06-01,604,Revenues from goods,Revenue,Sales Revenue,-546164.7,0.0,-546164.7,0.2556635819201711,-0.25741423560621524,EBITDA,UNFAVORABLE,9,DRIVER_IDENTIFIED,ACCOUNT
2024,6,2024-06,2024-06-01,641,Revenues from sale of long-term intangible and tangible assets,Other Operating Income,Other Operating Income,-6980718.8,0.0,-6980718.8,3.2677241366669776,-3.290099843296237,EBITDA,UNFAVORABLE,4,DRIVER_IDENTIFIED,ACCOUNT
2024,7,2024-07,2024-07-01,501,Material consumption,Operating Costs,Material Consumption,-6958173.25,0.0,-6958173.25,4.535022492506912,-4.599120258054852,EBITDA,UNFAVORABLE,5,DRIVER_IDENTIFIED,ACCOUNT
2024,7,2024-07,2024-07-01,502,Energy consumption,Operating Costs,Energy Consumption,640976.58,0.0,640976.58,0.41775953300245233,0.42366412391595976,EBITDA,FAVORABLE,10,DRIVER_IDENTIFIED,ACCOUNT
2024,7,2024-07,2024-07-01,504,Cost of goods sold,Operating Costs,Cost of Goods Sold,-25855615.7,0.0,-25855615.7,16.85152044139097,-17.08969893072885,EBITDA,UNFAVORABLE,3,DRIVER_IDENTIFIED,ACCOUNT
2024,7,2024-07,2024-07-01,521,Payroll costs (Wages),Operating Costs,Payroll Costs,-969417.95,0.0,-969417.95,0.6318227571999506,-0.640752906284276,EBITDA,UNFAVORABLE,8,DRIVER_IDENTIFIED,ACCOUNT
2024,7,2024-07,2024-07-01,541,Net book value of sold long-term intangible and tangible assets,Non-Core Operating Items,Fixed Asset Disposal Costs,-37722294.0,0.0,-37722294.0,24.585684433620354,-24.93317718349439,EBITDA,UNFAVORABLE,2,DRIVER_IDENTIFIED,ACCOUNT
2024,7,2024-07,2024-07-01,548,Other operating expenses,Operating Costs,Other Operating Costs,-1304564.75,0.0,-1304564.75,0.8502562772753117,-0.8622737540588349,EBITDA,UNFAVORABLE,7,DRIVER_IDENTIFIED,ACCOUNT
2024,7,2024-07,2024-07-01,549,Shortages and damages in operating area,Operating Costs,Shortages & Damages,-4802881.71,0.0,-4802881.71,3.1303009857795736,-3.1745444926227053,EBITDA,UNFAVORABLE,6,DRIVER_IDENTIFIED,ACCOUNT
2024,7,2024-07,2024-07-01,601,Revenues from own products,Revenue,Sales Revenue,-782507.66,0.0,-782507.66,0.5100030871836874,-0.5172114435623026,EBITDA,UNFAVORABLE,9,DRIVER_IDENTIFIED,ACCOUNT
2024,7,2024-07,2024-07-01,602,Revenues from services,Revenue,Sales Revenue,-9155108.3,0.0,-9155108.3,5.966885354836016,-6.051220993558349,EBITDA,UNFAVORABLE,4,DRIVER_IDENTIFIED,ACCOUNT
2024,7,2024-07,2024-07-01,641,Revenues from sale of long-term intangible and tangible assets,Other Operating Income,Other Operating Income,-64313079.6,0.0,-64313079.6,41.916355352087194,-42.508798878535295,EBITDA,UNFAVORABLE,1,DRIVER_IDENTIFIED,ACCOUNT
2024,8,2024-08,2024-08-01,501,Material consumption,Operating Costs,Material Consumption,-6074659.35,0.0,-6074659.35,7.12309539975837,-7.383258763073441,EBITDA,UNFAVORABLE,4,DRIVER_IDENTIFIED,ACCOUNT
2024,8,2024-08,2024-08-01,504,Cost of goods sold,Operating Costs,Cost of Goods Sold,-22615324.82,0.0,-22615324.82,26.51854316561525,-27.48710430273219,EBITDA,UNFAVORABLE,2,DRIVER_IDENTIFIED,ACCOUNT
2024,8,2024-08,2024-08-01,511,Repairs and maintenance,Operating Costs,Repairs & Maintenance,813247.34,0.0,813247.34,0.9536071164911872,0.9884365860945217,EBITDA,FAVORABLE,10,DRIVER_IDENTIFIED,ACCOUNT
2024,8,2024-08,2024-08-01,521,Payroll costs (Wages),Operating Costs,Payroll Costs,-1898869.95,0.0,-1898869.95,2.2265992257795335,-2.307923356768035,EBITDA,UNFAVORABLE,7,DRIVER_IDENTIFIED,ACCOUNT
2024,8,2024-08,2024-08-01,541,Net book value of sold long-term intangible and tangible assets,Non-Core Operating Items,Fixed Asset Disposal Costs,-33024879.0,0.0,-33024879.0,38.72470045295244,-40.139078296825005,EBITDA,UNFAVORABLE,1,DRIVER_IDENTIFIED,ACCOUNT
2024,8,2024-08,2024-08-01,548,Other operating expenses,Operating Costs,Other Operating Costs,-1274500.19,0.0,-1274500.19,1.4944684001713064,-1.5490522437865206,EBITDA,UNFAVORABLE,8,DRIVER_IDENTIFIED,ACCOUNT
2024,8,2024-08,2024-08-01,549,Shortages and damages in operating area,Operating Costs,Shortages & Damages,-5424447.5,0.0,-5424447.5,6.360662352775516,-6.592978672821682,EBITDA,UNFAVORABLE,5,DRIVER_IDENTIFIED,ACCOUNT
2024,8,2024-08,2024-08-01,601,Revenues from own products,Revenue,Sales Revenue,-887849.3,0.0,-887849.3,1.04108475885297,-1.0791092548281942,EBITDA,UNFAVORABLE,9,DRIVER_IDENTIFIED,ACCOUNT
2024,8,2024-08,2024-08-01,602,Revenues from services,Revenue,Sales Revenue,-9468919.1,0.0,-9468919.1,11.10317635867008,-11.508707878723849,EBITDA,UNFAVORABLE,3,DRIVER_IDENTIFIED,ACCOUNT
2024,8,2024-08,2024-08-01,641,Revenues from sale of long-term intangible and tangible assets,Other Operating Income,Other Operating Income,-2312929.6,0.0,-2312929.6,2.7121221527796395,-2.811179484092709,EBITDA,UNFAVORABLE,6,DRIVER_IDENTIFIED,ACCOUNT
2024,9,2024-09,2024-09-01,501,Material consumption,Operating Costs,Material Consumption,-5947864.46,0.0,-5947864.46,8.975373065816031,-9.099330822807875,EBITDA,UNFAVORABLE,4,DRIVER_IDENTIFIED,ACCOUNT
2024,9,2024-09,2024-09-01,504,Cost of goods sold,Operating Costs,Cost of Goods Sold,-24014255.62,0.0,-24014255.62,36.23769582122745,-36.73817011456465,EBITDA,UNFAVORABLE,1,DRIVER_IDENTIFIED,ACCOUNT
2024,9,2024-09,2024-09-01,511,Repairs and maintenance,Operating Costs,Repairs & Maintenance,-816097.96,0.0,-816097.96,1.2314980777573752,-1.2485061439780403,EBITDA,UNFAVORABLE,10,DRIVER_IDENTIFIED,ACCOUNT
2024,9,2024-09,2024-09-01,521,Payroll costs (Wages),Operating Costs,Payroll Costs,-1993650.76,0.0,-1993650.76,3.008434279947876,-3.0499833902372324,EBITDA,UNFAVORABLE,7,DRIVER_IDENTIFIED,ACCOUNT
2024,9,2024-09,2024-09-01,524,Statutory social and health insurance,Operating Costs,Social & Health Insurance,-983959.26,0.0,-983959.26,1.4848020662636745,-1.5053084822489764,EBITDA,UNFAVORABLE,9,DRIVER_IDENTIFIED,ACCOUNT
2024,9,2024-09,2024-09-01,541,Net book value of sold long-term intangible and tangible assets,Non-Core Operating Items,Fixed Asset Disposal Costs,-13690576.0,0.0,-13690576.0,20.65918413445275,-20.94450554759174,EBITDA,UNFAVORABLE,2,DRIVER_IDENTIFIED,ACCOUNT
2024,9,2024-09,2024-09-01,548,Other operating expenses,Operating Costs,Other Operating Costs,-1507474.72,0.0,-1507474.72,2.2747909086157225,-2.306207761886301,EBITDA,UNFAVORABLE,8,DRIVER_IDENTIFIED,ACCOUNT
2024,9,2024-09,2024-09-01,549,Shortages and damages in operating area,Operating Costs,Shortages & Damages,-5475129.95,0.0,-5475129.95,8.262013066295172,-8.376118697384294,EBITDA,UNFAVORABLE,5,DRIVER_IDENTIFIED,ACCOUNT
2024,9,2024-09,2024-09-01,602,Revenues from services,Revenue,Sales Revenue,-7948529.02,0.0,-7948529.02,11.994391223730927,-12.160044263629516,EBITDA,UNFAVORABLE,3,DRIVER_IDENTIFIED,ACCOUNT
2024,9,2024-09,2024-09-01,641,Revenues from sale of long-term intangible and tangible assets,Other Operating Income,Other Operating Income,-2935322.8,0.0,-2935322.8,4.429424607062363,-4.490598837373424,EBITDA,UNFAVORABLE,6,DRIVER_IDENTIFIED,ACCOUNT
2024,10,2024-10,2024-10-01,501,Material consumption,Operating Costs,Material Consumption,-7756614.06,0.0,-7756614.06,4.673472524810841,-4.688561128649013,EBITDA,UNFAVORABLE,5,DRIVER_IDENTIFIED,ACCOUNT
2024,10,2024-10,2024-10-01,504,Cost of goods sold,Operating Costs,Cost of Goods Sold,-25250727.64,0.0,-25250727.64,15.213929808056184,-15.26304894986708,EBITDA,UNFAVORABLE,3,DRIVER_IDENTIFIED,ACCOUNT
2024,10,2024-10,2024-10-01,511,Repairs and maintenance,Operating Costs,Repairs & Maintenance,183030.75,0.0,183030.75,0.11027868277366915,0.11063472452791798,EBITDA,FAVORABLE,10,DRIVER_IDENTIFIED,ACCOUNT
2024,10,2024-10,2024-10-01,521,Payroll costs (Wages),Operating Costs,Payroll Costs,-1664787.33,0.0,-1664787.33,1.0030585235032565,-1.006296961860879,EBITDA,UNFAVORABLE,8,DRIVER_IDENTIFIED,ACCOUNT
2024,10,2024-10,2024-10-01,524,Statutory social and health insurance,Operating Costs,Social & Health Insurance,-1284399.04,0.0,-1284399.04,0.7738690590896076,-0.7763675446575086,EBITDA,UNFAVORABLE,9,DRIVER_IDENTIFIED,ACCOUNT
2024,10,2024-10,2024-10-01,541,Net book value of sold long-term intangible and tangible assets,Non-Core Operating Items,Fixed Asset Disposal Costs,-79348836.0,0.0,-79348836.0,47.80882509471167,-47.96317893288936,EBITDA,UNFAVORABLE,1,DRIVER_IDENTIFIED,ACCOUNT
2024,10,2024-10,2024-10-01,548,Other operating expenses,Operating Costs,Other Operating Costs,-2001181.27,0.0,-2001181.27,1.205740753654445,-1.2096335645069423,EBITDA,UNFAVORABLE,7,DRIVER_IDENTIFIED,ACCOUNT
2024,10,2024-10,2024-10-01,549,Shortages and damages in operating area,Operating Costs,Shortages & Damages,-5357523.45,0.0,-5357523.45,3.2279856198755867,-3.2384073771353217,EBITDA,UNFAVORABLE,6,DRIVER_IDENTIFIED,ACCOUNT
2024,10,2024-10,2024-10-01,602,Revenues from services,Revenue,Sales Revenue,-8801853.9,0.0,-8801853.9,5.303244695540409,-5.320366558960615,EBITDA,UNFAVORABLE,4,DRIVER_IDENTIFIED,ACCOUNT
2024,10,2024-10,2024-10-01,641,Revenues from sale of long-term intangible and tangible assets,Other Operating Income,Other Operating Income,-33973876.8,0.0,-33973876.8,20.469753755688142,-20.535841660012995,EBITDA,UNFAVORABLE,2,DRIVER_IDENTIFIED,ACCOUNT
2024,11,2024-11,2024-11-01,501,Material consumption,Operating Costs,Material Consumption,-6647980.47,0.0,-6647980.47,6.85460649380892,-6.971810328029323,EBITDA,UNFAVORABLE,5,DRIVER_IDENTIFIED,ACCOUNT
2024,11,2024-11,2024-11-01,502,Energy consumption,Operating Costs,Energy Consumption,-821588.45,0.0,-821588.45,0.8471242582649172,-0.8616088550421995,EBITDA,UNFAVORABLE,9,DRIVER_IDENTIFIED,ACCOUNT
2024,11,2024-11,2024-11-01,504,Cost of goods sold,Operating Costs,Cost of Goods Sold,-22734012.92,0.0,-22734012.92,23.44060926396914,-23.84140970155529,EBITDA,UNFAVORABLE,2,DRIVER_IDENTIFIED,ACCOUNT
2024,11,2024-11,2024-11-01,521,Payroll costs (Wages),Operating Costs,Payroll Costs,-1429752.52,0.0,-1429752.52,1.474190688789985,-1.4993972124984223,EBITDA,UNFAVORABLE,8,DRIVER_IDENTIFIED,ACCOUNT
2024,11,2024-11,2024-11-01,541,Net book value of sold long-term intangible and tangible assets,Non-Core Operating Items,Fixed Asset Disposal Costs,-8120169.0,0.0,-8120169.0,8.372552147137382,-8.51571065153017,EBITDA,UNFAVORABLE,3,DRIVER_IDENTIFIED,ACCOUNT
2024,11,2024-11,2024-11-01,548,Other operating expenses,Operating Costs,Other Operating Costs,-1634217.74,0.0,-1634217.74,1.6850108966854016,-1.7138221403320009,EBITDA,UNFAVORABLE,7,DRIVER_IDENTIFIED,ACCOUNT
2024,11,2024-11,2024-11-01,549,Shortages and damages in operating area,Operating Costs,Shortages & Damages,-4821895.75,0.0,-4821895.75,4.971765195396195,-5.056775172886557,EBITDA,UNFAVORABLE,6,DRIVER_IDENTIFIED,ACCOUNT
2024,11,2024-11,2024-11-01,601,Revenues from own products,Revenue,Sales Revenue,815217.45,0.0,815217.45,0.8405552410770468,0.8549275171832339,EBITDA,FAVORABLE,10,DRIVER_IDENTIFIED,ACCOUNT
2024,11,2024-11,2024-11-01,602,Revenues from services,Revenue,Sales Revenue,-7265836.79,0.0,-7265836.79,7.491666419364461,-7.619763054793906,EBITDA,UNFAVORABLE,4,DRIVER_IDENTIFIED,ACCOUNT
2024,11,2024-11,2024-11-01,641,Revenues from sale of long-term intangible and tangible assets,Other Operating Income,Other Operating Income,-41602855.6,0.0,-41602855.6,42.89591484867206,-43.62937280824963,EBITDA,UNFAVORABLE,1,DRIVER_IDENTIFIED,ACCOUNT
2024,12,2024-12,2024-12-01,501,Material consumption,Operating Costs,Material Consumption,-6845705.22,0.0,-6845705.22,7.9288235860206555,-8.113819423343074,EBITDA,UNFAVORABLE,4,DRIVER_IDENTIFIED,ACCOUNT
2024,12,2024-12,2024-12-01,504,Cost of goods sold,Operating Costs,Cost of Goods Sold,-24600737.26,0.0,-24600737.26,28.493033157595583,-29.157834495354983,EBITDA,UNFAVORABLE,2,DRIVER_IDENTIFIED,ACCOUNT
2024,12,2024-12,2024-12-01,521,Payroll costs (Wages),Operating Costs,Payroll Costs,-817730.84,0.0,-817730.84,0.9471111248357964,-0.969209184361965,EBITDA,UNFAVORABLE,9,DRIVER_IDENTIFIED,ACCOUNT
2024,12,2024-12,2024-12-01,524,Statutory social and health insurance,Operating Costs,Social & Health Insurance,-997714.44,0.0,-997714.44,1.1555714904103613,-1.1825333610000017,EBITDA,UNFAVORABLE,7,DRIVER_IDENTIFIED,ACCOUNT
2024,12,2024-12,2024-12-01,541,Net book value of sold long-term intangible and tangible assets,Non-Core Operating Items,Fixed Asset Disposal Costs,-33860913.0,0.0,-33860913.0,39.21834157483536,-40.133386519311735,EBITDA,UNFAVORABLE,1,DRIVER_IDENTIFIED,ACCOUNT
2024,12,2024-12,2024-12-01,548,Other operating expenses,Operating Costs,Other Operating Costs,-842861.71,0.0,-842861.71,0.9762181676297335,-0.9989953546071848,EBITDA,UNFAVORABLE,8,DRIVER_IDENTIFIED,ACCOUNT
2024,12,2024-12,2024-12-01,549,Shortages and damages in operating area,Operating Costs,Shortages & Damages,-5444132.25,0.0,-5444132.25,6.305495606662377,-6.452615847998554,EBITDA,UNFAVORABLE,5,DRIVER_IDENTIFIED,ACCOUNT
2024,12,2024-12,2024-12-01,601,Revenues from own products,Revenue,Sales Revenue,-805405.75,0.0,-805405.75,0.9328359755047495,-0.9546009663007657,EBITDA,UNFAVORABLE,10,DRIVER_IDENTIFIED,ACCOUNT
2024,12,2024-12,2024-12-01,602,Revenues from services,Revenue,Sales Revenue,-7964971.76,0.0,-7964971.76,9.225178987867148,-9.440421475330055,EBITDA,UNFAVORABLE,3,DRIVER_IDENTIFIED,ACCOUNT
2024,12,2024-12,2024-12-01,641,Revenues from sale of long-term intangible and tangible assets,Other Operating Income,Other Operating Income,-1846541.6,0.0,-1846541.6,2.138698953597117,-2.188599219305998,EBITDA,UNFAVORABLE,6,DRIVER_IDENTIFIED,ACCOUNT
2025,1,2025-01,2025-01-01,501,Material consumption,Operating Costs,Material Consumption,-7416394.2,0.0,-7416394.2,4.547610924700642,-4.575355906420594,EBITDA,UNFAVORABLE,5,DRIVER_IDENTIFIED,ACCOUNT
2025,1,2025-01,2025-01-01,504,Cost of goods sold,Operating Costs,Cost of Goods Sold,-27352922.15,0.0,-27352922.15,16.77236191029681,-16.874690117856083,EBITDA,UNFAVORABLE,2,DRIVER_IDENTIFIED,ACCOUNT
2025,1,2025-01,2025-01-01,511,Repairs and maintenance,Operating Costs,Repairs & Maintenance,-790745.21,0.0,-790745.21,0.4848719551140772,-0.48783015970851346,EBITDA,UNFAVORABLE,9,DRIVER_IDENTIFIED,ACCOUNT
2025,1,2025-01,2025-01-01,521,Payroll costs (Wages),Operating Costs,Payroll Costs,-1306333.02,0.0,-1306333.02,0.8010219188523152,-0.8059089548947185,EBITDA,UNFAVORABLE,7,DRIVER_IDENTIFIED,ACCOUNT
2025,1,2025-01,2025-01-01,524,Statutory social and health insurance,Operating Costs,Social & Health Insurance,-960053.86,0.0,-960053.86,0.5886892341883635,-0.5922808281729266,EBITDA,UNFAVORABLE,8,DRIVER_IDENTIFIED,ACCOUNT
2025,1,2025-01,2025-01-01,541,Net book value of sold long-term intangible and tangible assets,Non-Core Operating Items,Fixed Asset Disposal Costs,-93155871.0,0.0,-93155871.0,57.12164769499493,-57.47014696139061,EBITDA,UNFAVORABLE,1,DRIVER_IDENTIFIED,ACCOUNT
2025,1,2025-01,2025-01-01,548,Other operating expenses,Operating Costs,Other Operating Costs,-717688.36,0.0,-717688.36,0.44007469646994857,-0.44275959291582817,EBITDA,UNFAVORABLE,10,DRIVER_IDENTIFIED,ACCOUNT
2025,1,2025-01,2025-01-01,549,Shortages and damages in operating area,Operating Costs,Shortages & Damages,-3981217.9,0.0,-3981217.9,2.4412173257529575,-2.456111196666487,EBITDA,UNFAVORABLE,6,DRIVER_IDENTIFIED,ACCOUNT
2025,1,2025-01,2025-01-01,602,Revenues from services,Revenue,Sales Revenue,-9239318.18,0.0,-9239318.18,5.665397922369506,-5.699962524397931,EBITDA,UNFAVORABLE,4,DRIVER_IDENTIFIED,ACCOUNT
2025,1,2025-01,2025-01-01,641,Revenues from sale of long-term intangible and tangible assets,Other Operating Income,Other Operating Income,-16584313.2,0.0,-16584313.2,10.169228044401558,-10.231270521400955,EBITDA,UNFAVORABLE,3,DRIVER_IDENTIFIED,ACCOUNT
2025,2,2025-02,2025-02-01,501,Material consumption,Operating Costs,Material Consumption,-6071977.65,0.0,-6071977.65,3.5512035993882467,-3.5763885436925493,EBITDA,UNFAVORABLE,5,DRIVER_IDENTIFIED,ACCOUNT
2025,2,2025-02,2025-02-01,504,Cost of goods sold,Operating Costs,Cost of Goods Sold,-22165577.85,0.0,-22165577.85,12.963565477458634,-13.05550238431219,EBITDA,UNFAVORABLE,2,DRIVER_IDENTIFIED,ACCOUNT
2025,2,2025-02,2025-02-01,511,Repairs and maintenance,Operating Costs,Repairs & Maintenance,381270.38,0.0,381270.38,0.2229864508470522,0.22456785872413493,EBITDA,FAVORABLE,10,DRIVER_IDENTIFIED,ACCOUNT
2025,2,2025-02,2025-02-01,521,Payroll costs (Wages),Operating Costs,Payroll Costs,-1087067.6,0.0,-1087067.6,0.6357728233565456,-0.640281689913558,EBITDA,UNFAVORABLE,8,DRIVER_IDENTIFIED,ACCOUNT
2025,2,2025-02,2025-02-01,524,Statutory social and health insurance,Operating Costs,Social & Health Insurance,-831132.64,0.0,-831132.64,0.48608894710557043,-0.48953626368913655,EBITDA,UNFAVORABLE,9,DRIVER_IDENTIFIED,ACCOUNT
2025,2,2025-02,2025-02-01,541,Net book value of sold long-term intangible and tangible assets,Non-Core Operating Items,Fixed Asset Disposal Costs,-117880634.0,0.0,-117880634.0,68.9426338318239,-69.43157127082218,EBITDA,UNFAVORABLE,1,DRIVER_IDENTIFIED,ACCOUNT
2025,2,2025-02,2025-02-01,548,Other operating expenses,Operating Costs,Other Operating Costs,-1612861.03,0.0,-1612861.03,0.9432837578130802,-0.9499734753240017,EBITDA,UNFAVORABLE,7,DRIVER_IDENTIFIED,ACCOUNT
2025,2,2025-02,2025-02-01,549,Shortages and damages in operating area,Operating Costs,Shortages & Damages,-3854447.29,0.0,-3854447.29,2.2542782399570056,-2.2702654595941723,EBITDA,UNFAVORABLE,6,DRIVER_IDENTIFIED,ACCOUNT
2025,2,2025-02,2025-02-01,602,Revenues from services,Revenue,Sales Revenue,-8741509.86,0.0,-8741509.86,5.112482796921996,-5.148740249048752,EBITDA,UNFAVORABLE,3,DRIVER_IDENTIFIED,ACCOUNT
2025,2,2025-02,2025-02-01,641,Revenues from sale of long-term intangible and tangible assets,Other Operating Income,Other Operating Income,-7783015.2,0.0,-7783015.2,4.551906015716878,-4.58418788755999,EBITDA,UNFAVORABLE,4,DRIVER_IDENTIFIED,ACCOUNT
2025,3,2025-03,2025-03-01,501,Material consumption,Operating Costs,Material Consumption,-7050446.44,0.0,-7050446.44,13.285573476059259,-13.431579106752418,EBITDA,UNFAVORABLE,4,DRIVER_IDENTIFIED,ACCOUNT
2025,3,2025-03,2025-03-01,504,Cost of goods sold,Operating Costs,Cost of Goods Sold,-22949333.9,0.0,-22949333.9,43.244788021546555,-43.7200390568636,EBITDA,UNFAVORABLE,1,DRIVER_IDENTIFIED,ACCOUNT
2025,3,2025-03,2025-03-01,521,Payroll costs (Wages),Operating Costs,Payroll Costs,-1786081.15,0.0,-1786081.15,3.3656184121766644,-3.40260584368106,EBITDA,UNFAVORABLE,6,DRIVER_IDENTIFIED,ACCOUNT
2025,3,2025-03,2025-03-01,524,Statutory social and health insurance,Operating Costs,Social & Health Insurance,-966002.9,0.0,-966002.9,1.8202964330350013,-1.8403011042095432,EBITDA,UNFAVORABLE,8,DRIVER_IDENTIFIED,ACCOUNT
2025,3,2025-03,2025-03-01,541,Net book value of sold long-term intangible and tangible assets,Non-Core Operating Items,Fixed Asset Disposal Costs,-1610030.0,0.0,-1610030.0,3.0338748114310454,-3.067216451224412,EBITDA,UNFAVORABLE,7,DRIVER_IDENTIFIED,ACCOUNT
2025,3,2025-03,2025-03-01,548,Other operating expenses,Operating Costs,Other Operating Costs,-470027.85,0.0,-470027.85,0.8857012942529577,-0.8954349633569811,EBITDA,UNFAVORABLE,10,DRIVER_IDENTIFIED,ACCOUNT
2025,3,2025-03,2025-03-01,549,Shortages and damages in operating area,Operating Costs,Shortages & Damages,-7183696.67,0.0,-7183696.67,13.536664770267684,-13.685429840953292,EBITDA,UNFAVORABLE,3,DRIVER_IDENTIFIED,ACCOUNT
2025,3,2025-03,2025-03-01,601,Revenues from own products,Revenue,Sales Revenue,-2078530.9,0.0,-2078530.9,3.916698783433291,-3.9597424711702787,EBITDA,UNFAVORABLE,5,DRIVER_IDENTIFIED,ACCOUNT
2025,3,2025-03,2025-03-01,602,Revenues from services,Revenue,Sales Revenue,-7923162.35,0.0,-7923162.35,14.930083713063613,-15.094162161973301,EBITDA,UNFAVORABLE,2,DRIVER_IDENTIFIED,ACCOUNT
2025,3,2025-03,2025-03-01,641,Revenues from sale of long-term intangible and tangible assets,Other Operating Income,Other Operating Income,-699619.2,0.0,-699619.2,1.3183338623960663,-1.332822071534358,EBITDA,UNFAVORABLE,9,DRIVER_IDENTIFIED,ACCOUNT
2025,4,2025-04,2025-04-01,501,Material consumption,Operating Costs,Material Consumption,-6989525.65,0.0,-6989525.65,4.559916579674104,-4.580405570233532,EBITDA,UNFAVORABLE,5,DRIVER_IDENTIFIED,ACCOUNT
2025,4,2025-04,2025-04-01,502,Energy consumption,Operating Costs,Energy Consumption,-875011.06,0.0,-875011.06,0.5708509618091482,-0.5734159560942377,EBITDA,UNFAVORABLE,9,DRIVER_IDENTIFIED,ACCOUNT
2025,4,2025-04,2025-04-01,504,Cost of goods sold,Operating Costs,Cost of Goods Sold,-23906954.56,0.0,-23906954.56,15.596726291098081,-15.66680677878962,EBITDA,UNFAVORABLE,3,DRIVER_IDENTIFIED,ACCOUNT
2025,4,2025-04,2025-04-01,521,Payroll costs (Wages),Operating Costs,Payroll Costs,-1336698.63,0.0,-1336698.63,0.872052632779831,-0.8759710110764858,EBITDA,UNFAVORABLE,7,DRIVER_IDENTIFIED,ACCOUNT
2025,4,2025-04,2025-04-01,524,Statutory social and health insurance,Operating Costs,Social & Health Insurance,-613206.0,0.0,-613206.0,0.40005121179512926,-0.4018487546577103,EBITDA,UNFAVORABLE,10,DRIVER_IDENTIFIED,ACCOUNT
2025,4,2025-04,2025-04-01,541,Net book value of sold long-term intangible and tangible assets,Non-Core Operating Items,Fixed Asset Disposal Costs,-73952773.0,0.0,-73952773.0,48.24626056212776,-48.463044610676256,EBITDA,UNFAVORABLE,1,DRIVER_IDENTIFIED,ACCOUNT
2025,4,2025-04,2025-04-01,548,Other operating expenses,Operating Costs,Other Operating Costs,-980041.2,0.0,-980041.2,0.6393718744910398,-0.6422447525517494,EBITDA,UNFAVORABLE,8,DRIVER_IDENTIFIED,ACCOUNT
2025,4,2025-04,2025-04-01,549,Shortages and damages in operating area,Operating Costs,Shortages & Damages,-5119617.32,0.0,-5119617.32,3.340001749482771,-3.355009318835831,EBITDA,UNFAVORABLE,6,DRIVER_IDENTIFIED,ACCOUNT
2025,4,2025-04,2025-04-01,602,Revenues from services,Revenue,Sales Revenue,-9840653.56,0.0,-9840653.56,6.419972051046553,-6.448818795158502,EBITDA,UNFAVORABLE,4,DRIVER_IDENTIFIED,ACCOUNT
2025,4,2025-04,2025-04-01,641,Revenues from sale of long-term intangible and tangible assets,Other Operating Income,Other Operating Income,-28581091.2,0.0,-28581091.2,18.646099628814955,-18.72988181048203,EBITDA,UNFAVORABLE,2,DRIVER_IDENTIFIED,ACCOUNT
2025,5,2025-05,2025-05-01,501,Material consumption,Operating Costs,Material Consumption,-6587593.11,0.0,-6587593.11,9.932238125576697,-10.210428778195215,EBITDA,UNFAVORABLE,5,DRIVER_IDENTIFIED,ACCOUNT
2025,5,2025-05,2025-05-01,502,Energy consumption,Operating Costs,Energy Consumption,-842613.36,0.0,-842613.36,1.2704240227903638,-1.3060071495271455,EBITDA,UNFAVORABLE,10,DRIVER_IDENTIFIED,ACCOUNT
2025,5,2025-05,2025-05-01,504,Cost of goods sold,Operating Costs,Cost of Goods Sold,-22918912.94,0.0,-22918912.94,34.5552764262092,-35.52313027534979,EBITDA,UNFAVORABLE,1,DRIVER_IDENTIFIED,ACCOUNT
2025,5,2025-05,2025-05-01,521,Payroll costs (Wages),Operating Costs,Payroll Costs,-1946107.18,0.0,-1946107.18,2.9341824254920557,-3.0163655259704303,EBITDA,UNFAVORABLE,8,DRIVER_IDENTIFIED,ACCOUNT
2025,5,2025-05,2025-05-01,524,Statutory social and health insurance,Operating Costs,Social & Health Insurance,-1968128.7,0.0,-1968128.7,2.967384685691631,-3.0504977435790557,EBITDA,UNFAVORABLE,7,DRIVER_IDENTIFIED,ACCOUNT
2025,5,2025-05,2025-05-01,541,Net book value of sold long-term intangible and tangible assets,Non-Core Operating Items,Fixed Asset Disposal Costs,-8576105.0,0.0,-8576105.0,12.93035493048977,-13.292519412575537,EBITDA,UNFAVORABLE,4,DRIVER_IDENTIFIED,ACCOUNT
2025,5,2025-05,2025-05-01,548,Other operating expenses,Operating Costs,Other Operating Costs,-974442.52,0.0,-974442.52,1.4691853286498797,-1.510335532685179,EBITDA,UNFAVORABLE,9,DRIVER_IDENTIFIED,ACCOUNT
2025,5,2025-05,2025-05-01,549,Shortages and damages in operating area,Operating Costs,Shortages & Damages,-3858405.16,0.0,-3858405.16,5.81739008377733,-5.980328539690411,EBITDA,UNFAVORABLE,6,DRIVER_IDENTIFIED,ACCOUNT
2025,5,2025-05,2025-05-01,602,Revenues from services,Revenue,Sales Revenue,-8601212.22,0.0,-8601212.22,12.968209558659307,-13.33143430567046,EBITDA,UNFAVORABLE,3,DRIVER_IDENTIFIED,ACCOUNT
2025,5,2025-05,2025-05-01,641,Revenues from sale of long-term intangible and tangible assets,Other Operating Income,Other Operating Income,-8783528.8,0.0,-8783528.8,13.243091697942006,-13.614015579906768,EBITDA,UNFAVORABLE,2,DRIVER_IDENTIFIED,ACCOUNT
2025,6,2025-06,2025-06-01,501,Material consumption,Operating Costs,Material Consumption,-6326170.96,0.0,-6326170.96,11.735073983442224,-11.79895488868244,EBITDA,UNFAVORABLE,3,DRIVER_IDENTIFIED,ACCOUNT
2025,6,2025-06,2025-06-01,504,Cost of goods sold,Operating Costs,Cost of Goods Sold,-25416629.97,0.0,-25416629.97,47.14795648009565,-47.404610519467234,EBITDA,UNFAVORABLE,1,DRIVER_IDENTIFIED,ACCOUNT
2025,6,2025-06,2025-06-01,521,Payroll costs (Wages),Operating Costs,Payroll Costs,-2083985.31,0.0,-2083985.31,3.865801595924113,-3.886845426220807,EBITDA,UNFAVORABLE,6,DRIVER_IDENTIFIED,ACCOUNT
2025,6,2025-06,2025-06-01,541,Net book value of sold long-term intangible and tangible assets,Non-Core Operating Items,Fixed Asset Disposal Costs,-2833773.0,0.0,-2833773.0,5.256660943491325,-5.28527603872506,EBITDA,UNFAVORABLE,5,DRIVER_IDENTIFIED,ACCOUNT
2025,6,2025-06,2025-06-01,548,Other operating expenses,Operating Costs,Other Operating Costs,-826895.56,0.0,-826895.56,1.5338947737163096,-1.5422446645501033,EBITDA,UNFAVORABLE,8,DRIVER_IDENTIFIED,ACCOUNT
2025,6,2025-06,2025-06-01,549,Shortages and damages in operating area,Operating Costs,Shortages & Damages,-4028340.65,0.0,-4028340.65,7.472589004812121,-7.513266698944175,EBITDA,UNFAVORABLE,4,DRIVER_IDENTIFIED,ACCOUNT
2025,6,2025-06,2025-06-01,601,Revenues from own products,Revenue,Sales Revenue,-804817.87,0.0,-804817.87,1.492940565053333,-1.5010675180576356,EBITDA,UNFAVORABLE,9,DRIVER_IDENTIFIED,ACCOUNT
2025,6,2025-06,2025-06-01,602,Revenues from services,Revenue,Sales Revenue,-8987331.93,0.0,-8987331.93,16.67153887859878,-16.762291863779367,EBITDA,UNFAVORABLE,2,DRIVER_IDENTIFIED,ACCOUNT
2025,6,2025-06,2025-06-01,604,Revenues from goods,Revenue,Sales Revenue,-533319.15,0.0,-533319.15,0.9893092870251046,-0.9946946789627172,EBITDA,UNFAVORABLE,10,DRIVER_IDENTIFIED,ACCOUNT
2025,6,2025-06,2025-06-01,641,Revenues from sale of long-term intangible and tangible assets,Other Operating Income,Other Operating Income,-1338184.4,0.0,-1338184.4,2.482337742179551,-2.495850565558946,EBITDA,UNFAVORABLE,7,DRIVER_IDENTIFIED,ACCOUNT
2025,7,2025-07,2025-07-01,501,Material consumption,Operating Costs,Material Consumption,-6513180.96,0.0,-6513180.96,1.6884573441625896,-1.6907603803938132,EBITDA,UNFAVORABLE,5,DRIVER_IDENTIFIED,ACCOUNT
2025,7,2025-07,2025-07-01,504,Cost of goods sold,Operating Costs,Cost of Goods Sold,-26317453.84,0.0,-26317453.84,6.822457181630027,-6.831762934084824,EBITDA,UNFAVORABLE,3,DRIVER_IDENTIFIED,ACCOUNT
2025,7,2025-07,2025-07-01,518,Other services,Operating Costs,Other Services,-705413.42,0.0,-705413.42,0.18286924269179977,-0.18311867421753636,EBITDA,UNFAVORABLE,9,DRIVER_IDENTIFIED,ACCOUNT
2025,7,2025-07,2025-07-01,521,Payroll costs (Wages),Operating Costs,Payroll Costs,-1961172.54,0.0,-1961172.54,0.508408441078075,-0.5091019042941347,EBITDA,UNFAVORABLE,7,DRIVER_IDENTIFIED,ACCOUNT
2025,7,2025-07,2025-07-01,524,Statutory social and health insurance,Operating Costs,Social & Health Insurance,-424502.05,0.0,-424502.05,0.11004662826604081,-0.11019673059044768,EBITDA,UNFAVORABLE,10,DRIVER_IDENTIFIED,ACCOUNT
2025,7,2025-07,2025-07-01,541,Net book value of sold long-term intangible and tangible assets,Non-Core Operating Items,Fixed Asset Disposal Costs,-268110286.0,0.0,-268110286.0,69.50410010444918,-69.59890289073958,EBITDA,UNFAVORABLE,1,DRIVER_IDENTIFIED,ACCOUNT
2025,7,2025-07,2025-07-01,548,Other operating expenses,Operating Costs,Other Operating Costs,-1572080.26,0.0,-1572080.26,0.4075413345509186,-0.40809721620374023,EBITDA,UNFAVORABLE,8,DRIVER_IDENTIFIED,ACCOUNT
2025,7,2025-07,2025-07-01,549,Shortages and damages in operating area,Operating Costs,Shortages & Damages,-6338138.31,0.0,-6338138.31,1.6430798166918676,-1.6453209585020032,EBITDA,UNFAVORABLE,6,DRIVER_IDENTIFIED,ACCOUNT
2025,7,2025-07,2025-07-01,602,Revenues from services,Revenue,Sales Revenue,-9451286.13,0.0,-9451286.13,2.4501228471902494,-2.4534647863322334,EBITDA,UNFAVORABLE,4,DRIVER_IDENTIFIED,ACCOUNT
2025,7,2025-07,2025-07-01,641,Revenues from sale of long-term intangible and tangible assets,Other Operating Income,Other Operating Income,-63382777.6,0.0,-63382777.6,16.431159672883414,-16.453571584074712,EBITDA,UNFAVORABLE,2,DRIVER_IDENTIFIED,ACCOUNT
2025,8,2025-08,2025-08-01,501,Material consumption,Operating Costs,Material Consumption,-6487223.7,0.0,-6487223.7,6.219266426286641,-6.430869195171843,EBITDA,UNFAVORABLE,5,DRIVER_IDENTIFIED,ACCOUNT
2025,8,2025-08,2025-08-01,504,Cost of goods sold,Operating Costs,Cost of Goods Sold,-24561912.66,0.0,-24561912.66,23.547373396684744,-24.348543352943928,EBITDA,UNFAVORABLE,2,DRIVER_IDENTIFIED,ACCOUNT
2025,8,2025-08,2025-08-01,521,Payroll costs (Wages),Operating Costs,Payroll Costs,-1498724.6,0.0,-1498724.6,1.4368192031099336,-1.485705181121817,EBITDA,UNFAVORABLE,7,DRIVER_IDENTIFIED,ACCOUNT
2025,8,2025-08,2025-08-01,524,Statutory social and health insurance,Operating Costs,Social & Health Insurance,-692823.29,0.0,-692823.29,0.6642059571410268,-0.6868047348758158,EBITDA,UNFAVORABLE,9,DRIVER_IDENTIFIED,ACCOUNT
2025,8,2025-08,2025-08-01,541,Net book value of sold long-term intangible and tangible assets,Non-Core Operating Items,Fixed Asset Disposal Costs,-44412392.0,0.0,-44412392.0,42.577921041428155,-44.02658160172531,EBITDA,UNFAVORABLE,1,DRIVER_IDENTIFIED,ACCOUNT
2025,8,2025-08,2025-08-01,548,Other operating expenses,Operating Costs,Other Operating Costs,-503695.66,0.0,-503695.66,0.4828903167474078,-0.49932005638032034,EBITDA,UNFAVORABLE,10,DRIVER_IDENTIFIED,ACCOUNT
2025,8,2025-08,2025-08-01,549,Shortages and damages in operating area,Operating Costs,Shortages & Damages,-4160289.65,0.0,-4160289.65,3.9884472835232736,-4.124149218590573,EBITDA,UNFAVORABLE,6,DRIVER_IDENTIFIED,ACCOUNT
2025,8,2025-08,2025-08-01,601,Revenues from own products,Revenue,Sales Revenue,1145130.12,0.0,1145130.12,1.0978300793058196,1.135182375963301,EBITDA,FAVORABLE,8,DRIVER_IDENTIFIED,ACCOUNT
2025,8,2025-08,2025-08-01,602,Revenues from services,Revenue,Sales Revenue,-8100050.69,0.0,-8100050.69,7.765474976227033,-8.029685558962834,EBITDA,UNFAVORABLE,4,DRIVER_IDENTIFIED,ACCOUNT
2025,8,2025-08,2025-08-01,641,Revenues from sale of long-term intangible and tangible assets,Other Operating Income,Other Operating Income,-11501487.6,0.0,-11501487.6,11.026414224475118,-11.401574190433873,EBITDA,UNFAVORABLE,3,DRIVER_IDENTIFIED,ACCOUNT
2025,9,2025-09,2025-09-01,501,Material consumption,Operating Costs,Material Consumption,-7438943.4,0.0,-7438943.4,7.752429522114736,-7.9221496015615065,EBITDA,UNFAVORABLE,4,DRIVER_IDENTIFIED,ACCOUNT
2025,9,2025-09,2025-09-01,504,Cost of goods sold,Operating Costs,Cost of Goods Sold,-23566758.16,0.0,-23566758.16,24.559890010740283,-25.097567453912927,EBITDA,UNFAVORABLE,2,DRIVER_IDENTIFIED,ACCOUNT
2025,9,2025-09,2025-09-01,511,Repairs and maintenance,Operating Costs,Repairs & Maintenance,361590.96,0.0,361590.96,0.37682884282112006,0.3850785690468142,EBITDA,FAVORABLE,10,DRIVER_IDENTIFIED,ACCOUNT
2025,9,2025-09,2025-09-01,521,Payroll costs (Wages),Operating Costs,Payroll Costs,-889585.68,0.0,-889585.68,0.9270739024687984,-0.9473698698079652,EBITDA,UNFAVORABLE,8,DRIVER_IDENTIFIED,ACCOUNT
2025,9,2025-09,2025-09-01,541,Net book value of sold long-term intangible and tangible assets,Non-Core Operating Items,Fixed Asset Disposal Costs,-11537956.0,0.0,-11537956.0,12.02417949829553,-12.28741887298594,EBITDA,UNFAVORABLE,3,DRIVER_IDENTIFIED,ACCOUNT
2025,9,2025-09,2025-09-01,548,Other operating expenses,Operating Costs,Other Operating Costs,-2457558.0,0.0,-2457558.0,2.561122483000643,-2.6171918622897836,EBITDA,UNFAVORABLE,7,DRIVER_IDENTIFIED,ACCOUNT
2025,9,2025-09,2025-09-01,549,Shortages and damages in operating area,Operating Costs,Shortages & Damages,-6240475.89,0.0,-6240475.89,6.503457133667831,-6.645834082501244,EBITDA,UNFAVORABLE,6,DRIVER_IDENTIFIED,ACCOUNT
2025,9,2025-09,2025-09-01,601,Revenues from own products,Revenue,Sales Revenue,-524919.58,0.0,-524919.58,0.5470403295080949,-0.5590164110603172,EBITDA,UNFAVORABLE,9,DRIVER_IDENTIFIED,ACCOUNT
2025,9,2025-09,2025-09-01,602,Revenues from services,Revenue,Sales Revenue,-6783694.34,0.0,-6783694.34,7.069567469812801,-7.224337990358422,EBITDA,UNFAVORABLE,5,DRIVER_IDENTIFIED,ACCOUNT
2025,9,2025-09,2025-09-01,641,Revenues from sale of long-term intangible and tangible assets,Other Operating Income,Other Operating Income,-34593058.8,0.0,-34593058.8,36.05085236989045,-36.84009573042507,EBITDA,UNFAVORABLE,1,DRIVER_IDENTIFIED,ACCOUNT
2025,10,2025-10,2025-10-01,501,Material consumption,Operating Costs,Material Consumption,-7495180.61,0.0,-7495180.61,7.527212403446762,-7.783090982211139,EBITDA,UNFAVORABLE,5,DRIVER_IDENTIFIED,ACCOUNT
2025,10,2025-10,2025-10-01,502,Energy consumption,Operating Costs,Energy Consumption,901466.35,0.0,901466.35,0.905318903450664,0.9360941362895043,EBITDA,FAVORABLE,9,DRIVER_IDENTIFIED,ACCOUNT
2025,10,2025-10,2025-10-01,504,Cost of goods sold,Operating Costs,Cost of Goods Sold,-24328604.85,0.0,-24328604.85,24.4325768402631,-25.263133054483284,EBITDA,UNFAVORABLE,2,DRIVER_IDENTIFIED,ACCOUNT
2025,10,2025-10,2025-10-01,521,Payroll costs (Wages),Operating Costs,Payroll Costs,-1032656.83,0.0,-1032656.83,1.0370700459051398,-1.0723240011813058,EBITDA,UNFAVORABLE,8,DRIVER_IDENTIFIED,ACCOUNT
2025,10,2025-10,2025-10-01,541,Net book value of sold long-term intangible and tangible assets,Non-Core Operating Items,Fixed Asset Disposal Costs,-25716132.0,0.0,-25716132.0,25.82603379841359,-26.70395891454726,EBITDA,UNFAVORABLE,1,DRIVER_IDENTIFIED,ACCOUNT
2025,10,2025-10,2025-10-01,548,Other operating expenses,Operating Costs,Other Operating Costs,-1268929.66,0.0,-1268929.66,1.2743526237526492,-1.3176727163358168,EBITDA,UNFAVORABLE,7,DRIVER_IDENTIFIED,ACCOUNT
2025,10,2025-10,2025-10-01,549,Shortages and damages in operating area,Operating Costs,Shortages & Damages,-5545095.72,0.0,-5545095.72,5.5687935292974275,-5.758098001834485,EBITDA,UNFAVORABLE,6,DRIVER_IDENTIFIED,ACCOUNT
2025,10,2025-10,2025-10-01,602,Revenues from services,Revenue,Sales Revenue,-9119710.61,0.0,-9119710.61,9.158685079296177,-9.470023619493038,EBITDA,UNFAVORABLE,4,DRIVER_IDENTIFIED,ACCOUNT
2025,10,2025-10,2025-10-01,604,Revenues from goods,Revenue,Sales Revenue,735349.26,0.0,735349.26,0.7384918868202427,0.7635960348501374,EBITDA,FAVORABLE,10,DRIVER_IDENTIFIED,ACCOUNT
2025,10,2025-10,2025-10-01,641,Revenues from sale of long-term intangible and tangible assets,Other Operating Income,Other Operating Income,-21907910.8,0.0,-21907910.8,22.001537586345805,-22.74945353005523,EBITDA,UNFAVORABLE,3,DRIVER_IDENTIFIED,ACCOUNT
2025,11,2025-11,2025-11-01,501,Material consumption,Operating Costs,Material Consumption,-6614113.86,0.0,-6614113.86,4.557505299979756,-4.608307217937823,EBITDA,UNFAVORABLE,5,DRIVER_IDENTIFIED,ACCOUNT
2025,11,2025-11,2025-11-01,504,Cost of goods sold,Operating Costs,Cost of Goods Sold,-24005012.63,0.0,-24005012.63,16.54083594613322,-16.72521448996005,EBITDA,UNFAVORABLE,3,DRIVER_IDENTIFIED,ACCOUNT
2025,11,2025-11,2025-11-01,518,Other services,Operating Costs,Other Services,615619.65,0.0,615619.65,0.42419738713821925,0.42892586016040496,EBITDA,FAVORABLE,10,DRIVER_IDENTIFIED,ACCOUNT
2025,11,2025-11,2025-11-01,521,Payroll costs (Wages),Operating Costs,Payroll Costs,-838792.81,0.0,-838792.81,0.5779765450182184,-0.5844191742833632,EBITDA,UNFAVORABLE,7,DRIVER_IDENTIFIED,ACCOUNT
2025,11,2025-11,2025-11-01,524,Statutory social and health insurance,Operating Costs,Social & Health Insurance,-714837.44,0.0,-714837.44,0.4925641575550318,-0.4980547060621957,EBITDA,UNFAVORABLE,9,DRIVER_IDENTIFIED,ACCOUNT
2025,11,2025-11,2025-11-01,541,Net book value of sold long-term intangible and tangible assets,Non-Core Operating Items,Fixed Asset Disposal Costs,-63402564.0,0.0,-63402564.0,43.688017409229424,-44.1750020488708,EBITDA,UNFAVORABLE,1,DRIVER_IDENTIFIED,ACCOUNT
2025,11,2025-11,2025-11-01,548,Other operating expenses,Operating Costs,Other Operating Costs,-726823.8,0.0,-726823.8,0.5008234497873348,-0.506406063549229,EBITDA,UNFAVORABLE,8,DRIVER_IDENTIFIED,ACCOUNT
2025,11,2025-11,2025-11-01,549,Shortages and damages in operating area,Operating Costs,Shortages & Damages,-3959609.73,0.0,-3959609.73,2.728399104143394,-2.7588122135798603,EBITDA,UNFAVORABLE,6,DRIVER_IDENTIFIED,ACCOUNT
2025,11,2025-11,2025-11-01,602,Revenues from services,Revenue,Sales Revenue,-8980316.51,0.0,-8980316.51,6.187955175271309,-6.256931505621101,EBITDA,UNFAVORABLE,4,DRIVER_IDENTIFIED,ACCOUNT
2025,11,2025-11,2025-11-01,641,Revenues from sale of long-term intangible and tangible assets,Other Operating Income,Other Operating Income,-34105744.4,0.0,-34105744.4,23.500821750709147,-23.762782349752666,EBITDA,UNFAVORABLE,2,DRIVER_IDENTIFIED,ACCOUNT
2025,12,2025-12,2025-12-01,501,Material consumption,Operating Costs,Material Consumption,-6919859.57,0.0,-6919859.57,3.408981748252672,-3.4248224363932893,EBITDA,UNFAVORABLE,5,DRIVER_IDENTIFIED,ACCOUNT
2025,12,2025-12,2025-12-01,504,Cost of goods sold,Operating Costs,Cost of Goods Sold,-26818360.36,0.0,-26818360.36,13.211727790207592,-13.273119394850436,EBITDA,UNFAVORABLE,3,DRIVER_IDENTIFIED,ACCOUNT
2025,12,2025-12,2025-12-01,521,Payroll costs (Wages),Operating Costs,Payroll Costs,-1627208.28,0.0,-1627208.28,0.8016236848467756,-0.8053486302221207,EBITDA,UNFAVORABLE,7,DRIVER_IDENTIFIED,ACCOUNT
2025,12,2025-12,2025-12-01,524,Statutory social and health insurance,Operating Costs,Social & Health Insurance,-522278.07,0.0,-522278.07,0.25729371963868214,-0.25848929939660387,EBITDA,UNFAVORABLE,10,DRIVER_IDENTIFIED,ACCOUNT
2025,12,2025-12,2025-12-01,541,Net book value of sold long-term intangible and tangible assets,Non-Core Operating Items,Fixed Asset Disposal Costs,-106015254.0,0.0,-106015254.0,52.22708094961688,-52.469767171753944,EBITDA,UNFAVORABLE,1,DRIVER_IDENTIFIED,ACCOUNT
2025,12,2025-12,2025-12-01,548,Other operating expenses,Operating Costs,Other Operating Costs,-676247.79,0.0,-676247.79,0.33314496487769124,-0.33469300645842115,EBITDA,UNFAVORABLE,8,DRIVER_IDENTIFIED,ACCOUNT
2025,12,2025-12,2025-12-01,549,Shortages and damages in operating area,Operating Costs,Shortages & Damages,-5419228.87,0.0,-5419228.87,2.6697149155346156,-2.682120415042794,EBITDA,UNFAVORABLE,6,DRIVER_IDENTIFIED,ACCOUNT
2025,12,2025-12,2025-12-01,602,Revenues from services,Revenue,Sales Revenue,-9611169.76,0.0,-9611169.76,4.734821850033296,-4.756823386523247,EBITDA,UNFAVORABLE,4,DRIVER_IDENTIFIED,ACCOUNT
2025,12,2025-12,2025-12-01,604,Revenues from goods,Revenue,Sales Revenue,-583539.53,0.0,-583539.53,0.28747340708735547,-0.288809224327423,EBITDA,UNFAVORABLE,9,DRIVER_IDENTIFIED,ACCOUNT
2025,12,2025-12,2025-12-01,641,Revenues from sale of long-term intangible and tangible assets,Other Operating Income,Other Operating Income,-42919612.0,0.0,-42919612.0,21.143806817178856,-21.242056815163757,EBITDA,UNFAVORABLE,2,DRIVER_IDENTIFIED,ACCOUNT
2026,1,2026-01,2026-01-01,501,Material consumption,Operating Costs,Material Consumption,-6726449.99,-7787214.04,1060764.0499999998,0.8456623097841672,0.8922800907105556,EBITDA,FAVORABLE,7,DRIVER_IDENTIFIED,ACCOUNT
2026,1,2026-01,2026-01-01,504,Cost of goods sold,Operating Costs,Cost of Goods Sold,-26206722.07,-28720568.34,2513846.2699999996,2.0040885087786613,2.114565418980773,EBITDA,FAVORABLE,3,DRIVER_IDENTIFIED,ACCOUNT
2026,1,2026-01,2026-01-01,511,Repairs and maintenance,Operating Costs,Repairs & Maintenance,0.0,-830282.47,830282.47,0.6619177859143168,0.6984065095786233,EBITDA,FAVORABLE,8,DRIVER_IDENTIFIED,ACCOUNT
2026,1,2026-01,2026-01-01,518,Other services,Operating Costs,Other Services,-971176.7,519192.45,-1490369.15,1.1881520851126754,-1.2536498765717161,EBITDA,UNFAVORABLE,5,DRIVER_IDENTIFIED,ACCOUNT
2026,1,2026-01,2026-01-01,521,Payroll costs (Wages),Operating Costs,Payroll Costs,-1222366.19,-1371649.69,149283.5,0.11901179100353633,0.1255724069095189,EBITDA,FAVORABLE,10,DRIVER_IDENTIFIED,ACCOUNT
2026,1,2026-01,2026-01-01,541,Net book value of sold long-term intangible and tangible assets,Non-Core Operating Items,Fixed Asset Disposal Costs,0.0,-97813664.55,97813664.55,77.97900908482592,82.27766153783762,EBITDA,FAVORABLE,1,DRIVER_IDENTIFIED,ACCOUNT
2026,1,2026-01,2026-01-01,549,Shortages and damages in operating area,Operating Costs,Shortages & Damages,-5749219.62,-4180278.85,-1568940.77,1.250790951553034,-1.3197417583816957,EBITDA,UNFAVORABLE,4,DRIVER_IDENTIFIED,ACCOUNT
2026,1,2026-01,2026-01-01,601,Revenues from own products,Revenue,Sales Revenue,1231365.1,-227358.04,1458723.1400000001,1.1629232532041538,1.227030286029006,EBITDA,FAVORABLE,6,DRIVER_IDENTIFIED,ACCOUNT
2026,1,2026-01,2026-01-01,602,Revenues from services,Revenue,Sales Revenue,-8927771.37,-9701284.21,773512.8400000017,0.6166599018152176,0.6506537500408136,EBITDA,FAVORABLE,9,DRIVER_IDENTIFIED,ACCOUNT
2026,1,2026-01,2026-01-01,641,Revenues from sale of long-term intangible and tangible assets,Other Operating Income,Other Operating Income,0.0,-17413528.86,17413528.86,13.882413376698482,14.64769202047494,EBITDA,FAVORABLE,2,DRIVER_IDENTIFIED,ACCOUNT
2026,2,2026-02,2026-02-01,501,Material consumption,Operating Costs,Material Consumption,-6014860.42,-6375576.69,360716.2700000005,0.2609493625947504,0.27149880943146515,EBITDA,FAVORABLE,10,DRIVER_IDENTIFIED,ACCOUNT
2026,2,2026-02,2026-02-01,518,Other services,Operating Costs,Other Services,-545205.82,0.0,-545205.82,0.3944127921148331,-0.4103577890320985,EBITDA,UNFAVORABLE,8,DRIVER_IDENTIFIED,ACCOUNT
2026,2,2026-02,2026-02-01,524,Statutory social and health insurance,Operating Costs,Social & Health Insurance,-12460.66,-872689.3,860228.64,0.6223065992940898,0.6474647001612878,EBITDA,FAVORABLE,6,DRIVER_IDENTIFIED,ACCOUNT
2026,2,2026-02,2026-02-01,541,Net book value of sold long-term intangible and tangible assets,Non-Core Operating Items,Fixed Asset Disposal Costs,0.0,-123774665.7,123774665.7,89.54106816361033,93.16096103823529,EBITDA,FAVORABLE,1,DRIVER_IDENTIFIED,ACCOUNT
2026,2,2026-02,2026-02-01,548,Other operating expenses,Operating Costs,Other Operating Costs,-705449.74,-1693504.08,988054.3400000001,0.714778266674737,0.7436747362784377,EBITDA,FAVORABLE,4,DRIVER_IDENTIFIED,ACCOUNT
2026,2,2026-02,2026-02-01,549,Shortages and damages in operating area,Operating Costs,Shortages & Damages,-4988414.17,-4047169.75,-941244.4199999999,0.6809150345363274,-0.7084425091610356,EBITDA,UNFAVORABLE,5,DRIVER_IDENTIFIED,ACCOUNT
2026,2,2026-02,2026-02-01,582,Change in inventory of semi-finished goods,Operating Costs,Inventory Change,-548184.56,0.0,-548184.56,0.39656767219367045,-0.412599784835631,EBITDA,UNFAVORABLE,7,DRIVER_IDENTIFIED,ACCOUNT
2026,2,2026-02,2026-02-01,602,Revenues from services,Revenue,Sales Revenue,-8146988.4,-9178585.43,1031597.0299999993,0.7462779192996675,0.7764478310280678,EBITDA,FAVORABLE,3,DRIVER_IDENTIFIED,ACCOUNT
2026,2,2026-02,2026-02-01,604,Revenues from goods,Revenue,Sales Revenue,-887754.6,-371066.16,-516688.44,0.37378274918976,-0.38889373164953395,EBITDA,UNFAVORABLE,9,DRIVER_IDENTIFIED,ACCOUNT
2026,2,2026-02,2026-02-01,641,Revenues from sale of long-term intangible and tangible assets,Other Operating Income,Other Operating Income,0.0,-8172165.96,8172165.96,5.911908265963477,6.150910045217377,EBITDA,FAVORABLE,2,DRIVER_IDENTIFIED,ACCOUNT
2026,3,2026-03,2026-03-01,501,Material consumption,Operating Costs,Material Consumption,-6797977.33,-7402968.87,604991.54,5.473572699886888,29.309478552910612,EBITDA,FAVORABLE,8,DRIVER_IDENTIFIED,ACCOUNT
2026,3,2026-03,2026-03-01,504,Cost of goods sold,Operating Costs,Cost of Goods Sold,-25050969.86,-24096800.66,-954169.1999999993,8.632706639489385,-46.225773178989996,EBITDA,UNFAVORABLE,5,DRIVER_IDENTIFIED,ACCOUNT
2026,3,2026-03,2026-03-01,518,Other services,Operating Costs,Other Services,-208469.79,72485.24,-280955.03,2.541899647231268,-13.611174506865598,EBITDA,UNFAVORABLE,10,DRIVER_IDENTIFIED,ACCOUNT
2026,3,2026-03,2026-03-01,524,Statutory social and health insurance,Operating Costs,Social & Health Insurance,-1520688.66,-1014303.06,-506385.59999999986,4.58144984271324,-24.532405664222622,EBITDA,UNFAVORABLE,9,DRIVER_IDENTIFIED,ACCOUNT
2026,3,2026-03,2026-03-01,541,Net book value of sold long-term intangible and tangible assets,Non-Core Operating Items,Fixed Asset Disposal Costs,0.0,-1690531.5,1690531.5,15.294837125654404,81.8996522534345,EBITDA,FAVORABLE,2,DRIVER_IDENTIFIED,ACCOUNT
2026,3,2026-03,2026-03-01,549,Shortages and damages in operating area,Operating Costs,Shortages & Damages,-6071486.12,-7542881.65,1471395.5300000003,13.312236405394362,71.28336989536011,EBITDA,FAVORABLE,4,DRIVER_IDENTIFIED,ACCOUNT
2026,3,2026-03,2026-03-01,601,Revenues from own products,Revenue,Sales Revenue,-236931.71,-2182457.45,1945525.7400000002,17.60186031261071,94.2531278216974,EBITDA,FAVORABLE,1,DRIVER_IDENTIFIED,ACCOUNT
2026,3,2026-03,2026-03-01,602,Revenues from services,Revenue,Sales Revenue,-9927117.87,-8319320.58,-1607797.289999999,14.546311430232755,-77.89150272858821,EBITDA,UNFAVORABLE,3,DRIVER_IDENTIFIED,ACCOUNT
2026,3,2026-03,2026-03-01,604,Revenues from goods,Revenue,Sales Revenue,-780826.29,0.0,-780826.29,7.064411949129011,-37.82798582655183,EBITDA,UNFAVORABLE,6,DRIVER_IDENTIFIED,ACCOUNT
2026,3,2026-03,2026-03-01,641,Revenues from sale of long-term intangible and tangible assets,Other Operating Income,Other Operating Income,0.0,-734600.16,734600.16,6.646187781582102,35.588510269886925,EBITDA,FAVORABLE,7,DRIVER_IDENTIFIED,ACCOUNT
2026,4,2026-04,2026-04-01,501,Material consumption,Operating Costs,Material Consumption,-6764645.68,-7339002.02,574356.3399999999,0.4964288629415639,0.5140964145377357,EBITDA,FAVORABLE,8,DRIVER_IDENTIFIED,ACCOUNT
2026,4,2026-04,2026-04-01,502,Energy consumption,Operating Costs,Energy Consumption,950428.02,-918761.61,1869189.63,1.6155818574981915,1.6730792714399516,EBITDA,FAVORABLE,3,DRIVER_IDENTIFIED,ACCOUNT
2026,4,2026-04,2026-04-01,518,Other services,Operating Costs,Other Services,827389.11,19416.97,807972.14,0.6983481556913992,0.7232018718908572,EBITDA,FAVORABLE,6,DRIVER_IDENTIFIED,ACCOUNT
2026,4,2026-04,2026-04-01,524,Statutory social and health insurance,Operating Costs,Social & Health Insurance,-1190876.43,-643866.31,-547010.1199999999,0.47279292135806916,-0.48961928653535297,EBITDA,UNFAVORABLE,9,DRIVER_IDENTIFIED,ACCOUNT
2026,4,2026-04,2026-04-01,541,Net book value of sold long-term intangible and tangible assets,Non-Core Operating Items,Fixed Asset Disposal Costs,0.0,-77650411.65,77650411.65,67.1149648358611,69.5035388947639,EBITDA,FAVORABLE,1,DRIVER_IDENTIFIED,ACCOUNT
2026,4,2026-04,2026-04-01,548,Other operating expenses,Operating Costs,Other Operating Costs,-1809508.42,-1029043.26,-780465.1599999999,0.6745732656913056,-0.6985808503961501,EBITDA,UNFAVORABLE,7,DRIVER_IDENTIFIED,ACCOUNT
2026,4,2026-04,2026-04-01,549,Shortages and damages in operating area,Operating Costs,Shortages & Damages,-4470432.41,-5375598.3,905165.8899999997,0.7823548592606965,0.8101983145356392,EBITDA,FAVORABLE,5,DRIVER_IDENTIFIED,ACCOUNT
2026,4,2026-04,2026-04-01,602,Revenues from services,Revenue,Sales Revenue,-9337074.62,-10332686.39,995611.7700000014,0.8605292298372449,0.8911548555876823,EBITDA,FAVORABLE,4,DRIVER_IDENTIFIED,ACCOUNT
2026,4,2026-04,2026-04-01,604,Revenues from goods,Revenue,Sales Revenue,-171550.78,287403.31,-458954.08999999997,0.3966841508898121,-0.41080185883632686,EBITDA,UNFAVORABLE,10,DRIVER_IDENTIFIED,ACCOUNT
2026,4,2026-04,2026-04-01,641,Revenues from sale of long-term intangible and tangible assets,Other Operating Income,Other Operating Income,0.0,-30010145.76,30010145.76,25.93843142107111,26.861561822353764,EBITDA,FAVORABLE,2,DRIVER_IDENTIFIED,ACCOUNT
2026,5,2026-05,2026-05-01,501,Material consumption,Operating Costs,Material Consumption,-6245013.97,-6916972.94,671958.9700000007,2.5221249022551735,2.6994433319190962,EBITDA,FAVORABLE,6,DRIVER_IDENTIFIED,ACCOUNT
2026,5,2026-05,2026-05-01,502,Energy consumption,Operating Costs,Energy Consumption,284042.2,-884744.03,1168786.23,4.3869119807954045,4.695334590164569,EBITDA,FAVORABLE,4,DRIVER_IDENTIFIED,ACCOUNT
2026,5,2026-05,2026-05-01,504,Cost of goods sold,Operating Costs,Cost of Goods Sold,-23485545.98,-24064858.74,579312.7599999979,2.1743874305155386,2.327258116782994,EBITDA,FAVORABLE,8,DRIVER_IDENTIFIED,ACCOUNT
2026,5,2026-05,2026-05-01,521,Payroll costs (Wages),Operating Costs,Payroll Costs,-1386558.82,-2043412.57,656853.75,2.4654291020398054,2.6387615236143827,EBITDA,FAVORABLE,7,DRIVER_IDENTIFIED,ACCOUNT
2026,5,2026-05,2026-05-01,524,Statutory social and health insurance,Operating Costs,Social & Health Insurance,213490.54,-2066535.15,2280025.69,8.557828419986013,9.159488034626177,EBITDA,FAVORABLE,3,DRIVER_IDENTIFIED,ACCOUNT
2026,5,2026-05,2026-05-01,541,Net book value of sold long-term intangible and tangible assets,Non-Core Operating Items,Fixed Asset Disposal Costs,0.0,-9004910.25,9004910.25,33.79895112360482,36.175192257486195,EBITDA,FAVORABLE,2,DRIVER_IDENTIFIED,ACCOUNT
2026,5,2026-05,2026-05-01,548,Other operating expenses,Operating Costs,Other Operating Costs,-444398.51,-1023164.65,578766.14,2.17233575180357,2.3250621944425456,EBITDA,FAVORABLE,9,DRIVER_IDENTIFIED,ACCOUNT
2026,5,2026-05,2026-05-01,549,Shortages and damages in operating area,Operating Costs,Shortages & Damages,-4588425.7,-4051325.56,-537100.1400000001,2.0159469529794936,-2.1576784539327036,EBITDA,UNFAVORABLE,10,DRIVER_IDENTIFIED,ACCOUNT
2026,5,2026-05,2026-05-01,604,Revenues from goods,Revenue,Sales Revenue,996623.79,57671.53,938952.26,3.524255174352047,3.772028546992033,EBITDA,FAVORABLE,5,DRIVER_IDENTIFIED,ACCOUNT
2026,5,2026-05,2026-05-01,641,Revenues from sale of long-term intangible and tangible assets,Other Operating Income,Other Operating Income,0.0,-9222705.24,9222705.24,34.616420928145736,37.05013441873287,EBITDA,FAVORABLE,1,DRIVER_IDENTIFIED,ACCOUNT
2026,6,2026-06,2026-06-01,504,Cost of goods sold,Operating Costs,Cost of Goods Sold,-27733159.88,-26687461.56,-1045698.3200000003,9.411211724769023,-22.118981902810933,EBITDA,UNFAVORABLE,3,DRIVER_IDENTIFIED,ACCOUNT
2026,6,2026-06,2026-06-01,521,Payroll costs (Wages),Operating Costs,Payroll Costs,-1573553.08,-2188184.59,614631.5099999998,5.531640591451352,13.000903785125473,EBITDA,FAVORABLE,8,DRIVER_IDENTIFIED,ACCOUNT
2026,6,2026-06,2026-06-01,524,Statutory social and health insurance,Operating Costs,Social & Health Insurance,-933662.88,49260.67,-982923.55,8.846243186382463,-20.791147693817344,EBITDA,UNFAVORABLE,4,DRIVER_IDENTIFIED,ACCOUNT
2026,6,2026-06,2026-06-01,541,Net book value of sold long-term intangible and tangible assets,Non-Core Operating Items,Fixed Asset Disposal Costs,0.0,-2975461.65,2975461.65,26.778946691891576,62.93802058404181,EBITDA,FAVORABLE,1,DRIVER_IDENTIFIED,ACCOUNT
2026,6,2026-06,2026-06-01,548,Other operating expenses,Operating Costs,Other Operating Costs,-234923.41,-868240.34,633316.9299999999,5.699808064251954,13.396144418988618,EBITDA,FAVORABLE,7,DRIVER_IDENTIFIED,ACCOUNT
2026,6,2026-06,2026-06-01,549,Shortages and damages in operating area,Operating Costs,Shortages & Damages,-3945529.74,-4229757.71,284227.96999999974,2.558031845906853,6.012090872157738,EBITDA,FAVORABLE,10,DRIVER_IDENTIFIED,ACCOUNT
2026,6,2026-06,2026-06-01,601,Revenues from own products,Revenue,Sales Revenue,-386803.26,-845058.76,458255.5,4.124267441244325,9.693182935747254,EBITDA,FAVORABLE,9,DRIVER_IDENTIFIED,ACCOUNT
2026,6,2026-06,2026-06-01,602,Revenues from services,Revenue,Sales Revenue,-8753602.19,-9436698.6,683096.4100000001,6.147819901766341,14.449097642869996,EBITDA,FAVORABLE,6,DRIVER_IDENTIFIED,ACCOUNT
2026,6,2026-06,2026-06-01,604,Revenues from goods,Revenue,Sales Revenue,305333.05,-559985.11,865318.1599999999,7.7878029038504675,18.303516755400015,EBITDA,FAVORABLE,5,DRIVER_IDENTIFIED,ACCOUNT
2026,6,2026-06,2026-06-01,641,Revenues from sale of long-term intangible and tangible assets,Other Operating Income,Other Operating Income,0.0,-1405093.62,1405093.62,12.645744282100546,29.721038810251788,EBITDA,FAVORABLE,2,DRIVER_IDENTIFIED,ACCOUNT
2026,7,2026-07,2026-07-01,502,Energy consumption,Operating Costs,Energy Consumption,558120.71,0.0,558120.71,0.1566548915203778,0.1574486397631574,EBITDA,FAVORABLE,8,DRIVER_IDENTIFIED,ACCOUNT
2026,7,2026-07,2026-07-01,504,Cost of goods sold,Operating Costs,Cost of Goods Sold,-26730736.37,-27633326.68,902590.3099999987,0.25334158823884884,0.25462523433847556,EBITDA,FAVORABLE,6,DRIVER_IDENTIFIED,ACCOUNT
2026,7,2026-07,2026-07-01,518,Other services,Operating Costs,Other Services,-112760.68,-740684.09,627923.4099999999,0.17624730979191885,0.17714033005502228,EBITDA,FAVORABLE,7,DRIVER_IDENTIFIED,ACCOUNT
2026,7,2026-07,2026-07-01,521,Payroll costs (Wages),Operating Costs,Payroll Costs,-1136461.33,-2059231.18,922769.8499999999,0.2590056383143805,0.26031798335695655,EBITDA,FAVORABLE,5,DRIVER_IDENTIFIED,ACCOUNT
2026,7,2026-07,2026-07-01,524,Statutory social and health insurance,Operating Costs,Social & Health Insurance,-980409.33,-445727.18,-534682.1499999999,0.15007609053986254,-0.1508365049258618,EBITDA,UNFAVORABLE,9,DRIVER_IDENTIFIED,ACCOUNT
2026,7,2026-07,2026-07-01,541,Net book value of sold long-term intangible and tangible assets,Non-Core Operating Items,Fixed Asset Disposal Costs,0.0,-281515800.3,281515800.3,79.01664705699389,79.41701326415868,EBITDA,FAVORABLE,1,DRIVER_IDENTIFIED,ACCOUNT
2026,7,2026-07,2026-07-01,549,Shortages and damages in operating area,Operating Costs,Shortages & Damages,-4406547.4,-6655045.35,2248497.9499999993,0.6311147322252953,0.6343125015693251,EBITDA,FAVORABLE,3,DRIVER_IDENTIFIED,ACCOUNT
2026,7,2026-07,2026-07-01,601,Revenues from own products,Revenue,Sales Revenue,258550.37,-144232.39,402782.76,0.11305419856947857,0.11362702824994668,EBITDA,FAVORABLE,10,DRIVER_IDENTIFIED,ACCOUNT
2026,7,2026-07,2026-07-01,602,Revenues from services,Revenue,Sales Revenue,-8410710.02,-9923850.62,1513140.5999999996,0.4247125618185344,0.42686452047337176,EBITDA,FAVORABLE,4,DRIVER_IDENTIFIED,ACCOUNT
2026,7,2026-07,2026-07-01,641,Revenues from sale of long-term intangible and tangible assets,Other Operating Income,Other Operating Income,0.0,-66551916.48,66551916.48,18.679979204942317,18.774628025194154,EBITDA,FAVORABLE,2,DRIVER_IDENTIFIED,ACCOUNT
2026,8,2026-08,2026-08-01,501,Material consumption,Operating Costs,Material Consumption,-1851985.12,-6811585.03,4959599.91,5.086473842309666,5.257355631844629,EBITDA,FAVORABLE,5,DRIVER_IDENTIFIED,ACCOUNT
2026,8,2026-08,2026-08-01,504,Cost of goods sold,Operating Costs,Cost of Goods Sold,-5313532.69,-25790008.33,20476475.639999997,21.00029430106814,21.7058062101391,EBITDA,FAVORABLE,2,DRIVER_IDENTIFIED,ACCOUNT
2026,8,2026-08,2026-08-01,518,Other services,Operating Costs,Other Services,0.0,-464599.28,464599.28,0.47648441966277566,0.4924920730670308,EBITDA,FAVORABLE,9,DRIVER_IDENTIFIED,ACCOUNT
2026,8,2026-08,2026-08-01,521,Payroll costs (Wages),Operating Costs,Payroll Costs,-644875.77,-1573660.87,928785.1000000001,0.9525448024046294,0.9845458635509929,EBITDA,FAVORABLE,8,DRIVER_IDENTIFIED,ACCOUNT
2026,8,2026-08,2026-08-01,524,Statutory social and health insurance,Operating Costs,Social & Health Insurance,-302932.2,-727464.46,424532.25999999995,0.43539242577867654,0.4500195799081559,EBITDA,FAVORABLE,10,DRIVER_IDENTIFIED,ACCOUNT
2026,8,2026-08,2026-08-01,541,Net book value of sold long-term intangible and tangible assets,Non-Core Operating Items,Fixed Asset Disposal Costs,0.0,-46633011.6,46633011.6,47.82595330185076,49.43268219495066,EBITDA,FAVORABLE,1,DRIVER_IDENTIFIED,ACCOUNT
2026,8,2026-08,2026-08-01,549,Shortages and damages in operating area,Operating Costs,Shortages & Damages,-1037148.81,-4368304.2,3331155.39,3.4163712927206364,3.5311454286573873,EBITDA,FAVORABLE,6,DRIVER_IDENTIFIED,ACCOUNT
2026,8,2026-08,2026-08-01,601,Revenues from own products,Revenue,Sales Revenue,167218.14,1202386.63,-1035168.4899999999,1.061649637534612,-1.0973161120993729,EBITDA,UNFAVORABLE,7,DRIVER_IDENTIFIED,ACCOUNT
2026,8,2026-08,2026-08-01,602,Revenues from services,Revenue,Sales Revenue,-2359838.04,-8505053.41,6145215.37,6.302419106799345,6.514150984079616,EBITDA,FAVORABLE,4,DRIVER_IDENTIFIED,ACCOUNT
2026,8,2026-08,2026-08-01,641,Revenues from sale of long-term intangible and tangible assets,Other Operating Income,Other Operating Income,0.0,-12076561.98,12076561.98,12.38549837305353,12.80159333232864,EBITDA,FAVORABLE,3,DRIVER_IDENTIFIED,ACCOUNT
2026,9,2026-09,2026-09-01,501,Material consumption,Operating Costs,Material Consumption,0.0,-7810890.69,7810890.69,7.752429600551652,7.922149679359558,EBITDA,FAVORABLE,4,DRIVER_IDENTIFIED,ACCOUNT
2026,9,2026-09,2026-09-01,504,Cost of goods sold,Operating Costs,Cost of Goods Sold,0.0,-24745096.2,24745096.2,24.559890012924786,25.097567448681247,EBITDA,FAVORABLE,2,DRIVER_IDENTIFIED,ACCOUNT
2026,9,2026-09,2026-09-01,511,Repairs and maintenance,Operating Costs,Repairs & Maintenance,0.0,379670.51,-379670.51,0.3768288428295163,-0.38507856894087195,EBITDA,UNFAVORABLE,10,DRIVER_IDENTIFIED,ACCOUNT
2026,9,2026-09,2026-09-01,521,Payroll costs (Wages),Operating Costs,Payroll Costs,0.0,-934064.96,934064.96,0.9270738936358223,0.9473698604998655,EBITDA,FAVORABLE,8,DRIVER_IDENTIFIED,ACCOUNT
2026,9,2026-09,2026-09-01,541,Net book value of sold long-term intangible and tangible assets,Non-Core Operating Items,Fixed Asset Disposal Costs,0.0,-12114853.8,12114853.8,12.024179435223369,12.287418804878696,EBITDA,FAVORABLE,3,DRIVER_IDENTIFIED,ACCOUNT
2026,9,2026-09,2026-09-01,548,Other operating expenses,Operating Costs,Other Operating Costs,0.0,-2580435.9,2580435.9,2.561122469566418,2.617191847783097,EBITDA,FAVORABLE,7,DRIVER_IDENTIFIED,ACCOUNT
2026,9,2026-09,2026-09-01,549,Shortages and damages in operating area,Operating Costs,Shortages & Damages,0.0,-6552499.77,6552499.77,6.50345718441438,6.645834132382292,EBITDA,FAVORABLE,6,DRIVER_IDENTIFIED,ACCOUNT
2026,9,2026-09,2026-09-01,601,Revenues from own products,Revenue,Sales Revenue,0.0,-551165.56,551165.56,0.5470403276311409,0.5590164089760206,EBITDA,FAVORABLE,9,DRIVER_IDENTIFIED,ACCOUNT
2026,9,2026-09,2026-09-01,602,Revenues from services,Revenue,Sales Revenue,0.0,-7122879.24,7122879.24,7.069567614360104,7.2243381359217125,EBITDA,FAVORABLE,5,DRIVER_IDENTIFIED,ACCOUNT
2026,9,2026-09,2026-09-01,641,Revenues from sale of long-term intangible and tangible assets,Other Operating Income,Other Operating Income,0.0,-36322711.74,36322711.74,36.050852180787714,36.84009552622617,EBITDA,FAVORABLE,1,DRIVER_IDENTIFIED,ACCOUNT
2026,10,2026-10,2026-10-01,501,Material consumption,Operating Costs,Material Consumption,0.0,-7869939.87,7869939.87,7.527212580619752,7.783091163841978,EBITDA,FAVORABLE,5,DRIVER_IDENTIFIED,ACCOUNT
2026,10,2026-10,2026-10-01,502,Energy consumption,Operating Costs,Energy Consumption,0.0,946539.67,-946539.67,0.9053189007503394,-0.9360941333091661,EBITDA,UNFAVORABLE,9,DRIVER_IDENTIFIED,ACCOUNT
2026,10,2026-10,2026-10-01,504,Cost of goods sold,Operating Costs,Cost of Goods Sold,0.0,-25545035.18,25545035.18,24.4325767865454,25.263132993859898,EBITDA,FAVORABLE,2,DRIVER_IDENTIFIED,ACCOUNT
2026,10,2026-10,2026-10-01,521,Payroll costs (Wages),Operating Costs,Payroll Costs,0.0,-1084289.71,1084289.71,1.0370700768960948,1.0723240330101507,EBITDA,FAVORABLE,8,DRIVER_IDENTIFIED,ACCOUNT
2026,10,2026-10,2026-10-01,541,Net book value of sold long-term intangible and tangible assets,Non-Core Operating Items,Fixed Asset Disposal Costs,0.0,-27001938.6,27001938.6,25.826033653169716,26.70395875899667,EBITDA,FAVORABLE,1,DRIVER_IDENTIFIED,ACCOUNT
2026,10,2026-10,2026-10-01,548,Other operating expenses,Operating Costs,Other Operating Costs,0.0,-1332376.13,1332376.13,1.2743526041519115,1.3176726958038334,EBITDA,FAVORABLE,7,DRIVER_IDENTIFIED,ACCOUNT
2026,10,2026-10,2026-10-01,549,Shortages and damages in operating area,Operating Costs,Shortages & Damages,0.0,-5822350.58,5822350.58,5.568793568756289,5.758098041476932,EBITDA,FAVORABLE,6,DRIVER_IDENTIFIED,ACCOUNT
2026,10,2026-10,2026-10-01,602,Revenues from services,Revenue,Sales Revenue,0.0,-9575696.31,9575696.31,9.15868518990681,9.470023731959625,EBITDA,FAVORABLE,4,DRIVER_IDENTIFIED,ACCOUNT
2026,10,2026-10,2026-10-01,604,Revenues from goods,Revenue,Sales Revenue,0.0,772116.72,-772116.72,0.7384918797976607,-0.7635960274352961,EBITDA,UNFAVORABLE,10,DRIVER_IDENTIFIED,ACCOUNT
2026,10,2026-10,2026-10-01,641,Revenues from sale of long-term intangible and tangible assets,Other Operating Income,Other Operating Income,0.0,-23003306.34,23003306.34,22.00153746261064,22.749453397539636,EBITDA,FAVORABLE,3,DRIVER_IDENTIFIED,ACCOUNT
2026,11,2026-11,2026-11-01,501,Material consumption,Operating Costs,Material Consumption,0.0,-6944819.71,6944819.71,4.557505392033882,4.608307310313349,EBITDA,FAVORABLE,5,DRIVER_IDENTIFIED,ACCOUNT
2026,11,2026-11,2026-11-01,504,Cost of goods sold,Operating Costs,Cost of Goods Sold,0.0,-25205263.38,25205263.38,16.540835984061008,16.725214525752943,EBITDA,FAVORABLE,3,DRIVER_IDENTIFIED,ACCOUNT
2026,11,2026-11,2026-11-01,518,Other services,Operating Costs,Other Services,0.0,646400.63,-646400.63,0.42419738447596045,-0.42892585740287764,EBITDA,UNFAVORABLE,10,DRIVER_IDENTIFIED,ACCOUNT
2026,11,2026-11,2026-11-01,521,Payroll costs (Wages),Operating Costs,Payroll Costs,0.0,-880732.45,880732.45,0.5779765432980852,0.584419172454685,EBITDA,FAVORABLE,7,DRIVER_IDENTIFIED,ACCOUNT
2026,11,2026-11,2026-11-01,524,Statutory social and health insurance,Operating Costs,Social & Health Insurance,0.0,-750579.32,750579.32,0.49256416161869293,0.49805471009498997,EBITDA,FAVORABLE,9,DRIVER_IDENTIFIED,ACCOUNT
2026,11,2026-11,2026-11-01,541,Net book value of sold long-term intangible and tangible assets,Non-Core Operating Items,Fixed Asset Disposal Costs,0.0,-66572692.2,66572692.2,43.68801730401032,44.175001935723465,EBITDA,FAVORABLE,1,DRIVER_IDENTIFIED,ACCOUNT
2026,11,2026-11,2026-11-01,548,Other operating expenses,Operating Costs,Other Operating Costs,0.0,-763164.99,763164.99,0.5008234485811416,0.5064060622521493,EBITDA,FAVORABLE,8,DRIVER_IDENTIFIED,ACCOUNT
2026,11,2026-11,2026-11-01,549,Shortages and damages in operating area,Operating Costs,Shortages & Damages,0.0,-4157590.23,4157590.23,2.7283991064315742,2.758812215471661,EBITDA,FAVORABLE,6,DRIVER_IDENTIFIED,ACCOUNT
2026,11,2026-11,2026-11-01,602,Revenues from services,Revenue,Sales Revenue,0.0,-9429332.42,9429332.42,6.187955215820843,6.2569315456658074,EBITDA,FAVORABLE,4,DRIVER_IDENTIFIED,ACCOUNT
2026,11,2026-11,2026-11-01,641,Revenues from sale of long-term intangible and tangible assets,Other Operating Income,Other Operating Income,0.0,-35811031.62,35811031.62,23.500821694109295,23.762782288888026,EBITDA,FAVORABLE,2,DRIVER_IDENTIFIED,ACCOUNT
2026,12,2026-12,2026-12-01,501,Material consumption,Operating Costs,Material Consumption,0.0,-7265852.71,7265852.71,3.4089818158679517,3.424822504316967,EBITDA,FAVORABLE,5,DRIVER_IDENTIFIED,ACCOUNT
2026,12,2026-12,2026-12-01,504,Cost of goods sold,Operating Costs,Cost of Goods Sold,0.0,-28159278.47,28159278.47,13.211727801758855,13.273119406432924,EBITDA,FAVORABLE,3,DRIVER_IDENTIFIED,ACCOUNT
2026,12,2026-12,2026-12-01,521,Payroll costs (Wages),Operating Costs,Payroll Costs,0.0,-1708568.68,1708568.68,0.8016236763601432,0.8053486216946909,EBITDA,FAVORABLE,7,DRIVER_IDENTIFIED,ACCOUNT
2026,12,2026-12,2026-12-01,524,Statutory social and health insurance,Operating Costs,Social & Health Insurance,0.0,-548392.0,548392.0,0.25729373145625706,0.258489311268655,EBITDA,FAVORABLE,10,DRIVER_IDENTIFIED,ACCOUNT
2026,12,2026-12,2026-12-01,541,Net book value of sold long-term intangible and tangible assets,Non-Core Operating Items,Fixed Asset Disposal Costs,0.0,-111316016.7,111316016.7,52.22708082464739,52.469767046115,EBITDA,FAVORABLE,1,DRIVER_IDENTIFIED,ACCOUNT
2026,12,2026-12,2026-12-01,548,Other operating expenses,Operating Costs,Other Operating Costs,0.0,-710060.17,710060.17,0.3331449596233429,0.334693001179091,EBITDA,FAVORABLE,8,DRIVER_IDENTIFIED,ACCOUNT
2026,12,2026-12,2026-12-01,549,Shortages and damages in operating area,Operating Costs,Shortages & Damages,0.0,-5690190.46,5690190.46,2.669714977881143,2.6821204776744936,EBITDA,FAVORABLE,6,DRIVER_IDENTIFIED,ACCOUNT
2026,12,2026-12,2026-12-01,602,Revenues from services,Revenue,Sales Revenue,0.0,-10091728.35,10091728.35,4.734821886559972,4.756823423211607,EBITDA,FAVORABLE,4,DRIVER_IDENTIFIED,ACCOUNT
2026,12,2026-12,2026-12-01,604,Revenues from goods,Revenue,Sales Revenue,0.0,-612716.5,612716.5,0.2874734033498259,0.28880922057203756,EBITDA,FAVORABLE,9,DRIVER_IDENTIFIED,ACCOUNT
2026,12,2026-12,2026-12-01,641,Revenues from sale of long-term intangible and tangible assets,Other Operating Income,Other Operating Income,0.0,-45065592.6,45065592.6,21.143806766585737,21.242056764299612,EBITDA,FAVORABLE,2,DRIVER_IDENTIFIED,ACCOUNT
2021,1,2021-01,2021-01-01,501,Material consumption,Operating Costs,Material Consumption,-7077580.47,0.0,-7077580.47,2.3495550333467485,-2.3714639801096538,NET_PROFIT,UNFAVORABLE,7,DRIVER_IDENTIFIED,ACCOUNT
2021,1,2021-01,2021-01-01,504,Cost of goods sold,Operating Costs,Cost of Goods Sold,-23152397.98,0.0,-23152397.98,7.685936378757427,-7.757605596356225,NET_PROFIT,UNFAVORABLE,3,DRIVER_IDENTIFIED,ACCOUNT
2021,1,2021-01,2021-01-01,541,Net book value of sold long-term intangible and tangible assets,Non-Core Operating Items,Fixed Asset Disposal Costs,-106594970.0,0.0,-106594970.0,35.38649251033463,-35.71646170430178,NET_PROFIT,UNFAVORABLE,2,DRIVER_IDENTIFIED,ACCOUNT
2021,1,2021-01,2021-01-01,549,Shortages and damages in operating area,Operating Costs,Shortages & Damages,-3837911.43,0.0,-3837911.43,1.2740772296574845,-1.2859576452256338,NET_PROFIT,UNFAVORABLE,10,DRIVER_IDENTIFIED,ACCOUNT
2021,1,2021-01,2021-01-01,551,Depreciation of intangible and tangible fixed assets,EBITDA Adjustments,Depreciation,-8674874.87,0.0,-8674874.87,2.8798112576545125,-2.906664696129328,NET_PROFIT,UNFAVORABLE,4,DRIVER_IDENTIFIED,ACCOUNT
2021,1,2021-01,2021-01-01,568,Other and extraordinary financial expenses,Financial Result,Other Financial Expenses,-6565528.67,0.0,-6565528.67,2.17956842717196,-2.1998922961425893,NET_PROFIT,UNFAVORABLE,9,DRIVER_IDENTIFIED,ACCOUNT
2021,1,2021-01,2021-01-01,591,Income tax - payable,Tax,Income Tax,-7047978.66,0.0,-7047978.66,2.3397280759597594,-2.361545389080049,NET_PROFIT,UNFAVORABLE,8,DRIVER_IDENTIFIED,ACCOUNT
2021,1,2021-01,2021-01-01,602,Revenues from services,Revenue,Sales Revenue,-8660080.68,0.0,-8660080.68,2.874900008149668,-2.901707650589739,NET_PROFIT,UNFAVORABLE,5,DRIVER_IDENTIFIED,ACCOUNT
2021,1,2021-01,2021-01-01,641,Revenues from sale of long-term intangible and tangible assets,Other Operating Income,Other Operating Income,-107829182.0,0.0,-107829182.0,35.79621572423642,-36.13000547313993,NET_PROFIT,UNFAVORABLE,1,DRIVER_IDENTIFIED,ACCOUNT
2021,1,2021-01,2021-01-01,662,Interest revenues,Financial Result,Interest Income,-7838795.75,0.0,-7838795.75,2.602256814720412,-2.6265221352632167,NET_PROFIT,UNFAVORABLE,6,DRIVER_IDENTIFIED,ACCOUNT
2021,2,2021-02,2021-02-01,501,Material consumption,Operating Costs,Material Consumption,-5257125.2,0.0,-5257125.2,1.7739556787404533,-1.7878538790951188,NET_PROFIT,UNFAVORABLE,6,DRIVER_IDENTIFIED,ACCOUNT
2021,2,2021-02,2021-02-01,504,Cost of goods sold,Operating Costs,Cost of Goods Sold,-23939698.93,0.0,-23939698.93,8.078172622598043,-8.141461724436343,NET_PROFIT,UNFAVORABLE,2,DRIVER_IDENTIFIED,ACCOUNT
2021,2,2021-02,2021-02-01,541,Net book value of sold long-term intangible and tangible assets,Non-Core Operating Items,Fixed Asset Disposal Costs,-197605531.0,0.0,-197605531.0,66.67968529035085,-67.20209271961048,NET_PROFIT,UNFAVORABLE,1,DRIVER_IDENTIFIED,ACCOUNT
2021,2,2021-02,2021-02-01,549,Shortages and damages in operating area,Operating Costs,Shortages & Damages,-4691555.63,0.0,-4691555.63,1.5831108134851433,-1.5955138241877984,NET_PROFIT,UNFAVORABLE,8,DRIVER_IDENTIFIED,ACCOUNT
2021,2,2021-02,2021-02-01,551,Depreciation of intangible and tangible fixed assets,EBITDA Adjustments,Depreciation,-16319580.8,0.0,-16319580.8,5.506852497030825,-5.549996381765118,NET_PROFIT,UNFAVORABLE,4,DRIVER_IDENTIFIED,ACCOUNT
2021,2,2021-02,2021-02-01,562,Interest expenses,Financial Result,Interest Expense,-2293377.5,0.0,-2293377.5,0.7738735306552305,-0.7799365059071574,NET_PROFIT,UNFAVORABLE,10,DRIVER_IDENTIFIED,ACCOUNT
2021,2,2021-02,2021-02-01,568,Other and extraordinary financial expenses,Financial Result,Other Financial Expenses,-5192224.71,0.0,-5192224.71,1.7520557641657466,-1.7657823878546828,NET_PROFIT,UNFAVORABLE,7,DRIVER_IDENTIFIED,ACCOUNT
2021,2,2021-02,2021-02-01,602,Revenues from services,Revenue,Sales Revenue,-6947629.78,0.0,-6947629.78,2.3443967630858946,-2.3627641306107314,NET_PROFIT,UNFAVORABLE,5,DRIVER_IDENTIFIED,ACCOUNT
2021,2,2021-02,2021-02-01,641,Revenues from sale of long-term intangible and tangible assets,Other Operating Income,Other Operating Income,-19379880.0,0.0,-19379880.0,6.539514824434567,-6.590749186341978,NET_PROFIT,UNFAVORABLE,3,DRIVER_IDENTIFIED,ACCOUNT
2021,2,2021-02,2021-02-01,662,Interest revenues,Financial Result,Interest Income,-3829561.7,0.0,-3829561.7,1.2922409998532935,-1.302365167293162,NET_PROFIT,UNFAVORABLE,9,DRIVER_IDENTIFIED,ACCOUNT
2021,3,2021-03,2021-03-01,501,Material consumption,Operating Costs,Material Consumption,-7136004.08,0.0,-7136004.08,2.5747932999976655,-2.591400805888708,NET_PROFIT,UNFAVORABLE,5,DRIVER_IDENTIFIED,ACCOUNT
2021,3,2021-03,2021-03-01,504,Cost of goods sold,Operating Costs,Cost of Goods Sold,-24283718.19,0.0,-24283718.19,8.761984185222529,-8.818499286443833,NET_PROFIT,UNFAVORABLE,2,DRIVER_IDENTIFIED,ACCOUNT
2021,3,2021-03,2021-03-01,541,Net book value of sold long-term intangible and tangible assets,Non-Core Operating Items,Fixed Asset Disposal Costs,-174631237.0,0.0,-174631237.0,63.00996103100665,-63.416377460246906,NET_PROFIT,UNFAVORABLE,1,DRIVER_IDENTIFIED,ACCOUNT
2021,3,2021-03,2021-03-01,549,Shortages and damages in operating area,Operating Costs,Shortages & Damages,-4615278.94,0.0,-4615278.94,1.665272211045643,-1.676013274437083,NET_PROFIT,UNFAVORABLE,9,DRIVER_IDENTIFIED,ACCOUNT
2021,3,2021-03,2021-03-01,551,Depreciation of intangible and tangible fixed assets,EBITDA Adjustments,Depreciation,-22237374.81,0.0,-22237374.81,8.023628213834325,-8.075380893487836,NET_PROFIT,UNFAVORABLE,3,DRIVER_IDENTIFIED,ACCOUNT
2021,3,2021-03,2021-03-01,568,Other and extraordinary financial expenses,Financial Result,Other Financial Expenses,-4093901.83,0.0,-4093901.83,1.4771503609807608,-1.4866780319289359,NET_PROFIT,UNFAVORABLE,10,DRIVER_IDENTIFIED,ACCOUNT
2021,3,2021-03,2021-03-01,591,Income tax - payable,Tax,Income Tax,-4761417.37,0.0,-4761417.37,1.7180014760821865,-1.7290826450579178,NET_PROFIT,UNFAVORABLE,7,DRIVER_IDENTIFIED,ACCOUNT
2021,3,2021-03,2021-03-01,602,Revenues from services,Revenue,Sales Revenue,-8388981.46,0.0,-8388981.46,3.0268891405976657,-3.0464126803062914,NET_PROFIT,UNFAVORABLE,4,DRIVER_IDENTIFIED,ACCOUNT
2021,3,2021-03,2021-03-01,641,Revenues from sale of long-term intangible and tangible assets,Other Operating Income,Other Operating Income,-4925402.4,0.0,-4925402.4,1.7771701020821757,-1.7886329107432597,NET_PROFIT,UNFAVORABLE,6,DRIVER_IDENTIFIED,ACCOUNT
2021,3,2021-03,2021-03-01,662,Interest revenues,Financial Result,Interest Income,-4635685.77,0.0,-4635685.77,1.6726353471326096,-1.683423903006627,NET_PROFIT,UNFAVORABLE,8,DRIVER_IDENTIFIED,ACCOUNT
2021,4,2021-04,2021-04-01,501,Material consumption,Operating Costs,Material Consumption,-6057808.61,0.0,-6057808.61,6.00055930961672,-6.129053138620218,NET_PROFIT,UNFAVORABLE,6,DRIVER_IDENTIFIED,ACCOUNT
2021,4,2021-04,2021-04-01,504,Cost of goods sold,Operating Costs,Cost of Goods Sold,-23444258.92,0.0,-23444258.92,23.222699028035294,-23.71998159186661,NET_PROFIT,UNFAVORABLE,1,DRIVER_IDENTIFIED,ACCOUNT
2021,4,2021-04,2021-04-01,541,Net book value of sold long-term intangible and tangible assets,Non-Core Operating Items,Fixed Asset Disposal Costs,-7660426.0,0.0,-7660426.0,7.588031169233318,-7.750518552362768,NET_PROFIT,UNFAVORABLE,4,DRIVER_IDENTIFIED,ACCOUNT
2021,4,2021-04,2021-04-01,549,Shortages and damages in operating area,Operating Costs,Shortages & Damages,-4478927.9,0.0,-4478927.9,4.436599806583699,-4.531603566648281,NET_PROFIT,UNFAVORABLE,9,DRIVER_IDENTIFIED,ACCOUNT
2021,4,2021-04,2021-04-01,551,Depreciation of intangible and tangible fixed assets,EBITDA Adjustments,Depreciation,-6170651.99,0.0,-6170651.99,6.112336263624452,-6.2432236443076725,NET_PROFIT,UNFAVORABLE,5,DRIVER_IDENTIFIED,ACCOUNT
2021,4,2021-04,2021-04-01,568,Other and extraordinary financial expenses,Financial Result,Other Financial Expenses,-4358633.71,0.0,-4358633.71,4.3174424564314124,-4.409894623655234,NET_PROFIT,UNFAVORABLE,10,DRIVER_IDENTIFIED,ACCOUNT
2021,4,2021-04,2021-04-01,591,Income tax - payable,Tax,Income Tax,-5458188.19,0.0,-5458188.19,5.4066056004276,-5.52238071732334,NET_PROFIT,UNFAVORABLE,7,DRIVER_IDENTIFIED,ACCOUNT
2021,4,2021-04,2021-04-01,602,Revenues from services,Revenue,Sales Revenue,-9109256.73,0.0,-9109256.73,9.023169729175425,-9.216388655683172,NET_PROFIT,UNFAVORABLE,3,DRIVER_IDENTIFIED,ACCOUNT
2021,4,2021-04,2021-04-01,641,Revenues from sale of long-term intangible and tangible assets,Other Operating Income,Other Operating Income,-10615518.4,0.0,-10615518.4,10.515196478207585,-10.74036513141023,NET_PROFIT,UNFAVORABLE,2,DRIVER_IDENTIFIED,ACCOUNT
2021,4,2021-04,2021-04-01,662,Interest revenues,Financial Result,Interest Income,-5195587.24,0.0,-5195587.24,5.1464863598435535,-5.2566913764377174,NET_PROFIT,UNFAVORABLE,8,DRIVER_IDENTIFIED,ACCOUNT
2021,5,2021-05,2021-05-01,501,Material consumption,Operating Costs,Material Consumption,-6472062.68,0.0,-6472062.68,4.3237709483927915,-4.352075573532748,NET_PROFIT,UNFAVORABLE,5,DRIVER_IDENTIFIED,ACCOUNT
2021,5,2021-05,2021-05-01,504,Cost of goods sold,Operating Costs,Cost of Goods Sold,-23285599.06,0.0,-23285599.06,15.556338328223744,-15.658174510155254,NET_PROFIT,UNFAVORABLE,2,DRIVER_IDENTIFIED,ACCOUNT
2021,5,2021-05,2021-05-01,541,Net book value of sold long-term intangible and tangible assets,Non-Core Operating Items,Fixed Asset Disposal Costs,-9357009.0,0.0,-9357009.0,6.251108136370812,-6.292029654790995,NET_PROFIT,UNFAVORABLE,3,DRIVER_IDENTIFIED,ACCOUNT
2021,5,2021-05,2021-05-01,549,Shortages and damages in operating area,Operating Costs,Shortages & Damages,-6151548.92,0.0,-6151548.92,4.109646309530651,-4.136549214341626,NET_PROFIT,UNFAVORABLE,6,DRIVER_IDENTIFIED,ACCOUNT
2021,5,2021-05,2021-05-01,562,Interest expenses,Financial Result,Interest Expense,-3883347.84,0.0,-3883347.84,2.59433621138785,-2.611319468555449,NET_PROFIT,UNFAVORABLE,8,DRIVER_IDENTIFIED,ACCOUNT
2021,5,2021-05,2021-05-01,568,Other and extraordinary financial expenses,Financial Result,Other Financial Expenses,-3956215.15,0.0,-3956215.15,2.6430164503847835,-2.6603183821382883,NET_PROFIT,UNFAVORABLE,7,DRIVER_IDENTIFIED,ACCOUNT
2021,5,2021-05,2021-05-01,591,Income tax - payable,Tax,Income Tax,-3626996.63,0.0,-3626996.63,2.4230764493635215,-2.438938591785794,NET_PROFIT,UNFAVORABLE,9,DRIVER_IDENTIFIED,ACCOUNT
2021,5,2021-05,2021-05-01,602,Revenues from services,Revenue,Sales Revenue,-6750628.83,0.0,-6750628.83,4.509871776850099,-4.539394670545581,NET_PROFIT,UNFAVORABLE,4,DRIVER_IDENTIFIED,ACCOUNT
2021,5,2021-05,2021-05-01,641,Revenues from sale of long-term intangible and tangible assets,Other Operating Income,Other Operating Income,-71935509.6,0.0,-71935509.6,48.057733978298046,-48.37233347063172,NET_PROFIT,UNFAVORABLE,1,DRIVER_IDENTIFIED,ACCOUNT
2021,5,2021-05,2021-05-01,662,Interest revenues,Financial Result,Interest Income,-3349064.54,0.0,-3349064.54,2.237399215414346,-2.252045862250316,NET_PROFIT,UNFAVORABLE,10,DRIVER_IDENTIFIED,ACCOUNT
2021,6,2021-06,2021-06-01,501,Material consumption,Operating Costs,Material Consumption,-6673410.18,0.0,-6673410.18,3.5355216653573365,-3.5924631767015143,NET_PROFIT,UNFAVORABLE,4,DRIVER_IDENTIFIED,ACCOUNT
2021,6,2021-06,2021-06-01,504,Cost of goods sold,Operating Costs,Cost of Goods Sold,-24420936.89,0.0,-24420936.89,12.938025557260021,-13.146399539594404,NET_PROFIT,UNFAVORABLE,2,DRIVER_IDENTIFIED,ACCOUNT
2021,6,2021-06,2021-06-01,541,Net book value of sold long-term intangible and tangible assets,Non-Core Operating Items,Fixed Asset Disposal Costs,-106878163.0,0.0,-106878163.0,56.62323319680805,-57.53518135625859,NET_PROFIT,UNFAVORABLE,1,DRIVER_IDENTIFIED,ACCOUNT
2021,6,2021-06,2021-06-01,549,Shortages and damages in operating area,Operating Costs,Shortages & Damages,-3586383.02,0.0,-3586383.02,1.9000382900904906,-1.9306394466071273,NET_PROFIT,UNFAVORABLE,7,DRIVER_IDENTIFIED,ACCOUNT
2021,6,2021-06,2021-06-01,568,Other and extraordinary financial expenses,Financial Result,Other Financial Expenses,-4655333.32,0.0,-4655333.32,2.4663599821343363,-2.5060820594384037,NET_PROFIT,UNFAVORABLE,6,DRIVER_IDENTIFIED,ACCOUNT
2021,6,2021-06,2021-06-01,591,Income tax - payable,Tax,Income Tax,-5889077.36,0.0,-5889077.36,3.1199881370465055,-3.1702372535036605,NET_PROFIT,UNFAVORABLE,5,DRIVER_IDENTIFIED,ACCOUNT
2021,6,2021-06,2021-06-01,602,Revenues from services,Revenue,Sales Revenue,-8372339.71,0.0,-8372339.71,4.435601534452144,-4.507039324684645,NET_PROFIT,UNFAVORABLE,3,DRIVER_IDENTIFIED,ACCOUNT
2021,6,2021-06,2021-06-01,641,Revenues from sale of long-term intangible and tangible assets,Other Operating Income,Other Operating Income,-3061886.4,0.0,-3061886.4,1.622163992932168,-1.6482898318177654,NET_PROFIT,UNFAVORABLE,9,DRIVER_IDENTIFIED,ACCOUNT
2021,6,2021-06,2021-06-01,662,Interest revenues,Financial Result,Interest Income,-3075847.06,0.0,-3075847.06,1.6295602438086112,-1.6558052033624002,NET_PROFIT,UNFAVORABLE,8,DRIVER_IDENTIFIED,ACCOUNT
2021,6,2021-06,2021-06-01,663,Foreign exchange gains,Financial Result,FX Gains,-3052288.67,0.0,-3052288.67,1.6170791889956522,-1.6431231343310357,NET_PROFIT,UNFAVORABLE,10,DRIVER_IDENTIFIED,ACCOUNT
2021,7,2021-07,2021-07-01,501,Material consumption,Operating Costs,Material Consumption,-6351860.03,0.0,-6351860.03,3.4657349072683203,-3.4807878858129033,NET_PROFIT,UNFAVORABLE,6,DRIVER_IDENTIFIED,ACCOUNT
2021,7,2021-07,2021-07-01,504,Cost of goods sold,Operating Costs,Cost of Goods Sold,-24727122.75,0.0,-24727122.75,13.49174132714376,-13.550340988733758,NET_PROFIT,UNFAVORABLE,3,DRIVER_IDENTIFIED,ACCOUNT
2021,7,2021-07,2021-07-01,541,Net book value of sold long-term intangible and tangible assets,Non-Core Operating Items,Fixed Asset Disposal Costs,-70849783.0,0.0,-70849783.0,38.65742710887248,-38.825330724246605,NET_PROFIT,UNFAVORABLE,1,DRIVER_IDENTIFIED,ACCOUNT
2021,7,2021-07,2021-07-01,549,Shortages and damages in operating area,Operating Costs,Shortages & Damages,-4031685.76,0.0,-4031685.76,2.199789354232449,-2.2093438593627805,NET_PROFIT,UNFAVORABLE,7,DRIVER_IDENTIFIED,ACCOUNT
2021,7,2021-07,2021-07-01,562,Interest expenses,Financial Result,Interest Expense,-2308088.19,0.0,-2308088.19,1.25935108320338,-1.2648209143770806,NET_PROFIT,UNFAVORABLE,10,DRIVER_IDENTIFIED,ACCOUNT
2021,7,2021-07,2021-07-01,568,Other and extraordinary financial expenses,Financial Result,Other Financial Expenses,-3529043.64,0.0,-3529043.64,1.92553514634378,-1.9338984632218152,NET_PROFIT,UNFAVORABLE,8,DRIVER_IDENTIFIED,ACCOUNT
2021,7,2021-07,2021-07-01,602,Revenues from services,Revenue,Sales Revenue,-8347773.7,0.0,-8347773.7,4.554755705167266,-4.5745387069663686,NET_PROFIT,UNFAVORABLE,4,DRIVER_IDENTIFIED,ACCOUNT
2021,7,2021-07,2021-07-01,641,Revenues from sale of long-term intangible and tangible assets,Other Operating Income,Other Operating Income,-43132564.8,0.0,-43132564.8,23.53421435002446,-23.6364322152546,NET_PROFIT,UNFAVORABLE,2,DRIVER_IDENTIFIED,ACCOUNT
2021,7,2021-07,2021-07-01,662,Interest revenues,Financial Result,Interest Income,-6518914.3,0.0,-6518914.3,3.5568839269590495,-3.5723327996716736,NET_PROFIT,UNFAVORABLE,5,DRIVER_IDENTIFIED,ACCOUNT
2021,7,2021-07,2021-07-01,663,Foreign exchange gains,Financial Result,FX Gains,-2317957.96,0.0,-2317957.96,1.2647362784460576,-1.2702294995300125,NET_PROFIT,UNFAVORABLE,9,DRIVER_IDENTIFIED,ACCOUNT
2021,8,2021-08,2021-08-01,501,Material consumption,Operating Costs,Material Consumption,-6760444.41,0.0,-6760444.41,8.083022490508428,-8.42291653942742,NET_PROFIT,UNFAVORABLE,3,DRIVER_IDENTIFIED,ACCOUNT
2021,8,2021-08,2021-08-01,504,Cost of goods sold,Operating Costs,Cost of Goods Sold,-23887952.93,0.0,-23887952.93,28.561267436765547,-29.7622791675556,NET_PROFIT,UNFAVORABLE,1,DRIVER_IDENTIFIED,ACCOUNT
2021,8,2021-08,2021-08-01,541,Net book value of sold long-term intangible and tangible assets,Non-Core Operating Items,Fixed Asset Disposal Costs,-4934999.0,0.0,-4934999.0,5.900456462393512,-6.148572812413346,NET_PROFIT,UNFAVORABLE,6,DRIVER_IDENTIFIED,ACCOUNT
2021,8,2021-08,2021-08-01,549,Shortages and damages in operating area,Operating Costs,Shortages & Damages,-5674537.7,0.0,-5674537.7,6.784674656076044,-7.069972704196001,NET_PROFIT,UNFAVORABLE,5,DRIVER_IDENTIFIED,ACCOUNT
2021,8,2021-08,2021-08-01,562,Interest expenses,Financial Result,Interest Expense,-2629075.0,0.0,-2629075.0,3.143413519205825,-3.2755952061582216,NET_PROFIT,UNFAVORABLE,10,DRIVER_IDENTIFIED,ACCOUNT
2021,8,2021-08,2021-08-01,568,Other and extraordinary financial expenses,Financial Result,Other Financial Expenses,-4653513.51,0.0,-4653513.51,5.563902619415934,-5.79786675737608,NET_PROFIT,UNFAVORABLE,7,DRIVER_IDENTIFIED,ACCOUNT
2021,8,2021-08,2021-08-01,591,Income tax - payable,Tax,Income Tax,-2958137.47,0.0,-2958137.47,3.536852054379321,-3.6855779754814946,NET_PROFIT,UNFAVORABLE,9,DRIVER_IDENTIFIED,ACCOUNT
2021,8,2021-08,2021-08-01,602,Revenues from services,Revenue,Sales Revenue,-8697619.77,0.0,-8697619.77,10.399176733235016,-10.836465914285052,NET_PROFIT,UNFAVORABLE,2,DRIVER_IDENTIFIED,ACCOUNT
2021,8,2021-08,2021-08-01,641,Revenues from sale of long-term intangible and tangible assets,Other Operating Income,Other Operating Income,-5878580.8,0.0,-5878580.8,7.028635683829404,-7.324192382299387,NET_PROFIT,UNFAVORABLE,4,DRIVER_IDENTIFIED,ACCOUNT
2021,8,2021-08,2021-08-01,662,Interest revenues,Financial Result,Interest Income,-3720915.92,0.0,-3720915.92,4.448856501528551,-4.63593254284104,NET_PROFIT,UNFAVORABLE,8,DRIVER_IDENTIFIED,ACCOUNT
2021,9,2021-09,2021-09-01,501,Material consumption,Operating Costs,Material Consumption,-6480276.13,0.0,-6480276.13,3.2490964044004595,-3.3149471387434724,NET_PROFIT,UNFAVORABLE,5,DRIVER_IDENTIFIED,ACCOUNT
2021,9,2021-09,2021-09-01,504,Cost of goods sold,Operating Costs,Cost of Goods Sold,-24767828.29,0.0,-24767828.29,12.418153212530928,-12.669836882834366,NET_PROFIT,UNFAVORABLE,2,DRIVER_IDENTIFIED,ACCOUNT
2021,9,2021-09,2021-09-01,541,Net book value of sold long-term intangible and tangible assets,Non-Core Operating Items,Fixed Asset Disposal Costs,-113703778.0,0.0,-113703778.0,57.00907320234023,-58.16449885530156,NET_PROFIT,UNFAVORABLE,1,DRIVER_IDENTIFIED,ACCOUNT
2021,9,2021-09,2021-09-01,549,Shortages and damages in operating area,Operating Costs,Shortages & Damages,-4732576.38,0.0,-4732576.38,2.372830507734636,-2.420921611216271,NET_PROFIT,UNFAVORABLE,6,DRIVER_IDENTIFIED,ACCOUNT
2021,9,2021-09,2021-09-01,551,Depreciation of intangible and tangible fixed assets,EBITDA Adjustments,Depreciation,-2840304.87,0.0,-2840304.87,1.4240788749411077,-1.4529412502003447,NET_PROFIT,UNFAVORABLE,10,DRIVER_IDENTIFIED,ACCOUNT
2021,9,2021-09,2021-09-01,562,Interest expenses,Financial Result,Interest Expense,-4652442.62,0.0,-4652442.62,2.3326528507545947,-2.379929657617412,NET_PROFIT,UNFAVORABLE,8,DRIVER_IDENTIFIED,ACCOUNT
2021,9,2021-09,2021-09-01,568,Other and extraordinary financial expenses,Financial Result,Other Financial Expenses,-4661032.49,0.0,-4661032.49,2.33695966039841,-2.3843237550921867,NET_PROFIT,UNFAVORABLE,7,DRIVER_IDENTIFIED,ACCOUNT
2021,9,2021-09,2021-09-01,591,Income tax - payable,Tax,Income Tax,-8176635.72,0.0,-8176635.72,4.099621248384112,-4.182709909394196,NET_PROFIT,UNFAVORABLE,4,DRIVER_IDENTIFIED,ACCOUNT
2021,9,2021-09,2021-09-01,602,Revenues from services,Revenue,Sales Revenue,-8815371.37,0.0,-8815371.37,4.419872062106365,-4.509451374249174,NET_PROFIT,UNFAVORABLE,3,DRIVER_IDENTIFIED,ACCOUNT
2021,9,2021-09,2021-09-01,641,Revenues from sale of long-term intangible and tangible assets,Other Operating Income,Other Operating Income,-3154130.0,0.0,-3154130.0,1.5814252720758093,-1.613476649601496,NET_PROFIT,UNFAVORABLE,9,DRIVER_IDENTIFIED,ACCOUNT
2021,10,2021-10,2021-10-01,501,Material consumption,Operating Costs,Material Consumption,-6466972.31,0.0,-6466972.31,3.8887000368168683,-3.9985956127633377,NET_PROFIT,UNFAVORABLE,5,DRIVER_IDENTIFIED,ACCOUNT
2021,10,2021-10,2021-10-01,504,Cost of goods sold,Operating Costs,Cost of Goods Sold,-23873117.77,0.0,-23873117.77,14.355310259729942,-14.760994697703364,NET_PROFIT,UNFAVORABLE,2,DRIVER_IDENTIFIED,ACCOUNT
2021,10,2021-10,2021-10-01,541,Net book value of sold long-term intangible and tangible assets,Non-Core Operating Items,Fixed Asset Disposal Costs,-90021766.0,0.0,-90021766.0,54.13161336986141,-55.66138547155892,NET_PROFIT,UNFAVORABLE,1,DRIVER_IDENTIFIED,ACCOUNT
2021,10,2021-10,2021-10-01,549,Shortages and damages in operating area,Operating Costs,Shortages & Damages,-4369485.42,0.0,-4369485.42,2.6274456266575186,-2.7016978568824843,NET_PROFIT,UNFAVORABLE,6,DRIVER_IDENTIFIED,ACCOUNT
2021,10,2021-10,2021-10-01,562,Interest expenses,Financial Result,Interest Expense,-2928765.57,0.0,-2928765.57,1.7611163669706478,-1.8108859289385633,NET_PROFIT,UNFAVORABLE,10,DRIVER_IDENTIFIED,ACCOUNT
2021,10,2021-10,2021-10-01,568,Other and extraordinary financial expenses,Financial Result,Other Financial Expenses,-3779917.6,0.0,-3779917.6,2.2729285059030553,-2.3371619990695347,NET_PROFIT,UNFAVORABLE,8,DRIVER_IDENTIFIED,ACCOUNT
2021,10,2021-10,2021-10-01,591,Income tax - payable,Tax,Income Tax,-4087507.47,0.0,-4087507.47,2.4578875070331367,-2.5273479849922804,NET_PROFIT,UNFAVORABLE,7,DRIVER_IDENTIFIED,ACCOUNT
2021,10,2021-10,2021-10-01,602,Revenues from services,Revenue,Sales Revenue,-7776598.16,0.0,-7776598.16,4.676200252835471,-4.808350769759126,NET_PROFIT,UNFAVORABLE,3,DRIVER_IDENTIFIED,ACCOUNT
2021,10,2021-10,2021-10-01,641,Revenues from sale of long-term intangible and tangible assets,Other Operating Income,Other Operating Income,-3254756.4,0.0,-3254756.4,1.957140177164287,-2.0124494180265624,NET_PROFIT,UNFAVORABLE,9,DRIVER_IDENTIFIED,ACCOUNT
2021,10,2021-10,2021-10-01,662,Interest revenues,Financial Result,Interest Income,-6520924.96,0.0,-6520924.96,3.9211426795226276,-4.031955092168153,NET_PROFIT,UNFAVORABLE,4,DRIVER_IDENTIFIED,ACCOUNT
2021,11,2021-11,2021-11-01,501,Material consumption,Operating Costs,Material Consumption,-6553654.7,0.0,-6553654.7,5.078612011937922,-5.276256125650755,NET_PROFIT,UNFAVORABLE,6,DRIVER_IDENTIFIED,ACCOUNT
2021,11,2021-11,2021-11-01,504,Cost of goods sold,Operating Costs,Cost of Goods Sold,-25100441.81,0.0,-25100441.81,19.451040849194396,-20.208016125193904,NET_PROFIT,UNFAVORABLE,2,DRIVER_IDENTIFIED,ACCOUNT
2021,11,2021-11,2021-11-01,541,Net book value of sold long-term intangible and tangible assets,Non-Core Operating Items,Fixed Asset Disposal Costs,-28132539.0,0.0,-28132539.0,21.800698546371702,-22.649115344581514,NET_PROFIT,UNFAVORABLE,1,DRIVER_IDENTIFIED,ACCOUNT
2021,11,2021-11,2021-11-01,549,Shortages and damages in operating area,Operating Costs,Shortages & Damages,-5076872.28,0.0,-5076872.28,3.9342116306925154,-4.087319166586014,NET_PROFIT,UNFAVORABLE,8,DRIVER_IDENTIFIED,ACCOUNT
2021,11,2021-11,2021-11-01,562,Interest expenses,Financial Result,Interest Expense,-3344238.25,0.0,-3344238.25,2.591544615133943,-2.6923996395779075,NET_PROFIT,UNFAVORABLE,10,DRIVER_IDENTIFIED,ACCOUNT
2021,11,2021-11,2021-11-01,568,Other and extraordinary financial expenses,Financial Result,Other Financial Expenses,-5769052.43,0.0,-5769052.43,4.470601566557613,-4.6445837652978375,NET_PROFIT,UNFAVORABLE,7,DRIVER_IDENTIFIED,ACCOUNT
2021,11,2021-11,2021-11-01,591,Income tax - payable,Tax,Income Tax,-11482754.59,0.0,-11482754.59,8.898310646563255,-9.2446057990867,NET_PROFIT,UNFAVORABLE,4,DRIVER_IDENTIFIED,ACCOUNT
2021,11,2021-11,2021-11-01,602,Revenues from services,Revenue,Sales Revenue,-9221866.55,0.0,-9221866.55,7.146284688041092,-7.424396325667157,NET_PROFIT,UNFAVORABLE,5,DRIVER_IDENTIFIED,ACCOUNT
2021,11,2021-11,2021-11-01,641,Revenues from sale of long-term intangible and tangible assets,Other Operating Income,Other Operating Income,-16196880.4,0.0,-16196880.4,12.55141979869063,-13.039882834677366,NET_PROFIT,UNFAVORABLE,3,DRIVER_IDENTIFIED,ACCOUNT
2021,11,2021-11,2021-11-01,662,Interest revenues,Financial Result,Interest Income,-3354791.37,0.0,-3354791.37,2.599722525696644,-2.700895809515687,NET_PROFIT,UNFAVORABLE,9,DRIVER_IDENTIFIED,ACCOUNT
2021,12,2021-12,2021-12-01,501,Material consumption,Operating Costs,Material Consumption,-6806761.4,0.0,-6806761.4,3.925415251537543,-3.981548907785673,NET_PROFIT,UNFAVORABLE,4,DRIVER_IDENTIFIED,ACCOUNT
2021,12,2021-12,2021-12-01,504,Cost of goods sold,Operating Costs,Cost of Goods Sold,-27479192.42,0.0,-27479192.42,15.847072445554335,-16.073686462211434,NET_PROFIT,UNFAVORABLE,2,DRIVER_IDENTIFIED,ACCOUNT
2021,12,2021-12,2021-12-01,541,Net book value of sold long-term intangible and tangible assets,Non-Core Operating Items,Fixed Asset Disposal Costs,-90196451.0,0.0,-90196451.0,52.01570961337924,-52.759537151573134,NET_PROFIT,UNFAVORABLE,1,DRIVER_IDENTIFIED,ACCOUNT
2021,12,2021-12,2021-12-01,549,Shortages and damages in operating area,Operating Costs,Shortages & Damages,-4934047.86,0.0,-4934047.86,2.845433471703618,-2.886123328481183,NET_PROFIT,UNFAVORABLE,6,DRIVER_IDENTIFIED,ACCOUNT
2021,12,2021-12,2021-12-01,568,Other and extraordinary financial expenses,Financial Result,Other Financial Expenses,-5003108.72,0.0,-5003108.72,2.8852604227597096,-2.9265198071507212,NET_PROFIT,UNFAVORABLE,5,DRIVER_IDENTIFIED,ACCOUNT
2021,12,2021-12,2021-12-01,591,Income tax - payable,Tax,Income Tax,-3489903.95,0.0,-3489903.95,2.0126050241354303,-2.041385387829138,NET_PROFIT,UNFAVORABLE,9,DRIVER_IDENTIFIED,ACCOUNT
2021,12,2021-12,2021-12-01,602,Revenues from services,Revenue,Sales Revenue,-8360867.31,0.0,-8360867.31,4.821658072920798,-4.890608051322533,NET_PROFIT,UNFAVORABLE,3,DRIVER_IDENTIFIED,ACCOUNT
2021,12,2021-12,2021-12-01,641,Revenues from sale of long-term intangible and tangible assets,Other Operating Income,Other Operating Income,-4199216.8,0.0,-4199216.8,2.4216611546326092,-2.4562910437253236,NET_PROFIT,UNFAVORABLE,8,DRIVER_IDENTIFIED,ACCOUNT
2021,12,2021-12,2021-12-01,662,Interest revenues,Financial Result,Interest Income,-4594172.4,0.0,-4594172.4,2.6494294933201035,-2.6873164823140536,NET_PROFIT,UNFAVORABLE,7,DRIVER_IDENTIFIED,ACCOUNT
2021,12,2021-12,2021-12-01,663,Foreign exchange gains,Financial Result,FX Gains,-2840407.23,0.0,-2840407.23,1.6380444687277427,-1.6614685956632809,NET_PROFIT,UNFAVORABLE,10,DRIVER_IDENTIFIED,ACCOUNT
2022,1,2022-01,2022-01-01,501,Material consumption,Operating Costs,Material Consumption,-5789447.2,0.0,-5789447.2,7.260220195323483,-7.491185054640656,NET_PROFIT,UNFAVORABLE,6,DRIVER_IDENTIFIED,ACCOUNT
2022,1,2022-01,2022-01-01,504,Cost of goods sold,Operating Costs,Cost of Goods Sold,-22885372.75,0.0,-22885372.75,28.699259130829574,-29.612250771486526,NET_PROFIT,UNFAVORABLE,1,DRIVER_IDENTIFIED,ACCOUNT
2022,1,2022-01,2022-01-01,541,Net book value of sold long-term intangible and tangible assets,Non-Core Operating Items,Fixed Asset Disposal Costs,-8859600.0,0.0,-8859600.0,11.110326188394623,-11.463772069653619,NET_PROFIT,UNFAVORABLE,2,DRIVER_IDENTIFIED,ACCOUNT
2022,1,2022-01,2022-01-01,549,Shortages and damages in operating area,Operating Costs,Shortages & Damages,-3974372.75,0.0,-3974372.75,4.984037388456246,-5.142591463027952,NET_PROFIT,UNFAVORABLE,7,DRIVER_IDENTIFIED,ACCOUNT
2022,1,2022-01,2022-01-01,551,Depreciation of intangible and tangible fixed assets,EBITDA Adjustments,Depreciation,-2058954.26,0.0,-2058954.26,2.582018763328443,-2.664158916709822,NET_PROFIT,UNFAVORABLE,10,DRIVER_IDENTIFIED,ACCOUNT
2022,1,2022-01,2022-01-01,568,Other and extraordinary financial expenses,Financial Result,Other Financial Expenses,-3283657.74,0.0,-3283657.74,4.117850533031593,-4.248849145120991,NET_PROFIT,UNFAVORABLE,8,DRIVER_IDENTIFIED,ACCOUNT
2022,1,2022-01,2022-01-01,591,Income tax - payable,Tax,Income Tax,-6168066.92,0.0,-6168066.92,7.73502589654686,-7.981095453660483,NET_PROFIT,UNFAVORABLE,5,DRIVER_IDENTIFIED,ACCOUNT
2022,1,2022-01,2022-01-01,602,Revenues from services,Revenue,Sales Revenue,-7866698.03,0.0,-7866698.03,9.86518365828044,-10.179018596405385,NET_PROFIT,UNFAVORABLE,3,DRIVER_IDENTIFIED,ACCOUNT
2022,1,2022-01,2022-01-01,641,Revenues from sale of long-term intangible and tangible assets,Other Operating Income,Other Operating Income,-2581222.8,0.0,-2581222.8,3.236966372400706,-3.3399419657990324,NET_PROFIT,UNFAVORABLE,9,DRIVER_IDENTIFIED,ACCOUNT
2022,1,2022-01,2022-01-01,662,Interest revenues,Financial Result,Interest Income,-7191194.47,0.0,-7191194.47,9.01807262696731,-9.304958949911232,NET_PROFIT,UNFAVORABLE,4,DRIVER_IDENTIFIED,ACCOUNT
2022,2,2022-02,2022-02-01,501,Material consumption,Operating Costs,Material Consumption,-6464748.98,0.0,-6464748.98,8.659285589630311,-8.724122739982688,NET_PROFIT,UNFAVORABLE,3,DRIVER_IDENTIFIED,ACCOUNT
2022,2,2022-02,2022-02-01,504,Cost of goods sold,Operating Costs,Cost of Goods Sold,-23192484.91,0.0,-23192484.91,31.06545219159947,-31.29805745373834,NET_PROFIT,UNFAVORABLE,1,DRIVER_IDENTIFIED,ACCOUNT
2022,2,2022-02,2022-02-01,541,Net book value of sold long-term intangible and tangible assets,Non-Core Operating Items,Fixed Asset Disposal Costs,-5604666.0,0.0,-5604666.0,7.5072371222201655,-7.563448209957846,NET_PROFIT,UNFAVORABLE,4,DRIVER_IDENTIFIED,ACCOUNT
2022,2,2022-02,2022-02-01,549,Shortages and damages in operating area,Operating Costs,Shortages & Damages,-3822968.49,0.0,-3822968.49,5.120721014455808,-5.159062856272925,NET_PROFIT,UNFAVORABLE,6,DRIVER_IDENTIFIED,ACCOUNT
2022,2,2022-02,2022-02-01,551,Depreciation of intangible and tangible fixed assets,EBITDA Adjustments,Depreciation,-2309864.17,0.0,-2309864.17,3.0939752777971554,-3.1171416854871037,NET_PROFIT,UNFAVORABLE,10,DRIVER_IDENTIFIED,ACCOUNT
2022,2,2022-02,2022-02-01,562,Interest expenses,Financial Result,Interest Expense,-2718107.64,0.0,-2718107.64,3.640801892066048,-3.668062711360632,NET_PROFIT,UNFAVORABLE,8,DRIVER_IDENTIFIED,ACCOUNT
2022,2,2022-02,2022-02-01,568,Other and extraordinary financial expenses,Financial Result,Other Financial Expenses,-3524449.76,0.0,-3524449.76,4.720866519730516,-4.756214416409177,NET_PROFIT,UNFAVORABLE,7,DRIVER_IDENTIFIED,ACCOUNT
2022,2,2022-02,2022-02-01,602,Revenues from services,Revenue,Sales Revenue,-8039938.1,0.0,-8039938.1,10.769191556583793,-10.849826810485563,NET_PROFIT,UNFAVORABLE,2,DRIVER_IDENTIFIED,ACCOUNT
2022,2,2022-02,2022-02-01,641,Revenues from sale of long-term intangible and tangible assets,Other Operating Income,Other Operating Income,-2571496.0,0.0,-2571496.0,3.4444211717238225,-3.470211573377211,NET_PROFIT,UNFAVORABLE,9,DRIVER_IDENTIFIED,ACCOUNT
2022,2,2022-02,2022-02-01,662,Interest revenues,Financial Result,Interest Income,-4312798.77,0.0,-4312798.77,5.776830060312152,-5.820084575399301,NET_PROFIT,UNFAVORABLE,5,DRIVER_IDENTIFIED,ACCOUNT
2022,3,2022-03,2022-03-01,501,Material consumption,Operating Costs,Material Consumption,-7093322.96,0.0,-7093322.96,2.3898705160573646,-2.3976281974057536,NET_PROFIT,UNFAVORABLE,4,DRIVER_IDENTIFIED,ACCOUNT
2022,3,2022-03,2022-03-01,504,Cost of goods sold,Operating Costs,Cost of Goods Sold,-26951286.25,0.0,-26951286.25,9.080382317555896,-9.109857852764957,NET_PROFIT,UNFAVORABLE,2,DRIVER_IDENTIFIED,ACCOUNT
2022,3,2022-03,2022-03-01,541,Net book value of sold long-term intangible and tangible assets,Non-Core Operating Items,Fixed Asset Disposal Costs,-210633650.0,0.0,-210633650.0,70.9663373094951,-71.19669884063681,NET_PROFIT,UNFAVORABLE,1,DRIVER_IDENTIFIED,ACCOUNT
2022,3,2022-03,2022-03-01,549,Shortages and damages in operating area,Operating Costs,Shortages & Damages,-5295416.28,0.0,-5295416.28,1.7841228024139153,-1.789914185710428,NET_PROFIT,UNFAVORABLE,8,DRIVER_IDENTIFIED,ACCOUNT
2022,3,2022-03,2022-03-01,551,Depreciation of intangible and tangible fixed assets,EBITDA Adjustments,Depreciation,-5237422.3,0.0,-5237422.3,1.7645835676021933,-1.770311525220853,NET_PROFIT,UNFAVORABLE,9,DRIVER_IDENTIFIED,ACCOUNT
2022,3,2022-03,2022-03-01,568,Other and extraordinary financial expenses,Financial Result,Other Financial Expenses,-5917110.09,0.0,-5917110.09,1.9935828417935926,-2.000054146546021,NET_PROFIT,UNFAVORABLE,7,DRIVER_IDENTIFIED,ACCOUNT
2022,3,2022-03,2022-03-01,591,Income tax - payable,Tax,Income Tax,-3729255.16,0.0,-3729255.16,1.2564544155111739,-1.260532951531775,NET_PROFIT,UNFAVORABLE,10,DRIVER_IDENTIFIED,ACCOUNT
2022,3,2022-03,2022-03-01,602,Revenues from services,Revenue,Sales Revenue,-9154658.19,0.0,-9154658.19,3.08437213647806,-3.094384217063129,NET_PROFIT,UNFAVORABLE,3,DRIVER_IDENTIFIED,ACCOUNT
2022,3,2022-03,2022-03-01,641,Revenues from sale of long-term intangible and tangible assets,Other Operating Income,Other Operating Income,-6210612.4,0.0,-6210612.4,2.0924691495254106,-2.0992614459215067,NET_PROFIT,UNFAVORABLE,6,DRIVER_IDENTIFIED,ACCOUNT
2022,3,2022-03,2022-03-01,662,Interest revenues,Financial Result,Interest Income,-6708594.19,0.0,-6708594.19,2.2602483418962693,-2.267585260899556,NET_PROFIT,UNFAVORABLE,5,DRIVER_IDENTIFIED,ACCOUNT
2022,4,2022-04,2022-04-01,501,Material consumption,Operating Costs,Material Consumption,-7478231.8,0.0,-7478231.8,4.257747183790514,-4.328337927371074,NET_PROFIT,UNFAVORABLE,4,DRIVER_IDENTIFIED,ACCOUNT
2022,4,2022-04,2022-04-01,504,Cost of goods sold,Operating Costs,Cost of Goods Sold,-25196027.02,0.0,-25196027.02,14.345411583405946,-14.583249394560404,NET_PROFIT,UNFAVORABLE,2,DRIVER_IDENTIFIED,ACCOUNT
2022,4,2022-04,2022-04-01,541,Net book value of sold long-term intangible and tangible assets,Non-Core Operating Items,Fixed Asset Disposal Costs,-98530357.0,0.0,-98530357.0,56.09846836181568,-57.02854533079758,NET_PROFIT,UNFAVORABLE,1,DRIVER_IDENTIFIED,ACCOUNT
2022,4,2022-04,2022-04-01,549,Shortages and damages in operating area,Operating Costs,Shortages & Damages,-5503084.63,0.0,-5503084.63,3.133192940815683,-3.1851392894188986,NET_PROFIT,UNFAVORABLE,5,DRIVER_IDENTIFIED,ACCOUNT
2022,4,2022-04,2022-04-01,562,Interest expenses,Financial Result,Interest Expense,-2366838.56,0.0,-2366838.56,1.3475645691173674,-1.3699063336352233,NET_PROFIT,UNFAVORABLE,10,DRIVER_IDENTIFIED,ACCOUNT
2022,4,2022-04,2022-04-01,568,Other and extraordinary financial expenses,Financial Result,Other Financial Expenses,-3145024.12,0.0,-3145024.12,1.7906261731393827,-1.8203136175977903,NET_PROFIT,UNFAVORABLE,9,DRIVER_IDENTIFIED,ACCOUNT
2022,4,2022-04,2022-04-01,591,Income tax - payable,Tax,Income Tax,-3961519.44,0.0,-3961519.44,2.255499520513843,-2.2928942697617125,NET_PROFIT,UNFAVORABLE,8,DRIVER_IDENTIFIED,ACCOUNT
2022,4,2022-04,2022-04-01,602,Revenues from services,Revenue,Sales Revenue,-8259096.41,0.0,-8259096.41,4.702334110629178,-4.780295823033631,NET_PROFIT,UNFAVORABLE,3,DRIVER_IDENTIFIED,ACCOUNT
2022,4,2022-04,2022-04-01,641,Revenues from sale of long-term intangible and tangible assets,Other Operating Income,Other Operating Income,-4278282.4,0.0,-4278282.4,2.4358491856404507,-2.4762340177693,NET_PROFIT,UNFAVORABLE,7,DRIVER_IDENTIFIED,ACCOUNT
2022,4,2022-04,2022-04-01,662,Interest revenues,Financial Result,Interest Income,-5044751.35,0.0,-5044751.35,2.872239912834193,-2.919859826003444,NET_PROFIT,UNFAVORABLE,6,DRIVER_IDENTIFIED,ACCOUNT
2022,5,2022-05,2022-05-01,501,Material consumption,Operating Costs,Material Consumption,-6939300.19,0.0,-6939300.19,6.783140985828292,-6.793042326579624,NET_PROFIT,UNFAVORABLE,5,DRIVER_IDENTIFIED,ACCOUNT
2022,5,2022-05,2022-05-01,504,Cost of goods sold,Operating Costs,Cost of Goods Sold,-25290555.2,0.0,-25290555.2,24.721426777110334,-24.75751260680054,NET_PROFIT,UNFAVORABLE,1,DRIVER_IDENTIFIED,ACCOUNT
2022,5,2022-05,2022-05-01,541,Net book value of sold long-term intangible and tangible assets,Non-Core Operating Items,Fixed Asset Disposal Costs,-10540319.0,0.0,-10540319.0,10.303123925325485,-10.31816337990869,NET_PROFIT,UNFAVORABLE,3,DRIVER_IDENTIFIED,ACCOUNT
2022,5,2022-05,2022-05-01,549,Shortages and damages in operating area,Operating Costs,Shortages & Damages,-4433284.52,0.0,-4433284.52,4.333519678653664,-4.33984531084686,NET_PROFIT,UNFAVORABLE,8,DRIVER_IDENTIFIED,ACCOUNT
2022,5,2022-05,2022-05-01,562,Interest expenses,Financial Result,Interest Expense,-3057813.83,0.0,-3057813.83,2.9890020246127422,-2.9933650663973577,NET_PROFIT,UNFAVORABLE,9,DRIVER_IDENTIFIED,ACCOUNT
2022,5,2022-05,2022-05-01,568,Other and extraordinary financial expenses,Financial Result,Other Financial Expenses,-6252435.54,0.0,-6252435.54,6.1117332600397924,-6.120654547938028,NET_PROFIT,UNFAVORABLE,6,DRIVER_IDENTIFIED,ACCOUNT
2022,5,2022-05,2022-05-01,591,Income tax - payable,Tax,Income Tax,-2863642.17,0.0,-2863642.17,2.7991999250969526,-2.803285913040796,NET_PROFIT,UNFAVORABLE,10,DRIVER_IDENTIFIED,ACCOUNT
2022,5,2022-05,2022-05-01,602,Revenues from services,Revenue,Sales Revenue,-8052342.73,0.0,-8052342.73,7.871136066791122,-7.8826255523347974,NET_PROFIT,UNFAVORABLE,4,DRIVER_IDENTIFIED,ACCOUNT
2022,5,2022-05,2022-05-01,641,Revenues from sale of long-term intangible and tangible assets,Other Operating Income,Other Operating Income,-18507476.8,0.0,-18507476.8,18.09099202931964,-18.117399423325768,NET_PROFIT,UNFAVORABLE,2,DRIVER_IDENTIFIED,ACCOUNT
2022,5,2022-05,2022-05-01,662,Interest revenues,Financial Result,Interest Income,-5529500.99,0.0,-5529500.99,5.405067336688762,-5.412957105395656,NET_PROFIT,UNFAVORABLE,7,DRIVER_IDENTIFIED,ACCOUNT
2022,6,2022-06,2022-06-01,501,Material consumption,Operating Costs,Material Consumption,-5684580.39,0.0,-5684580.39,2.2819253939800537,-2.3039945648309166,NET_PROFIT,UNFAVORABLE,7,DRIVER_IDENTIFIED,ACCOUNT
2022,6,2022-06,2022-06-01,504,Cost of goods sold,Operating Costs,Cost of Goods Sold,-23776793.01,0.0,-23776793.01,9.54456864615234,-9.63687697345586,NET_PROFIT,UNFAVORABLE,2,DRIVER_IDENTIFIED,ACCOUNT
2022,6,2022-06,2022-06-01,541,Net book value of sold long-term intangible and tangible assets,Non-Core Operating Items,Fixed Asset Disposal Costs,-167666902.0,0.0,-167666902.0,67.30547114380153,-67.95640212769301,NET_PROFIT,UNFAVORABLE,1,DRIVER_IDENTIFIED,ACCOUNT
2022,6,2022-06,2022-06-01,549,Shortages and damages in operating area,Operating Costs,Shortages & Damages,-5686313.81,0.0,-5686313.81,2.2826212298808692,-2.304697130365146,NET_PROFIT,UNFAVORABLE,6,DRIVER_IDENTIFIED,ACCOUNT
2022,6,2022-06,2022-06-01,562,Interest expenses,Financial Result,Interest Expense,-2185369.26,0.0,-2185369.26,0.8772590529971199,-0.8857432830127611,NET_PROFIT,UNFAVORABLE,10,DRIVER_IDENTIFIED,ACCOUNT
2022,6,2022-06,2022-06-01,568,Other and extraordinary financial expenses,Financial Result,Other Financial Expenses,-5316984.01,0.0,-5316984.01,2.1343634884904663,-2.1550055448037906,NET_PROFIT,UNFAVORABLE,8,DRIVER_IDENTIFIED,ACCOUNT
2022,6,2022-06,2022-06-01,591,Income tax - payable,Tax,Income Tax,-3475958.7,0.0,-3475958.7,1.3953322640857044,-1.4088269323211629,NET_PROFIT,UNFAVORABLE,9,DRIVER_IDENTIFIED,ACCOUNT
2022,6,2022-06,2022-06-01,602,Revenues from services,Revenue,Sales Revenue,-9001908.44,0.0,-9001908.44,3.613579552794287,-3.648527542217686,NET_PROFIT,UNFAVORABLE,3,DRIVER_IDENTIFIED,ACCOUNT
2022,6,2022-06,2022-06-01,641,Revenues from sale of long-term intangible and tangible assets,Other Operating Income,Other Operating Income,-6185940.0,0.0,-6185940.0,2.4831830325539603,-2.507198625151321,NET_PROFIT,UNFAVORABLE,5,DRIVER_IDENTIFIED,ACCOUNT
2022,6,2022-06,2022-06-01,662,Interest revenues,Financial Result,Interest Income,-6978205.22,0.0,-6978205.22,2.8012170826072476,-2.828308475932158,NET_PROFIT,UNFAVORABLE,4,DRIVER_IDENTIFIED,ACCOUNT
2022,7,2022-07,2022-07-01,501,Material consumption,Operating Costs,Material Consumption,-6662357.71,0.0,-6662357.71,2.8482785332280223,-2.85913716689833,NET_PROFIT,UNFAVORABLE,6,DRIVER_IDENTIFIED,ACCOUNT
2022,7,2022-07,2022-07-01,504,Cost of goods sold,Operating Costs,Cost of Goods Sold,-23791526.06,0.0,-23791526.06,10.171308101292727,-10.210084684176495,NET_PROFIT,UNFAVORABLE,3,DRIVER_IDENTIFIED,ACCOUNT
2022,7,2022-07,2022-07-01,541,Net book value of sold long-term intangible and tangible assets,Non-Core Operating Items,Fixed Asset Disposal Costs,-50021670.0,0.0,-50021670.0,21.385169493881193,-21.46669723732429,NET_PROFIT,UNFAVORABLE,2,DRIVER_IDENTIFIED,ACCOUNT
2022,7,2022-07,2022-07-01,549,Shortages and damages in operating area,Operating Costs,Shortages & Damages,-5436747.06,0.0,-5436747.06,2.3243077924719477,-2.33316886647193,NET_PROFIT,UNFAVORABLE,7,DRIVER_IDENTIFIED,ACCOUNT
2022,7,2022-07,2022-07-01,562,Interest expenses,Financial Result,Interest Expense,-2097694.66,0.0,-2097694.66,0.8968024428314665,-0.9002213673108458,NET_PROFIT,UNFAVORABLE,10,DRIVER_IDENTIFIED,ACCOUNT
2022,7,2022-07,2022-07-01,568,Other and extraordinary financial expenses,Financial Result,Other Financial Expenses,-3964560.18,0.0,-3964560.18,1.6949212494903134,-1.7013828819232124,NET_PROFIT,UNFAVORABLE,9,DRIVER_IDENTIFIED,ACCOUNT
2022,7,2022-07,2022-07-01,591,Income tax - payable,Tax,Income Tax,-10789155.24,0.0,-10789155.24,4.61255918691232,-4.630143875315856,NET_PROFIT,UNFAVORABLE,4,DRIVER_IDENTIFIED,ACCOUNT
2022,7,2022-07,2022-07-01,602,Revenues from services,Revenue,Sales Revenue,-8846777.73,0.0,-8846777.73,3.78215763749478,-3.796576544841727,NET_PROFIT,UNFAVORABLE,5,DRIVER_IDENTIFIED,ACCOUNT
2022,7,2022-07,2022-07-01,641,Revenues from sale of long-term intangible and tangible assets,Other Operating Income,Other Operating Income,-107199837.2,0.0,-107199837.2,45.82987109863525,-46.00459059169463,NET_PROFIT,UNFAVORABLE,1,DRIVER_IDENTIFIED,ACCOUNT
2022,7,2022-07,2022-07-01,662,Interest revenues,Financial Result,Interest Income,-5307039.27,0.0,-5307039.27,2.268855364077879,-2.277505034031861,NET_PROFIT,UNFAVORABLE,8,DRIVER_IDENTIFIED,ACCOUNT
2022,8,2022-08,2022-08-01,501,Material consumption,Operating Costs,Material Consumption,-6826846.9,0.0,-6826846.9,1.6708564075314771,-1.6812367115437634,NET_PROFIT,UNFAVORABLE,7,DRIVER_IDENTIFIED,ACCOUNT
2022,8,2022-08,2022-08-01,504,Cost of goods sold,Operating Costs,Cost of Goods Sold,-27803070.7,0.0,-27803070.7,6.80474302538492,-6.847017933635915,NET_PROFIT,UNFAVORABLE,2,DRIVER_IDENTIFIED,ACCOUNT
2022,8,2022-08,2022-08-01,541,Net book value of sold long-term intangible and tangible assets,Non-Core Operating Items,Fixed Asset Disposal Costs,-282647910.0,0.0,-282647910.0,69.17748096839263,-69.60725056440296,NET_PROFIT,UNFAVORABLE,1,DRIVER_IDENTIFIED,ACCOUNT
2022,8,2022-08,2022-08-01,549,Shortages and damages in operating area,Operating Costs,Shortages & Damages,-4079885.73,0.0,-4079885.73,0.9985434438212957,-1.0047469598563177,NET_PROFIT,UNFAVORABLE,10,DRIVER_IDENTIFIED,ACCOUNT
2022,8,2022-08,2022-08-01,551,Depreciation of intangible and tangible fixed assets,EBITDA Adjustments,Depreciation,-23928307.85,0.0,-23928307.85,5.856402974638004,-5.892786258695917,NET_PROFIT,UNFAVORABLE,3,DRIVER_IDENTIFIED,ACCOUNT
2022,8,2022-08,2022-08-01,568,Other and extraordinary financial expenses,Financial Result,Other Financial Expenses,-5550686.21,0.0,-5550686.21,1.3585187651088395,-1.3669586512203336,NET_PROFIT,UNFAVORABLE,8,DRIVER_IDENTIFIED,ACCOUNT
2022,8,2022-08,2022-08-01,591,Income tax - payable,Tax,Income Tax,-6996980.68,0.0,-6996980.68,1.7124962920366575,-1.7231352865373977,NET_PROFIT,UNFAVORABLE,6,DRIVER_IDENTIFIED,ACCOUNT
2022,8,2022-08,2022-08-01,602,Revenues from services,Revenue,Sales Revenue,-9367392.05,0.0,-9367392.05,2.292649484874477,-2.30689271878694,NET_PROFIT,UNFAVORABLE,5,DRIVER_IDENTIFIED,ACCOUNT
2022,8,2022-08,2022-08-01,641,Revenues from sale of long-term intangible and tangible assets,Other Operating Income,Other Operating Income,-23707656.4,0.0,-23707656.4,5.802398996745426,-5.838446777581236,NET_PROFIT,UNFAVORABLE,4,DRIVER_IDENTIFIED,ACCOUNT
2022,8,2022-08,2022-08-01,662,Interest revenues,Financial Result,Interest Income,-5183491.19,0.0,-5183491.19,1.268648556948664,-1.2765301185517532,NET_PROFIT,UNFAVORABLE,9,DRIVER_IDENTIFIED,ACCOUNT
2022,9,2022-09,2022-09-01,501,Material consumption,Operating Costs,Material Consumption,-6282031.24,0.0,-6282031.24,6.267258538870905,-6.48251581271254,NET_PROFIT,UNFAVORABLE,6,DRIVER_IDENTIFIED,ACCOUNT
2022,9,2022-09,2022-09-01,504,Cost of goods sold,Operating Costs,Cost of Goods Sold,-28020760.06,0.0,-28020760.06,27.95486699166555,-28.915013828102833,NET_PROFIT,UNFAVORABLE,1,DRIVER_IDENTIFIED,ACCOUNT
2022,9,2022-09,2022-09-01,541,Net book value of sold long-term intangible and tangible assets,Non-Core Operating Items,Fixed Asset Disposal Costs,-13070293.0,0.0,-13070293.0,13.039557156005902,-13.487417972357301,NET_PROFIT,UNFAVORABLE,3,DRIVER_IDENTIFIED,ACCOUNT
2022,9,2022-09,2022-09-01,549,Shortages and damages in operating area,Operating Costs,Shortages & Damages,-4403992.38,0.0,-4403992.38,4.393636038122822,-4.544541272038554,NET_PROFIT,UNFAVORABLE,7,DRIVER_IDENTIFIED,ACCOUNT
2022,9,2022-09,2022-09-01,551,Depreciation of intangible and tangible fixed assets,EBITDA Adjustments,Depreciation,-13632896.77,0.0,-13632896.77,13.60083791804386,-14.067976663644021,NET_PROFIT,UNFAVORABLE,2,DRIVER_IDENTIFIED,ACCOUNT
2022,9,2022-09,2022-09-01,562,Interest expenses,Financial Result,Interest Expense,-6622503.68,0.0,-6622503.68,6.606930330576323,-6.8338540808254535,NET_PROFIT,UNFAVORABLE,5,DRIVER_IDENTIFIED,ACCOUNT
2022,9,2022-09,2022-09-01,568,Other and extraordinary financial expenses,Financial Result,Other Financial Expenses,-2725869.42,0.0,-2725869.42,2.7194593190756056,-2.8128627419145977,NET_PROFIT,UNFAVORABLE,9,DRIVER_IDENTIFIED,ACCOUNT
2022,9,2022-09,2022-09-01,602,Revenues from services,Revenue,Sales Revenue,-8530595.44,0.0,-8530595.44,8.51053505951575,-8.802840628925859,NET_PROFIT,UNFAVORABLE,4,DRIVER_IDENTIFIED,ACCOUNT
2022,9,2022-09,2022-09-01,641,Revenues from sale of long-term intangible and tangible assets,Other Operating Income,Other Operating Income,-2488691.6,0.0,-2488691.6,2.482839241773063,-2.568115635471573,NET_PROFIT,UNFAVORABLE,10,DRIVER_IDENTIFIED,ACCOUNT
2022,9,2022-09,2022-09-01,662,Interest revenues,Financial Result,Interest Income,-3370077.85,0.0,-3370077.85,3.3621528411998476,-3.4776304220826004,NET_PROFIT,UNFAVORABLE,8,DRIVER_IDENTIFIED,ACCOUNT
2022,10,2022-10,2022-10-01,501,Material consumption,Operating Costs,Material Consumption,-5671937.25,0.0,-5671937.25,4.360778671514468,-4.431003056464337,NET_PROFIT,UNFAVORABLE,7,DRIVER_IDENTIFIED,ACCOUNT
2022,10,2022-10,2022-10-01,504,Cost of goods sold,Operating Costs,Cost of Goods Sold,-24080693.24,0.0,-24080693.24,18.5140576927706,-18.812201307096633,NET_PROFIT,UNFAVORABLE,2,DRIVER_IDENTIFIED,ACCOUNT
2022,10,2022-10,2022-10-01,541,Net book value of sold long-term intangible and tangible assets,Non-Core Operating Items,Fixed Asset Disposal Costs,-47468366.0,0.0,-47468366.0,36.495297620657304,-37.083004546879955,NET_PROFIT,UNFAVORABLE,1,DRIVER_IDENTIFIED,ACCOUNT
2022,10,2022-10,2022-10-01,549,Shortages and damages in operating area,Operating Costs,Shortages & Damages,-4086174.55,0.0,-4086174.55,3.141590261021528,-3.1921812816770463,NET_PROFIT,UNFAVORABLE,9,DRIVER_IDENTIFIED,ACCOUNT
2022,10,2022-10,2022-10-01,551,Depreciation of intangible and tangible fixed assets,EBITDA Adjustments,Depreciation,-9283844.7,0.0,-9283844.7,7.137736221854822,-7.25267971563688,NET_PROFIT,UNFAVORABLE,3,DRIVER_IDENTIFIED,ACCOUNT
2022,10,2022-10,2022-10-01,562,Interest expenses,Financial Result,Interest Expense,-2578275.3,0.0,-2578275.3,1.9822659246684304,-2.014187610186714,NET_PROFIT,UNFAVORABLE,10,DRIVER_IDENTIFIED,ACCOUNT
2022,10,2022-10,2022-10-01,568,Other and extraordinary financial expenses,Financial Result,Other Financial Expenses,-5164718.14,0.0,-5164718.14,3.9708113324589176,-4.034755825995219,NET_PROFIT,UNFAVORABLE,8,DRIVER_IDENTIFIED,ACCOUNT
2022,10,2022-10,2022-10-01,591,Income tax - payable,Tax,Income Tax,-8106422.86,0.0,-8106422.86,6.232494181800991,-6.3328599888252235,NET_PROFIT,UNFAVORABLE,4,DRIVER_IDENTIFIED,ACCOUNT
2022,10,2022-10,2022-10-01,602,Revenues from services,Revenue,Sales Revenue,-7109057.96,0.0,-7109057.96,5.465686054007059,-5.553703463369966,NET_PROFIT,UNFAVORABLE,5,DRIVER_IDENTIFIED,ACCOUNT
2022,10,2022-10,2022-10-01,662,Interest revenues,Financial Result,Interest Income,-6236059.3,0.0,-6236059.3,4.794494930235598,-4.8717037232019536,NET_PROFIT,UNFAVORABLE,6,DRIVER_IDENTIFIED,ACCOUNT
2022,11,2022-11,2022-11-01,501,Material consumption,Operating Costs,Material Consumption,-7613253.52,0.0,-7613253.52,3.5424405655701428,-3.5771899850377458,NET_PROFIT,UNFAVORABLE,7,DRIVER_IDENTIFIED,ACCOUNT
2022,11,2022-11,2022-11-01,504,Cost of goods sold,Operating Costs,Cost of Goods Sold,-26154082.56,0.0,-26154082.56,12.169472981876297,-12.288848907461889,NET_PROFIT,UNFAVORABLE,3,DRIVER_IDENTIFIED,ACCOUNT
2022,11,2022-11,2022-11-01,541,Net book value of sold long-term intangible and tangible assets,Non-Core Operating Items,Fixed Asset Disposal Costs,-62656869.0,0.0,-62656869.0,29.154189319209006,-29.44017609446717,NET_PROFIT,UNFAVORABLE,1,DRIVER_IDENTIFIED,ACCOUNT
2022,11,2022-11,2022-11-01,549,Shortages and damages in operating area,Operating Costs,Shortages & Damages,-6187140.72,0.0,-6187140.72,2.8788714593362,-2.9071116259902543,NET_PROFIT,UNFAVORABLE,8,DRIVER_IDENTIFIED,ACCOUNT
2022,11,2022-11,2022-11-01,551,Depreciation of intangible and tangible fixed assets,EBITDA Adjustments,Depreciation,-11006367.91,0.0,-11006367.91,5.121253884630059,-5.171490605936479,NET_PROFIT,UNFAVORABLE,4,DRIVER_IDENTIFIED,ACCOUNT
2022,11,2022-11,2022-11-01,568,Other and extraordinary financial expenses,Financial Result,Other Financial Expenses,-6043336.29,0.0,-6043336.29,2.8119593770047175,-2.8395431724442517,NET_PROFIT,UNFAVORABLE,10,DRIVER_IDENTIFIED,ACCOUNT
2022,11,2022-11,2022-11-01,591,Income tax - payable,Tax,Income Tax,-10696102.74,0.0,-10696102.74,4.97688775766421,-5.025708325612516,NET_PROFIT,UNFAVORABLE,5,DRIVER_IDENTIFIED,ACCOUNT
2022,11,2022-11,2022-11-01,602,Revenues from services,Revenue,Sales Revenue,-8951099.33,0.0,-8951099.33,4.164939114366932,-4.205794906768595,NET_PROFIT,UNFAVORABLE,6,DRIVER_IDENTIFIED,ACCOUNT
2022,11,2022-11,2022-11-01,641,Revenues from sale of long-term intangible and tangible assets,Other Operating Income,Other Operating Income,-52954004.8,0.0,-52954004.8,24.639454632651724,-24.88115431077891,NET_PROFIT,UNFAVORABLE,2,DRIVER_IDENTIFIED,ACCOUNT
2022,11,2022-11,2022-11-01,662,Interest revenues,Financial Result,Interest Income,-6153877.14,0.0,-6153877.14,2.863393943076097,-2.89148228369528,NET_PROFIT,UNFAVORABLE,9,DRIVER_IDENTIFIED,ACCOUNT
2022,12,2022-12,2022-12-01,501,Material consumption,Operating Costs,Material Consumption,-7282201.35,0.0,-7282201.35,6.114752433670765,-6.153223010770546,NET_PROFIT,UNFAVORABLE,6,DRIVER_IDENTIFIED,ACCOUNT
2022,12,2022-12,2022-12-01,504,Cost of goods sold,Operating Costs,Cost of Goods Sold,-22793215.08,0.0,-22793215.08,19.13911201886929,-19.259524528211266,NET_PROFIT,UNFAVORABLE,1,DRIVER_IDENTIFIED,ACCOUNT
2022,12,2022-12,2022-12-01,541,Net book value of sold long-term intangible and tangible assets,Non-Core Operating Items,Fixed Asset Disposal Costs,-19882172.0,0.0,-19882172.0,16.694753932292844,-16.799787917769926,NET_PROFIT,UNFAVORABLE,2,DRIVER_IDENTIFIED,ACCOUNT
2022,12,2022-12,2022-12-01,549,Shortages and damages in operating area,Operating Costs,Shortages & Damages,-3171938.9,0.0,-3171938.9,2.6634282926315915,-2.6801850828030473,NET_PROFIT,UNFAVORABLE,10,DRIVER_IDENTIFIED,ACCOUNT
2022,12,2022-12,2022-12-01,551,Depreciation of intangible and tangible fixed assets,EBITDA Adjustments,Depreciation,-4744179.01,0.0,-4744179.01,3.983614123381423,-4.008676778972423,NET_PROFIT,UNFAVORABLE,9,DRIVER_IDENTIFIED,ACCOUNT
2022,12,2022-12,2022-12-01,568,Other and extraordinary financial expenses,Financial Result,Other Financial Expenses,-6333420.01,0.0,-6333420.01,5.318075339897959,-5.351533673592618,NET_PROFIT,UNFAVORABLE,7,DRIVER_IDENTIFIED,ACCOUNT
2022,12,2022-12,2022-12-01,591,Income tax - payable,Tax,Income Tax,-9297260.78,0.0,-9297260.78,7.806766834451338,-7.855882612835267,NET_PROFIT,UNFAVORABLE,4,DRIVER_IDENTIFIED,ACCOUNT
2022,12,2022-12,2022-12-01,602,Revenues from services,Revenue,Sales Revenue,-8462099.09,0.0,-8462099.09,7.105494412694408,-7.15019818011603,NET_PROFIT,UNFAVORABLE,5,DRIVER_IDENTIFIED,ACCOUNT
2022,12,2022-12,2022-12-01,641,Revenues from sale of long-term intangible and tangible assets,Other Operating Income,Other Operating Income,-16948272.8,0.0,-16948272.8,14.231203913404023,-14.320738630191343,NET_PROFIT,UNFAVORABLE,3,DRIVER_IDENTIFIED,ACCOUNT
2022,12,2022-12,2022-12-01,662,Interest revenues,Financial Result,Interest Income,-5248143.09,0.0,-5248143.09,4.406785007644689,-4.43451001601383,NET_PROFIT,UNFAVORABLE,8,DRIVER_IDENTIFIED,ACCOUNT
2023,1,2023-01,2023-01-01,501,Material consumption,Operating Costs,Material Consumption,-6723376.16,0.0,-6723376.16,4.127658649487266,-4.181389586638957,NET_PROFIT,UNFAVORABLE,6,DRIVER_IDENTIFIED,ACCOUNT
2023,1,2023-01,2023-01-01,504,Cost of goods sold,Operating Costs,Cost of Goods Sold,-25036346.85,0.0,-25036346.85,15.37047625592999,-15.570558230683773,NET_PROFIT,UNFAVORABLE,2,DRIVER_IDENTIFIED,ACCOUNT
2023,1,2023-01,2023-01-01,521,Payroll costs (Wages),Operating Costs,Payroll Costs,-3498688.94,0.0,-3498688.94,2.147937780273837,-2.1758981131594,NET_PROFIT,UNFAVORABLE,9,DRIVER_IDENTIFIED,ACCOUNT
2023,1,2023-01,2023-01-01,541,Net book value of sold long-term intangible and tangible assets,Non-Core Operating Items,Fixed Asset Disposal Costs,-73986569.0,0.0,-73986569.0,45.422313761890784,-46.013589275026476,NET_PROFIT,UNFAVORABLE,1,DRIVER_IDENTIFIED,ACCOUNT
2023,1,2023-01,2023-01-01,549,Shortages and damages in operating area,Operating Costs,Shortages & Damages,-4192967.3,0.0,-4192967.3,2.5741736489219824,-2.6076824184916143,NET_PROFIT,UNFAVORABLE,8,DRIVER_IDENTIFIED,ACCOUNT
2023,1,2023-01,2023-01-01,568,Other and extraordinary financial expenses,Financial Result,Other Financial Expenses,-3294239.13,0.0,-3294239.13,2.0224206283921355,-2.0487470678839093,NET_PROFIT,UNFAVORABLE,10,DRIVER_IDENTIFIED,ACCOUNT
2023,1,2023-01,2023-01-01,591,Income tax - payable,Tax,Income Tax,-7143324.49,0.0,-7143324.49,4.3854760488728495,-4.442563070347241,NET_PROFIT,UNFAVORABLE,5,DRIVER_IDENTIFIED,ACCOUNT
2023,1,2023-01,2023-01-01,602,Revenues from services,Revenue,Sales Revenue,-8267648.22,0.0,-8267648.22,5.0757281571169734,-5.141800391710064,NET_PROFIT,UNFAVORABLE,4,DRIVER_IDENTIFIED,ACCOUNT
2023,1,2023-01,2023-01-01,641,Revenues from sale of long-term intangible and tangible assets,Other Operating Income,Other Operating Income,-10269110.8,0.0,-10269110.8,6.304479030690303,-6.38654627397222,NET_PROFIT,UNFAVORABLE,3,DRIVER_IDENTIFIED,ACCOUNT
2023,1,2023-01,2023-01-01,662,Interest revenues,Financial Result,Interest Income,-5865566.28,0.0,-5865566.28,3.601026450643042,-3.6479020627833805,NET_PROFIT,UNFAVORABLE,7,DRIVER_IDENTIFIED,ACCOUNT
2023,2,2023-02,2023-02-01,501,Material consumption,Operating Costs,Material Consumption,-5719584.8,0.0,-5719584.8,2.433300343209157,-2.439367441362088,NET_PROFIT,UNFAVORABLE,6,DRIVER_IDENTIFIED,ACCOUNT
2023,2,2023-02,2023-02-01,504,Cost of goods sold,Operating Costs,Cost of Goods Sold,-23536950.35,0.0,-23536950.35,10.013396315892003,-10.038363335874662,NET_PROFIT,UNFAVORABLE,3,DRIVER_IDENTIFIED,ACCOUNT
2023,2,2023-02,2023-02-01,541,Net book value of sold long-term intangible and tangible assets,Non-Core Operating Items,Fixed Asset Disposal Costs,-90894807.0,0.0,-90894807.0,38.66965397016757,-38.76607140866079,NET_PROFIT,UNFAVORABLE,1,DRIVER_IDENTIFIED,ACCOUNT
2023,2,2023-02,2023-02-01,549,Shortages and damages in operating area,Operating Costs,Shortages & Damages,-2931546.97,0.0,-2931546.97,1.2471769363809004,-1.250286599726904,NET_PROFIT,UNFAVORABLE,9,DRIVER_IDENTIFIED,ACCOUNT
2023,2,2023-02,2023-02-01,562,Interest expenses,Financial Result,Interest Expense,-2208977.67,0.0,-2208977.67,0.9397720832030263,-0.9421152750272865,NET_PROFIT,UNFAVORABLE,10,DRIVER_IDENTIFIED,ACCOUNT
2023,2,2023-02,2023-02-01,568,Other and extraordinary financial expenses,Financial Result,Other Financial Expenses,-4299215.44,0.0,-4299215.44,1.829028289900013,-1.8335887191911526,NET_PROFIT,UNFAVORABLE,7,DRIVER_IDENTIFIED,ACCOUNT
2023,2,2023-02,2023-02-01,591,Income tax - payable,Tax,Income Tax,-10305052.84,0.0,-10305052.84,4.3841099466451645,-4.395041118965824,NET_PROFIT,UNFAVORABLE,4,DRIVER_IDENTIFIED,ACCOUNT
2023,2,2023-02,2023-02-01,602,Revenues from services,Revenue,Sales Revenue,-7956506.4,0.0,-7956506.4,3.3849606974733297,-3.393400629211596,NET_PROFIT,UNFAVORABLE,5,DRIVER_IDENTIFIED,ACCOUNT
2023,2,2023-02,2023-02-01,641,Revenues from sale of long-term intangible and tangible assets,Other Operating Income,Other Operating Income,-74932982.4,0.0,-74932982.4,31.87896642280848,-31.958452220293754,NET_PROFIT,UNFAVORABLE,2,DRIVER_IDENTIFIED,ACCOUNT
2023,2,2023-02,2023-02-01,662,Interest revenues,Financial Result,Interest Income,-3625709.14,0.0,-3625709.14,1.5424964579139693,-1.546342459677307,NET_PROFIT,UNFAVORABLE,8,DRIVER_IDENTIFIED,ACCOUNT
2023,3,2023-03,2023-03-01,501,Material consumption,Operating Costs,Material Consumption,-7211746.83,0.0,-7211746.83,7.353603647830652,-7.475297472554248,NET_PROFIT,UNFAVORABLE,5,DRIVER_IDENTIFIED,ACCOUNT
2023,3,2023-03,2023-03-01,504,Cost of goods sold,Operating Costs,Cost of Goods Sold,-25807035.81,0.0,-25807035.81,26.314666494208073,-26.750144467371705,NET_PROFIT,UNFAVORABLE,1,DRIVER_IDENTIFIED,ACCOUNT
2023,3,2023-03,2023-03-01,541,Net book value of sold long-term intangible and tangible assets,Non-Core Operating Items,Fixed Asset Disposal Costs,-9575526.0,0.0,-9575526.0,9.76387893021714,-9.925460085261685,NET_PROFIT,UNFAVORABLE,3,DRIVER_IDENTIFIED,ACCOUNT
2023,3,2023-03,2023-03-01,549,Shortages and damages in operating area,Operating Costs,Shortages & Damages,-4223815.94,0.0,-4223815.94,4.306899428990252,-4.378173744185131,NET_PROFIT,UNFAVORABLE,7,DRIVER_IDENTIFIED,ACCOUNT
2023,3,2023-03,2023-03-01,563,Foreign exchange losses,Financial Result,FX Losses,-1948600.76,0.0,-1948600.76,1.9869302118723409,-2.0198116600059968,NET_PROFIT,UNFAVORABLE,10,DRIVER_IDENTIFIED,ACCOUNT
2023,3,2023-03,2023-03-01,568,Other and extraordinary financial expenses,Financial Result,Other Financial Expenses,-3968408.09,0.0,-3968408.09,4.046467644331418,-4.11343210799329,NET_PROFIT,UNFAVORABLE,8,DRIVER_IDENTIFIED,ACCOUNT
2023,3,2023-03,2023-03-01,591,Income tax - payable,Tax,Income Tax,-6230356.52,0.0,-6230356.52,6.352909151243387,-6.458042613660063,NET_PROFIT,UNFAVORABLE,6,DRIVER_IDENTIFIED,ACCOUNT
2023,3,2023-03,2023-03-01,602,Revenues from services,Revenue,Sales Revenue,-9306741.27,0.0,-9306741.27,9.489807139068423,-9.646852715897031,NET_PROFIT,UNFAVORABLE,4,DRIVER_IDENTIFIED,ACCOUNT
2023,3,2023-03,2023-03-01,641,Revenues from sale of long-term intangible and tangible assets,Other Operating Income,Other Operating Income,-17074178.8,0.0,-17074178.8,17.410032058403914,-17.698148401249316,NET_PROFIT,UNFAVORABLE,2,DRIVER_IDENTIFIED,ACCOUNT
2023,3,2023-03,2023-03-01,663,Foreign exchange gains,Financial Result,FX Gains,-2623904.45,0.0,-2623904.45,2.6755172900431785,-2.719794075648222,NET_PROFIT,UNFAVORABLE,9,DRIVER_IDENTIFIED,ACCOUNT
2023,4,2023-04,2023-04-01,501,Material consumption,Operating Costs,Material Consumption,-6058185.41,0.0,-6058185.41,2.492184787088956,-2.521782250831386,NET_PROFIT,UNFAVORABLE,6,DRIVER_IDENTIFIED,ACCOUNT
2023,4,2023-04,2023-04-01,504,Cost of goods sold,Operating Costs,Cost of Goods Sold,-21209421.97,0.0,-21209421.97,8.725021635906696,-8.828640963357252,NET_PROFIT,UNFAVORABLE,3,DRIVER_IDENTIFIED,ACCOUNT
2023,4,2023-04,2023-04-01,541,Net book value of sold long-term intangible and tangible assets,Non-Core Operating Items,Fixed Asset Disposal Costs,-93979015.0,0.0,-93979015.0,38.660598122665384,-39.119735686269884,NET_PROFIT,UNFAVORABLE,1,DRIVER_IDENTIFIED,ACCOUNT
2023,4,2023-04,2023-04-01,549,Shortages and damages in operating area,Operating Costs,Shortages & Damages,-5069521.73,0.0,-5069521.73,2.0854734674293978,-2.110240782300194,NET_PROFIT,UNFAVORABLE,8,DRIVER_IDENTIFIED,ACCOUNT
2023,4,2023-04,2023-04-01,568,Other and extraordinary financial expenses,Financial Result,Other Financial Expenses,-5430183.99,0.0,-5430183.99,2.233840831057036,-2.2603701732414883,NET_PROFIT,UNFAVORABLE,7,DRIVER_IDENTIFIED,ACCOUNT
2023,4,2023-04,2023-04-01,591,Income tax - payable,Tax,Income Tax,-17699373.33,0.0,-17699373.33,7.281076092722952,-7.367546962289554,NET_PROFIT,UNFAVORABLE,4,DRIVER_IDENTIFIED,ACCOUNT
2023,4,2023-04,2023-04-01,602,Revenues from services,Revenue,Sales Revenue,-6761860.66,0.0,-6761860.66,2.7816590494986664,-2.814694341780305,NET_PROFIT,UNFAVORABLE,5,DRIVER_IDENTIFIED,ACCOUNT
2023,4,2023-04,2023-04-01,641,Revenues from sale of long-term intangible and tangible assets,Other Operating Income,Other Operating Income,-64922001.6,0.0,-64922001.6,26.707275163254685,-27.02445373379994,NET_PROFIT,UNFAVORABLE,2,DRIVER_IDENTIFIED,ACCOUNT
2023,4,2023-04,2023-04-01,662,Interest revenues,Financial Result,Interest Income,-4470867.65,0.0,-4470867.65,1.8392022674027324,-1.8610448381087479,NET_PROFIT,UNFAVORABLE,9,DRIVER_IDENTIFIED,ACCOUNT
2023,4,2023-04,2023-04-01,663,Foreign exchange gains,Financial Result,FX Gains,-2692929.99,0.0,-2692929.99,1.1078035252429845,-1.1209599231320888,NET_PROFIT,UNFAVORABLE,10,DRIVER_IDENTIFIED,ACCOUNT
2023,5,2023-05,2023-05-01,501,Material consumption,Operating Costs,Material Consumption,-6944559.73,0.0,-6944559.73,5.425582414914626,-5.478541353666118,NET_PROFIT,UNFAVORABLE,5,DRIVER_IDENTIFIED,ACCOUNT
2023,5,2023-05,2023-05-01,504,Cost of goods sold,Operating Costs,Cost of Goods Sold,-26281426.92,0.0,-26281426.92,20.532914004616945,-20.733335130314153,NET_PROFIT,UNFAVORABLE,2,DRIVER_IDENTIFIED,ACCOUNT
2023,5,2023-05,2023-05-01,521,Payroll costs (Wages),Operating Costs,Payroll Costs,-2606348.95,0.0,-2606348.95,2.0362645840834603,-2.056140498435783,NET_PROFIT,UNFAVORABLE,10,DRIVER_IDENTIFIED,ACCOUNT
2023,5,2023-05,2023-05-01,541,Net book value of sold long-term intangible and tangible assets,Non-Core Operating Items,Fixed Asset Disposal Costs,-48451730.0,0.0,-48451730.0,37.853926595889675,-38.223417578937756,NET_PROFIT,UNFAVORABLE,1,DRIVER_IDENTIFIED,ACCOUNT
2023,5,2023-05,2023-05-01,549,Shortages and damages in operating area,Operating Costs,Shortages & Damages,-3968098.12,0.0,-3968098.12,3.1001595806747835,-3.130420140518365,NET_PROFIT,UNFAVORABLE,8,DRIVER_IDENTIFIED,ACCOUNT
2023,5,2023-05,2023-05-01,568,Other and extraordinary financial expenses,Financial Result,Other Financial Expenses,-7202801.48,0.0,-7202801.48,5.627339178780315,-5.682267458937605,NET_PROFIT,UNFAVORABLE,4,DRIVER_IDENTIFIED,ACCOUNT
2023,5,2023-05,2023-05-01,591,Income tax - payable,Tax,Income Tax,-6265243.34,0.0,-6265243.34,4.894852289025524,-4.942630787765034,NET_PROFIT,UNFAVORABLE,6,DRIVER_IDENTIFIED,ACCOUNT
2023,5,2023-05,2023-05-01,602,Revenues from services,Revenue,Sales Revenue,-8482894.04,0.0,-8482894.04,6.62743824236761,-6.692128457927144,NET_PROFIT,UNFAVORABLE,3,DRIVER_IDENTIFIED,ACCOUNT
2023,5,2023-05,2023-05-01,662,Interest revenues,Financial Result,Interest Income,-4372949.72,0.0,-4372949.72,3.416458353672744,-3.4498062958589704,NET_PROFIT,UNFAVORABLE,7,DRIVER_IDENTIFIED,ACCOUNT
2023,5,2023-05,2023-05-01,663,Foreign exchange gains,Financial Result,FX Gains,-2881284.12,0.0,-2881284.12,2.2510634311794973,-2.273035990300495,NET_PROFIT,UNFAVORABLE,9,DRIVER_IDENTIFIED,ACCOUNT
2023,6,2023-06,2023-06-01,501,Material consumption,Operating Costs,Material Consumption,-6849736.36,0.0,-6849736.36,3.1706606003290303,-3.238475539685875,NET_PROFIT,UNFAVORABLE,8,DRIVER_IDENTIFIED,ACCOUNT
2023,6,2023-06,2023-06-01,504,Cost of goods sold,Operating Costs,Cost of Goods Sold,-25727025.24,0.0,-25727025.24,11.908730643778895,-12.163437768956864,NET_PROFIT,UNFAVORABLE,3,DRIVER_IDENTIFIED,ACCOUNT
2023,6,2023-06,2023-06-01,541,Net book value of sold long-term intangible and tangible assets,Non-Core Operating Items,Fixed Asset Disposal Costs,-40263082.0,0.0,-40263082.0,18.63729653752936,-19.035916034783945,NET_PROFIT,UNFAVORABLE,2,DRIVER_IDENTIFIED,ACCOUNT
2023,6,2023-06,2023-06-01,549,Shortages and damages in operating area,Operating Costs,Shortages & Damages,-4480667.5,0.0,-4480667.5,2.0740471105408753,-2.1184073864436237,NET_PROFIT,UNFAVORABLE,10,DRIVER_IDENTIFIED,ACCOUNT
2023,6,2023-06,2023-06-01,551,Depreciation of intangible and tangible fixed assets,EBITDA Adjustments,Depreciation,-12430088.1,0.0,-12430088.1,5.753738323045288,-5.876800821570667,NET_PROFIT,UNFAVORABLE,4,DRIVER_IDENTIFIED,ACCOUNT
2023,6,2023-06,2023-06-01,568,Other and extraordinary financial expenses,Financial Result,Other Financial Expenses,-7582667.3,0.0,-7582667.3,3.5099255197485157,-3.5849967481998,NET_PROFIT,UNFAVORABLE,7,DRIVER_IDENTIFIED,ACCOUNT
2023,6,2023-06,2023-06-01,591,Income tax - payable,Tax,Income Tax,-9422387.84,0.0,-9422387.84,4.361510037053069,-4.454795183573113,NET_PROFIT,UNFAVORABLE,5,DRIVER_IDENTIFIED,ACCOUNT
2023,6,2023-06,2023-06-01,602,Revenues from services,Revenue,Sales Revenue,-9023056.56,0.0,-9023056.56,4.176664389070354,-4.2659960072919025,NET_PROFIT,UNFAVORABLE,6,DRIVER_IDENTIFIED,ACCOUNT
2023,6,2023-06,2023-06-01,641,Revenues from sale of long-term intangible and tangible assets,Other Operating Income,Other Operating Income,-76039996.0,0.0,-76039996.0,35.197999849205445,-35.950824110814644,NET_PROFIT,UNFAVORABLE,1,DRIVER_IDENTIFIED,ACCOUNT
2023,6,2023-06,2023-06-01,662,Interest revenues,Financial Result,Interest Income,-6351646.33,0.0,-6351646.33,2.9401007144391,-3.002984377115582,NET_PROFIT,UNFAVORABLE,9,DRIVER_IDENTIFIED,ACCOUNT
2023,7,2023-07,2023-07-01,501,Material consumption,Operating Costs,Material Consumption,-6571777.9,0.0,-6571777.9,3.5744307288973536,-3.603536074118488,NET_PROFIT,UNFAVORABLE,7,DRIVER_IDENTIFIED,ACCOUNT
2023,7,2023-07,2023-07-01,504,Cost of goods sold,Operating Costs,Cost of Goods Sold,-24322022.63,0.0,-24322022.63,13.22889884601986,-13.336617164547087,NET_PROFIT,UNFAVORABLE,3,DRIVER_IDENTIFIED,ACCOUNT
2023,7,2023-07,2023-07-01,541,Net book value of sold long-term intangible and tangible assets,Non-Core Operating Items,Fixed Asset Disposal Costs,-44935730.0,0.0,-44935730.0,24.440822039563244,-24.63983514595774,NET_PROFIT,UNFAVORABLE,2,DRIVER_IDENTIFIED,ACCOUNT
2023,7,2023-07,2023-07-01,549,Shortages and damages in operating area,Operating Costs,Shortages & Damages,-5233102.97,0.0,-5233102.97,2.8463171379318832,-2.869493707626911,NET_PROFIT,UNFAVORABLE,9,DRIVER_IDENTIFIED,ACCOUNT
2023,7,2023-07,2023-07-01,551,Depreciation of intangible and tangible fixed assets,EBITDA Adjustments,Depreciation,-13888094.53,0.0,-13888094.53,7.55382068737643,-7.615328819865115,NET_PROFIT,UNFAVORABLE,4,DRIVER_IDENTIFIED,ACCOUNT
2023,7,2023-07,2023-07-01,568,Other and extraordinary financial expenses,Financial Result,Other Financial Expenses,-5814167.15,0.0,-5814167.15,3.1623615466228014,-3.1881115559276094,NET_PROFIT,UNFAVORABLE,8,DRIVER_IDENTIFIED,ACCOUNT
2023,7,2023-07,2023-07-01,591,Income tax - payable,Tax,Income Tax,-9591949.68,0.0,-9591949.68,5.217120877780902,-5.259602077089258,NET_PROFIT,UNFAVORABLE,5,DRIVER_IDENTIFIED,ACCOUNT
2023,7,2023-07,2023-07-01,602,Revenues from services,Revenue,Sales Revenue,-7674654.89,0.0,-7674654.89,4.17429235892137,-4.208282168593198,NET_PROFIT,UNFAVORABLE,6,DRIVER_IDENTIFIED,ACCOUNT
2023,7,2023-07,2023-07-01,641,Revenues from sale of long-term intangible and tangible assets,Other Operating Income,Other Operating Income,-48182800.8,0.0,-48182800.8,26.206923971648514,-26.420317831323104,NET_PROFIT,UNFAVORABLE,1,DRIVER_IDENTIFIED,ACCOUNT
2023,7,2023-07,2023-07-01,663,Foreign exchange gains,Financial Result,FX Gains,-4362359.0,0.0,-4362359.0,2.3727140961477,-2.392034281127403,NET_PROFIT,UNFAVORABLE,10,DRIVER_IDENTIFIED,ACCOUNT
2023,8,2023-08,2023-08-01,501,Material consumption,Operating Costs,Material Consumption,-6576595.59,0.0,-6576595.59,3.9612947247835795,-4.0435930692092725,NET_PROFIT,UNFAVORABLE,6,DRIVER_IDENTIFIED,ACCOUNT
2023,8,2023-08,2023-08-01,504,Cost of goods sold,Operating Costs,Cost of Goods Sold,-25410490.99,0.0,-25410490.99,15.30555475630936,-15.623537109169986,NET_PROFIT,UNFAVORABLE,2,DRIVER_IDENTIFIED,ACCOUNT
2023,8,2023-08,2023-08-01,541,Net book value of sold long-term intangible and tangible assets,Non-Core Operating Items,Fixed Asset Disposal Costs,-9254684.0,0.0,-9254684.0,5.574393378313078,-5.690204843524817,NET_PROFIT,UNFAVORABLE,3,DRIVER_IDENTIFIED,ACCOUNT
2023,8,2023-08,2023-08-01,549,Shortages and damages in operating area,Operating Costs,Shortages & Damages,-4030553.13,0.0,-4030553.13,2.427731587465445,-2.478169210575975,NET_PROFIT,UNFAVORABLE,9,DRIVER_IDENTIFIED,ACCOUNT
2023,8,2023-08,2023-08-01,568,Other and extraordinary financial expenses,Financial Result,Other Financial Expenses,-4062171.8,0.0,-4062171.8,2.446776527809066,-2.4976098213174995,NET_PROFIT,UNFAVORABLE,8,DRIVER_IDENTIFIED,ACCOUNT
2023,8,2023-08,2023-08-01,591,Income tax - payable,Tax,Income Tax,-7200450.24,0.0,-7200450.24,4.337062414959691,-4.427167565225072,NET_PROFIT,UNFAVORABLE,5,DRIVER_IDENTIFIED,ACCOUNT
2023,8,2023-08,2023-08-01,602,Revenues from services,Revenue,Sales Revenue,-9009561.62,0.0,-9009561.62,5.426748296973905,-5.539492344434374,NET_PROFIT,UNFAVORABLE,4,DRIVER_IDENTIFIED,ACCOUNT
2023,8,2023-08,2023-08-01,641,Revenues from sale of long-term intangible and tangible assets,Other Operating Income,Other Operating Income,-76331602.0,0.0,-76331602.0,45.97697519924282,-46.93217525465036,NET_PROFIT,UNFAVORABLE,1,DRIVER_IDENTIFIED,ACCOUNT
2023,8,2023-08,2023-08-01,662,Interest revenues,Financial Result,Interest Income,-5408254.3,0.0,-5408254.3,3.257565245680267,-3.325243175550231,NET_PROFIT,UNFAVORABLE,7,DRIVER_IDENTIFIED,ACCOUNT
2023,8,2023-08,2023-08-01,663,Foreign exchange gains,Financial Result,FX Gains,-3698327.66,0.0,-3698327.66,2.227621517788841,-2.2739017306127147,NET_PROFIT,UNFAVORABLE,10,DRIVER_IDENTIFIED,ACCOUNT
2023,9,2023-09,2023-09-01,501,Material consumption,Operating Costs,Material Consumption,-7039389.72,0.0,-7039389.72,3.8046081035402657,-3.8348759529536363,NET_PROFIT,UNFAVORABLE,6,DRIVER_IDENTIFIED,ACCOUNT
2023,9,2023-09,2023-09-01,504,Cost of goods sold,Operating Costs,Cost of Goods Sold,-23771535.37,0.0,-23771535.37,12.847900130509615,-12.950112578111362,NET_PROFIT,UNFAVORABLE,3,DRIVER_IDENTIFIED,ACCOUNT
2023,9,2023-09,2023-09-01,541,Net book value of sold long-term intangible and tangible assets,Non-Core Operating Items,Fixed Asset Disposal Costs,-75245022.0,0.0,-75245022.0,40.66798853868053,-40.991525817562966,NET_PROFIT,UNFAVORABLE,1,DRIVER_IDENTIFIED,ACCOUNT
2023,9,2023-09,2023-09-01,549,Shortages and damages in operating area,Operating Costs,Shortages & Damages,-4868531.42,0.0,-4868531.42,2.6313153312489703,-2.6522489606893394,NET_PROFIT,UNFAVORABLE,9,DRIVER_IDENTIFIED,ACCOUNT
2023,9,2023-09,2023-09-01,551,Depreciation of intangible and tangible fixed assets,EBITDA Adjustments,Depreciation,-31175951.0,0.0,-31175951.0,16.849795298756984,-16.983845128034886,NET_PROFIT,UNFAVORABLE,2,DRIVER_IDENTIFIED,ACCOUNT
2023,9,2023-09,2023-09-01,562,Interest expenses,Financial Result,Interest Expense,-3616218.92,0.0,-3616218.92,1.9544728100673516,-1.9700217673022893,NET_PROFIT,UNFAVORABLE,10,DRIVER_IDENTIFIED,ACCOUNT
2023,9,2023-09,2023-09-01,568,Other and extraordinary financial expenses,Financial Result,Other Financial Expenses,-4934695.95,0.0,-4934695.95,2.6670755486851108,-2.6882936712577266,NET_PROFIT,UNFAVORABLE,8,DRIVER_IDENTIFIED,ACCOUNT
2023,9,2023-09,2023-09-01,591,Income tax - payable,Tax,Income Tax,-5846079.42,0.0,-5846079.42,3.1596547456491693,-3.184791619523395,NET_PROFIT,UNFAVORABLE,7,DRIVER_IDENTIFIED,ACCOUNT
2023,9,2023-09,2023-09-01,602,Revenues from services,Revenue,Sales Revenue,-7976942.85,0.0,-7976942.85,4.311331324981333,-4.345630449559829,NET_PROFIT,UNFAVORABLE,4,DRIVER_IDENTIFIED,ACCOUNT
2023,9,2023-09,2023-09-01,641,Revenues from sale of long-term intangible and tangible assets,Other Operating Income,Other Operating Income,-7834103.6,0.0,-7834103.6,4.234130404209808,-4.267815350985782,NET_PROFIT,UNFAVORABLE,5,DRIVER_IDENTIFIED,ACCOUNT
2023,10,2023-10,2023-10-01,501,Material consumption,Operating Costs,Material Consumption,-6898432.45,0.0,-6898432.45,5.936609391708127,-6.134616714036485,NET_PROFIT,UNFAVORABLE,6,DRIVER_IDENTIFIED,ACCOUNT
2023,10,2023-10,2023-10-01,504,Cost of goods sold,Operating Costs,Cost of Goods Sold,-25293388.71,0.0,-25293388.71,21.766824572430263,-22.492826632663153,NET_PROFIT,UNFAVORABLE,1,DRIVER_IDENTIFIED,ACCOUNT
2023,10,2023-10,2023-10-01,541,Net book value of sold long-term intangible and tangible assets,Non-Core Operating Items,Fixed Asset Disposal Costs,-7997304.0,0.0,-7997304.0,6.882269324061434,-7.111817813861589,NET_PROFIT,UNFAVORABLE,5,DRIVER_IDENTIFIED,ACCOUNT
2023,10,2023-10,2023-10-01,551,Depreciation of intangible and tangible fixed assets,EBITDA Adjustments,Depreciation,-16778068.82,0.0,-16778068.82,14.43876440821527,-14.920349247230277,NET_PROFIT,UNFAVORABLE,2,DRIVER_IDENTIFIED,ACCOUNT
2023,10,2023-10,2023-10-01,568,Other and extraordinary financial expenses,Financial Result,Other Financial Expenses,-4616399.55,0.0,-4616399.55,3.9727519437270367,-4.105257541240475,NET_PROFIT,UNFAVORABLE,10,DRIVER_IDENTIFIED,ACCOUNT
2023,10,2023-10,2023-10-01,591,Income tax - payable,Tax,Income Tax,-6794930.65,0.0,-6794930.65,5.847538466915829,-6.042574952837119,NET_PROFIT,UNFAVORABLE,7,DRIVER_IDENTIFIED,ACCOUNT
2023,10,2023-10,2023-10-01,602,Revenues from services,Revenue,Sales Revenue,-9228721.56,0.0,-9228721.56,7.941994863855668,-8.206889020296904,NET_PROFIT,UNFAVORABLE,4,DRIVER_IDENTIFIED,ACCOUNT
2023,10,2023-10,2023-10-01,641,Revenues from sale of long-term intangible and tangible assets,Other Operating Income,Other Operating Income,-11252625.2,0.0,-11252625.2,9.68371306494297,-10.006699801591614,NET_PROFIT,UNFAVORABLE,3,DRIVER_IDENTIFIED,ACCOUNT
2023,10,2023-10,2023-10-01,662,Interest revenues,Financial Result,Interest Income,-5074917.16,0.0,-5074917.16,4.367340130176491,-4.513006666041439,NET_PROFIT,UNFAVORABLE,8,DRIVER_IDENTIFIED,ACCOUNT
2023,10,2023-10,2023-10-01,663,Foreign exchange gains,Financial Result,FX Gains,-4702277.08,0.0,-4702277.08,4.046655885648611,-4.181626446019441,NET_PROFIT,UNFAVORABLE,9,DRIVER_IDENTIFIED,ACCOUNT
2023,11,2023-11,2023-11-01,501,Material consumption,Operating Costs,Material Consumption,-6809360.64,0.0,-6809360.64,2.1852410784790295,-2.2015093369371836,NET_PROFIT,UNFAVORABLE,5,DRIVER_IDENTIFIED,ACCOUNT
2023,11,2023-11,2023-11-01,504,Cost of goods sold,Operating Costs,Cost of Goods Sold,-24456682.69,0.0,-24456682.69,7.848570590250749,-7.907000104571492,NET_PROFIT,UNFAVORABLE,2,DRIVER_IDENTIFIED,ACCOUNT
2023,11,2023-11,2023-11-01,541,Net book value of sold long-term intangible and tangible assets,Non-Core Operating Items,Fixed Asset Disposal Costs,-226674054.0,0.0,-226674054.0,72.74360698659864,-73.28515446677874,NET_PROFIT,UNFAVORABLE,1,DRIVER_IDENTIFIED,ACCOUNT
2023,11,2023-11,2023-11-01,549,Shortages and damages in operating area,Operating Costs,Shortages & Damages,-4979760.06,0.0,-4979760.06,1.5980907488079814,-1.6099879045027152,NET_PROFIT,UNFAVORABLE,7,DRIVER_IDENTIFIED,ACCOUNT
2023,11,2023-11,2023-11-01,568,Other and extraordinary financial expenses,Financial Result,Other Financial Expenses,-6153986.4,0.0,-6153986.4,1.9749202000969772,-1.989622702519167,NET_PROFIT,UNFAVORABLE,6,DRIVER_IDENTIFIED,ACCOUNT
2023,11,2023-11,2023-11-01,591,Income tax - payable,Tax,Income Tax,-10205684.92,0.0,-10205684.92,3.275180020601459,-3.2995624448551775,NET_PROFIT,UNFAVORABLE,3,DRIVER_IDENTIFIED,ACCOUNT
2023,11,2023-11,2023-11-01,602,Revenues from services,Revenue,Sales Revenue,-8769690.74,0.0,-8769690.74,2.81434476212515,-2.8352964495300337,NET_PROFIT,UNFAVORABLE,4,DRIVER_IDENTIFIED,ACCOUNT
2023,11,2023-11,2023-11-01,641,Revenues from sale of long-term intangible and tangible assets,Other Operating Income,Other Operating Income,-4011890.8,0.0,-4011890.8,1.2874848377148218,-1.2970696548350809,NET_PROFIT,UNFAVORABLE,9,DRIVER_IDENTIFIED,ACCOUNT
2023,11,2023-11,2023-11-01,662,Interest revenues,Financial Result,Interest Income,-4620982.92,0.0,-4620982.92,1.4829529868657352,-1.4939929873074325,NET_PROFIT,UNFAVORABLE,8,DRIVER_IDENTIFIED,ACCOUNT
2023,11,2023-11,2023-11-01,663,Foreign exchange gains,Financial Result,FX Gains,-2683488.63,0.0,-2683488.63,0.8611777078541419,-0.867588836432927,NET_PROFIT,UNFAVORABLE,10,DRIVER_IDENTIFIED,ACCOUNT
2023,12,2023-12,2023-12-01,501,Material consumption,Operating Costs,Material Consumption,-6706150.72,0.0,-6706150.72,5.403363996161695,-5.515963722562458,NET_PROFIT,UNFAVORABLE,6,DRIVER_IDENTIFIED,ACCOUNT
2023,12,2023-12,2023-12-01,504,Cost of goods sold,Operating Costs,Cost of Goods Sold,-22518046.68,0.0,-22518046.68,18.143523427191983,-18.52161303494354,NET_PROFIT,UNFAVORABLE,2,DRIVER_IDENTIFIED,ACCOUNT
2023,12,2023-12,2023-12-01,549,Shortages and damages in operating area,Operating Costs,Shortages & Damages,-5496840.43,0.0,-5496840.43,4.428983318780519,-4.521278102230697,NET_PROFIT,UNFAVORABLE,8,DRIVER_IDENTIFIED,ACCOUNT
2023,12,2023-12,2023-12-01,551,Depreciation of intangible and tangible fixed assets,EBITDA Adjustments,Depreciation,-9559562.4,0.0,-9559562.4,7.702450697562176,-7.862960676489554,NET_PROFIT,UNFAVORABLE,3,DRIVER_IDENTIFIED,ACCOUNT
2023,12,2023-12,2023-12-01,568,Other and extraordinary financial expenses,Financial Result,Other Financial Expenses,-5597496.73,0.0,-5597496.73,4.510085377191586,-4.604070231788944,NET_PROFIT,UNFAVORABLE,7,DRIVER_IDENTIFIED,ACCOUNT
2023,12,2023-12,2023-12-01,591,Income tax - payable,Tax,Income Tax,-8256940.15,0.0,-8256940.15,6.652885535649271,-6.791523815732167,NET_PROFIT,UNFAVORABLE,5,DRIVER_IDENTIFIED,ACCOUNT
2023,12,2023-12,2023-12-01,602,Revenues from services,Revenue,Sales Revenue,-8359591.82,0.0,-8359591.82,6.7355953286412005,-6.875957183161829,NET_PROFIT,UNFAVORABLE,4,DRIVER_IDENTIFIED,ACCOUNT
2023,12,2023-12,2023-12-01,641,Revenues from sale of long-term intangible and tangible assets,Other Operating Income,Other Operating Income,-40297060.0,0.0,-40297060.0,32.46865336709396,-33.14526177036515,NET_PROFIT,UNFAVORABLE,1,DRIVER_IDENTIFIED,ACCOUNT
2023,12,2023-12,2023-12-01,662,Interest revenues,Financial Result,Interest Income,-5068693.96,0.0,-5068693.96,4.084011766891252,-4.169117750477795,NET_PROFIT,UNFAVORABLE,9,DRIVER_IDENTIFIED,ACCOUNT
2023,12,2023-12,2023-12-01,663,Foreign exchange gains,Financial Result,FX Gains,-2767395.61,0.0,-2767395.61,2.2297807530054934,-2.276246751391028,NET_PROFIT,UNFAVORABLE,10,DRIVER_IDENTIFIED,ACCOUNT
2024,1,2024-01,2024-01-01,501,Material consumption,Operating Costs,Material Consumption,-6888421.18,0.0,-6888421.18,2.9160976451464413,-2.961397158399165,NET_PROFIT,UNFAVORABLE,6,DRIVER_IDENTIFIED,ACCOUNT
2024,1,2024-01,2024-01-01,504,Cost of goods sold,Operating Costs,Cost of Goods Sold,-26000528.15,0.0,-26000528.15,11.006887780166014,-11.177871992474115,NET_PROFIT,UNFAVORABLE,3,DRIVER_IDENTIFIED,ACCOUNT
2024,1,2024-01,2024-01-01,541,Net book value of sold long-term intangible and tangible assets,Non-Core Operating Items,Fixed Asset Disposal Costs,-103982604.0,0.0,-103982604.0,44.01929248185068,-44.70310103897359,NET_PROFIT,UNFAVORABLE,1,DRIVER_IDENTIFIED,ACCOUNT
2024,1,2024-01,2024-01-01,549,Shortages and damages in operating area,Operating Costs,Shortages & Damages,-4828622.41,0.0,-4828622.41,2.0441163615234013,-2.075870262618949,NET_PROFIT,UNFAVORABLE,8,DRIVER_IDENTIFIED,ACCOUNT
2024,1,2024-01,2024-01-01,551,Depreciation of intangible and tangible fixed assets,EBITDA Adjustments,Depreciation,-2390574.41,0.0,-2390574.41,1.012009606466651,-1.0277304595239285,NET_PROFIT,UNFAVORABLE,10,DRIVER_IDENTIFIED,ACCOUNT
2024,1,2024-01,2024-01-01,562,Interest expenses,Financial Result,Interest Expense,-3877761.04,0.0,-3877761.04,1.6415851385534204,-1.667086001963514,NET_PROFIT,UNFAVORABLE,9,DRIVER_IDENTIFIED,ACCOUNT
2024,1,2024-01,2024-01-01,591,Income tax - payable,Tax,Income Tax,-7738837.94,0.0,-7738837.94,3.2761073260918026,-3.3269993349662816,NET_PROFIT,UNFAVORABLE,5,DRIVER_IDENTIFIED,ACCOUNT
2024,1,2024-01,2024-01-01,602,Revenues from services,Revenue,Sales Revenue,-8764508.96,0.0,-8764508.96,3.7103079604550095,-3.7679449689091205,NET_PROFIT,UNFAVORABLE,4,DRIVER_IDENTIFIED,ACCOUNT
2024,1,2024-01,2024-01-01,641,Revenues from sale of long-term intangible and tangible assets,Other Operating Income,Other Operating Income,-51858404.4,0.0,-51858404.4,21.953386269550354,-22.294416589270572,NET_PROFIT,UNFAVORABLE,2,DRIVER_IDENTIFIED,ACCOUNT
2024,1,2024-01,2024-01-01,662,Interest revenues,Financial Result,Interest Income,-5558123.47,0.0,-5558123.47,2.35293840762219,-2.3894896406566284,NET_PROFIT,UNFAVORABLE,7,DRIVER_IDENTIFIED,ACCOUNT
2024,2,2024-02,2024-02-01,501,Material consumption,Operating Costs,Material Consumption,-6656038.15,0.0,-6656038.15,6.324082233731311,-6.424605832670012,NET_PROFIT,UNFAVORABLE,4,DRIVER_IDENTIFIED,ACCOUNT
2024,2,2024-02,2024-02-01,504,Cost of goods sold,Operating Costs,Cost of Goods Sold,-24349381.43,0.0,-24349381.43,23.13500719700804,-23.502746593645178,NET_PROFIT,UNFAVORABLE,1,DRIVER_IDENTIFIED,ACCOUNT
2024,2,2024-02,2024-02-01,541,Net book value of sold long-term intangible and tangible assets,Non-Core Operating Items,Fixed Asset Disposal Costs,-21451180.0,0.0,-21451180.0,20.381347473282197,-20.705316441981974,NET_PROFIT,UNFAVORABLE,2,DRIVER_IDENTIFIED,ACCOUNT
2024,2,2024-02,2024-02-01,549,Shortages and damages in operating area,Operating Costs,Shortages & Damages,-4455408.82,0.0,-4455408.82,4.233204667339803,-4.300493003018832,NET_PROFIT,UNFAVORABLE,9,DRIVER_IDENTIFIED,ACCOUNT
2024,2,2024-02,2024-02-01,551,Depreciation of intangible and tangible fixed assets,EBITDA Adjustments,Depreciation,-6056124.8,0.0,-6056124.8,5.754088301452956,-5.845551638470928,NET_PROFIT,UNFAVORABLE,6,DRIVER_IDENTIFIED,ACCOUNT
2024,2,2024-02,2024-02-01,562,Interest expenses,Financial Result,Interest Expense,-5010725.89,0.0,-5010725.89,4.760826465372123,-4.836501542408471,NET_PROFIT,UNFAVORABLE,7,DRIVER_IDENTIFIED,ACCOUNT
2024,2,2024-02,2024-02-01,591,Income tax - payable,Tax,Income Tax,-4758524.06,0.0,-4758524.06,4.521202671686757,-4.593068840925525,NET_PROFIT,UNFAVORABLE,8,DRIVER_IDENTIFIED,ACCOUNT
2024,2,2024-02,2024-02-01,602,Revenues from services,Revenue,Sales Revenue,-9361178.35,0.0,-9361178.35,8.894309250620083,-9.035687547565248,NET_PROFIT,UNFAVORABLE,3,DRIVER_IDENTIFIED,ACCOUNT
2024,2,2024-02,2024-02-01,641,Revenues from sale of long-term intangible and tangible assets,Other Operating Income,Other Operating Income,-4074010.8,0.0,-4074010.8,3.8708280721482162,-3.932356299376171,NET_PROFIT,UNFAVORABLE,10,DRIVER_IDENTIFIED,ACCOUNT
2024,2,2024-02,2024-02-01,662,Interest revenues,Financial Result,Interest Income,-6135896.37,0.0,-6135896.37,5.82988143202476,-5.922549528560132,NET_PROFIT,UNFAVORABLE,5,DRIVER_IDENTIFIED,ACCOUNT
2024,3,2024-03,2024-03-01,501,Material consumption,Operating Costs,Material Consumption,-6893397.51,0.0,-6893397.51,3.8900540637904624,-3.959537154346679,NET_PROFIT,UNFAVORABLE,4,DRIVER_IDENTIFIED,ACCOUNT
2024,3,2024-03,2024-03-01,504,Cost of goods sold,Operating Costs,Cost of Goods Sold,-24817445.65,0.0,-24817445.65,14.004880055681198,-14.25503142457751,NET_PROFIT,UNFAVORABLE,2,DRIVER_IDENTIFIED,ACCOUNT
2024,3,2024-03,2024-03-01,541,Net book value of sold long-term intangible and tangible assets,Non-Core Operating Items,Fixed Asset Disposal Costs,-6809095.0,0.0,-6809095.0,3.8424808140050692,-3.9111141640773015,NET_PROFIT,UNFAVORABLE,5,DRIVER_IDENTIFIED,ACCOUNT
2024,3,2024-03,2024-03-01,549,Shortages and damages in operating area,Operating Costs,Shortages & Damages,-5985532.09,0.0,-5985532.09,3.377731140105501,-3.4380632575603967,NET_PROFIT,UNFAVORABLE,7,DRIVER_IDENTIFIED,ACCOUNT
2024,3,2024-03,2024-03-01,562,Interest expenses,Financial Result,Interest Expense,-6020709.18,0.0,-6020709.18,3.3975821325527393,-3.458268823050381,NET_PROFIT,UNFAVORABLE,6,DRIVER_IDENTIFIED,ACCOUNT
2024,3,2024-03,2024-03-01,568,Other and extraordinary financial expenses,Financial Result,Other Financial Expenses,-4383158.28,0.0,-4383158.28,2.473486064689575,-2.5176668018731863,NET_PROFIT,UNFAVORABLE,9,DRIVER_IDENTIFIED,ACCOUNT
2024,3,2024-03,2024-03-01,591,Income tax - payable,Tax,Income Tax,-5014176.68,0.0,-5014176.68,2.8295798033265265,-2.8801209902834515,NET_PROFIT,UNFAVORABLE,8,DRIVER_IDENTIFIED,ACCOUNT
2024,3,2024-03,2024-03-01,602,Revenues from services,Revenue,Sales Revenue,-8638797.14,0.0,-8638797.14,4.875010888602945,-4.9620870108060595,NET_PROFIT,UNFAVORABLE,3,DRIVER_IDENTIFIED,ACCOUNT
2024,3,2024-03,2024-03-01,641,Revenues from sale of long-term intangible and tangible assets,Other Operating Income,Other Operating Income,-90505149.2,0.0,-90505149.2,51.07349792735544,-51.98575889425092,NET_PROFIT,UNFAVORABLE,1,DRIVER_IDENTIFIED,ACCOUNT
2024,3,2024-03,2024-03-01,662,Interest revenues,Financial Result,Interest Income,-3781009.52,0.0,-3781009.52,2.1336839239532592,-2.1717952074663547,NET_PROFIT,UNFAVORABLE,10,DRIVER_IDENTIFIED,ACCOUNT
2024,4,2024-04,2024-04-01,501,Material consumption,Operating Costs,Material Consumption,-6726707.0,0.0,-6726707.0,2.418741031602495,-2.4365199840013103,NET_PROFIT,UNFAVORABLE,6,DRIVER_IDENTIFIED,ACCOUNT
2024,4,2024-04,2024-04-01,504,Cost of goods sold,Operating Costs,Cost of Goods Sold,-23171953.14,0.0,-23171953.14,8.332004626050797,-8.393249013811948,NET_PROFIT,UNFAVORABLE,2,DRIVER_IDENTIFIED,ACCOUNT
2024,4,2024-04,2024-04-01,541,Net book value of sold long-term intangible and tangible assets,Non-Core Operating Items,Fixed Asset Disposal Costs,-174766236.0,0.0,-174766236.0,62.84118900257215,-63.30310306999982,NET_PROFIT,UNFAVORABLE,1,DRIVER_IDENTIFIED,ACCOUNT
2024,4,2024-04,2024-04-01,549,Shortages and damages in operating area,Operating Costs,Shortages & Damages,-6495797.29,0.0,-6495797.29,2.3357121751096477,-2.352880824020811,NET_PROFIT,UNFAVORABLE,7,DRIVER_IDENTIFIED,ACCOUNT
2024,4,2024-04,2024-04-01,551,Depreciation of intangible and tangible fixed assets,EBITDA Adjustments,Depreciation,-15235827.26,0.0,-15235827.26,5.478389432477112,-5.51865832595086,NET_PROFIT,UNFAVORABLE,3,DRIVER_IDENTIFIED,ACCOUNT
2024,4,2024-04,2024-04-01,562,Interest expenses,Financial Result,Interest Expense,-4804612.03,0.0,-4804612.03,1.7276079154171513,-1.7403066948609633,NET_PROFIT,UNFAVORABLE,10,DRIVER_IDENTIFIED,ACCOUNT
2024,4,2024-04,2024-04-01,591,Income tax - payable,Tax,Income Tax,-5871539.66,0.0,-5871539.66,2.1112460962434314,-2.126764807571708,NET_PROFIT,UNFAVORABLE,8,DRIVER_IDENTIFIED,ACCOUNT
2024,4,2024-04,2024-04-01,602,Revenues from services,Revenue,Sales Revenue,-7925104.72,0.0,-7925104.72,2.849652283949725,-2.870598648875759,NET_PROFIT,UNFAVORABLE,5,DRIVER_IDENTIFIED,ACCOUNT
2024,4,2024-04,2024-04-01,641,Revenues from sale of long-term intangible and tangible assets,Other Operating Income,Other Operating Income,-12680596.0,0.0,-12680596.0,4.559597712576819,-4.593113028863467,NET_PROFIT,UNFAVORABLE,4,DRIVER_IDENTIFIED,ACCOUNT
2024,4,2024-04,2024-04-01,662,Interest revenues,Financial Result,Interest Income,-5238086.65,0.0,-5238086.65,1.8834736086236936,-1.8973180786163988,NET_PROFIT,UNFAVORABLE,9,DRIVER_IDENTIFIED,ACCOUNT
2024,5,2024-05,2024-05-01,501,Material consumption,Operating Costs,Material Consumption,-7069046.04,0.0,-7069046.04,3.8131448612595924,-3.816554707717891,NET_PROFIT,UNFAVORABLE,5,DRIVER_IDENTIFIED,ACCOUNT
2024,5,2024-05,2024-05-01,504,Cost of goods sold,Operating Costs,Cost of Goods Sold,-24901119.37,0.0,-24901119.37,13.432021071591041,-13.44403245094987,NET_PROFIT,UNFAVORABLE,2,DRIVER_IDENTIFIED,ACCOUNT
2024,5,2024-05,2024-05-01,541,Net book value of sold long-term intangible and tangible assets,Non-Core Operating Items,Fixed Asset Disposal Costs,-92288640.0,0.0,-92288640.0,49.78181658138366,-49.8263332092942,NET_PROFIT,UNFAVORABLE,1,DRIVER_IDENTIFIED,ACCOUNT
2024,5,2024-05,2024-05-01,549,Shortages and damages in operating area,Operating Costs,Shortages & Damages,-4336381.83,0.0,-4336381.83,2.3391065778833107,-2.3411982881566895,NET_PROFIT,UNFAVORABLE,9,DRIVER_IDENTIFIED,ACCOUNT
2024,5,2024-05,2024-05-01,551,Depreciation of intangible and tangible fixed assets,EBITDA Adjustments,Depreciation,-11937378.91,0.0,-11937378.91,6.439193462598404,-6.444951612844887,NET_PROFIT,UNFAVORABLE,3,DRIVER_IDENTIFIED,ACCOUNT
2024,5,2024-05,2024-05-01,562,Interest expenses,Financial Result,Interest Expense,-4542006.39,0.0,-4542006.39,2.45002341586627,-2.4522143118251982,NET_PROFIT,UNFAVORABLE,8,DRIVER_IDENTIFIED,ACCOUNT
2024,5,2024-05,2024-05-01,568,Other and extraordinary financial expenses,Financial Result,Other Financial Expenses,-3695063.16,0.0,-3695063.16,1.9931700855896013,-1.9949524474469187,NET_PROFIT,UNFAVORABLE,10,DRIVER_IDENTIFIED,ACCOUNT
2024,5,2024-05,2024-05-01,602,Revenues from services,Revenue,Sales Revenue,-9487469.47,0.0,-9487469.47,5.117677159150002,-5.12225356365882,NET_PROFIT,UNFAVORABLE,4,DRIVER_IDENTIFIED,ACCOUNT
2024,5,2024-05,2024-05-01,641,Revenues from sale of long-term intangible and tangible assets,Other Operating Income,Other Operating Income,-5895586.0,0.0,-5895586.0,3.180163678777511,-3.1830074914967863,NET_PROFIT,UNFAVORABLE,7,DRIVER_IDENTIFIED,ACCOUNT
2024,5,2024-05,2024-05-01,662,Interest revenues,Financial Result,Interest Income,-7031116.57,0.0,-7031116.57,3.792685160926278,-3.7960767116105485,NET_PROFIT,UNFAVORABLE,6,DRIVER_IDENTIFIED,ACCOUNT
2024,6,2024-06,2024-06-01,501,Material consumption,Operating Costs,Material Consumption,-6622742.62,0.0,-6622742.62,2.801386433825772,-2.818708823280499,NET_PROFIT,UNFAVORABLE,5,DRIVER_IDENTIFIED,ACCOUNT
2024,6,2024-06,2024-06-01,504,Cost of goods sold,Operating Costs,Cost of Goods Sold,-22470688.77,0.0,-22470688.77,9.504987025903645,-9.563761168962507,NET_PROFIT,UNFAVORABLE,2,DRIVER_IDENTIFIED,ACCOUNT
2024,6,2024-06,2024-06-01,541,Net book value of sold long-term intangible and tangible assets,Non-Core Operating Items,Fixed Asset Disposal Costs,-162633471.0,0.0,-162633471.0,68.79313080498319,-69.21851353305848,NET_PROFIT,UNFAVORABLE,1,DRIVER_IDENTIFIED,ACCOUNT
2024,6,2024-06,2024-06-01,549,Shortages and damages in operating area,Operating Costs,Shortages & Damages,-3290324.86,0.0,-3290324.86,1.3917906756406127,-1.4003968214517708,NET_PROFIT,UNFAVORABLE,8,DRIVER_IDENTIFIED,ACCOUNT
2024,6,2024-06,2024-06-01,562,Interest expenses,Financial Result,Interest Expense,-3149552.77,0.0,-3149552.77,1.3322447977747898,-1.3404827413006934,NET_PROFIT,UNFAVORABLE,10,DRIVER_IDENTIFIED,ACCOUNT
2024,6,2024-06,2024-06-01,568,Other and extraordinary financial expenses,Financial Result,Other Financial Expenses,-3178065.21,0.0,-3178065.21,1.344305414832451,-1.3526179352547134,NET_PROFIT,UNFAVORABLE,9,DRIVER_IDENTIFIED,ACCOUNT
2024,6,2024-06,2024-06-01,591,Income tax - payable,Tax,Income Tax,-5993322.89,0.0,-5993322.89,2.5351450903256554,-2.5508211748702956,NET_PROFIT,UNFAVORABLE,6,DRIVER_IDENTIFIED,ACCOUNT
2024,6,2024-06,2024-06-01,602,Revenues from services,Revenue,Sales Revenue,-7745502.49,0.0,-7745502.49,3.2763081465862154,-3.296567217239083,NET_PROFIT,UNFAVORABLE,3,DRIVER_IDENTIFIED,ACCOUNT
2024,6,2024-06,2024-06-01,641,Revenues from sale of long-term intangible and tangible assets,Other Operating Income,Other Operating Income,-6980718.8,0.0,-6980718.8,2.952808536695409,-2.971067245611918,NET_PROFIT,UNFAVORABLE,4,DRIVER_IDENTIFIED,ACCOUNT
2024,6,2024-06,2024-06-01,662,Interest revenues,Financial Result,Interest Income,-4093963.35,0.0,-4093963.35,1.7317256682504008,-1.742433804083419,NET_PROFIT,UNFAVORABLE,7,DRIVER_IDENTIFIED,ACCOUNT
2024,7,2024-07,2024-07-01,501,Material consumption,Operating Costs,Material Consumption,-6958173.25,0.0,-6958173.25,3.766076820823522,-3.8101752176974655,NET_PROFIT,UNFAVORABLE,7,DRIVER_IDENTIFIED,ACCOUNT
2024,7,2024-07,2024-07-01,504,Cost of goods sold,Operating Costs,Cost of Goods Sold,-25855615.7,0.0,-25855615.7,13.994223983412708,-14.158087566797722,NET_PROFIT,UNFAVORABLE,3,DRIVER_IDENTIFIED,ACCOUNT
2024,7,2024-07,2024-07-01,541,Net book value of sold long-term intangible and tangible assets,Non-Core Operating Items,Fixed Asset Disposal Costs,-37722294.0,0.0,-37722294.0,20.417004859959505,-20.6560751779927,NET_PROFIT,UNFAVORABLE,2,DRIVER_IDENTIFIED,ACCOUNT
2024,7,2024-07,2024-07-01,549,Shortages and damages in operating area,Operating Costs,Shortages & Damages,-4802881.71,0.0,-4802881.71,2.599535945901928,-2.6299748809753227,NET_PROFIT,UNFAVORABLE,8,DRIVER_IDENTIFIED,ACCOUNT
2024,7,2024-07,2024-07-01,562,Interest expenses,Financial Result,Interest Expense,-3667275.82,0.0,-3667275.82,1.9848948804585418,-2.0081367542587634,NET_PROFIT,UNFAVORABLE,10,DRIVER_IDENTIFIED,ACCOUNT
2024,7,2024-07,2024-07-01,568,Other and extraordinary financial expenses,Financial Result,Other Financial Expenses,-3983128.22,0.0,-3983128.22,2.1558484281359416,-2.181092060729505,NET_PROFIT,UNFAVORABLE,9,DRIVER_IDENTIFIED,ACCOUNT
2024,7,2024-07,2024-07-01,591,Income tax - payable,Tax,Income Tax,-8086271.66,0.0,-8086271.66,4.376654499887329,-4.4279023783291604,NET_PROFIT,UNFAVORABLE,5,DRIVER_IDENTIFIED,ACCOUNT
2024,7,2024-07,2024-07-01,602,Revenues from services,Revenue,Sales Revenue,-9155108.3,0.0,-9155108.3,4.955157039350672,-5.01317881959843,NET_PROFIT,UNFAVORABLE,4,DRIVER_IDENTIFIED,ACCOUNT
2024,7,2024-07,2024-07-01,641,Revenues from sale of long-term intangible and tangible assets,Other Operating Income,Other Operating Income,-64313079.6,0.0,-64313079.6,34.80913591183406,-35.21672905539172,NET_PROFIT,UNFAVORABLE,1,DRIVER_IDENTIFIED,ACCOUNT
2024,7,2024-07,2024-07-01,662,Interest revenues,Financial Result,Interest Income,-7051031.37,0.0,-7051031.37,3.816335818521984,-3.8610227167283324,NET_PROFIT,UNFAVORABLE,6,DRIVER_IDENTIFIED,ACCOUNT
2024,8,2024-08,2024-08-01,501,Material consumption,Operating Costs,Material Consumption,-6074659.35,0.0,-6074659.35,4.828332389667697,-4.946479376650398,NET_PROFIT,UNFAVORABLE,6,DRIVER_IDENTIFIED,ACCOUNT
2024,8,2024-08,2024-08-01,504,Cost of goods sold,Operating Costs,Cost of Goods Sold,-22615324.82,0.0,-22615324.82,17.975379200689133,-18.415228142526193,NET_PROFIT,UNFAVORABLE,2,DRIVER_IDENTIFIED,ACCOUNT
2024,8,2024-08,2024-08-01,541,Net book value of sold long-term intangible and tangible assets,Non-Core Operating Items,Fixed Asset Disposal Costs,-33024879.0,0.0,-33024879.0,26.24922382529261,-26.891529792510067,NET_PROFIT,UNFAVORABLE,1,DRIVER_IDENTIFIED,ACCOUNT
2024,8,2024-08,2024-08-01,549,Shortages and damages in operating area,Operating Costs,Shortages & Damages,-5424447.5,0.0,-5424447.5,4.311523338391306,-4.417024254779457,NET_PROFIT,UNFAVORABLE,7,DRIVER_IDENTIFIED,ACCOUNT
2024,8,2024-08,2024-08-01,551,Depreciation of intangible and tangible fixed assets,EBITDA Adjustments,Depreciation,-12338240.43,0.0,-12338240.43,9.806825776934552,-10.046794118776246,NET_PROFIT,UNFAVORABLE,3,DRIVER_IDENTIFIED,ACCOUNT
2024,8,2024-08,2024-08-01,562,Interest expenses,Financial Result,Interest Expense,-4130651.08,0.0,-4130651.08,3.283172808690886,-3.3635104788812056,NET_PROFIT,UNFAVORABLE,10,DRIVER_IDENTIFIED,ACCOUNT
2024,8,2024-08,2024-08-01,568,Other and extraordinary financial expenses,Financial Result,Other Financial Expenses,-4881263.04,0.0,-4881263.04,3.8797830595257667,-3.9747194975411793,NET_PROFIT,UNFAVORABLE,8,DRIVER_IDENTIFIED,ACCOUNT
2024,8,2024-08,2024-08-01,591,Income tax - payable,Tax,Income Tax,-9035358.91,0.0,-9035358.91,7.181590532714501,-7.357320622258336,NET_PROFIT,UNFAVORABLE,5,DRIVER_IDENTIFIED,ACCOUNT
2024,8,2024-08,2024-08-01,602,Revenues from services,Revenue,Sales Revenue,-9468919.1,0.0,-9468919.1,7.526197956379743,-7.7103604249547,NET_PROFIT,UNFAVORABLE,4,DRIVER_IDENTIFIED,ACCOUNT
2024,8,2024-08,2024-08-01,662,Interest revenues,Financial Result,Interest Income,-4355615.98,0.0,-4355615.98,3.4619820637659644,-3.5466951110071574,NET_PROFIT,UNFAVORABLE,9,DRIVER_IDENTIFIED,ACCOUNT
2024,9,2024-09,2024-09-01,501,Material consumption,Operating Costs,Material Consumption,-5947864.46,0.0,-5947864.46,6.165913951114591,-6.224163179211572,NET_PROFIT,UNFAVORABLE,5,DRIVER_IDENTIFIED,ACCOUNT
2024,9,2024-09,2024-09-01,504,Cost of goods sold,Operating Costs,Cost of Goods Sold,-24014255.62,0.0,-24014255.62,24.894621380291166,-25.129800218443204,NET_PROFIT,UNFAVORABLE,1,DRIVER_IDENTIFIED,ACCOUNT
2024,9,2024-09,2024-09-01,541,Net book value of sold long-term intangible and tangible assets,Non-Core Operating Items,Fixed Asset Disposal Costs,-13690576.0,0.0,-13690576.0,14.192474311560655,-14.326550245799927,NET_PROFIT,UNFAVORABLE,2,DRIVER_IDENTIFIED,ACCOUNT
2024,9,2024-09,2024-09-01,549,Shortages and damages in operating area,Operating Costs,Shortages & Damages,-5475129.95,0.0,-5475129.95,5.675848931982948,-5.7294685286403615,NET_PROFIT,UNFAVORABLE,6,DRIVER_IDENTIFIED,ACCOUNT
2024,9,2024-09,2024-09-01,551,Depreciation of intangible and tangible fixed assets,EBITDA Adjustments,Depreciation,-4698122.63,0.0,-4698122.63,4.870356421733957,-4.9163665516793955,NET_PROFIT,UNFAVORABLE,8,DRIVER_IDENTIFIED,ACCOUNT
2024,9,2024-09,2024-09-01,562,Interest expenses,Financial Result,Interest Expense,-3268810.87,0.0,-3268810.87,3.3886459051704794,-3.420658354555131,NET_PROFIT,UNFAVORABLE,9,DRIVER_IDENTIFIED,ACCOUNT
2024,9,2024-09,2024-09-01,568,Other and extraordinary financial expenses,Financial Result,Other Financial Expenses,-3187860.5,0.0,-3187860.5,3.3047278839903385,-3.335947562020099,NET_PROFIT,UNFAVORABLE,10,DRIVER_IDENTIFIED,ACCOUNT
2024,9,2024-09,2024-09-01,591,Income tax - payable,Tax,Income Tax,-5394319.63,0.0,-5394319.63,5.592076095054173,-5.644904291908526,NET_PROFIT,UNFAVORABLE,7,DRIVER_IDENTIFIED,ACCOUNT
2024,9,2024-09,2024-09-01,602,Revenues from services,Revenue,Sales Revenue,-7948529.02,0.0,-7948529.02,8.239923136254047,-8.317765474968244,NET_PROFIT,UNFAVORABLE,4,DRIVER_IDENTIFIED,ACCOUNT
2024,9,2024-09,2024-09-01,662,Interest revenues,Financial Result,Interest Income,-8318749.72,0.0,-8318749.72,8.62371617566729,-8.705184197203542,NET_PROFIT,UNFAVORABLE,3,DRIVER_IDENTIFIED,ACCOUNT
2024,10,2024-10,2024-10-01,501,Material consumption,Operating Costs,Material Consumption,-7756614.06,0.0,-7756614.06,4.036606217125381,-4.047857742542414,NET_PROFIT,UNFAVORABLE,5,DRIVER_IDENTIFIED,ACCOUNT
2024,10,2024-10,2024-10-01,504,Cost of goods sold,Operating Costs,Cost of Goods Sold,-25250727.64,0.0,-25250727.64,13.14068785556719,-13.177315848354034,NET_PROFIT,UNFAVORABLE,3,DRIVER_IDENTIFIED,ACCOUNT
2024,10,2024-10,2024-10-01,541,Net book value of sold long-term intangible and tangible assets,Non-Core Operating Items,Fixed Asset Disposal Costs,-79348836.0,0.0,-79348836.0,41.293791626299154,-41.40889280809831,NET_PROFIT,UNFAVORABLE,1,DRIVER_IDENTIFIED,ACCOUNT
2024,10,2024-10,2024-10-01,549,Shortages and damages in operating area,Operating Costs,Shortages & Damages,-5357523.45,0.0,-5357523.45,2.7880995882196853,-2.79587106051465,NET_PROFIT,UNFAVORABLE,8,DRIVER_IDENTIFIED,ACCOUNT
2024,10,2024-10,2024-10-01,562,Interest expenses,Financial Result,Interest Expense,-6531349.61,0.0,-6531349.61,3.3989684465421806,-3.4084426379323913,NET_PROFIT,UNFAVORABLE,6,DRIVER_IDENTIFIED,ACCOUNT
2024,10,2024-10,2024-10-01,568,Other and extraordinary financial expenses,Financial Result,Other Financial Expenses,-4809498.5,0.0,-4809498.5,2.5029028640823205,-2.5098793868533824,NET_PROFIT,UNFAVORABLE,9,DRIVER_IDENTIFIED,ACCOUNT
2024,10,2024-10,2024-10-01,591,Income tax - payable,Tax,Income Tax,-3169792.54,0.0,-3169792.54,1.649586298220651,-1.6541843098085227,NET_PROFIT,UNFAVORABLE,10,DRIVER_IDENTIFIED,ACCOUNT
2024,10,2024-10,2024-10-01,602,Revenues from services,Revenue,Sales Revenue,-8801853.9,0.0,-8801853.9,4.580557689236028,-4.593325410061996,NET_PROFIT,UNFAVORABLE,4,DRIVER_IDENTIFIED,ACCOUNT
2024,10,2024-10,2024-10-01,641,Revenues from sale of long-term intangible and tangible assets,Other Operating Income,Other Operating Income,-33973876.8,0.0,-33973876.8,17.68028694607138,-17.72956849280987,NET_PROFIT,UNFAVORABLE,2,DRIVER_IDENTIFIED,ACCOUNT
2024,10,2024-10,2024-10-01,662,Interest revenues,Financial Result,Interest Income,-5424352.27,0.0,-5424352.27,2.8228778597964914,-2.8307462720914356,NET_PROFIT,UNFAVORABLE,7,DRIVER_IDENTIFIED,ACCOUNT
2024,11,2024-11,2024-11-01,501,Material consumption,Operating Costs,Material Consumption,-6647980.47,0.0,-6647980.47,4.906166514173909,-4.9659189534732615,NET_PROFIT,UNFAVORABLE,6,DRIVER_IDENTIFIED,ACCOUNT
2024,11,2024-11,2024-11-01,504,Cost of goods sold,Operating Costs,Cost of Goods Sold,-22734012.92,0.0,-22734012.92,16.777554239851884,-16.98188888451022,NET_PROFIT,UNFAVORABLE,2,DRIVER_IDENTIFIED,ACCOUNT
2024,11,2024-11,2024-11-01,541,Net book value of sold long-term intangible and tangible assets,Non-Core Operating Items,Fixed Asset Disposal Costs,-8120169.0,0.0,-8120169.0,5.992632110911276,-6.065616667268281,NET_PROFIT,UNFAVORABLE,4,DRIVER_IDENTIFIED,ACCOUNT
2024,11,2024-11,2024-11-01,549,Shortages and damages in operating area,Operating Costs,Shortages & Damages,-4821895.75,0.0,-4821895.75,3.5585278221323486,-3.6018673046127594,NET_PROFIT,UNFAVORABLE,7,DRIVER_IDENTIFIED,ACCOUNT
2024,11,2024-11,2024-11-01,551,Depreciation of intangible and tangible fixed assets,EBITDA Adjustments,Depreciation,-22614988.33,0.0,-22614988.33,16.68971486359973,-16.892979708245683,NET_PROFIT,UNFAVORABLE,3,DRIVER_IDENTIFIED,ACCOUNT
2024,11,2024-11,2024-11-01,562,Interest expenses,Financial Result,Interest Expense,-2334988.61,0.0,-2334988.61,1.723206465641058,-1.744193480541796,NET_PROFIT,UNFAVORABLE,10,DRIVER_IDENTIFIED,ACCOUNT
2024,11,2024-11,2024-11-01,568,Other and extraordinary financial expenses,Financial Result,Other Financial Expenses,-2985181.86,0.0,-2985181.86,2.2030448714978528,-2.2298758615544734,NET_PROFIT,UNFAVORABLE,9,DRIVER_IDENTIFIED,ACCOUNT
2024,11,2024-11,2024-11-01,602,Revenues from services,Revenue,Sales Revenue,-7265836.79,0.0,-7265836.79,5.362140475203719,-5.427446243431025,NET_PROFIT,UNFAVORABLE,5,DRIVER_IDENTIFIED,ACCOUNT
2024,11,2024-11,2024-11-01,641,Revenues from sale of long-term intangible and tangible assets,Other Operating Income,Other Operating Income,-41602855.6,0.0,-41602855.6,30.702637885266306,-31.076566797232363,NET_PROFIT,UNFAVORABLE,1,DRIVER_IDENTIFIED,ACCOUNT
2024,11,2024-11,2024-11-01,662,Interest revenues,Financial Result,Interest Income,-4707002.14,0.0,-4707002.14,3.4737370823553166,-3.516043894314449,NET_PROFIT,UNFAVORABLE,8,DRIVER_IDENTIFIED,ACCOUNT
2024,12,2024-12,2024-12-01,501,Material consumption,Operating Costs,Material Consumption,-6845705.22,0.0,-6845705.22,6.478546394955739,-6.601530813200464,NET_PROFIT,UNFAVORABLE,4,DRIVER_IDENTIFIED,ACCOUNT
2024,12,2024-12,2024-12-01,504,Cost of goods sold,Operating Costs,Cost of Goods Sold,-24600737.26,0.0,-24600737.26,23.281314717350092,-23.72327172003745,NET_PROFIT,UNFAVORABLE,2,DRIVER_IDENTIFIED,ACCOUNT
2024,12,2024-12,2024-12-01,541,Net book value of sold long-term intangible and tangible assets,Non-Core Operating Items,Fixed Asset Disposal Costs,-33860913.0,0.0,-33860913.0,32.04483523555224,-32.65315308633756,NET_PROFIT,UNFAVORABLE,1,DRIVER_IDENTIFIED,ACCOUNT
2024,12,2024-12,2024-12-01,549,Shortages and damages in operating area,Operating Costs,Shortages & Damages,-5444132.25,0.0,-5444132.25,5.1521446262186235,-5.24994951499144,NET_PROFIT,UNFAVORABLE,5,DRIVER_IDENTIFIED,ACCOUNT
2024,12,2024-12,2024-12-01,562,Interest expenses,Financial Result,Interest Expense,-2335544.38,0.0,-2335544.38,2.2102810648496103,-2.2522395713333347,NET_PROFIT,UNFAVORABLE,9,DRIVER_IDENTIFIED,ACCOUNT
2024,12,2024-12,2024-12-01,563,Foreign exchange losses,Financial Result,FX Losses,-2934094.43,0.0,-2934094.43,2.7767288074867205,-2.829440381378977,NET_PROFIT,UNFAVORABLE,7,DRIVER_IDENTIFIED,ACCOUNT
2024,12,2024-12,2024-12-01,568,Other and extraordinary financial expenses,Financial Result,Other Financial Expenses,-2742266.85,0.0,-2742266.85,2.595189603427612,-2.644454957745489,NET_PROFIT,UNFAVORABLE,8,DRIVER_IDENTIFIED,ACCOUNT
2024,12,2024-12,2024-12-01,602,Revenues from services,Revenue,Sales Revenue,-7964971.76,0.0,-7964971.76,7.537782802992542,-7.680875061095828,NET_PROFIT,UNFAVORABLE,3,DRIVER_IDENTIFIED,ACCOUNT
2024,12,2024-12,2024-12-01,641,Revenues from sale of long-term intangible and tangible assets,Other Operating Income,Other Operating Income,-1846541.6,0.0,-1846541.6,1.7475051936016321,-1.780678670568945,NET_PROFIT,UNFAVORABLE,10,DRIVER_IDENTIFIED,ACCOUNT
2024,12,2024-12,2024-12-01,662,Interest revenues,Financial Result,Interest Income,-4539296.88,0.0,-4539296.88,4.2958387036066155,-4.377388049961159,NET_PROFIT,UNFAVORABLE,6,DRIVER_IDENTIFIED,ACCOUNT
2025,1,2025-01,2025-01-01,501,Material consumption,Operating Costs,Material Consumption,-7416394.2,0.0,-7416394.2,3.9806697550803314,-4.001911976942636,NET_PROFIT,UNFAVORABLE,5,DRIVER_IDENTIFIED,ACCOUNT
2025,1,2025-01,2025-01-01,504,Cost of goods sold,Operating Costs,Cost of Goods Sold,-27352922.15,0.0,-27352922.15,14.681386530879367,-14.759731455006062,NET_PROFIT,UNFAVORABLE,2,DRIVER_IDENTIFIED,ACCOUNT
2025,1,2025-01,2025-01-01,541,Net book value of sold long-term intangible and tangible assets,Non-Core Operating Items,Fixed Asset Disposal Costs,-93155871.0,0.0,-93155871.0,50.00041100806979,-50.26723038500612,NET_PROFIT,UNFAVORABLE,1,DRIVER_IDENTIFIED,ACCOUNT
2025,1,2025-01,2025-01-01,549,Shortages and damages in operating area,Operating Costs,Shortages & Damages,-3981217.9,0.0,-3981217.9,2.1368758530816,-2.1482789570204357,NET_PROFIT,UNFAVORABLE,7,DRIVER_IDENTIFIED,ACCOUNT
2025,1,2025-01,2025-01-01,562,Interest expenses,Financial Result,Interest Expense,-2709121.39,0.0,-2709121.39,1.454091744477955,-1.4618512777587367,NET_PROFIT,UNFAVORABLE,10,DRIVER_IDENTIFIED,ACCOUNT
2025,1,2025-01,2025-01-01,568,Other and extraordinary financial expenses,Financial Result,Other Financial Expenses,-5812845.6,0.0,-5812845.6,3.119982304995571,-3.1366316028290813,NET_PROFIT,UNFAVORABLE,6,DRIVER_IDENTIFIED,ACCOUNT
2025,1,2025-01,2025-01-01,591,Income tax - payable,Tax,Income Tax,-3048234.44,0.0,-3048234.44,1.6361070237747382,-1.6448378531396066,NET_PROFIT,UNFAVORABLE,9,DRIVER_IDENTIFIED,ACCOUNT
2025,1,2025-01,2025-01-01,602,Revenues from services,Revenue,Sales Revenue,-9239318.18,0.0,-9239318.18,4.959104578973142,-4.985568065317488,NET_PROFIT,UNFAVORABLE,4,DRIVER_IDENTIFIED,ACCOUNT
2025,1,2025-01,2025-01-01,641,Revenues from sale of long-term intangible and tangible assets,Other Operating Income,Other Operating Income,-16584313.2,0.0,-16584313.2,8.901451592745637,-8.948952797634172,NET_PROFIT,UNFAVORABLE,3,DRIVER_IDENTIFIED,ACCOUNT
2025,1,2025-01,2025-01-01,662,Interest revenues,Financial Result,Interest Income,-3459051.63,0.0,-3459051.63,1.8566087283766983,-1.8665162306178313,NET_PROFIT,UNFAVORABLE,8,DRIVER_IDENTIFIED,ACCOUNT
2025,2,2025-02,2025-02-01,501,Material consumption,Operating Costs,Material Consumption,-6071977.65,0.0,-6071977.65,2.8768925272442876,-2.8933989393473882,NET_PROFIT,UNFAVORABLE,6,DRIVER_IDENTIFIED,ACCOUNT
2025,2,2025-02,2025-02-01,504,Cost of goods sold,Operating Costs,Cost of Goods Sold,-22165577.85,0.0,-22165577.85,10.50201251625432,-10.562268693662265,NET_PROFIT,UNFAVORABLE,2,DRIVER_IDENTIFIED,ACCOUNT
2025,2,2025-02,2025-02-01,541,Net book value of sold long-term intangible and tangible assets,Non-Core Operating Items,Fixed Asset Disposal Costs,-117880634.0,0.0,-117880634.0,55.8516408671924,-56.17209433983962,NET_PROFIT,UNFAVORABLE,1,DRIVER_IDENTIFIED,ACCOUNT
2025,2,2025-02,2025-02-01,549,Shortages and damages in operating area,Operating Costs,Shortages & Damages,-3854447.29,0.0,-3854447.29,1.8262304712630149,-1.8367086217216917,NET_PROFIT,UNFAVORABLE,9,DRIVER_IDENTIFIED,ACCOUNT
2025,2,2025-02,2025-02-01,551,Depreciation of intangible and tangible fixed assets,EBITDA Adjustments,Depreciation,-21216414.91,0.0,-21216414.91,10.052300754020937,-10.109976672484642,NET_PROFIT,UNFAVORABLE,3,DRIVER_IDENTIFIED,ACCOUNT
2025,2,2025-02,2025-02-01,568,Other and extraordinary financial expenses,Financial Result,Other Financial Expenses,-4524273.31,0.0,-4524273.31,2.1435928830781803,-2.155891926985551,NET_PROFIT,UNFAVORABLE,7,DRIVER_IDENTIFIED,ACCOUNT
2025,2,2025-02,2025-02-01,591,Income tax - payable,Tax,Income Tax,-3824101.95,0.0,-3824101.95,1.811852901562526,-1.8222485595094835,NET_PROFIT,UNFAVORABLE,10,DRIVER_IDENTIFIED,ACCOUNT
2025,2,2025-02,2025-02-01,602,Revenues from services,Revenue,Sales Revenue,-8741509.86,0.0,-8741509.86,4.141712279370174,-4.165475700856497,NET_PROFIT,UNFAVORABLE,4,DRIVER_IDENTIFIED,ACCOUNT
2025,2,2025-02,2025-02-01,641,Revenues from sale of long-term intangible and tangible assets,Other Operating Income,Other Operating Income,-7783015.2,0.0,-7783015.2,3.6875791643120923,-3.7087369589716133,NET_PROFIT,UNFAVORABLE,5,DRIVER_IDENTIFIED,ACCOUNT
2025,2,2025-02,2025-02-01,662,Interest revenues,Financial Result,Interest Income,-3974622.83,0.0,-3974622.83,1.8831694346308308,-1.893974277166174,NET_PROFIT,UNFAVORABLE,8,DRIVER_IDENTIFIED,ACCOUNT
2025,3,2025-03,2025-03-01,501,Material consumption,Operating Costs,Material Consumption,-7050446.44,0.0,-7050446.44,6.261921013417762,-6.294169418352389,NET_PROFIT,UNFAVORABLE,6,DRIVER_IDENTIFIED,ACCOUNT
2025,3,2025-03,2025-03-01,504,Cost of goods sold,Operating Costs,Cost of Goods Sold,-22949333.9,0.0,-22949333.9,20.38266901469442,-20.487638170745083,NET_PROFIT,UNFAVORABLE,2,DRIVER_IDENTIFIED,ACCOUNT
2025,3,2025-03,2025-03-01,549,Shortages and damages in operating area,Operating Costs,Shortages & Damages,-7183696.67,0.0,-7183696.67,6.380268471607906,-6.413126356723859,NET_PROFIT,UNFAVORABLE,5,DRIVER_IDENTIFIED,ACCOUNT
2025,3,2025-03,2025-03-01,551,Depreciation of intangible and tangible fixed assets,EBITDA Adjustments,Depreciation,-30722882.32,0.0,-30722882.32,27.286819924040024,-27.42734491891031,NET_PROFIT,UNFAVORABLE,1,DRIVER_IDENTIFIED,ACCOUNT
2025,3,2025-03,2025-03-01,562,Interest expenses,Financial Result,Interest Expense,-3269547.91,0.0,-3269547.91,2.903880050183762,-2.9188348060069753,NET_PROFIT,UNFAVORABLE,9,DRIVER_IDENTIFIED,ACCOUNT
2025,3,2025-03,2025-03-01,568,Other and extraordinary financial expenses,Financial Result,Other Financial Expenses,-4780649.16,0.0,-4780649.16,4.245978986939439,-4.267845447634383,NET_PROFIT,UNFAVORABLE,8,DRIVER_IDENTIFIED,ACCOUNT
2025,3,2025-03,2025-03-01,591,Income tax - payable,Tax,Income Tax,-7242402.05,0.0,-7242402.05,6.432408212793242,-6.465534613510609,NET_PROFIT,UNFAVORABLE,4,DRIVER_IDENTIFIED,ACCOUNT
2025,3,2025-03,2025-03-01,592,Income tax - deferred,Tax,Income Tax,-2902820.78,0.0,-2902820.78,2.5781678642845964,-2.5914452277484186,NET_PROFIT,UNFAVORABLE,10,DRIVER_IDENTIFIED,ACCOUNT
2025,3,2025-03,2025-03-01,602,Revenues from services,Revenue,Sales Revenue,-7923162.35,0.0,-7923162.35,7.037031943212018,-7.073272108994427,NET_PROFIT,UNFAVORABLE,3,DRIVER_IDENTIFIED,ACCOUNT
2025,3,2025-03,2025-03-01,662,Interest revenues,Financial Result,Interest Income,-5839545.1,0.0,-5839545.1,5.186447479840826,-5.213157279939502,NET_PROFIT,UNFAVORABLE,7,DRIVER_IDENTIFIED,ACCOUNT
2025,4,2025-04,2025-04-01,501,Material consumption,Operating Costs,Material Consumption,-6989525.65,0.0,-6989525.65,3.6905728539786784,-3.7039826588463907,NET_PROFIT,UNFAVORABLE,6,DRIVER_IDENTIFIED,ACCOUNT
2025,4,2025-04,2025-04-01,504,Cost of goods sold,Operating Costs,Cost of Goods Sold,-23906954.56,0.0,-23906954.56,12.623225371586951,-12.669092231755188,NET_PROFIT,UNFAVORABLE,3,DRIVER_IDENTIFIED,ACCOUNT
2025,4,2025-04,2025-04-01,541,Net book value of sold long-term intangible and tangible assets,Non-Core Operating Items,Fixed Asset Disposal Costs,-73952773.0,0.0,-73952773.0,39.04815722512548,-39.19003985136009,NET_PROFIT,UNFAVORABLE,1,DRIVER_IDENTIFIED,ACCOUNT
2025,4,2025-04,2025-04-01,549,Shortages and damages in operating area,Operating Costs,Shortages & Damages,-5119617.32,0.0,-5119617.32,2.7032336169981828,-2.713055895747322,NET_PROFIT,UNFAVORABLE,9,DRIVER_IDENTIFIED,ACCOUNT
2025,4,2025-04,2025-04-01,551,Depreciation of intangible and tangible fixed assets,EBITDA Adjustments,Depreciation,-8346646.4,0.0,-8346646.4,4.407152669308663,-4.423166187983394,NET_PROFIT,UNFAVORABLE,5,DRIVER_IDENTIFIED,ACCOUNT
2025,4,2025-04,2025-04-01,568,Other and extraordinary financial expenses,Financial Result,Other Financial Expenses,-6349494.91,0.0,-6349494.91,3.3526271630925044,-3.3648090323659403,NET_PROFIT,UNFAVORABLE,7,DRIVER_IDENTIFIED,ACCOUNT
2025,4,2025-04,2025-04-01,591,Income tax - payable,Tax,Income Tax,-6068896.55,0.0,-6068896.55,3.2044670815443466,-3.2161106068095884,NET_PROFIT,UNFAVORABLE,8,DRIVER_IDENTIFIED,ACCOUNT
2025,4,2025-04,2025-04-01,602,Revenues from services,Revenue,Sales Revenue,-9840653.56,0.0,-9840653.56,5.196010532409255,-5.214890389300596,NET_PROFIT,UNFAVORABLE,4,DRIVER_IDENTIFIED,ACCOUNT
2025,4,2025-04,2025-04-01,641,Revenues from sale of long-term intangible and tangible assets,Other Operating Income,Other Operating Income,-28581091.2,0.0,-28581091.2,15.091238604984431,-15.14607306372889,NET_PROFIT,UNFAVORABLE,2,DRIVER_IDENTIFIED,ACCOUNT
2025,4,2025-04,2025-04-01,662,Interest revenues,Financial Result,Interest Income,-4499832.03,0.0,-4499832.03,2.37597782295595,-2.384611008164989,NET_PROFIT,UNFAVORABLE,10,DRIVER_IDENTIFIED,ACCOUNT
2025,5,2025-05,2025-05-01,501,Material consumption,Operating Costs,Material Consumption,-6587593.11,0.0,-6587593.11,7.486095500021084,-7.64304989739529,NET_PROFIT,UNFAVORABLE,5,DRIVER_IDENTIFIED,ACCOUNT
2025,5,2025-05,2025-05-01,504,Cost of goods sold,Operating Costs,Cost of Goods Sold,-22918912.94,0.0,-22918912.94,26.04489502623652,-26.590955493072126,NET_PROFIT,UNFAVORABLE,1,DRIVER_IDENTIFIED,ACCOUNT
2025,5,2025-05,2025-05-01,524,Statutory social and health insurance,Operating Costs,Social & Health Insurance,-1968128.7,0.0,-1968128.7,2.236567917676437,-2.2834600752376653,NET_PROFIT,UNFAVORABLE,10,DRIVER_IDENTIFIED,ACCOUNT
2025,5,2025-05,2025-05-01,541,Net book value of sold long-term intangible and tangible assets,Non-Core Operating Items,Fixed Asset Disposal Costs,-8576105.0,0.0,-8576105.0,9.745826734615719,-9.950158934497583,NET_PROFIT,UNFAVORABLE,4,DRIVER_IDENTIFIED,ACCOUNT
2025,5,2025-05,2025-05-01,549,Shortages and damages in operating area,Operating Costs,Shortages & Damages,-3858405.16,0.0,-3858405.16,4.38466508529306,-4.476594511807584,NET_PROFIT,UNFAVORABLE,8,DRIVER_IDENTIFIED,ACCOUNT
2025,5,2025-05,2025-05-01,568,Other and extraordinary financial expenses,Financial Result,Other Financial Expenses,-5651161.8,0.0,-5651161.8,6.421941400213626,-6.556584612077564,NET_PROFIT,UNFAVORABLE,7,DRIVER_IDENTIFIED,ACCOUNT
2025,5,2025-05,2025-05-01,591,Income tax - payable,Tax,Income Tax,-5785447.7,0.0,-5785447.7,6.574542973340582,-6.712385648522669,NET_PROFIT,UNFAVORABLE,6,DRIVER_IDENTIFIED,ACCOUNT
2025,5,2025-05,2025-05-01,602,Revenues from services,Revenue,Sales Revenue,-8601212.22,0.0,-8601212.22,9.774358406733526,-9.979288805156049,NET_PROFIT,UNFAVORABLE,3,DRIVER_IDENTIFIED,ACCOUNT
2025,5,2025-05,2025-05-01,641,Revenues from sale of long-term intangible and tangible assets,Other Operating Income,Other Operating Income,-8783528.8,0.0,-8783528.8,9.981541714252232,-10.190815943337547,NET_PROFIT,UNFAVORABLE,2,DRIVER_IDENTIFIED,ACCOUNT
2025,5,2025-05,2025-05-01,662,Interest revenues,Financial Result,Interest Income,-3849800.25,0.0,-3849800.25,4.374886524754569,-4.46661093276826,NET_PROFIT,UNFAVORABLE,9,DRIVER_IDENTIFIED,ACCOUNT
2025,6,2025-06,2025-06-01,501,Material consumption,Operating Costs,Material Consumption,-6326170.96,0.0,-6326170.96,7.775949966353816,-7.803946834289856,NET_PROFIT,UNFAVORABLE,3,DRIVER_IDENTIFIED,ACCOUNT
2025,6,2025-06,2025-06-01,504,Cost of goods sold,Operating Costs,Cost of Goods Sold,-25416629.97,0.0,-25416629.97,31.241400874194667,-31.353883770586272,NET_PROFIT,UNFAVORABLE,1,DRIVER_IDENTIFIED,ACCOUNT
2025,6,2025-06,2025-06-01,541,Net book value of sold long-term intangible and tangible assets,Non-Core Operating Items,Fixed Asset Disposal Costs,-2833773.0,0.0,-2833773.0,3.483193420369461,-3.4957344612207684,NET_PROFIT,UNFAVORABLE,8,DRIVER_IDENTIFIED,ACCOUNT
2025,6,2025-06,2025-06-01,549,Shortages and damages in operating area,Operating Costs,Shortages & Damages,-4028340.65,0.0,-4028340.65,4.951522103953576,-4.9693497791606696,NET_PROFIT,UNFAVORABLE,6,DRIVER_IDENTIFIED,ACCOUNT
2025,6,2025-06,2025-06-01,563,Foreign exchange losses,Financial Result,FX Losses,-2538562.54,0.0,-2538562.54,3.1203290935880843,-3.1315636619595586,NET_PROFIT,UNFAVORABLE,10,DRIVER_IDENTIFIED,ACCOUNT
2025,6,2025-06,2025-06-01,568,Other and extraordinary financial expenses,Financial Result,Other Financial Expenses,-5674046.71,0.0,-5674046.71,6.974377329144215,-6.999488180148276,NET_PROFIT,UNFAVORABLE,5,DRIVER_IDENTIFIED,ACCOUNT
2025,6,2025-06,2025-06-01,591,Income tax - payable,Tax,Income Tax,-6295557.14,0.0,-6295557.14,7.738320326860331,-7.766181711408239,NET_PROFIT,UNFAVORABLE,4,DRIVER_IDENTIFIED,ACCOUNT
2025,6,2025-06,2025-06-01,592,Income tax - deferred,Tax,Income Tax,-2718771.95,0.0,-2718771.95,3.3418373905478838,-3.3538694870109174,NET_PROFIT,UNFAVORABLE,9,DRIVER_IDENTIFIED,ACCOUNT
2025,6,2025-06,2025-06-01,602,Revenues from services,Revenue,Sales Revenue,-8987331.93,0.0,-8987331.93,11.046973573836848,-11.086747577216226,NET_PROFIT,UNFAVORABLE,2,DRIVER_IDENTIFIED,ACCOUNT
2025,6,2025-06,2025-06-01,662,Interest revenues,Financial Result,Interest Income,-3349059.42,0.0,-3349059.42,4.1165688769602795,-4.131390350310359,NET_PROFIT,UNFAVORABLE,7,DRIVER_IDENTIFIED,ACCOUNT
2025,7,2025-07,2025-07-01,501,Material consumption,Operating Costs,Material Consumption,-6513180.96,0.0,-6513180.96,1.5738923236261309,-1.5758932468552491,NET_PROFIT,UNFAVORABLE,5,DRIVER_IDENTIFIED,ACCOUNT
2025,7,2025-07,2025-07-01,504,Cost of goods sold,Operating Costs,Cost of Goods Sold,-26317453.84,0.0,-26317453.84,6.359540573268678,-6.3676255942504545,NET_PROFIT,UNFAVORABLE,3,DRIVER_IDENTIFIED,ACCOUNT
2025,7,2025-07,2025-07-01,541,Net book value of sold long-term intangible and tangible assets,Non-Core Operating Items,Fixed Asset Disposal Costs,-268110286.0,0.0,-268110286.0,64.78811560927464,-64.87048213686197,NET_PROFIT,UNFAVORABLE,1,DRIVER_IDENTIFIED,ACCOUNT
2025,7,2025-07,2025-07-01,549,Shortages and damages in operating area,Operating Costs,Shortages & Damages,-6338138.31,0.0,-6338138.31,1.5315937471188728,-1.533540895256124,NET_PROFIT,UNFAVORABLE,7,DRIVER_IDENTIFIED,ACCOUNT
2025,7,2025-07,2025-07-01,568,Other and extraordinary financial expenses,Financial Result,Other Financial Expenses,-4290253.79,0.0,-4290253.79,1.0367280669703538,-1.0380460817038528,NET_PROFIT,UNFAVORABLE,8,DRIVER_IDENTIFIED,ACCOUNT
2025,7,2025-07,2025-07-01,591,Income tax - payable,Tax,Income Tax,-4011207.33,0.0,-4011207.33,0.9692972548946142,-0.9705295433835568,NET_PROFIT,UNFAVORABLE,9,DRIVER_IDENTIFIED,ACCOUNT
2025,7,2025-07,2025-07-01,592,Income tax - deferred,Tax,Income Tax,-3381568.5,0.0,-3381568.5,0.81714675772895,-0.8181856140119336,NET_PROFIT,UNFAVORABLE,10,DRIVER_IDENTIFIED,ACCOUNT
2025,7,2025-07,2025-07-01,602,Revenues from services,Revenue,Sales Revenue,-9451286.13,0.0,-9451286.13,2.283877383379368,-2.286780925915451,NET_PROFIT,UNFAVORABLE,4,DRIVER_IDENTIFIED,ACCOUNT
2025,7,2025-07,2025-07-01,641,Revenues from sale of long-term intangible and tangible assets,Other Operating Income,Other Operating Income,-63382777.6,0.0,-63382777.6,15.31627444829082,-15.335746358069585,NET_PROFIT,UNFAVORABLE,2,DRIVER_IDENTIFIED,ACCOUNT
2025,7,2025-07,2025-07-01,662,Interest revenues,Financial Result,Interest Income,-6364552.86,0.0,-6364552.86,1.5379767507130242,-1.5399320137003016,NET_PROFIT,UNFAVORABLE,6,DRIVER_IDENTIFIED,ACCOUNT
2025,8,2025-08,2025-08-01,501,Material consumption,Operating Costs,Material Consumption,-6487223.7,0.0,-6487223.7,5.1143780018017235,-5.256614637617257,NET_PROFIT,UNFAVORABLE,6,DRIVER_IDENTIFIED,ACCOUNT
2025,8,2025-08,2025-08-01,504,Cost of goods sold,Operating Costs,Cost of Goods Sold,-24561912.66,0.0,-24561912.66,19.364047179455092,-19.90258322931466,NET_PROFIT,UNFAVORABLE,2,DRIVER_IDENTIFIED,ACCOUNT
2025,8,2025-08,2025-08-01,541,Net book value of sold long-term intangible and tangible assets,Non-Core Operating Items,Fixed Asset Disposal Costs,-44412392.0,0.0,-44412392.0,35.01370866125594,-35.98747949431674,NET_PROFIT,UNFAVORABLE,1,DRIVER_IDENTIFIED,ACCOUNT
2025,8,2025-08,2025-08-01,549,Shortages and damages in operating area,Operating Costs,Shortages & Damages,-4160289.65,0.0,-4160289.65,3.279876700888762,-3.3710937809833155,NET_PROFIT,UNFAVORABLE,7,DRIVER_IDENTIFIED,ACCOUNT
2025,8,2025-08,2025-08-01,562,Interest expenses,Financial Result,Interest Expense,-2389527.97,0.0,-2389527.97,1.8838489081944143,-1.9362408766785473,NET_PROFIT,UNFAVORABLE,10,DRIVER_IDENTIFIED,ACCOUNT
2025,8,2025-08,2025-08-01,568,Other and extraordinary financial expenses,Financial Result,Other Financial Expenses,-2490677.9,0.0,-2490677.9,1.963593187226411,-2.0182029342891026,NET_PROFIT,UNFAVORABLE,9,DRIVER_IDENTIFIED,ACCOUNT
2025,8,2025-08,2025-08-01,591,Income tax - payable,Tax,Income Tax,-6538994.96,0.0,-6538994.96,5.155193272788841,-5.298565027446404,NET_PROFIT,UNFAVORABLE,5,DRIVER_IDENTIFIED,ACCOUNT
2025,8,2025-08,2025-08-01,602,Revenues from services,Revenue,Sales Revenue,-8100050.69,0.0,-8100050.69,6.385893716354326,-6.563492642082893,NET_PROFIT,UNFAVORABLE,4,DRIVER_IDENTIFIED,ACCOUNT
2025,8,2025-08,2025-08-01,641,Revenues from sale of long-term intangible and tangible assets,Other Operating Income,Other Operating Income,-11501487.6,0.0,-11501487.6,9.067508365625699,-9.319686027249741,NET_PROFIT,UNFAVORABLE,3,DRIVER_IDENTIFIED,ACCOUNT
2025,8,2025-08,2025-08-01,662,Interest revenues,Financial Result,Interest Income,-3013375.36,0.0,-3013375.36,2.375675846102755,-2.441746077911753,NET_PROFIT,UNFAVORABLE,8,DRIVER_IDENTIFIED,ACCOUNT
2025,9,2025-09,2025-09-01,501,Material consumption,Operating Costs,Material Consumption,-7438943.4,0.0,-7438943.4,6.024794539170725,-6.1268011662677715,NET_PROFIT,UNFAVORABLE,4,DRIVER_IDENTIFIED,ACCOUNT
2025,9,2025-09,2025-09-01,504,Cost of goods sold,Operating Costs,Cost of Goods Sold,-23566758.16,0.0,-23566758.16,19.08669931113135,-19.409858849018597,NET_PROFIT,UNFAVORABLE,2,DRIVER_IDENTIFIED,ACCOUNT
2025,9,2025-09,2025-09-01,541,Net book value of sold long-term intangible and tangible assets,Non-Core Operating Items,Fixed Asset Disposal Costs,-11537956.0,0.0,-11537956.0,9.344581691802103,-9.502796092943283,NET_PROFIT,UNFAVORABLE,3,DRIVER_IDENTIFIED,ACCOUNT
2025,9,2025-09,2025-09-01,549,Shortages and damages in operating area,Operating Costs,Shortages & Damages,-6240475.89,0.0,-6240475.89,5.054156624433863,-5.139729247155974,NET_PROFIT,UNFAVORABLE,7,DRIVER_IDENTIFIED,ACCOUNT
2025,9,2025-09,2025-09-01,562,Interest expenses,Financial Result,Interest Expense,-5672510.75,0.0,-5672510.75,4.594162094308612,-4.671946486212876,NET_PROFIT,UNFAVORABLE,8,DRIVER_IDENTIFIED,ACCOUNT
2025,9,2025-09,2025-09-01,563,Foreign exchange losses,Financial Result,FX Losses,-2884162.69,0.0,-2884162.69,2.3358811447324554,-2.3754302704867993,NET_PROFIT,UNFAVORABLE,10,DRIVER_IDENTIFIED,ACCOUNT
2025,9,2025-09,2025-09-01,568,Other and extraordinary financial expenses,Financial Result,Other Financial Expenses,-6930211.52,0.0,-6930211.52,5.612772980769559,-5.707803614047976,NET_PROFIT,UNFAVORABLE,5,DRIVER_IDENTIFIED,ACCOUNT
2025,9,2025-09,2025-09-01,602,Revenues from services,Revenue,Sales Revenue,-6783694.34,0.0,-6783694.34,5.494108829358125,-5.587130343526485,NET_PROFIT,UNFAVORABLE,6,DRIVER_IDENTIFIED,ACCOUNT
2025,9,2025-09,2025-09-01,641,Revenues from sale of long-term intangible and tangible assets,Other Operating Income,Other Operating Income,-34593058.8,0.0,-34593058.8,28.016891720328417,-28.49124957727324,NET_PROFIT,UNFAVORABLE,1,DRIVER_IDENTIFIED,ACCOUNT
2025,9,2025-09,2025-09-01,662,Interest revenues,Financial Result,Interest Income,-4160317.39,0.0,-4160317.39,3.3694378549094752,-3.4264862718401767,NET_PROFIT,UNFAVORABLE,9,DRIVER_IDENTIFIED,ACCOUNT
2025,10,2025-10,2025-10-01,501,Material consumption,Operating Costs,Material Consumption,-7495180.61,0.0,-7495180.61,5.501121813252227,-5.636551026697035,NET_PROFIT,UNFAVORABLE,6,DRIVER_IDENTIFIED,ACCOUNT
2025,10,2025-10,2025-10-01,504,Cost of goods sold,Operating Costs,Cost of Goods Sold,-24328604.85,0.0,-24328604.85,17.856089904994153,-18.295679554728427,NET_PROFIT,UNFAVORABLE,2,DRIVER_IDENTIFIED,ACCOUNT
2025,10,2025-10,2025-10-01,541,Net book value of sold long-term intangible and tangible assets,Non-Core Operating Items,Fixed Asset Disposal Costs,-25716132.0,0.0,-25716132.0,18.874471751745237,-19.339132406480655,NET_PROFIT,UNFAVORABLE,1,DRIVER_IDENTIFIED,ACCOUNT
2025,10,2025-10,2025-10-01,549,Shortages and damages in operating area,Operating Costs,Shortages & Damages,-5545095.72,0.0,-5545095.72,4.069848160985618,-4.170041604067407,NET_PROFIT,UNFAVORABLE,8,DRIVER_IDENTIFIED,ACCOUNT
2025,10,2025-10,2025-10-01,551,Depreciation of intangible and tangible fixed assets,EBITDA Adjustments,Depreciation,-11533585.99,0.0,-11533585.99,8.465127763560227,-8.673526274563386,NET_PROFIT,UNFAVORABLE,4,DRIVER_IDENTIFIED,ACCOUNT
2025,10,2025-10,2025-10-01,568,Other and extraordinary financial expenses,Financial Result,Other Financial Expenses,-6658835.17,0.0,-6658835.17,4.887282283186782,-5.007599705335162,NET_PROFIT,UNFAVORABLE,7,DRIVER_IDENTIFIED,ACCOUNT
2025,10,2025-10,2025-10-01,602,Revenues from services,Revenue,Sales Revenue,-9119710.61,0.0,-9119710.61,6.693452977008219,-6.858235561847965,NET_PROFIT,UNFAVORABLE,5,DRIVER_IDENTIFIED,ACCOUNT
2025,10,2025-10,2025-10-01,641,Revenues from sale of long-term intangible and tangible assets,Other Operating Income,Other Operating Income,-21907910.8,0.0,-21907910.8,16.079410524660336,-16.4752610427792,NET_PROFIT,UNFAVORABLE,3,DRIVER_IDENTIFIED,ACCOUNT
2025,10,2025-10,2025-10-01,662,Interest revenues,Financial Result,Interest Income,-4259160.06,0.0,-4259160.06,3.1260298492258296,-3.2029879276064572,NET_PROFIT,UNFAVORABLE,9,DRIVER_IDENTIFIED,ACCOUNT
2025,10,2025-10,2025-10-01,663,Foreign exchange gains,Financial Result,FX Gains,-3012339.27,0.0,-3012339.27,2.2109200737610095,-2.265349547738022,NET_PROFIT,UNFAVORABLE,10,DRIVER_IDENTIFIED,ACCOUNT
2025,11,2025-11,2025-11-01,501,Material consumption,Operating Costs,Material Consumption,-6614113.86,0.0,-6614113.86,3.8195198344853396,-3.855137060729069,NET_PROFIT,UNFAVORABLE,6,DRIVER_IDENTIFIED,ACCOUNT
2025,11,2025-11,2025-11-01,504,Cost of goods sold,Operating Costs,Cost of Goods Sold,-24005012.63,0.0,-24005012.63,13.86241963898639,-13.99168744173726,NET_PROFIT,UNFAVORABLE,3,DRIVER_IDENTIFIED,ACCOUNT
2025,11,2025-11,2025-11-01,541,Net book value of sold long-term intangible and tangible assets,Non-Core Operating Items,Fixed Asset Disposal Costs,-63402564.0,0.0,-63402564.0,36.613725720655516,-36.95515066649407,NET_PROFIT,UNFAVORABLE,1,DRIVER_IDENTIFIED,ACCOUNT
2025,11,2025-11,2025-11-01,549,Shortages and damages in operating area,Operating Costs,Shortages & Damages,-3959609.73,0.0,-3959609.73,2.286596242622914,-2.3079188745847237,NET_PROFIT,UNFAVORABLE,8,DRIVER_IDENTIFIED,ACCOUNT
2025,11,2025-11,2025-11-01,551,Depreciation of intangible and tangible fixed assets,EBITDA Adjustments,Depreciation,-2685709.36,0.0,-2685709.36,1.5509439945115984,-1.5654066300096847,NET_PROFIT,UNFAVORABLE,10,DRIVER_IDENTIFIED,ACCOUNT
2025,11,2025-11,2025-11-01,568,Other and extraordinary financial expenses,Financial Result,Other Financial Expenses,-3754651.68,0.0,-3754651.68,2.1682370256842995,-2.1884559516332036,NET_PROFIT,UNFAVORABLE,9,DRIVER_IDENTIFIED,ACCOUNT
2025,11,2025-11,2025-11-01,591,Income tax - payable,Tax,Income Tax,-6316886.9,0.0,-6316886.9,3.6478771483910633,-3.681893797429118,NET_PROFIT,UNFAVORABLE,7,DRIVER_IDENTIFIED,ACCOUNT
2025,11,2025-11,2025-11-01,602,Revenues from services,Revenue,Sales Revenue,-8980316.51,0.0,-8980316.51,5.185955028282679,-5.2343143356135275,NET_PROFIT,UNFAVORABLE,4,DRIVER_IDENTIFIED,ACCOUNT
2025,11,2025-11,2025-11-01,641,Revenues from sale of long-term intangible and tangible assets,Other Operating Income,Other Operating Income,-34105744.4,0.0,-34105744.4,19.695392302437213,-19.879052886487937,NET_PROFIT,UNFAVORABLE,2,DRIVER_IDENTIFIED,ACCOUNT
2025,11,2025-11,2025-11-01,662,Interest revenues,Financial Result,Interest Income,-7838995.99,0.0,-7838995.99,4.526865019262919,-4.569078277094485,NET_PROFIT,UNFAVORABLE,5,DRIVER_IDENTIFIED,ACCOUNT
2025,12,2025-12,2025-12-01,501,Material consumption,Operating Costs,Material Consumption,-6919859.57,0.0,-6919859.57,3.0066413568827706,-3.0189567940448936,NET_PROFIT,UNFAVORABLE,5,DRIVER_IDENTIFIED,ACCOUNT
2025,12,2025-12,2025-12-01,504,Cost of goods sold,Operating Costs,Cost of Goods Sold,-26818360.36,0.0,-26818360.36,11.652431753345756,-11.70016102132637,NET_PROFIT,UNFAVORABLE,3,DRIVER_IDENTIFIED,ACCOUNT
2025,12,2025-12,2025-12-01,541,Net book value of sold long-term intangible and tangible assets,Non-Core Operating Items,Fixed Asset Disposal Costs,-106015254.0,0.0,-106015254.0,46.06305141201465,-46.25172925809751,NET_PROFIT,UNFAVORABLE,1,DRIVER_IDENTIFIED,ACCOUNT
2025,12,2025-12,2025-12-01,549,Shortages and damages in operating area,Operating Costs,Shortages & Damages,-5419228.87,0.0,-5419228.87,2.3546254773137085,-2.36427020665258,NET_PROFIT,UNFAVORABLE,7,DRIVER_IDENTIFIED,ACCOUNT
2025,12,2025-12,2025-12-01,563,Foreign exchange losses,Financial Result,FX Losses,-3024970.69,0.0,-3024970.69,1.314333316725416,-1.3197169283541068,NET_PROFIT,UNFAVORABLE,10,DRIVER_IDENTIFIED,ACCOUNT
2025,12,2025-12,2025-12-01,568,Other and extraordinary financial expenses,Financial Result,Other Financial Expenses,-5280481.33,0.0,-5280481.33,2.2943404256143505,-2.3037382226863192,NET_PROFIT,UNFAVORABLE,8,DRIVER_IDENTIFIED,ACCOUNT
2025,12,2025-12,2025-12-01,591,Income tax - payable,Tax,Income Tax,-6268466.81,0.0,-6268466.81,2.723614744568149,-2.73477088268345,NET_PROFIT,UNFAVORABLE,6,DRIVER_IDENTIFIED,ACCOUNT
2025,12,2025-12,2025-12-01,602,Revenues from services,Revenue,Sales Revenue,-9611169.76,0.0,-9611169.76,4.176001000615256,-4.193106225950598,NET_PROFIT,UNFAVORABLE,4,DRIVER_IDENTIFIED,ACCOUNT
2025,12,2025-12,2025-12-01,641,Revenues from sale of long-term intangible and tangible assets,Other Operating Income,Other Operating Income,-42919612.0,0.0,-42919612.0,18.64833804142676,-18.724723086421065,NET_PROFIT,UNFAVORABLE,2,DRIVER_IDENTIFIED,ACCOUNT
2025,12,2025-12,2025-12-01,662,Interest revenues,Financial Result,Interest Income,-4784941.39,0.0,-4784941.39,2.0790310161502497,-2.0875468891122475,NET_PROFIT,UNFAVORABLE,9,DRIVER_IDENTIFIED,ACCOUNT
2026,1,2026-01,2026-01-01,504,Cost of goods sold,Operating Costs,Cost of Goods Sold,-26206722.07,-28720568.34,2513846.2699999996,1.6533159334195735,2.276225685380754,NET_PROFIT,FAVORABLE,5,DRIVER_IDENTIFIED,ACCOUNT
2026,1,2026-01,2026-01-01,541,Net book value of sold long-term intangible and tangible assets,Non-Core Operating Items,Fixed Asset Disposal Costs,0.0,-97813664.55,97813664.55,64.33046126829082,88.56785647036679,NET_PROFIT,FAVORABLE,1,DRIVER_IDENTIFIED,ACCOUNT
2026,1,2026-01,2026-01-01,549,Shortages and damages in operating area,Operating Costs,Shortages & Damages,-5749219.62,-4180278.85,-1568940.77,1.0318669063373456,-1.4206371018523174,NET_PROFIT,UNFAVORABLE,10,DRIVER_IDENTIFIED,ACCOUNT
2026,1,2026-01,2026-01-01,551,Depreciation of intangible and tangible fixed assets,EBITDA Adjustments,Depreciation,0.0,-2094757.35,2094757.35,1.3776879456526048,1.8967510231682236,NET_PROFIT,FAVORABLE,7,DRIVER_IDENTIFIED,ACCOUNT
2026,1,2026-01,2026-01-01,568,Other and extraordinary financial expenses,Financial Result,Other Financial Expenses,-4009016.85,-6103487.9,2094471.0500000003,1.3774996507845427,1.896491785592123,NET_PROFIT,FAVORABLE,8,DRIVER_IDENTIFIED,ACCOUNT
2026,1,2026-01,2026-01-01,591,Income tax - payable,Tax,Income Tax,-1245417.18,-3200646.16,1955228.9800000002,1.2859223989531,1.7704115315996682,NET_PROFIT,FAVORABLE,9,DRIVER_IDENTIFIED,ACCOUNT
2026,1,2026-01,2026-01-01,592,Income tax - deferred,Tax,Income Tax,-482116.43,-2816695.86,2334579.4299999997,1.5354150393025372,2.113903991085167,NET_PROFIT,FAVORABLE,6,DRIVER_IDENTIFIED,ACCOUNT
2026,1,2026-01,2026-01-01,641,Revenues from sale of long-term intangible and tangible assets,Other Operating Income,Other Operating Income,0.0,-17413528.86,17413528.86,11.452595596189576,15.767520129323994,NET_PROFIT,FAVORABLE,2,DRIVER_IDENTIFIED,ACCOUNT
2026,1,2026-01,2026-01-01,662,Interest revenues,Financial Result,Interest Income,-5831264.71,3632004.22,-9463268.93,6.223838542125093,-8.568756197701639,NET_PROFIT,UNFAVORABLE,3,DRIVER_IDENTIFIED,ACCOUNT
2026,1,2026-01,2026-01-01,663,Foreign exchange gains,Financial Result,FX Gains,-4081834.79,1654293.54,-5736128.33,3.772558599666642,-5.193922474577657,NET_PROFIT,UNFAVORABLE,4,DRIVER_IDENTIFIED,ACCOUNT
2026,2,2026-02,2026-02-01,541,Net book value of sold long-term intangible and tangible assets,Non-Core Operating Items,Fixed Asset Disposal Costs,0.0,-123774665.7,123774665.7,67.85334910422108,83.64125658761998,NET_PROFIT,FAVORABLE,1,DRIVER_IDENTIFIED,ACCOUNT
2026,2,2026-02,2026-02-01,548,Other operating expenses,Operating Costs,Other Operating Costs,-705449.74,-1693504.08,988054.3400000001,0.5416520067883388,0.667681921070634,NET_PROFIT,FAVORABLE,9,DRIVER_IDENTIFIED,ACCOUNT
2026,2,2026-02,2026-02-01,549,Shortages and damages in operating area,Operating Costs,Shortages & Damages,-4988414.17,-4047169.75,-941244.4199999999,0.5159907793849939,-0.6360499186133979,NET_PROFIT,UNFAVORABLE,10,DRIVER_IDENTIFIED,ACCOUNT
2026,2,2026-02,2026-02-01,551,Depreciation of intangible and tangible fixed assets,EBITDA Adjustments,Depreciation,0.0,-22277235.65,22277235.65,12.212394508098836,15.053936704468313,NET_PROFIT,FAVORABLE,2,DRIVER_IDENTIFIED,ACCOUNT
2026,2,2026-02,2026-02-01,568,Other and extraordinary financial expenses,Financial Result,Other Financial Expenses,-3391140.69,-4750486.96,1359346.27,0.7451944748967378,0.9185840213543323,NET_PROFIT,FAVORABLE,7,DRIVER_IDENTIFIED,ACCOUNT
2026,2,2026-02,2026-02-01,591,Income tax - payable,Tax,Income Tax,-205805.43,-4015307.05,3809501.6199999996,2.0883711692784295,2.5742869162067463,NET_PROFIT,FAVORABLE,5,DRIVER_IDENTIFIED,ACCOUNT
2026,2,2026-02,2026-02-01,602,Revenues from services,Revenue,Sales Revenue,-8146988.4,-9178585.43,1031597.0299999993,0.5655221366634446,0.6971060789644019,NET_PROFIT,FAVORABLE,8,DRIVER_IDENTIFIED,ACCOUNT
2026,2,2026-02,2026-02-01,641,Revenues from sale of long-term intangible and tangible assets,Other Operating Income,Other Operating Income,0.0,-8172165.96,8172165.96,4.47998648742472,5.522375892282242,NET_PROFIT,FAVORABLE,4,DRIVER_IDENTIFIED,ACCOUNT
2026,2,2026-02,2026-02-01,662,Interest revenues,Financial Result,Interest Income,-6656421.25,4173353.98,-10829775.23,5.936889550423049,-7.318266655586542,NET_PROFIT,UNFAVORABLE,3,DRIVER_IDENTIFIED,ACCOUNT
2026,2,2026-02,2026-02-01,663,Foreign exchange gains,Financial Result,FX Gains,-2432871.41,860464.24,-3293335.6500000004,1.8054086618860234,-2.2254855674460226,NET_PROFIT,UNFAVORABLE,6,DRIVER_IDENTIFIED,ACCOUNT
2026,3,2026-03,2026-03-01,504,Cost of goods sold,Operating Costs,Cost of Goods Sold,-25050969.86,-24096800.66,-954169.1999999993,1.5200472628949622,-4.861444331099409,NET_PROFIT,UNFAVORABLE,9,DRIVER_IDENTIFIED,ACCOUNT
2026,3,2026-03,2026-03-01,541,Net book value of sold long-term intangible and tangible assets,Non-Core Operating Items,Fixed Asset Disposal Costs,0.0,-1690531.5,1690531.5,2.693115413296422,8.613173404905531,NET_PROFIT,FAVORABLE,6,DRIVER_IDENTIFIED,ACCOUNT
2026,3,2026-03,2026-03-01,549,Shortages and damages in operating area,Operating Costs,Shortages & Damages,-6071486.12,-7542881.65,1471395.5300000003,2.3440190146699185,7.49668660246371,NET_PROFIT,FAVORABLE,8,DRIVER_IDENTIFIED,ACCOUNT
2026,3,2026-03,2026-03-01,551,Depreciation of intangible and tangible fixed assets,EBITDA Adjustments,Depreciation,0.0,-32259026.45,32259026.45,51.390513190929575,164.35812564704298,NET_PROFIT,FAVORABLE,1,DRIVER_IDENTIFIED,ACCOUNT
2026,3,2026-03,2026-03-01,592,Income tax - deferred,Tax,Income Tax,-682360.73,-3047961.82,2365601.09,3.7685406969286386,12.052619188109498,NET_PROFIT,FAVORABLE,4,DRIVER_IDENTIFIED,ACCOUNT
2026,3,2026-03,2026-03-01,601,Revenues from own products,Revenue,Sales Revenue,-236931.71,-2182457.45,1945525.7400000002,3.0993361302992155,9.912356298789554,NET_PROFIT,FAVORABLE,5,DRIVER_IDENTIFIED,ACCOUNT
2026,3,2026-03,2026-03-01,602,Revenues from services,Revenue,Sales Revenue,-9927117.87,-8319320.58,-1607797.289999999,2.5613149847578796,-8.191646744652303,NET_PROFIT,UNFAVORABLE,7,DRIVER_IDENTIFIED,ACCOUNT
2026,3,2026-03,2026-03-01,604,Revenues from goods,Revenue,Sales Revenue,-780826.29,0.0,-780826.29,1.2439018833461915,-3.9782708780516978,NET_PROFIT,UNFAVORABLE,10,DRIVER_IDENTIFIED,ACCOUNT
2026,3,2026-03,2026-03-01,662,Interest revenues,Financial Result,Interest Income,-3264675.88,6131522.34,-9396198.219999999,14.96869253999136,-47.87315978183469,NET_PROFIT,UNFAVORABLE,2,DRIVER_IDENTIFIED,ACCOUNT
2026,3,2026-03,2026-03-01,663,Foreign exchange gains,Financial Result,FX Gains,-2873883.73,2819946.47,-5693830.2,9.070604051041139,-29.009779971972087,NET_PROFIT,UNFAVORABLE,3,DRIVER_IDENTIFIED,ACCOUNT
2026,4,2026-04,2026-04-01,502,Energy consumption,Operating Costs,Energy Consumption,950428.02,-918761.61,1869189.63,1.2850254633229938,1.6997102737377991,NET_PROFIT,FAVORABLE,7,DRIVER_IDENTIFIED,ACCOUNT
2026,4,2026-04,2026-04-01,541,Net book value of sold long-term intangible and tangible assets,Non-Core Operating Items,Fixed Asset Disposal Costs,0.0,-77650411.65,77650411.65,53.38289631307362,70.60985162937926,NET_PROFIT,FAVORABLE,1,DRIVER_IDENTIFIED,ACCOUNT
2026,4,2026-04,2026-04-01,551,Depreciation of intangible and tangible fixed assets,EBITDA Adjustments,Depreciation,0.0,-8763978.73,8763978.73,6.025036543815575,7.969349094987517,NET_PROFIT,FAVORABLE,4,DRIVER_IDENTIFIED,ACCOUNT
2026,4,2026-04,2026-04-01,562,Interest expenses,Financial Result,Interest Expense,-3533713.83,-2245621.37,-1288092.46,0.8855343426093985,-1.1713011631603132,NET_PROFIT,UNFAVORABLE,8,DRIVER_IDENTIFIED,ACCOUNT
2026,4,2026-04,2026-04-01,563,Foreign exchange losses,Financial Result,FX Losses,-892216.56,-2123131.79,1230915.23,0.8462262941947092,1.1193081905399433,NET_PROFIT,FAVORABLE,9,DRIVER_IDENTIFIED,ACCOUNT
2026,4,2026-04,2026-04-01,592,Income tax - deferred,Tax,Income Tax,-792149.94,-3195632.26,2403482.32,1.6523395659147886,2.185558664826939,NET_PROFIT,FAVORABLE,6,DRIVER_IDENTIFIED,ACCOUNT
2026,4,2026-04,2026-04-01,602,Revenues from services,Revenue,Sales Revenue,-9337074.62,-10332686.39,995611.7700000014,0.6844605038997985,0.9053396867621598,NET_PROFIT,FAVORABLE,10,DRIVER_IDENTIFIED,ACCOUNT
2026,4,2026-04,2026-04-01,641,Revenues from sale of long-term intangible and tangible assets,Other Operating Income,Other Operating Income,0.0,-30010145.76,30010145.76,20.631294353818227,27.289126927502195,NET_PROFIT,FAVORABLE,2,DRIVER_IDENTIFIED,ACCOUNT
2026,4,2026-04,2026-04-01,662,Interest revenues,Financial Result,Interest Income,-6073290.89,4724823.64,-10798114.53,7.423458756791841,-9.819049875447044,NET_PROFIT,UNFAVORABLE,3,DRIVER_IDENTIFIED,ACCOUNT
2026,4,2026-04,2026-04-01,663,Foreign exchange gains,Financial Result,FX Gains,-2000896.52,1512755.69,-3513652.21,2.415556178273422,-3.195069490984991,NET_PROFIT,UNFAVORABLE,5,DRIVER_IDENTIFIED,ACCOUNT
2026,5,2026-05,2026-05-01,502,Energy consumption,Operating Costs,Energy Consumption,284042.2,-884744.03,1168786.23,2.5924218234926526,7.675618551799046,NET_PROFIT,FAVORABLE,8,DRIVER_IDENTIFIED,ACCOUNT
2026,5,2026-05,2026-05-01,524,Statutory social and health insurance,Operating Costs,Social & Health Insurance,213490.54,-2066535.15,2280025.69,5.057202254068216,14.973317648294351,NET_PROFIT,FAVORABLE,6,DRIVER_IDENTIFIED,ACCOUNT
2026,5,2026-05,2026-05-01,541,Net book value of sold long-term intangible and tangible assets,Non-Core Operating Items,Fixed Asset Disposal Costs,0.0,-9004910.25,9004910.25,19.973306710409034,59.13678172969695,NET_PROFIT,FAVORABLE,2,DRIVER_IDENTIFIED,ACCOUNT
2026,5,2026-05,2026-05-01,551,Depreciation of intangible and tangible fixed assets,EBITDA Adjustments,Depreciation,0.0,-1407664.55,1407664.55,3.12226496677409,9.244373228703981,NET_PROFIT,FAVORABLE,7,DRIVER_IDENTIFIED,ACCOUNT
2026,5,2026-05,2026-05-01,562,Interest expenses,Financial Result,Interest Expense,-2086022.02,-950865.04,-1135156.98,2.517830594258466,-7.4547695303461765,NET_PROFIT,UNFAVORABLE,9,DRIVER_IDENTIFIED,ACCOUNT
2026,5,2026-05,2026-05-01,568,Other and extraordinary financial expenses,Financial Result,Other Financial Expenses,-3005032.56,-5933719.9,2928687.3400000003,6.495963743859856,19.233189356896343,NET_PROFIT,FAVORABLE,4,DRIVER_IDENTIFIED,ACCOUNT
2026,5,2026-05,2026-05-01,604,Revenues from goods,Revenue,Sales Revenue,996623.79,57671.53,938952.26,2.0826394661081413,6.166259664189953,NET_PROFIT,FAVORABLE,10,DRIVER_IDENTIFIED,ACCOUNT
2026,5,2026-05,2026-05-01,641,Revenues from sale of long-term intangible and tangible assets,Other Operating Income,Other Operating Income,0.0,-9222705.24,9222705.24,20.456386054288167,60.567078581956146,NET_PROFIT,FAVORABLE,1,DRIVER_IDENTIFIED,ACCOUNT
2026,5,2026-05,2026-05-01,662,Interest revenues,Financial Result,Interest Income,-4637907.53,4042290.25,-8680197.780000001,19.253079459281857,-57.00433954757741,NET_PROFIT,UNFAVORABLE,3,DRIVER_IDENTIFIED,ACCOUNT
2026,5,2026-05,2026-05-01,663,Foreign exchange gains,Financial Result,FX Gains,-1749016.01,987681.62,-2736697.63,6.07012170250553,-17.972360180434773,NET_PROFIT,UNFAVORABLE,5,DRIVER_IDENTIFIED,ACCOUNT
2026,6,2026-06,2026-06-01,504,Cost of goods sold,Operating Costs,Cost of Goods Sold,-27733159.88,-26687461.56,-1045698.3200000003,3.015974209349894,-359.736661469851,NET_PROFIT,UNFAVORABLE,10,DRIVER_IDENTIFIED,ACCOUNT
2026,6,2026-06,2026-06-01,541,Net book value of sold long-term intangible and tangible assets,Non-Core Operating Items,Fixed Asset Disposal Costs,0.0,-2975461.65,2975461.65,8.581744300124415,1023.6055847374548,NET_PROFIT,FAVORABLE,3,DRIVER_IDENTIFIED,ACCOUNT
2026,6,2026-06,2026-06-01,551,Depreciation of intangible and tangible fixed assets,EBITDA Adjustments,Depreciation,0.0,-1814702.53,1814702.53,5.233914909724633,624.2861992004463,NET_PROFIT,FAVORABLE,5,DRIVER_IDENTIFIED,ACCOUNT
2026,6,2026-06,2026-06-01,554,Creation and settlement of other reserves,EBITDA Adjustments,Provisions,-346826.36,-1447462.99,1100636.63,3.174425765497816,378.63630379326565,NET_PROFIT,FAVORABLE,9,DRIVER_IDENTIFIED,ACCOUNT
2026,6,2026-06,2026-06-01,563,Foreign exchange losses,Financial Result,FX Losses,-1534015.81,-2665490.69,1131474.88,3.2633685943066872,389.24514660040785,NET_PROFIT,FAVORABLE,8,DRIVER_IDENTIFIED,ACCOUNT
2026,6,2026-06,2026-06-01,591,Income tax - payable,Tax,Income Tax,-3826989.03,-6610335.01,2783345.98,8.027649591497577,957.5147740131499,NET_PROFIT,FAVORABLE,4,DRIVER_IDENTIFIED,ACCOUNT
2026,6,2026-06,2026-06-01,592,Income tax - deferred,Tax,Income Tax,-1227886.83,-2854710.56,1626823.73,4.692040064517262,559.6529383638392,NET_PROFIT,FAVORABLE,6,DRIVER_IDENTIFIED,ACCOUNT
2026,6,2026-06,2026-06-01,641,Revenues from sale of long-term intangible and tangible assets,Other Operating Income,Other Operating Income,0.0,-1405093.62,1405093.62,4.052532206078402,483.3742947118701,NET_PROFIT,FAVORABLE,7,DRIVER_IDENTIFIED,ACCOUNT
2026,6,2026-06,2026-06-01,662,Interest revenues,Financial Result,Interest Income,-5613382.42,3516512.41,-9129894.83,26.332190474741246,-3140.82735230468,NET_PROFIT,UNFAVORABLE,1,DRIVER_IDENTIFIED,ACCOUNT
2026,6,2026-06,2026-06-01,663,Foreign exchange gains,Financial Result,FX Gains,-4667682.85,475122.14,-5142804.989999999,14.83273609309799,-1769.2057664327986,NET_PROFIT,UNFAVORABLE,2,DRIVER_IDENTIFIED,ACCOUNT
2026,7,2026-07,2026-07-01,541,Net book value of sold long-term intangible and tangible assets,Non-Core Operating Items,Fixed Asset Disposal Costs,0.0,-281515800.3,281515800.3,73.71306660128653,83.49786274733655,NET_PROFIT,FAVORABLE,1,DRIVER_IDENTIFIED,ACCOUNT
2026,7,2026-07,2026-07-01,549,Shortages and damages in operating area,Operating Costs,Shortages & Damages,-4406547.4,-6655045.35,2248497.9499999993,0.5887544463386417,0.6669066994346161,NET_PROFIT,FAVORABLE,5,DRIVER_IDENTIFIED,ACCOUNT
2026,7,2026-07,2026-07-01,551,Depreciation of intangible and tangible fixed assets,EBITDA Adjustments,Depreciation,0.0,-1231673.3,1231673.3,0.3225055783624744,0.36531550997622303,NET_PROFIT,FAVORABLE,9,DRIVER_IDENTIFIED,ACCOUNT
2026,7,2026-07,2026-07-01,562,Interest expenses,Financial Result,Interest Expense,-4932588.86,-3182707.46,-1749881.4000000004,0.4581949718100868,-0.5190165411874295,NET_PROFIT,UNFAVORABLE,7,DRIVER_IDENTIFIED,ACCOUNT
2026,7,2026-07,2026-07-01,568,Other and extraordinary financial expenses,Financial Result,Other Financial Expenses,-5512495.66,-4504766.48,-1007729.1799999997,0.26386727878946636,-0.2988934641269085,NET_PROFIT,UNFAVORABLE,10,DRIVER_IDENTIFIED,ACCOUNT
2026,7,2026-07,2026-07-01,592,Income tax - deferred,Tax,Income Tax,-1437483.41,-3550646.92,2113163.51,0.5533180105203437,0.6267663716659242,NET_PROFIT,FAVORABLE,6,DRIVER_IDENTIFIED,ACCOUNT
2026,7,2026-07,2026-07-01,602,Revenues from services,Revenue,Sales Revenue,-8410710.02,-9923850.62,1513140.5999999996,0.3962059454781892,0.44879898748696423,NET_PROFIT,FAVORABLE,8,DRIVER_IDENTIFIED,ACCOUNT
2026,7,2026-07,2026-07-01,641,Revenues from sale of long-term intangible and tangible assets,Other Operating Income,Other Operating Income,0.0,-66551916.48,66551916.48,17.426182994722296,19.73936376536392,NET_PROFIT,FAVORABLE,2,DRIVER_IDENTIFIED,ACCOUNT
2026,7,2026-07,2026-07-01,662,Interest revenues,Financial Result,Interest Income,-6380687.93,6682780.48,-13063468.41,3.420583554898011,-3.874637555476302,NET_PROFIT,UNFAVORABLE,3,DRIVER_IDENTIFIED,ACCOUNT
2026,7,2026-07,2026-07-01,663,Foreign exchange gains,Financial Result,FX Gains,-3146737.78,2511285.77,-5658023.55,1.481516370762645,-1.6781753396990335,NET_PROFIT,UNFAVORABLE,4,DRIVER_IDENTIFIED,ACCOUNT
2026,8,2026-08,2026-08-01,501,Material consumption,Operating Costs,Material Consumption,-1851985.12,-6811585.03,4959599.91,4.190533127050081,4.989519200143518,NET_PROFIT,FAVORABLE,7,DRIVER_IDENTIFIED,ACCOUNT
2026,8,2026-08,2026-08-01,504,Cost of goods sold,Operating Costs,Cost of Goods Sold,-5313532.69,-25790008.33,20476475.639999997,17.301264426923098,20.60000205884571,NET_PROFIT,FAVORABLE,2,DRIVER_IDENTIFIED,ACCOUNT
2026,8,2026-08,2026-08-01,541,Net book value of sold long-term intangible and tangible assets,Non-Core Operating Items,Fixed Asset Disposal Costs,0.0,-46633011.6,46633011.6,39.401803264390885,46.91432997842671,NET_PROFIT,FAVORABLE,1,DRIVER_IDENTIFIED,ACCOUNT
2026,8,2026-08,2026-08-01,549,Shortages and damages in operating area,Operating Costs,Shortages & Damages,-1037148.81,-4368304.2,3331155.39,2.8146054654530457,3.351250923195248,NET_PROFIT,FAVORABLE,8,DRIVER_IDENTIFIED,ACCOUNT
2026,8,2026-08,2026-08-01,562,Interest expenses,Financial Result,Interest Expense,-173174.17,-2509004.36,2335830.19,1.9736216565821103,2.3499213228431324,NET_PROFIT,FAVORABLE,10,DRIVER_IDENTIFIED,ACCOUNT
2026,8,2026-08,2026-08-01,591,Income tax - payable,Tax,Income Tax,-1440281.84,-6865944.71,5425662.87,4.5843254305851096,5.458393732282083,NET_PROFIT,FAVORABLE,5,DRIVER_IDENTIFIED,ACCOUNT
2026,8,2026-08,2026-08-01,602,Revenues from services,Revenue,Sales Revenue,-2359838.04,-8505053.41,6145215.37,5.19229959031964,6.182287005814558,NET_PROFIT,FAVORABLE,4,DRIVER_IDENTIFIED,ACCOUNT
2026,8,2026-08,2026-08-01,641,Revenues from sale of long-term intangible and tangible assets,Other Operating Income,Other Operating Income,0.0,-12076561.98,12076561.98,10.20389425687838,12.14941506661436,NET_PROFIT,FAVORABLE,3,DRIVER_IDENTIFIED,ACCOUNT
2026,8,2026-08,2026-08-01,662,Interest revenues,Financial Result,Interest Income,-2000834.6,3164044.15,-5164878.75,4.363980137880117,-5.196036405593501,NET_PROFIT,UNFAVORABLE,6,DRIVER_IDENTIFIED,ACCOUNT
2026,8,2026-08,2026-08-01,663,Foreign exchange gains,Financial Result,FX Gains,-956317.94,1675339.13,-2631657.07,2.2235757583257465,-2.6475328085402827,NET_PROFIT,UNFAVORABLE,9,DRIVER_IDENTIFIED,ACCOUNT
2026,9,2026-09,2026-09-01,501,Material consumption,Operating Costs,Material Consumption,0.0,-7810890.69,7810890.69,6.024794604823809,6.916051172191108,NET_PROFIT,FAVORABLE,4,DRIVER_IDENTIFIED,ACCOUNT
2026,9,2026-09,2026-09-01,504,Cost of goods sold,Operating Costs,Cost of Goods Sold,0.0,-24745096.2,24745096.2,19.08669932770575,21.91022232574499,NET_PROFIT,FAVORABLE,2,DRIVER_IDENTIFIED,ACCOUNT
2026,9,2026-09,2026-09-01,541,Net book value of sold long-term intangible and tangible assets,Non-Core Operating Items,Fixed Asset Disposal Costs,0.0,-12114853.8,12114853.8,9.344581650069054,10.726939109733449,NET_PROFIT,FAVORABLE,3,DRIVER_IDENTIFIED,ACCOUNT
2026,9,2026-09,2026-09-01,549,Shortages and damages in operating area,Operating Costs,Shortages & Damages,0.0,-6552499.77,6552499.77,5.054156667810856,5.801825363285229,NET_PROFIT,FAVORABLE,7,DRIVER_IDENTIFIED,ACCOUNT
2026,9,2026-09,2026-09-01,562,Interest expenses,Financial Result,Interest Expense,0.0,-5956136.31,5956136.31,4.5941620911459955,5.273783124534484,NET_PROFIT,FAVORABLE,8,DRIVER_IDENTIFIED,ACCOUNT
2026,9,2026-09,2026-09-01,563,Foreign exchange losses,Financial Result,FX Losses,0.0,-3028370.86,3028370.86,2.3358811616826807,2.681431435591168,NET_PROFIT,FAVORABLE,10,DRIVER_IDENTIFIED,ACCOUNT
2026,9,2026-09,2026-09-01,568,Other and extraordinary financial expenses,Financial Result,Other Financial Expenses,0.0,-7276722.09,7276722.09,5.612772951074831,6.443078560129411,NET_PROFIT,FAVORABLE,5,DRIVER_IDENTIFIED,ACCOUNT
2026,9,2026-09,2026-09-01,602,Revenues from services,Revenue,Sales Revenue,0.0,-7122879.24,7122879.24,5.4941089459752135,6.306860417371646,NET_PROFIT,FAVORABLE,6,DRIVER_IDENTIFIED,ACCOUNT
2026,9,2026-09,2026-09-01,641,Revenues from sale of long-term intangible and tangible assets,Other Operating Income,Other Operating Income,0.0,-36322711.74,36322711.74,28.01689159520454,32.16147083305127,NET_PROFIT,FAVORABLE,1,DRIVER_IDENTIFIED,ACCOUNT
2026,9,2026-09,2026-09-01,662,Interest revenues,Financial Result,Interest Income,0.0,4368333.24,-4368333.24,3.3694378248205274,-3.867883628649702,NET_PROFIT,UNFAVORABLE,9,DRIVER_IDENTIFIED,ACCOUNT
2026,10,2026-10,2026-10-01,501,Material consumption,Operating Costs,Material Consumption,0.0,-7869939.87,7869939.87,5.50112194883303,6.328700573265589,NET_PROFIT,FAVORABLE,6,DRIVER_IDENTIFIED,ACCOUNT
2026,10,2026-10,2026-10-01,504,Cost of goods sold,Operating Costs,Cost of Goods Sold,0.0,-25545035.18,25545035.18,17.856089885526647,20.54232706453393,NET_PROFIT,FAVORABLE,2,DRIVER_IDENTIFIED,ACCOUNT
2026,10,2026-10,2026-10-01,541,Net book value of sold long-term intangible and tangible assets,Non-Core Operating Items,Fixed Asset Disposal Costs,0.0,-27001938.6,27001938.6,18.87447166651628,21.71391231952351,NET_PROFIT,FAVORABLE,1,DRIVER_IDENTIFIED,ACCOUNT
2026,10,2026-10,2026-10-01,549,Shortages and damages in operating area,Operating Costs,Shortages & Damages,0.0,-5822350.58,5822350.58,4.069848194334263,4.682108638957013,NET_PROFIT,FAVORABLE,8,DRIVER_IDENTIFIED,ACCOUNT
2026,10,2026-10,2026-10-01,551,Depreciation of intangible and tangible fixed assets,EBITDA Adjustments,Depreciation,0.0,-12110265.31,12110265.31,8.46512773966496,9.738605920224824,NET_PROFIT,FAVORABLE,4,DRIVER_IDENTIFIED,ACCOUNT
2026,10,2026-10,2026-10-01,568,Other and extraordinary financial expenses,Financial Result,Other Financial Expenses,0.0,-6991776.93,6991776.93,4.887282262166434,5.622515978007862,NET_PROFIT,FAVORABLE,7,DRIVER_IDENTIFIED,ACCOUNT
2026,10,2026-10,2026-10-01,602,Revenues from services,Revenue,Sales Revenue,0.0,-9575696.31,9575696.31,6.693453065264709,7.700403780405781,NET_PROFIT,FAVORABLE,5,DRIVER_IDENTIFIED,ACCOUNT
2026,10,2026-10,2026-10-01,641,Revenues from sale of long-term intangible and tangible assets,Other Operating Income,Other Operating Income,0.0,-23003306.34,23003306.34,16.079410452052663,18.498367258930777,NET_PROFIT,FAVORABLE,3,DRIVER_IDENTIFIED,ACCOUNT
2026,10,2026-10,2026-10-01,662,Interest revenues,Financial Result,Interest Income,0.0,4472118.07,-4472118.07,3.1260298400030604,-3.5963039948004587,NET_PROFIT,UNFAVORABLE,9,DRIVER_IDENTIFIED,ACCOUNT
2026,10,2026-10,2026-10-01,663,Foreign exchange gains,Financial Result,FX Gains,0.0,3162956.24,-3162956.24,2.2109200683209784,-2.5435267994369024,NET_PROFIT,UNFAVORABLE,10,DRIVER_IDENTIFIED,ACCOUNT
2026,11,2026-11,2026-11-01,501,Material consumption,Operating Costs,Material Consumption,0.0,-6944819.71,6944819.71,3.819519911883552,4.343476409394934,NET_PROFIT,FAVORABLE,6,DRIVER_IDENTIFIED,ACCOUNT
2026,11,2026-11,2026-11-01,504,Cost of goods sold,Operating Costs,Cost of Goods Sold,0.0,-25205263.38,25205263.38,13.86241967168062,15.764047369865564,NET_PROFIT,FAVORABLE,3,DRIVER_IDENTIFIED,ACCOUNT
2026,11,2026-11,2026-11-01,541,Net book value of sold long-term intangible and tangible assets,Non-Core Operating Items,Fixed Asset Disposal Costs,0.0,-66572692.2,66572692.2,36.6137256348725,41.63634624873655,NET_PROFIT,FAVORABLE,1,DRIVER_IDENTIFIED,ACCOUNT
2026,11,2026-11,2026-11-01,549,Shortages and damages in operating area,Operating Costs,Shortages & Damages,0.0,-4157590.23,4157590.23,2.2865962446903483,2.6002683781600804,NET_PROFIT,FAVORABLE,8,DRIVER_IDENTIFIED,ACCOUNT
2026,11,2026-11,2026-11-01,551,Depreciation of intangible and tangible fixed assets,EBITDA Adjustments,Depreciation,0.0,-2819994.84,2819994.84,1.550943997477635,1.7637003656867343,NET_PROFIT,FAVORABLE,10,DRIVER_IDENTIFIED,ACCOUNT
2026,11,2026-11,2026-11-01,568,Other and extraordinary financial expenses,Financial Result,Other Financial Expenses,0.0,-3942384.27,3942384.27,2.1682370239041813,2.4656728019674783,NET_PROFIT,FAVORABLE,9,DRIVER_IDENTIFIED,ACCOUNT
2026,11,2026-11,2026-11-01,591,Income tax - payable,Tax,Income Tax,0.0,-6632731.26,6632731.26,3.6478771480940972,4.148287926925368,NET_PROFIT,FAVORABLE,7,DRIVER_IDENTIFIED,ACCOUNT
2026,11,2026-11,2026-11-01,602,Revenues from services,Revenue,Sales Revenue,0.0,-9429332.42,9429332.42,5.18595506260581,5.897357258049373,NET_PROFIT,FAVORABLE,4,DRIVER_IDENTIFIED,ACCOUNT
2026,11,2026-11,2026-11-01,641,Revenues from sale of long-term intangible and tangible assets,Other Operating Income,Other Operating Income,0.0,-35811031.62,35811031.62,19.69539225629249,22.397179125268615,NET_PROFIT,FAVORABLE,2,DRIVER_IDENTIFIED,ACCOUNT
2026,11,2026-11,2026-11-01,662,Interest revenues,Financial Result,Interest Income,0.0,8230945.79,-8230945.79,4.5268650089318285,-5.1478541357085215,NET_PROFIT,UNFAVORABLE,5,DRIVER_IDENTIFIED,ACCOUNT
2026,12,2026-12,2026-12-01,501,Material consumption,Operating Costs,Material Consumption,0.0,-7265852.71,7265852.71,3.0066414167573106,3.2007604310567705,NET_PROFIT,FAVORABLE,5,DRIVER_IDENTIFIED,ACCOUNT
2026,12,2026-12,2026-12-01,504,Cost of goods sold,Operating Costs,Cost of Goods Sold,0.0,-28159278.47,28159278.47,11.652431764461742,12.404752462135285,NET_PROFIT,FAVORABLE,3,DRIVER_IDENTIFIED,ACCOUNT
2026,12,2026-12,2026-12-01,541,Net book value of sold long-term intangible and tangible assets,Non-Core Operating Items,Fixed Asset Disposal Costs,0.0,-111316016.7,111316016.7,46.06305130546314,49.03703884691253,NET_PROFIT,FAVORABLE,1,DRIVER_IDENTIFIED,ACCOUNT
2026,12,2026-12,2026-12-01,549,Shortages and damages in operating area,Operating Costs,Shortages & Damages,0.0,-5690190.46,5690190.46,2.3546255324894045,2.5066481797075575,NET_PROFIT,FAVORABLE,7,DRIVER_IDENTIFIED,ACCOUNT
2026,12,2026-12,2026-12-01,563,Foreign exchange losses,Financial Result,FX Losses,0.0,-3176219.23,3176219.23,1.3143333159610682,1.3991911531255916,NET_PROFIT,FAVORABLE,10,DRIVER_IDENTIFIED,ACCOUNT
2026,12,2026-12,2026-12-01,568,Other and extraordinary financial expenses,Financial Result,Other Financial Expenses,0.0,-5544505.41,5544505.41,2.294340425893518,2.442470861222316,NET_PROFIT,FAVORABLE,8,DRIVER_IDENTIFIED,ACCOUNT
2026,12,2026-12,2026-12-01,591,Income tax - payable,Tax,Income Tax,0.0,-6581890.15,6581890.15,2.723614738061073,2.8994605856361093,NET_PROFIT,FAVORABLE,6,DRIVER_IDENTIFIED,ACCOUNT
2026,12,2026-12,2026-12-01,602,Revenues from services,Revenue,Sales Revenue,0.0,-10091728.35,10091728.35,4.176001033163514,4.445617888619962,NET_PROFIT,FAVORABLE,4,DRIVER_IDENTIFIED,ACCOUNT
2026,12,2026-12,2026-12-01,641,Revenues from sale of long-term intangible and tangible assets,Other Operating Income,Other Operating Income,0.0,-45065592.6,45065592.6,18.648337998290053,19.852338239348207,NET_PROFIT,FAVORABLE,2,DRIVER_IDENTIFIED,ACCOUNT
2026,12,2026-12,2026-12-01,662,Interest revenues,Financial Result,Interest Income,0.0,5024188.48,-5024188.48,2.0790310198240944,-2.213260346280163,NET_PROFIT,UNFAVORABLE,9,DRIVER_IDENTIFIED,ACCOUNT
