period,year_month,calendar_year,calendar_month,rolling_data_type,forecast_horizon_month,rolling_revenue,rolling_operating_costs,rolling_ebitda,rolling_ebitda_margin,anomaly_count,high_critical_anomaly_count,max_robust_score,anomaly_max_severity,anomaly_controller_status,variance_metric,root_cause_total_variance,root_cause_primary_account,root_cause_primary_driver,root_cause_primary_variance,root_cause_primary_contribution_pct,root_cause_controller_interpretation,analysis_type,pvm_total_variance,pvm_price_effect,pvm_volume_effect,pvm_mix_effect,reconciliation_check,pvm_top_driver_account,pvm_top_driver_name,pvm_top_driver_variance,price_status,volume_status,mix_status,ml_predicted_revenue,ml_revenue_lower_bound,ml_revenue_upper_bound,revenue_prediction_rmse,revenue_prediction_mape_pct,ml_predicted_expenses,ml_expense_lower_bound,ml_expense_upper_bound,expense_prediction_rmse,ml_predicted_operating_cf,ml_predicted_closing_cash,ml_ocf_lower_bound,ml_ocf_upper_bound,ml_cash_lower_bound,ml_cash_upper_bound,cash_prediction_rmse,cash_prediction_mape_pct,anomaly_risk_predicted,anomaly_risk_confidence
2021-01-01,2021-01,2021,1,,,,,,,11.0,0.0,0.0,NORMAL,WATCH,EBITDA,-260228253.28,641.0,Other Operating Income,-107829182.0,41.022576281343945,UNFAVORABLE,,,,,,,,,,,,,,,,,,,,,,,,,,,,,,,
2021-01-01,2021-01,2021,1,,,,,,,11.0,0.0,0.0,NORMAL,WATCH,NET_PROFIT,-287279300.51,641.0,Other Operating Income,-107829182.0,35.79621572423642,UNFAVORABLE,,,,,,,,,,,,,,,,,,,,,,,,,,,,,,,
2021-01-01,2021-01,2021,1,,,,,,,11.0,0.0,0.0,NORMAL,WATCH,OPERATING_COSTS,-36374666.45,504.0,Cost of Goods Sold,-23152397.98,59.49812132732993,UNFAVORABLE,,,,,,,,,,,,,,,,,,,,,,,,,,,,,,,
2021-01-01,2021-01,2021,1,,,,,,,11.0,0.0,0.0,NORMAL,WATCH,REVENUE,-9271506.6,602.0,Sales Revenue,-8660080.68,91.00266771940149,UNFAVORABLE,,,,,,,,,,,,,,,,,,,,,,,,,,,,,,,
2021-02-01,2021-02,2021,2,,,,,,,11.0,0.0,0.0,NORMAL,WATCH,EBITDA,-259796262.64,541.0,Fixed Asset Disposal Costs,-197605531.0,75.26354523242942,UNFAVORABLE,,,,,,,,,,,,,,,,,,,,,,,,,,,,,,,
2021-02-01,2021-02,2021,2,,,,,,,11.0,0.0,0.0,NORMAL,WATCH,NET_PROFIT,-285456165.25,541.0,Fixed Asset Disposal Costs,-197605531.0,66.67968529035085,UNFAVORABLE,,,,,,,,,,,,,,,,,,,,,,,,,,,,,,,
2021-02-01,2021-02,2021,2,,,,,,,11.0,0.0,0.0,NORMAL,WATCH,OPERATING_COSTS,-37466545.05,504.0,Cost of Goods Sold,-23939698.93,63.896200992250286,UNFAVORABLE,,,,,,,,,,,,,,,,,,,,,,,,,,,,,,,
2021-02-01,2021-02,2021,2,,,,,,,11.0,0.0,0.0,NORMAL,WATCH,REVENUE,-5795763.390000001,602.0,Sales Revenue,-6947629.78,85.7785426917487,UNFAVORABLE,,,,,,,,,,,,,,,,,,,,,,,,,,,,,,,
2021-03-01,2021-03,2021,3,,,,,,,11.0,0.0,0.0,NORMAL,WATCH,REVENUE,-7779051.090000001,602.0,Sales Revenue,-8388981.46,89.22329602668533,UNFAVORABLE,,,,,,,,,,,,,,,,,,,,,,,,,,,,,,,
2021-03-01,2021-03,2021,3,,,,,,,11.0,0.0,0.0,NORMAL,WATCH,OPERATING_COSTS,-40960379.510000005,504.0,Cost of Goods Sold,-24283718.19,59.06527225872736,UNFAVORABLE,,,,,,,,,,,,,,,,,,,,,,,,,,,,,,,
2021-03-01,2021-03,2021,3,,,,,,,11.0,0.0,0.0,NORMAL,WATCH,EBITDA,-227119593.66,541.0,Fixed Asset Disposal Costs,-174631237.0,75.90278738682524,UNFAVORABLE,,,,,,,,,,,,,,,,,,,,,,,,,,,,,,,
2021-03-01,2021-03,2021,3,,,,,,,11.0,0.0,0.0,NORMAL,WATCH,NET_PROFIT,-259709001.85,541.0,Fixed Asset Disposal Costs,-174631237.0,63.00996103100665,UNFAVORABLE,,,,,,,,,,,,,,,,,,,,,,,,,,,,,,,
2021-04-01,2021-04,2021,4,,,,,,,0.0,0.0,0.0,NORMAL,NORMAL,REVENUE,-9210169.6,602.0,Sales Revenue,-9109256.73,86.11431738490012,UNFAVORABLE,,,,,,,,,,,,,,,,,,,,,,,,,,,,,,,
2021-04-01,2021-04,2021,4,,,,,,,0.0,0.0,0.0,NORMAL,NORMAL,EBITDA,-66105873.28999999,504.0,Cost of Goods Sold,-23444258.92,34.29600730605609,UNFAVORABLE,,,,,,,,,,,,,,,,,,,,,,,,,,,,,,,
2021-04-01,2021-04,2021,4,,,,,,,0.0,0.0,0.0,NORMAL,NORMAL,NET_PROFIT,-82549257.69,504.0,Cost of Goods Sold,-23444258.92,23.222699028035294,UNFAVORABLE,,,,,,,,,,,,,,,,,,,,,,,,,,,,,,,
2021-04-01,2021-04,2021,4,,,,,,,0.0,0.0,0.0,NORMAL,NORMAL,OPERATING_COSTS,-38755979.54,504.0,Cost of Goods Sold,-23444258.92,59.34575702025112,UNFAVORABLE,,,,,,,,,,,,,,,,,,,,,,,,,,,,,,,
2021-05-01,2021-05,2021,5,,,,,,,0.0,0.0,0.0,NORMAL,NORMAL,REVENUE,-7772793.73,602.0,Sales Revenue,-6750628.83,86.84945290578294,UNFAVORABLE,,,,,,,,,,,,,,,,,,,,,,,,,,,,,,,
2021-05-01,2021-05,2021,5,,,,,,,0.0,0.0,0.0,NORMAL,NORMAL,OPERATING_COSTS,-38654746.5,504.0,Cost of Goods Sold,-23285599.06,58.76008769806671,UNFAVORABLE,,,,,,,,,,,,,,,,,,,,,,,,,,,,,,,
2021-05-01,2021-05,2021,5,,,,,,,0.0,0.0,0.0,NORMAL,NORMAL,EBITDA,-127438645.15,641.0,Other Operating Income,-71935509.6,55.89673944469451,UNFAVORABLE,,,,,,,,,,,,,,,,,,,,,,,,,,,,,,,
2021-05-01,2021-05,2021,5,,,,,,,0.0,0.0,0.0,NORMAL,NORMAL,NET_PROFIT,-138767982.25,641.0,Other Operating Income,-71935509.6,48.057733978298046,UNFAVORABLE,,,,,,,,,,,,,,,,,,,,,,,,,,,,,,,
2021-06-01,2021-06,2021,6,,,,,,,0.0,0.0,0.0,NORMAL,NORMAL,EBITDA,-156008478.02,541.0,Fixed Asset Disposal Costs,-106878163.0,66.83214442052233,UNFAVORABLE,,,,,,,,,,,,,,,,,,,,,,,,,,,,,,,
2021-06-01,2021-06,2021,6,,,,,,,0.0,0.0,0.0,NORMAL,NORMAL,NET_PROFIT,-169665665.60999998,541.0,Fixed Asset Disposal Costs,-106878163.0,56.62323319680805,UNFAVORABLE,,,,,,,,,,,,,,,,,,,,,,,,,,,,,,,
2021-06-01,2021-06,2021,6,,,,,,,0.0,0.0,0.0,NORMAL,NORMAL,OPERATING_COSTS,-39152295.440000005,504.0,Cost of Goods Sold,-24420936.89,61.22226870306623,UNFAVORABLE,,,,,,,,,,,,,,,,,,,,,,,,,,,,,,,
2021-06-01,2021-06,2021,6,,,,,,,0.0,0.0,0.0,NORMAL,NORMAL,REVENUE,-7836161.75,602.0,Sales Revenue,-8372339.71,82.96617321663527,UNFAVORABLE,,,,,,,,,,,,,,,,,,,,,,,,,,,,,,,
2021-07-01,2021-07,2021,7,,,,,,,0.0,0.0,0.0,NORMAL,NORMAL,REVENUE,-9782161.680000002,602.0,Sales Revenue,-8347773.7,85.33669727691519,UNFAVORABLE,,,,,,,,,,,,,,,,,,,,,,,,,,,,,,,
2021-07-01,2021-07,2021,7,,,,,,,0.0,0.0,0.0,NORMAL,NORMAL,OPERATING_COSTS,-36618568.17,504.0,Cost of Goods Sold,-24727122.75,66.09557602351903,UNFAVORABLE,,,,,,,,,,,,,,,,,,,,,,,,,,,,,,,
2021-07-01,2021-07,2021,7,,,,,,,0.0,0.0,0.0,NORMAL,NORMAL,EBITDA,-160559203.4,541.0,Fixed Asset Disposal Costs,-70849783.0,43.95811261690316,UNFAVORABLE,,,,,,,,,,,,,,,,,,,,,,,,,,,,,,,
2021-07-01,2021-07,2021,7,,,,,,,0.0,0.0,0.0,NORMAL,NORMAL,NET_PROFIT,-172114794.13,541.0,Fixed Asset Disposal Costs,-70849783.0,38.65742710887248,UNFAVORABLE,,,,,,,,,,,,,,,,,,,,,,,,,,,,,,,
2021-08-01,2021-08,2021,8,,,,,,,2.0,0.0,0.1199043590601272,LOW,WATCH,EBITDA,-57480114.2,504.0,Cost of Goods Sold,-23887952.93,38.84420811910636,UNFAVORABLE,,,,,,,,,,,,,,,,,,,,,,,,,,,,,,,
2021-08-01,2021-08,2021,8,,,,,,,2.0,0.0,0.1199043590601272,LOW,WATCH,NET_PROFIT,-69795776.50999999,504.0,Cost of Goods Sold,-23887952.93,28.561267436765547,UNFAVORABLE,,,,,,,,,,,,,,,,,,,,,,,,,,,,,,,
2021-08-01,2021-08,2021,8,,,,,,,2.0,0.0,0.1199043590601272,LOW,WATCH,OPERATING_COSTS,-38545853.55,504.0,Cost of Goods Sold,-23887952.93,58.284021860303824,UNFAVORABLE,,,,,,,,,,,,,,,,,,,,,,,,,,,,,,,
2021-08-01,2021-08,2021,8,,,,,,,2.0,0.0,0.1199043590601272,LOW,WATCH,REVENUE,-8762319.159999998,602.0,Sales Revenue,-8697619.77,89.68636151769577,UNFAVORABLE,,,,,,,,,,,,,,,,,,,,,,,,,,,,,,,
2021-09-01,2021-09,2021,9,,,,,,,0.0,0.0,0.0,NORMAL,NORMAL,OPERATING_COSTS,-39605247.12,504.0,Cost of Goods Sold,-24767828.29,59.16134276378872,UNFAVORABLE,,,,,,,,,,,,,,,,,,,,,,,,,,,,,,,
2021-09-01,2021-09,2021,9,,,,,,,0.0,0.0,0.0,NORMAL,NORMAL,EBITDA,-164433781.70999998,541.0,Fixed Asset Disposal Costs,-113703778.0,67.52432952162168,UNFAVORABLE,,,,,,,,,,,,,,,,,,,,,,,,,,,,,,,
2021-09-01,2021-09,2021,9,,,,,,,0.0,0.0,0.0,NORMAL,NORMAL,NET_PROFIT,-181984375.87,541.0,Fixed Asset Disposal Costs,-113703778.0,57.00907320234023,UNFAVORABLE,,,,,,,,,,,,,,,,,,,,,,,,,,,,,,,
2021-09-01,2021-09,2021,9,,,,,,,0.0,0.0,0.0,NORMAL,NORMAL,REVENUE,-7964188.369999999,602.0,Sales Revenue,-8815371.37,91.19455632876144,UNFAVORABLE,,,,,,,,,,,,,,,,,,,,,,,,,,,,,,,
2021-10-01,2021-10,2021,10,,,,,,,0.0,0.0,0.0,NORMAL,NORMAL,REVENUE,-5918231.210000001,602.0,Sales Revenue,-7776598.16,80.7122607214091,UNFAVORABLE,,,,,,,,,,,,,,,,,,,,,,,,,,,,,,,
2021-10-01,2021-10,2021,10,,,,,,,0.0,0.0,0.0,NORMAL,NORMAL,OPERATING_COSTS,-37429779.31,504.0,Cost of Goods Sold,-23873117.77,62.35859550674523,UNFAVORABLE,,,,,,,,,,,,,,,,,,,,,,,,,,,,,,,
2021-10-01,2021-10,2021,10,,,,,,,0.0,0.0,0.0,NORMAL,NORMAL,EBITDA,-136213605.54999998,541.0,Fixed Asset Disposal Costs,-90021766.0,63.757008144471214,UNFAVORABLE,,,,,,,,,,,,,,,,,,,,,,,,,,,,,,,
2021-10-01,2021-10,2021,10,,,,,,,0.0,0.0,0.0,NORMAL,NORMAL,NET_PROFIT,-153079811.66,541.0,Fixed Asset Disposal Costs,-90021766.0,54.13161336986141,UNFAVORABLE,,,,,,,,,,,,,,,,,,,,,,,,,,,,,,,
2021-11-01,2021-11,2021,11,,,,,,,0.0,0.0,0.0,NORMAL,NORMAL,EBITDA,-91359770.69,541.0,Fixed Asset Disposal Costs,-28132539.0,29.161393983576662,UNFAVORABLE,,,,,,,,,,,,,,,,,,,,,,,,,,,,,,,
2021-11-01,2021-11,2021,11,,,,,,,0.0,0.0,0.0,NORMAL,NORMAL,NET_PROFIT,-114233091.38000004,541.0,Fixed Asset Disposal Costs,-28132539.0,21.800698546371702,UNFAVORABLE,,,,,,,,,,,,,,,,,,,,,,,,,,,,,,,
2021-11-01,2021-11,2021,11,,,,,,,0.0,0.0,0.0,NORMAL,NORMAL,OPERATING_COSTS,-38195722.4,504.0,Cost of Goods Sold,-25100441.81,59.76543106470146,UNFAVORABLE,,,,,,,,,,,,,,,,,,,,,,,,,,,,,,,
2021-11-01,2021-11,2021,11,,,,,,,0.0,0.0,0.0,NORMAL,NORMAL,REVENUE,-9112830.13,602.0,Sales Revenue,-9221866.55,90.90796491625343,UNFAVORABLE,,,,,,,,,,,,,,,,,,,,,,,,,,,,,,,
2021-12-01,2021-12,2021,12,,,,,,,1.0,0.0,0.0,MEDIUM,WATCH,EBITDA,-146555251.9,541.0,Fixed Asset Disposal Costs,-90196451.0,60.28287476433732,UNFAVORABLE,,,,,,,,,,,,,,,,,,,,,,,,,,,,,,,
2021-12-01,2021-12,2021,12,,,,,,,1.0,0.0,0.0,MEDIUM,WATCH,NET_PROFIT,-157904129.08999997,541.0,Fixed Asset Disposal Costs,-90196451.0,52.01570961337924,UNFAVORABLE,,,,,,,,,,,,,,,,,,,,,,,,,,,,,,,
2021-12-01,2021-12,2021,12,,,,,,,1.0,0.0,0.0,MEDIUM,WATCH,OPERATING_COSTS,-44379408.43,504.0,Cost of Goods Sold,-27479192.42,59.20985539308165,UNFAVORABLE,,,,,,,,,,,,,,,,,,,,,,,,,,,,,,,
2021-12-01,2021-12,2021,12,,,,,,,1.0,0.0,0.0,MEDIUM,WATCH,REVENUE,-8402233.719999999,602.0,Sales Revenue,-8360867.31,94.83186242443875,UNFAVORABLE,,,,,,,,,,,,,,,,,,,,,,,,,,,,,,,
2022-01-01,2022-01,2022,1,,,,,,,11.0,0.0,0.0,NORMAL,WATCH,EBITDA,-52586435.18000001,504.0,Cost of Goods Sold,-22885372.75,41.13790030760333,UNFAVORABLE,REVENUE,-793382.6499999994,-337788.64098323265,-455594.00901676697,1.7462298274040222e-10,0.0,602.0,Sales Revenue,-793382.6499999994,UNFAVORABLE,UNFAVORABLE,FAVORABLE,,,,,,,,,,,,,,,,,,WATCH,0.6977626184202272
2022-01-01,2022-01,2022,1,,,,,,,11.0,0.0,0.0,NORMAL,WATCH,NET_PROFIT,-70658586.92,504.0,Cost of Goods Sold,-22885372.75,28.69925913082957,UNFAVORABLE,REVENUE,-793382.6499999994,-337788.64098323265,-455594.00901676697,1.7462298274040222e-10,0.0,602.0,Sales Revenue,-793382.6499999994,UNFAVORABLE,UNFAVORABLE,FAVORABLE,,,,,,,,,,,,,,,,,,WATCH,0.6977626184202272
2022-01-01,2022-01,2022,1,,,,,,,11.0,0.0,0.0,NORMAL,WATCH,OPERATING_COSTS,-34991924.84,504.0,Cost of Goods Sold,-22885372.75,65.02226945913006,UNFAVORABLE,REVENUE,-793382.6499999994,-337788.64098323265,-455594.00901676697,1.7462298274040222e-10,0.0,602.0,Sales Revenue,-793382.6499999994,UNFAVORABLE,UNFAVORABLE,FAVORABLE,,,,,,,,,,,,,,,,,,WATCH,0.6977626184202272
2022-01-01,2022-01,2022,1,,,,,,,11.0,0.0,0.0,NORMAL,WATCH,REVENUE,-6739553.95,602.0,Sales Revenue,-7866698.03,87.46760209691962,UNFAVORABLE,REVENUE,-793382.6499999994,-337788.64098323265,-455594.00901676697,1.7462298274040222e-10,0.0,602.0,Sales Revenue,-793382.6499999994,UNFAVORABLE,UNFAVORABLE,FAVORABLE,,,,,,,,,,,,,,,,,,WATCH,0.6977626184202272
2022-02-01,2022-02,2022,2,,,,,,,0.0,0.0,0.0,NORMAL,NORMAL,OPERATING_COSTS,-38551819.03000001,504.0,Cost of Goods Sold,-23192484.91,60.15924927420991,UNFAVORABLE,REVENUE,1092308.3199999994,581209.0445203796,511099.2754796204,-5.820766091346741e-10,0.0,602.0,Sales Revenue,1092308.3199999994,FAVORABLE,FAVORABLE,UNFAVORABLE,,,,,,,,,,,,,,,,,,WATCH,0.454582045776664
2022-02-01,2022-02,2022,2,,,,,,,0.0,0.0,0.0,NORMAL,NORMAL,REVENUE,-7930526.78,602.0,Sales Revenue,-8039938.1,94.75056855139267,UNFAVORABLE,REVENUE,1092308.3199999994,581209.0445203796,511099.2754796204,-5.820766091346741e-10,0.0,602.0,Sales Revenue,1092308.3199999994,FAVORABLE,FAVORABLE,UNFAVORABLE,,,,,,,,,,,,,,,,,,WATCH,0.454582045776664
2022-02-01,2022-02,2022,2,,,,,,,0.0,0.0,0.0,NORMAL,NORMAL,EBITDA,-54320815.49,504.0,Cost of Goods Sold,-23192484.91,42.0052101306086,UNFAVORABLE,REVENUE,1092308.3199999994,581209.0445203796,511099.2754796204,-5.820766091346741e-10,0.0,602.0,Sales Revenue,1092308.3199999994,FAVORABLE,FAVORABLE,UNFAVORABLE,,,,,,,,,,,,,,,,,,WATCH,0.454582045776664
2022-02-01,2022-02,2022,2,,,,,,,0.0,0.0,0.0,NORMAL,NORMAL,NET_PROFIT,-62561522.81999999,504.0,Cost of Goods Sold,-23192484.91,31.06545219159947,UNFAVORABLE,REVENUE,1092308.3199999994,581209.0445203796,511099.2754796204,-5.820766091346741e-10,0.0,602.0,Sales Revenue,1092308.3199999994,FAVORABLE,FAVORABLE,UNFAVORABLE,,,,,,,,,,,,,,,,,,WATCH,0.454582045776664
2022-03-01,2022-03,2022,3,,,,,,,0.0,0.0,0.0,NORMAL,NORMAL,REVENUE,-9632863.55,602.0,Sales Revenue,-9154658.19,95.0356884272486,UNFAVORABLE,REVENUE,765676.7299999986,1106205.3829149783,-340528.6529149798,0.0,0.0,602.0,Sales Revenue,765676.7299999986,FAVORABLE,UNFAVORABLE,NEUTRAL,,,,,,,,,,,,,,,,,,NORMAL,0.6101020617749368
2022-03-01,2022-03,2022,3,,,,,,,0.0,0.0,0.0,NORMAL,NORMAL,OPERATING_COSTS,-41011832.48,504.0,Cost of Goods Sold,-26951286.25,64.21227215141697,UNFAVORABLE,REVENUE,765676.7299999986,1106205.3829149783,-340528.6529149798,0.0,0.0,602.0,Sales Revenue,765676.7299999986,FAVORABLE,UNFAVORABLE,NEUTRAL,,,,,,,,,,,,,,,,,,NORMAL,0.6101020617749368
2022-03-01,2022-03,2022,3,,,,,,,0.0,0.0,0.0,NORMAL,NORMAL,EBITDA,-267722562.4,541.0,Fixed Asset Disposal Costs,-210633650.0,78.46310288867669,UNFAVORABLE,REVENUE,765676.7299999986,1106205.3829149783,-340528.6529149798,0.0,0.0,602.0,Sales Revenue,765676.7299999986,FAVORABLE,UNFAVORABLE,NEUTRAL,,,,,,,,,,,,,,,,,,NORMAL,0.6101020617749368
2022-03-01,2022-03,2022,3,,,,,,,0.0,0.0,0.0,NORMAL,NORMAL,NET_PROFIT,-286931327.82000005,541.0,Fixed Asset Disposal Costs,-210633650.0,70.9663373094951,UNFAVORABLE,REVENUE,765676.7299999986,1106205.3829149783,-340528.6529149798,0.0,0.0,602.0,Sales Revenue,765676.7299999986,FAVORABLE,UNFAVORABLE,NEUTRAL,,,,,,,,,,,,,,,,,,NORMAL,0.6101020617749368
2022-04-01,2022-04,2022,4,,,,,,,0.0,0.0,0.0,NORMAL,NORMAL,EBITDA,-150730406.93999997,541.0,Fixed Asset Disposal Costs,-98530357.0,64.23607601942857,UNFAVORABLE,REVENUE,-850160.3200000003,-948523.1860985912,98362.86609859156,-6.984919309616089e-10,0.0,602.0,Sales Revenue,-850160.3200000003,UNFAVORABLE,FAVORABLE,UNFAVORABLE,,,,,,,,,,,,,,,,,,NORMAL,0.5656090350773764
2022-04-01,2022-04,2022,4,,,,,,,0.0,0.0,0.0,NORMAL,NORMAL,NET_PROFIT,-163763212.73,541.0,Fixed Asset Disposal Costs,-98530357.0,56.09846836181568,UNFAVORABLE,REVENUE,-850160.3200000003,-948523.1860985912,98362.86609859156,-6.984919309616089e-10,0.0,602.0,Sales Revenue,-850160.3200000003,UNFAVORABLE,FAVORABLE,UNFAVORABLE,,,,,,,,,,,,,,,,,,NORMAL,0.5656090350773764
2022-04-01,2022-04,2022,4,,,,,,,0.0,0.0,0.0,NORMAL,NORMAL,OPERATING_COSTS,-39388497.23,504.0,Cost of Goods Sold,-25196027.02,60.00550165267551,UNFAVORABLE,REVENUE,-850160.3200000003,-948523.1860985912,98362.86609859156,-6.984919309616089e-10,0.0,602.0,Sales Revenue,-850160.3200000003,UNFAVORABLE,FAVORABLE,UNFAVORABLE,,,,,,,,,,,,,,,,,,NORMAL,0.5656090350773764
2022-04-01,2022-04,2022,4,,,,,,,0.0,0.0,0.0,NORMAL,NORMAL,REVENUE,-8326267.13,602.0,Sales Revenue,-8259096.41,96.15099207427392,UNFAVORABLE,REVENUE,-850160.3200000003,-948523.1860985912,98362.86609859156,-6.984919309616089e-10,0.0,602.0,Sales Revenue,-850160.3200000003,UNFAVORABLE,FAVORABLE,UNFAVORABLE,,,,,,,,,,,,,,,,,,NORMAL,0.5656090350773764
2022-05-01,2022-05,2022,5,,,,,,,1.0,0.0,0.0630933256190179,LOW,WATCH,EBITDA,-77329282.93,504.0,Cost of Goods Sold,-25290555.2,32.45380486760379,UNFAVORABLE,REVENUE,1301713.9000000004,577989.9245631949,723723.9754368057,-2.3283064365386963e-10,0.0,602.0,Sales Revenue,1301713.9000000004,FAVORABLE,FAVORABLE,UNFAVORABLE,,,,,,,,,,,,,,,,,,WATCH,0.6663767628570261
2022-05-01,2022-05,2022,5,,,,,,,1.0,0.0,0.0630933256190179,LOW,WATCH,NET_PROFIT,-91466670.97,504.0,Cost of Goods Sold,-25290555.2,24.72142677711033,UNFAVORABLE,REVENUE,1301713.9000000004,577989.9245631949,723723.9754368057,-2.3283064365386963e-10,0.0,602.0,Sales Revenue,1301713.9000000004,FAVORABLE,FAVORABLE,UNFAVORABLE,,,,,,,,,,,,,,,,,,WATCH,0.6663767628570261
2022-05-01,2022-05,2022,5,,,,,,,1.0,0.0,0.0630933256190179,LOW,WATCH,OPERATING_COSTS,-39878691.190000005,504.0,Cost of Goods Sold,-25290555.2,63.1824701019664,UNFAVORABLE,REVENUE,1301713.9000000004,577989.9245631949,723723.9754368057,-2.3283064365386963e-10,0.0,602.0,Sales Revenue,1301713.9000000004,FAVORABLE,FAVORABLE,UNFAVORABLE,,,,,,,,,,,,,,,,,,WATCH,0.6663767628570261
2022-05-01,2022-05,2022,5,,,,,,,1.0,0.0,0.0630933256190179,LOW,WATCH,REVENUE,-8852259.05,602.0,Sales Revenue,-8052342.73,90.96370411799008,UNFAVORABLE,REVENUE,1301713.9000000004,577989.9245631949,723723.9754368057,-2.3283064365386963e-10,0.0,602.0,Sales Revenue,1301713.9000000004,FAVORABLE,FAVORABLE,UNFAVORABLE,,,,,,,,,,,,,,,,,,WATCH,0.6663767628570261
2022-06-01,2022-06,2022,6,,,,,,,0.0,0.0,0.0,NORMAL,NORMAL,OPERATING_COSTS,-38844651.89,504.0,Cost of Goods Sold,-23776793.01,60.44884264270618,UNFAVORABLE,REVENUE,629568.7299999995,552807.148277079,76761.58172292118,-6.984919309616089e-10,0.0,602.0,Sales Revenue,629568.7299999995,FAVORABLE,FAVORABLE,UNFAVORABLE,,,,,,,,,,,,,,,,,,WATCH,0.5407444684944687
2022-06-01,2022-06,2022,6,,,,,,,0.0,0.0,0.0,NORMAL,NORMAL,EBITDA,-220825911.17,541.0,Fixed Asset Disposal Costs,-167666902.0,75.14077745730341,UNFAVORABLE,REVENUE,629568.7299999995,552807.148277079,76761.58172292118,-6.984919309616089e-10,0.0,602.0,Sales Revenue,629568.7299999995,FAVORABLE,FAVORABLE,UNFAVORABLE,,,,,,,,,,,,,,,,,,WATCH,0.5407444684944687
2022-06-01,2022-06,2022,6,,,,,,,0.0,0.0,0.0,NORMAL,NORMAL,NET_PROFIT,-235958954.84,541.0,Fixed Asset Disposal Costs,-167666902.0,67.30547114380153,UNFAVORABLE,REVENUE,629568.7299999995,552807.148277079,76761.58172292118,-6.984919309616089e-10,0.0,602.0,Sales Revenue,629568.7299999995,FAVORABLE,FAVORABLE,UNFAVORABLE,,,,,,,,,,,,,,,,,,WATCH,0.5407444684944687
2022-06-01,2022-06,2022,6,,,,,,,0.0,0.0,0.0,NORMAL,NORMAL,REVENUE,-8053369.059999999,602.0,Sales Revenue,-9001908.44,90.46736993993903,UNFAVORABLE,REVENUE,629568.7299999995,552807.148277079,76761.58172292118,-6.984919309616089e-10,0.0,602.0,Sales Revenue,629568.7299999995,FAVORABLE,FAVORABLE,UNFAVORABLE,,,,,,,,,,,,,,,,,,WATCH,0.5407444684944687
2022-07-01,2022-07,2022,7,,,,,,,0.0,0.0,0.0,NORMAL,NORMAL,REVENUE,-9304011.06,602.0,Sales Revenue,-8846777.73,95.08563213165398,UNFAVORABLE,REVENUE,499004.03000000026,577323.0859636549,-78319.05596365574,1.0477378964424131e-09,-5.820766091346741e-11,602.0,Sales Revenue,499004.03000000026,FAVORABLE,UNFAVORABLE,FAVORABLE,,,,,,,,,,,,,,,,,,NORMAL,0.6583387445887448
2022-07-01,2022-07,2022,7,,,,,,,0.0,0.0,0.0,NORMAL,NORMAL,OPERATING_COSTS,-38810811.46,504.0,Cost of Goods Sold,-23791526.06,59.92953819500869,UNFAVORABLE,REVENUE,499004.03000000026,577323.0859636549,-78319.05596365574,1.0477378964424131e-09,-5.820766091346741e-11,602.0,Sales Revenue,499004.03000000026,FAVORABLE,UNFAVORABLE,FAVORABLE,,,,,,,,,,,,,,,,,,NORMAL,0.6583387445887448
2022-07-01,2022-07,2022,7,,,,,,,0.0,0.0,0.0,NORMAL,NORMAL,EBITDA,-204569695.21,641.0,Other Operating Income,-107199837.2,51.98205940808223,UNFAVORABLE,REVENUE,499004.03000000026,577323.0859636549,-78319.05596365574,1.0477378964424131e-09,-5.820766091346741e-11,602.0,Sales Revenue,499004.03000000026,FAVORABLE,UNFAVORABLE,FAVORABLE,,,,,,,,,,,,,,,,,,NORMAL,0.6583387445887448
2022-07-01,2022-07,2022,7,,,,,,,0.0,0.0,0.0,NORMAL,NORMAL,NET_PROFIT,-224117365.11,641.0,Other Operating Income,-107199837.2,45.82987109863525,UNFAVORABLE,REVENUE,499004.03000000026,577323.0859636549,-78319.05596365574,1.0477378964424131e-09,-5.820766091346741e-11,602.0,Sales Revenue,499004.03000000026,FAVORABLE,UNFAVORABLE,FAVORABLE,,,,,,,,,,,,,,,,,,NORMAL,0.6583387445887448
2022-08-01,2022-08,2022,8,,,,,,,11.0,0.0,0.0,LOW,WATCH,EBITDA,-354600980.85999995,541.0,Fixed Asset Disposal Costs,-282647910.0,79.06659590420409,UNFAVORABLE,REVENUE,669772.2800000012,569674.0708754222,100098.2091245801,-1.164153218269348e-09,0.0,602.0,Sales Revenue,669772.2800000012,FAVORABLE,FAVORABLE,UNFAVORABLE,,,,,,,,,,,,,,,,,,WATCH,0.5431111740111741
2022-08-01,2022-08,2022,8,,,,,,,11.0,0.0,0.0,LOW,WATCH,NET_PROFIT,-396092227.71,541.0,Fixed Asset Disposal Costs,-282647910.0,69.17748096839263,UNFAVORABLE,REVENUE,669772.2800000012,569674.0708754222,100098.2091245801,-1.164153218269348e-09,0.0,602.0,Sales Revenue,669772.2800000012,FAVORABLE,FAVORABLE,UNFAVORABLE,,,,,,,,,,,,,,,,,,WATCH,0.5431111740111741
2022-08-01,2022-08,2022,8,,,,,,,11.0,0.0,0.0,LOW,WATCH,OPERATING_COSTS,-39285656.120000005,504.0,Cost of Goods Sold,-27803070.7,67.69728841203492,UNFAVORABLE,REVENUE,669772.2800000012,569674.0708754222,100098.2091245801,-1.164153218269348e-09,0.0,602.0,Sales Revenue,669772.2800000012,FAVORABLE,FAVORABLE,UNFAVORABLE,,,,,,,,,,,,,,,,,,WATCH,0.5431111740111741
2022-08-01,2022-08,2022,8,,,,,,,11.0,0.0,0.0,LOW,WATCH,REVENUE,-9316910.21,602.0,Sales Revenue,-9367392.05,93.15643121468584,UNFAVORABLE,REVENUE,669772.2800000012,569674.0708754222,100098.2091245801,-1.164153218269348e-09,0.0,602.0,Sales Revenue,669772.2800000012,FAVORABLE,FAVORABLE,UNFAVORABLE,,,,,,,,,,,,,,,,,,WATCH,0.5431111740111741
2022-09-01,2022-09,2022,9,,,,,,,0.0,0.0,0.0,NORMAL,NORMAL,EBITDA,-64906998.09,504.0,Cost of Goods Sold,-28020760.06,40.99917339114773,UNFAVORABLE,REVENUE,-284775.9299999997,-161194.72621790512,-123581.20378209536,7.566995918750762e-10,0.0,602.0,Sales Revenue,-284775.9299999997,UNFAVORABLE,UNFAVORABLE,FAVORABLE,,,,,,,,,,,,,,,,,,NORMAL,0.6628067950567951
2022-09-01,2022-09,2022,9,,,,,,,0.0,0.0,0.0,NORMAL,NORMAL,NET_PROFIT,-89147711.43999998,504.0,Cost of Goods Sold,-28020760.06,27.95486699166555,UNFAVORABLE,REVENUE,-284775.9299999997,-161194.72621790512,-123581.20378209536,7.566995918750762e-10,0.0,602.0,Sales Revenue,-284775.9299999997,UNFAVORABLE,UNFAVORABLE,FAVORABLE,,,,,,,,,,,,,,,,,,NORMAL,0.6628067950567951
2022-09-01,2022-09,2022,9,,,,,,,0.0,0.0,0.0,NORMAL,NORMAL,OPERATING_COSTS,-41230429.68999999,504.0,Cost of Goods Sold,-28020760.06,66.96665163420833,UNFAVORABLE,REVENUE,-284775.9299999997,-161194.72621790512,-123581.20378209536,7.566995918750762e-10,0.0,602.0,Sales Revenue,-284775.9299999997,UNFAVORABLE,UNFAVORABLE,FAVORABLE,,,,,,,,,,,,,,,,,,NORMAL,0.6628067950567951
2022-09-01,2022-09,2022,9,,,,,,,0.0,0.0,0.0,NORMAL,NORMAL,REVENUE,-8226871.5,602.0,Sales Revenue,-8530595.44,77.95585638936788,UNFAVORABLE,REVENUE,-284775.9299999997,-161194.72621790512,-123581.20378209536,7.566995918750762e-10,0.0,602.0,Sales Revenue,-284775.9299999997,UNFAVORABLE,UNFAVORABLE,FAVORABLE,,,,,,,,,,,,,,,,,,NORMAL,0.6628067950567951
2022-10-01,2022-10,2022,10,,,,,,,1.0,0.0,0.0698048164527059,LOW,WATCH,REVENUE,-6788009.97,602.0,Sales Revenue,-7109057.96,89.69703479300182,UNFAVORABLE,REVENUE,-667540.2000000002,-684355.0009437507,16814.8009437502,3.4924596548080444e-10,0.0,602.0,Sales Revenue,-667540.2000000002,UNFAVORABLE,FAVORABLE,FAVORABLE,,,,,,,,,,,,,,,,,,WATCH,0.6947286465462669
2022-10-01,2022-10,2022,10,,,,,,,1.0,0.0,0.0698048164527059,LOW,WATCH,OPERATING_COSTS,-35795411.35,504.0,Cost of Goods Sold,-24080693.24,65.58075626280255,UNFAVORABLE,REVENUE,-667540.2000000002,-684355.0009437507,16814.8009437502,3.4924596548080444e-10,0.0,602.0,Sales Revenue,-667540.2000000002,UNFAVORABLE,FAVORABLE,FAVORABLE,,,,,,,,,,,,,,,,,,WATCH,0.6947286465462669
2022-10-01,2022-10,2022,10,,,,,,,1.0,0.0,0.0698048164527059,LOW,WATCH,EBITDA,-89988955.07999998,541.0,Fixed Asset Disposal Costs,-47468366.0,51.48437737475731,UNFAVORABLE,REVENUE,-667540.2000000002,-684355.0009437507,16814.8009437502,3.4924596548080444e-10,0.0,602.0,Sales Revenue,-667540.2000000002,UNFAVORABLE,FAVORABLE,FAVORABLE,,,,,,,,,,,,,,,,,,WATCH,0.6947286465462669
2022-10-01,2022-10,2022,10,,,,,,,1.0,0.0,0.0698048164527059,LOW,WATCH,NET_PROFIT,-119785549.29999998,541.0,Fixed Asset Disposal Costs,-47468366.0,36.4952976206573,UNFAVORABLE,REVENUE,-667540.2000000002,-684355.0009437507,16814.8009437502,3.4924596548080444e-10,0.0,602.0,Sales Revenue,-667540.2000000002,UNFAVORABLE,FAVORABLE,FAVORABLE,,,,,,,,,,,,,,,,,,WATCH,0.6947286465462669
2022-11-01,2022-11,2022,11,,,,,,,1.0,0.0,0.0,LOW,WATCH,EBITDA,-167016548.98,541.0,Fixed Asset Disposal Costs,-62656869.0,36.88741484319416,UNFAVORABLE,REVENUE,-270767.22000000067,317917.9565874229,-588685.1765874249,1.3969838619232178e-09,0.0,602.0,Sales Revenue,-270767.22000000067,FAVORABLE,UNFAVORABLE,FAVORABLE,,,,,,,,,,,,,,,,,,WATCH,0.648778356113202
2022-11-01,2022-11,2022,11,,,,,,,1.0,0.0,0.0,LOW,WATCH,NET_PROFIT,-198416134.01,541.0,Fixed Asset Disposal Costs,-62656869.0,29.154189319209006,UNFAVORABLE,REVENUE,-270767.22000000067,317917.9565874229,-588685.1765874249,1.3969838619232178e-09,0.0,602.0,Sales Revenue,-270767.22000000067,FAVORABLE,UNFAVORABLE,FAVORABLE,,,,,,,,,,,,,,,,,,WATCH,0.648778356113202
2022-11-01,2022-11,2022,11,,,,,,,1.0,0.0,0.0,LOW,WATCH,OPERATING_COSTS,-42880086.98,504.0,Cost of Goods Sold,-26154082.56,58.16178612698901,UNFAVORABLE,REVENUE,-270767.22000000067,317917.9565874229,-588685.1765874249,1.3969838619232178e-09,0.0,602.0,Sales Revenue,-270767.22000000067,FAVORABLE,UNFAVORABLE,FAVORABLE,,,,,,,,,,,,,,,,,,WATCH,0.648778356113202
2022-11-01,2022-11,2022,11,,,,,,,1.0,0.0,0.0,LOW,WATCH,REVENUE,-9281059.91,602.0,Sales Revenue,-8951099.33,96.44479635731604,UNFAVORABLE,REVENUE,-270767.22000000067,317917.9565874229,-588685.1765874249,1.3969838619232178e-09,0.0,602.0,Sales Revenue,-270767.22000000067,FAVORABLE,UNFAVORABLE,FAVORABLE,,,,,,,,,,,,,,,,,,WATCH,0.648778356113202
2022-12-01,2022-12,2022,12,,,,,,,0.0,0.0,0.0,NORMAL,NORMAL,REVENUE,-8903025.09,602.0,Sales Revenue,-8462099.09,87.71193774589278,UNFAVORABLE,REVENUE,101231.78000000026,891128.4893812182,-789896.7093812182,2.3283064365386963e-10,0.0,602.0,Sales Revenue,101231.78000000026,FAVORABLE,UNFAVORABLE,FAVORABLE,,,,,,,,,,,,,,,,,,NORMAL,0.6083627835918071
2022-12-01,2022-12,2022,12,,,,,,,0.0,0.0,0.0,NORMAL,NORMAL,OPERATING_COSTS,-38676518.46,504.0,Cost of Goods Sold,-22793215.08,58.93295463906137,UNFAVORABLE,REVENUE,101231.78000000026,891128.4893812182,-789896.7093812182,2.3283064365386963e-10,0.0,602.0,Sales Revenue,101231.78000000026,FAVORABLE,UNFAVORABLE,FAVORABLE,,,,,,,,,,,,,,,,,,NORMAL,0.6083627835918071
2022-12-01,2022-12,2022,12,,,,,,,0.0,0.0,0.0,NORMAL,NORMAL,EBITDA,-84315306.59,504.0,Cost of Goods Sold,-22793215.08,26.766873718688416,UNFAVORABLE,REVENUE,101231.78000000026,891128.4893812182,-789896.7093812182,2.3283064365386963e-10,0.0,602.0,Sales Revenue,101231.78000000026,FAVORABLE,UNFAVORABLE,FAVORABLE,,,,,,,,,,,,,,,,,,NORMAL,0.6083627835918071
2022-12-01,2022-12,2022,12,,,,,,,0.0,0.0,0.0,NORMAL,NORMAL,NET_PROFIT,-104162902.11,504.0,Cost of Goods Sold,-22793215.08,19.13911201886929,UNFAVORABLE,REVENUE,101231.78000000026,891128.4893812182,-789896.7093812182,2.3283064365386963e-10,0.0,602.0,Sales Revenue,101231.78000000026,FAVORABLE,UNFAVORABLE,FAVORABLE,,,,,,,,,,,,,,,,,,NORMAL,0.6083627835918071
2023-01-01,2023-01,2023,1,,,,,,,0.0,0.0,0.0,NORMAL,NORMAL,EBITDA,-133556458.57,541.0,Fixed Asset Disposal Costs,-73986569.0,54.41929767990753,UNFAVORABLE,REVENUE,400950.1899999995,71079.09201954705,329871.097980452,4.2200554162263865e-10,0.0,602.0,Sales Revenue,400950.1899999995,FAVORABLE,FAVORABLE,FAVORABLE,,,,,,,,,,,,,,,,,,NORMAL,0.4867993962072338
2023-01-01,2023-01,2023,1,,,,,,,0.0,0.0,0.0,NORMAL,NORMAL,NET_PROFIT,-148277837.17,541.0,Fixed Asset Disposal Costs,-73986569.0,45.422313761890784,UNFAVORABLE,REVENUE,400950.1899999995,71079.09201954705,329871.097980452,4.2200554162263865e-10,0.0,602.0,Sales Revenue,400950.1899999995,FAVORABLE,FAVORABLE,FAVORABLE,,,,,,,,,,,,,,,,,,NORMAL,0.4867993962072338
2023-01-01,2023-01,2023,1,,,,,,,0.0,0.0,0.0,NORMAL,NORMAL,OPERATING_COSTS,-41138510.56,504.0,Cost of Goods Sold,-25036346.85,58.87980878936465,UNFAVORABLE,REVENUE,400950.1899999995,71079.09201954705,329871.097980452,4.2200554162263865e-10,0.0,602.0,Sales Revenue,400950.1899999995,FAVORABLE,FAVORABLE,FAVORABLE,,,,,,,,,,,,,,,,,,NORMAL,0.4867993962072338
2023-01-01,2023-01,2023,1,,,,,,,0.0,0.0,0.0,NORMAL,NORMAL,REVENUE,-8469215.639999999,602.0,Sales Revenue,-8267648.22,90.06440931585973,UNFAVORABLE,REVENUE,400950.1899999995,71079.09201954705,329871.097980452,4.2200554162263865e-10,0.0,602.0,Sales Revenue,400950.1899999995,FAVORABLE,FAVORABLE,FAVORABLE,,,,,,,,,,,,,,,,,,NORMAL,0.4867993962072338
2023-02-01,2023-02,2023,2,,,,,,,1.0,0.0,0.2307615103359198,LOW,WATCH,EBITDA,-208635625.35,541.0,Fixed Asset Disposal Costs,-90894807.0,43.31608589608088,UNFAVORABLE,REVENUE,-83431.69999999925,32122.117965595306,-115553.8179655951,5.384208634495734e-10,0.0,602.0,Sales Revenue,-83431.69999999925,FAVORABLE,UNFAVORABLE,FAVORABLE,,,,,,,,,,,,,,,,,,WATCH,0.6962115199615204
2023-02-01,2023-02,2023,2,,,,,,,1.0,0.0,0.2307615103359198,LOW,WATCH,NET_PROFIT,-226411333.01,541.0,Fixed Asset Disposal Costs,-90894807.0,38.66965397016757,UNFAVORABLE,REVENUE,-83431.69999999925,32122.117965595306,-115553.8179655951,5.384208634495734e-10,0.0,602.0,Sales Revenue,-83431.69999999925,FAVORABLE,UNFAVORABLE,FAVORABLE,,,,,,,,,,,,,,,,,,WATCH,0.6962115199615204
2023-02-01,2023-02,2023,2,,,,,,,1.0,0.0,0.2307615103359198,LOW,WATCH,OPERATING_COSTS,-34854876.07,504.0,Cost of Goods Sold,-23536950.35,66.41446388842846,UNFAVORABLE,REVENUE,-83431.69999999925,32122.117965595306,-115553.8179655951,5.384208634495734e-10,0.0,602.0,Sales Revenue,-83431.69999999925,FAVORABLE,UNFAVORABLE,FAVORABLE,,,,,,,,,,,,,,,,,,WATCH,0.6962115199615204
2023-02-01,2023-02,2023,2,,,,,,,1.0,0.0,0.2307615103359198,LOW,WATCH,REVENUE,-8573483.27,602.0,Sales Revenue,-7956506.4,92.80366158573028,UNFAVORABLE,REVENUE,-83431.69999999925,32122.117965595306,-115553.8179655951,5.384208634495734e-10,0.0,602.0,Sales Revenue,-83431.69999999925,FAVORABLE,UNFAVORABLE,FAVORABLE,,,,,,,,,,,,,,,,,,WATCH,0.6962115199615204
2023-03-01,2023-03,2023,3,,,,,,,0.0,0.0,0.0,NORMAL,NORMAL,EBITDA,-76250715.39999999,504.0,Cost of Goods Sold,-25807035.81,33.32406190874398,UNFAVORABLE,REVENUE,152083.08000000007,282210.37020766176,-130127.2902076624,6.984919309616089e-10,0.0,602.0,Sales Revenue,152083.08000000007,FAVORABLE,UNFAVORABLE,FAVORABLE,,,,,,,,,,,,,,,,,,NORMAL,0.6289763107263104
2023-03-01,2023-03,2023,3,,,,,,,0.0,0.0,0.0,NORMAL,NORMAL,NET_PROFIT,-87970314.47,504.0,Cost of Goods Sold,-25807035.81,26.314666494208076,UNFAVORABLE,REVENUE,152083.08000000007,282210.37020766176,-130127.2902076624,6.984919309616089e-10,0.0,602.0,Sales Revenue,152083.08000000007,FAVORABLE,UNFAVORABLE,FAVORABLE,,,,,,,,,,,,,,,,,,NORMAL,0.6289763107263104
2023-03-01,2023-03,2023,3,,,,,,,0.0,0.0,0.0,NORMAL,NORMAL,OPERATING_COSTS,-40421140.8,504.0,Cost of Goods Sold,-25807035.81,63.01358096494051,UNFAVORABLE,REVENUE,152083.08000000007,282210.37020766176,-130127.2902076624,6.984919309616089e-10,0.0,602.0,Sales Revenue,152083.08000000007,FAVORABLE,UNFAVORABLE,FAVORABLE,,,,,,,,,,,,,,,,,,NORMAL,0.6289763107263104
2023-03-01,2023-03,2023,3,,,,,,,0.0,0.0,0.0,NORMAL,NORMAL,REVENUE,-8775260.06,602.0,Sales Revenue,-9306741.27,94.5977923239646,UNFAVORABLE,REVENUE,152083.08000000007,282210.37020766176,-130127.2902076624,6.984919309616089e-10,0.0,602.0,Sales Revenue,152083.08000000007,FAVORABLE,UNFAVORABLE,FAVORABLE,,,,,,,,,,,,,,,,,,NORMAL,0.6289763107263104
2023-04-01,2023-04,2023,4,,,,,,,2.0,0.0,0.6925172449256652,LOW,WATCH,REVENUE,-7227365.939999999,602.0,Sales Revenue,-6761860.66,91.75497027457648,UNFAVORABLE,REVENUE,-1497235.75,-564347.2185523113,-932888.5314476892,5.820766091346741e-10,0.0,602.0,Sales Revenue,-1497235.75,UNFAVORABLE,UNFAVORABLE,FAVORABLE,,,,,,,,,,,,,,,,,,WATCH,0.8471915584415581
2023-04-01,2023-04,2023,4,,,,,,,2.0,0.0,0.6925172449256652,LOW,WATCH,OPERATING_COSTS,-34779742.04,504.0,Cost of Goods Sold,-21209421.97,56.57251747578559,UNFAVORABLE,REVENUE,-1497235.75,-564347.2185523113,-932888.5314476892,5.820766091346741e-10,0.0,602.0,Sales Revenue,-1497235.75,UNFAVORABLE,UNFAVORABLE,FAVORABLE,,,,,,,,,,,,,,,,,,WATCH,0.8471915584415581
2023-04-01,2023-04,2023,4,,,,,,,2.0,0.0,0.6925172449256652,LOW,WATCH,NET_PROFIT,-228293361.33,541.0,Fixed Asset Disposal Costs,-93979015.0,38.66059812266538,UNFAVORABLE,REVENUE,-1497235.75,-564347.2185523113,-932888.5314476892,5.820766091346741e-10,0.0,602.0,Sales Revenue,-1497235.75,UNFAVORABLE,UNFAVORABLE,FAVORABLE,,,,,,,,,,,,,,,,,,WATCH,0.8471915584415581
2023-04-01,2023-04,2023,4,,,,,,,2.0,0.0,0.6925172449256652,LOW,WATCH,EBITDA,-200106389.74,541.0,Fixed Asset Disposal Costs,-93979015.0,46.12214061177747,UNFAVORABLE,REVENUE,-1497235.75,-564347.2185523113,-932888.5314476892,5.820766091346741e-10,0.0,602.0,Sales Revenue,-1497235.75,UNFAVORABLE,UNFAVORABLE,FAVORABLE,,,,,,,,,,,,,,,,,,WATCH,0.8471915584415581
2023-05-01,2023-05,2023,5,,,,,,,0.0,0.0,0.0,NORMAL,NORMAL,EBITDA,-101667115.2,541.0,Fixed Asset Disposal Costs,-48451730.0,47.314031790122776,UNFAVORABLE,REVENUE,430551.30999999866,-131533.40983279707,562084.7198327961,-4.074536263942719e-10,0.0,602.0,Sales Revenue,430551.30999999866,UNFAVORABLE,FAVORABLE,UNFAVORABLE,,,,,,,,,,,,,,,,,,NORMAL,0.738234612131164
2023-05-01,2023-05,2023,5,,,,,,,0.0,0.0,0.0,NORMAL,NORMAL,NET_PROFIT,-117457336.42,541.0,Fixed Asset Disposal Costs,-48451730.0,37.85392659588968,UNFAVORABLE,REVENUE,430551.30999999866,-131533.40983279707,562084.7198327961,-4.074536263942719e-10,0.0,602.0,Sales Revenue,430551.30999999866,UNFAVORABLE,FAVORABLE,UNFAVORABLE,,,,,,,,,,,,,,,,,,NORMAL,0.738234612131164
2023-05-01,2023-05,2023,5,,,,,,,0.0,0.0,0.0,NORMAL,NORMAL,OPERATING_COSTS,-42840833.34,504.0,Cost of Goods Sold,-26281426.92,60.45633216484136,UNFAVORABLE,REVENUE,430551.30999999866,-131533.40983279707,562084.7198327961,-4.074536263942719e-10,0.0,602.0,Sales Revenue,430551.30999999866,UNFAVORABLE,FAVORABLE,UNFAVORABLE,,,,,,,,,,,,,,,,,,NORMAL,0.738234612131164
2023-05-01,2023-05,2023,5,,,,,,,0.0,0.0,0.0,NORMAL,NORMAL,REVENUE,-8179706.799999999,602.0,Sales Revenue,-8482894.04,96.54923246965454,UNFAVORABLE,REVENUE,430551.30999999866,-131533.40983279707,562084.7198327961,-4.074536263942719e-10,0.0,602.0,Sales Revenue,430551.30999999866,UNFAVORABLE,FAVORABLE,UNFAVORABLE,,,,,,,,,,,,,,,,,,NORMAL,0.738234612131164
2023-06-01,2023-06,2023,6,,,,,,,0.0,0.0,0.0,NORMAL,NORMAL,EBITDA,-163757324.66,641.0,Other Operating Income,-76039996.0,44.90115039298978,UNFAVORABLE,REVENUE,21148.120000001043,-179828.79948756093,200976.9194875616,3.4924596548080444e-10,0.0,602.0,Sales Revenue,21148.120000001043,UNFAVORABLE,FAVORABLE,FAVORABLE,,,,,,,,,,,,,,,,,,NORMAL,0.6810023044588256
2023-06-01,2023-06,2023,6,,,,,,,0.0,0.0,0.0,NORMAL,NORMAL,NET_PROFIT,-198170353.23,641.0,Other Operating Income,-76039996.0,35.197999849205445,UNFAVORABLE,REVENUE,21148.120000001043,-179828.79948756093,200976.9194875616,3.4924596548080444e-10,0.0,602.0,Sales Revenue,21148.120000001043,UNFAVORABLE,FAVORABLE,FAVORABLE,,,,,,,,,,,,,,,,,,NORMAL,0.6810023044588256
2023-06-01,2023-06,2023,6,,,,,,,0.0,0.0,0.0,NORMAL,NORMAL,OPERATING_COSTS,-41327239.89,504.0,Cost of Goods Sold,-25727025.24,60.97003542116699,UNFAVORABLE,REVENUE,21148.120000001043,-179828.79948756093,200976.9194875616,3.4924596548080444e-10,0.0,602.0,Sales Revenue,21148.120000001043,UNFAVORABLE,FAVORABLE,FAVORABLE,,,,,,,,,,,,,,,,,,NORMAL,0.6810023044588256
2023-06-01,2023-06,2023,6,,,,,,,0.0,0.0,0.0,NORMAL,NORMAL,REVENUE,-7195597.640000001,602.0,Sales Revenue,-9023056.56,83.15786080976127,UNFAVORABLE,REVENUE,21148.120000001043,-179828.79948756093,200976.9194875616,3.4924596548080444e-10,0.0,602.0,Sales Revenue,21148.120000001043,UNFAVORABLE,FAVORABLE,FAVORABLE,,,,,,,,,,,,,,,,,,NORMAL,0.6810023044588256
2023-07-01,2023-07,2023,7,,,,,,,0.0,0.0,0.0,NORMAL,NORMAL,EBITDA,-140773620.7,641.0,Other Operating Income,-48182800.8,33.76743655290307,UNFAVORABLE,REVENUE,-1172122.8400000008,-397689.4872797351,-774433.3527202653,-4.074536263942719e-10,0.0,602.0,Sales Revenue,-1172122.8400000008,UNFAVORABLE,UNFAVORABLE,UNFAVORABLE,,,,,,,,,,,,,,,,,,NORMAL,0.7868486734977996
2023-07-01,2023-07,2023,7,,,,,,,0.0,0.0,0.0,NORMAL,NORMAL,NET_PROFIT,-170576659.54999998,641.0,Other Operating Income,-48182800.8,26.206923971648514,UNFAVORABLE,REVENUE,-1172122.8400000008,-397689.4872797351,-774433.3527202653,-4.074536263942719e-10,0.0,602.0,Sales Revenue,-1172122.8400000008,UNFAVORABLE,UNFAVORABLE,UNFAVORABLE,,,,,,,,,,,,,,,,,,NORMAL,0.7868486734977996
2023-07-01,2023-07,2023,7,,,,,,,0.0,0.0,0.0,NORMAL,NORMAL,OPERATING_COSTS,-40634094.52,504.0,Cost of Goods Sold,-24322022.63,58.72451458577985,UNFAVORABLE,REVENUE,-1172122.8400000008,-397689.4872797351,-774433.3527202653,-4.074536263942719e-10,0.0,602.0,Sales Revenue,-1172122.8400000008,UNFAVORABLE,UNFAVORABLE,UNFAVORABLE,,,,,,,,,,,,,,,,,,NORMAL,0.7868486734977996
2023-07-01,2023-07,2023,7,,,,,,,0.0,0.0,0.0,NORMAL,NORMAL,REVENUE,-7452532.169999999,602.0,Sales Revenue,-7674654.89,94.11615366279858,UNFAVORABLE,REVENUE,-1172122.8400000008,-397689.4872797351,-774433.3527202653,-4.074536263942719e-10,0.0,602.0,Sales Revenue,-1172122.8400000008,UNFAVORABLE,UNFAVORABLE,UNFAVORABLE,,,,,,,,,,,,,,,,,,NORMAL,0.7868486734977996
2023-08-01,2023-08,2023,8,,,,,,,0.0,0.0,0.0,NORMAL,NORMAL,OPERATING_COSTS,-41135827.74999999,504.0,Cost of Goods Sold,-25410490.99,58.35720572129117,UNFAVORABLE,REVENUE,-357830.4300000016,-469008.8680880217,111178.43808801872,1.3969838619232178e-09,0.0,602.0,Sales Revenue,-357830.4300000016,UNFAVORABLE,FAVORABLE,FAVORABLE,,,,,,,,,,,,,,,,,,NORMAL,0.6277935758177021
2023-08-01,2023-08,2023,8,,,,,,,0.0,0.0,0.0,NORMAL,NORMAL,REVENUE,-8523660.959999999,602.0,Sales Revenue,-9009561.62,94.88281196142036,UNFAVORABLE,REVENUE,-357830.4300000016,-469008.8680880217,111178.43808801872,1.3969838619232178e-09,0.0,602.0,Sales Revenue,-357830.4300000016,UNFAVORABLE,FAVORABLE,FAVORABLE,,,,,,,,,,,,,,,,,,NORMAL,0.6277935758177021
2023-08-01,2023-08,2023,8,,,,,,,0.0,0.0,0.0,NORMAL,NORMAL,EBITDA,-134578030.56,641.0,Other Operating Income,-76331602.0,55.06346505408269,UNFAVORABLE,REVENUE,-357830.4300000016,-469008.8680880217,111178.43808801872,1.3969838619232178e-09,0.0,602.0,Sales Revenue,-357830.4300000016,UNFAVORABLE,FAVORABLE,FAVORABLE,,,,,,,,,,,,,,,,,,NORMAL,0.6277935758177021
2023-08-01,2023-08,2023,8,,,,,,,0.0,0.0,0.0,NORMAL,NORMAL,NET_PROFIT,-150982691.32999998,641.0,Other Operating Income,-76331602.0,45.97697519924282,UNFAVORABLE,REVENUE,-357830.4300000016,-469008.8680880217,111178.43808801872,1.3969838619232178e-09,0.0,602.0,Sales Revenue,-357830.4300000016,UNFAVORABLE,FAVORABLE,FAVORABLE,,,,,,,,,,,,,,,,,,NORMAL,0.6277935758177021
2023-09-01,2023-09,2023,9,,,,,,,0.0,0.0,0.0,NORMAL,NORMAL,EBITDA,-128900917.32,541.0,Fixed Asset Disposal Costs,-75245022.0,57.11873849025305,UNFAVORABLE,REVENUE,-553652.5899999999,-288833.28088219266,-264819.30911780754,3.4924596548080444e-10,0.0,602.0,Sales Revenue,-553652.5899999999,UNFAVORABLE,UNFAVORABLE,FAVORABLE,,,,,,,,,,,,,,,,,,NORMAL,0.696126370207892
2023-09-01,2023-09,2023,9,,,,,,,0.0,0.0,0.0,NORMAL,NORMAL,NET_PROFIT,-172308470.24999997,541.0,Fixed Asset Disposal Costs,-75245022.0,40.66798853868053,UNFAVORABLE,REVENUE,-553652.5899999999,-288833.28088219266,-264819.30911780754,3.4924596548080444e-10,0.0,602.0,Sales Revenue,-553652.5899999999,UNFAVORABLE,UNFAVORABLE,FAVORABLE,,,,,,,,,,,,,,,,,,NORMAL,0.696126370207892
2023-09-01,2023-09,2023,9,,,,,,,0.0,0.0,0.0,NORMAL,NORMAL,OPERATING_COSTS,-39268819.830000006,504.0,Cost of Goods Sold,-23771535.37,60.34622654335045,UNFAVORABLE,REVENUE,-553652.5899999999,-288833.28088219266,-264819.30911780754,3.4924596548080444e-10,0.0,602.0,Sales Revenue,-553652.5899999999,UNFAVORABLE,UNFAVORABLE,FAVORABLE,,,,,,,,,,,,,,,,,,NORMAL,0.696126370207892
2023-09-01,2023-09,2023,9,,,,,,,0.0,0.0,0.0,NORMAL,NORMAL,REVENUE,-7926100.529999999,602.0,Sales Revenue,-7976942.85,86.1129562113344,UNFAVORABLE,REVENUE,-553652.5899999999,-288833.28088219266,-264819.30911780754,3.4924596548080444e-10,0.0,602.0,Sales Revenue,-553652.5899999999,UNFAVORABLE,UNFAVORABLE,FAVORABLE,,,,,,,,,,,,,,,,,,NORMAL,0.696126370207892
2023-10-01,2023-10,2023,10,,,,,,,0.0,0.0,0.0,NORMAL,NORMAL,REVENUE,-8132192.73,602.0,Sales Revenue,-9228721.56,89.3801235942715,UNFAVORABLE,REVENUE,2119663.600000001,1418389.3290465465,701274.2709534536,4.656612873077393e-10,0.0,602.0,Sales Revenue,2119663.600000001,FAVORABLE,FAVORABLE,FAVORABLE,,,,,,,,,,,,,,,,,,NORMAL,0.6895066449873837
2023-10-01,2023-10,2023,10,,,,,,,0.0,0.0,0.0,NORMAL,NORMAL,OPERATING_COSTS,-39860451.81,504.0,Cost of Goods Sold,-25293388.71,61.068535091653445,UNFAVORABLE,REVENUE,2119663.600000001,1418389.3290465465,701274.2709534536,4.656612873077393e-10,0.0,602.0,Sales Revenue,2119663.600000001,FAVORABLE,FAVORABLE,FAVORABLE,,,,,,,,,,,,,,,,,,NORMAL,0.6895066449873837
2023-10-01,2023-10,2023,10,,,,,,,0.0,0.0,0.0,NORMAL,NORMAL,EBITDA,-66811014.14,504.0,Cost of Goods Sold,-25293388.71,35.627894859307474,UNFAVORABLE,REVENUE,2119663.600000001,1418389.3290465465,701274.2709534536,4.656612873077393e-10,0.0,602.0,Sales Revenue,2119663.600000001,FAVORABLE,FAVORABLE,FAVORABLE,,,,,,,,,,,,,,,,,,NORMAL,0.6895066449873837
2023-10-01,2023-10,2023,10,,,,,,,0.0,0.0,0.0,NORMAL,NORMAL,NET_PROFIT,-98637065.18,504.0,Cost of Goods Sold,-25293388.71,21.766824572430263,UNFAVORABLE,REVENUE,2119663.600000001,1418389.3290465465,701274.2709534536,4.656612873077393e-10,0.0,602.0,Sales Revenue,2119663.600000001,FAVORABLE,FAVORABLE,FAVORABLE,,,,,,,,,,,,,,,,,,NORMAL,0.6895066449873837
2023-11-01,2023-11,2023,11,,,,,,,1.0,0.0,0.0,LOW,WATCH,EBITDA,-276947317.76,541.0,Fixed Asset Disposal Costs,-226674054.0,80.66011865554468,UNFAVORABLE,REVENUE,-181408.58999999985,-134166.8268432945,-47241.76315670426,-1.1059455573558807e-09,0.0,602.0,Sales Revenue,-181408.58999999985,UNFAVORABLE,UNFAVORABLE,UNFAVORABLE,,,,,,,,,,,,,,,,,,WATCH,0.7385949975949978
2023-11-01,2023-11,2023,11,,,,,,,1.0,0.0,0.0,LOW,WATCH,NET_PROFIT,-299365581.8,541.0,Fixed Asset Disposal Costs,-226674054.0,72.74360698659864,UNFAVORABLE,REVENUE,-181408.58999999985,-134166.8268432945,-47241.76315670426,-1.1059455573558807e-09,0.0,602.0,Sales Revenue,-181408.58999999985,UNFAVORABLE,UNFAVORABLE,UNFAVORABLE,,,,,,,,,,,,,,,,,,WATCH,0.7385949975949978
2023-11-01,2023-11,2023,11,,,,,,,1.0,0.0,0.0,LOW,WATCH,OPERATING_COSTS,-40416745.690000005,504.0,Cost of Goods Sold,-24456682.69,60.51126153892971,UNFAVORABLE,REVENUE,-181408.58999999985,-134166.8268432945,-47241.76315670426,-1.1059455573558807e-09,0.0,602.0,Sales Revenue,-181408.58999999985,UNFAVORABLE,UNFAVORABLE,UNFAVORABLE,,,,,,,,,,,,,,,,,,WATCH,0.7385949975949978
2023-11-01,2023-11,2023,11,,,,,,,1.0,0.0,0.0,LOW,WATCH,REVENUE,-7618366.85,602.0,Sales Revenue,-8769690.74,88.39509936293682,UNFAVORABLE,REVENUE,-181408.58999999985,-134166.8268432945,-47241.76315670426,-1.1059455573558807e-09,0.0,602.0,Sales Revenue,-181408.58999999985,UNFAVORABLE,UNFAVORABLE,UNFAVORABLE,,,,,,,,,,,,,,,,,,WATCH,0.7385949975949978
2023-12-01,2023-12,2023,12,,,,,,,0.0,0.0,0.0,NORMAL,NORMAL,OPERATING_COSTS,-37804474.35999999,504.0,Cost of Goods Sold,-22518046.68,58.32413511896141,UNFAVORABLE,REVENUE,-102507.26999999955,275433.7344662801,-377941.0044662796,-5.820766091346741e-11,0.0,602.0,Sales Revenue,-102507.26999999955,FAVORABLE,UNFAVORABLE,UNFAVORABLE,,,,,,,,,,,,,,,,,,NORMAL,0.7657839188080451
2023-12-01,2023-12,2023,12,,,,,,,0.0,0.0,0.0,NORMAL,NORMAL,EBITDA,-86068596.38,641.0,Other Operating Income,-40297060.0,45.66797416423222,UNFAVORABLE,REVENUE,-102507.26999999955,275433.7344662801,-377941.0044662796,-5.820766091346741e-11,0.0,602.0,Sales Revenue,-102507.26999999955,FAVORABLE,UNFAVORABLE,UNFAVORABLE,,,,,,,,,,,,,,,,,,NORMAL,0.7657839188080451
2023-12-01,2023-12,2023,12,,,,,,,0.0,0.0,0.0,NORMAL,NORMAL,NET_PROFIT,-114627778.5,641.0,Other Operating Income,-40297060.0,32.46865336709396,UNFAVORABLE,REVENUE,-102507.26999999955,275433.7344662801,-377941.0044662796,-5.820766091346741e-11,0.0,602.0,Sales Revenue,-102507.26999999955,FAVORABLE,UNFAVORABLE,UNFAVORABLE,,,,,,,,,,,,,,,,,,NORMAL,0.7657839188080451
2023-12-01,2023-12,2023,12,,,,,,,0.0,0.0,0.0,NORMAL,NORMAL,REVENUE,-7494819.48,602.0,Sales Revenue,-8359591.82,90.62512792209624,UNFAVORABLE,REVENUE,-102507.26999999955,275433.7344662801,-377941.0044662796,-5.820766091346741e-11,0.0,602.0,Sales Revenue,-102507.26999999955,FAVORABLE,UNFAVORABLE,UNFAVORABLE,,,,,,,,,,,,,,,,,,NORMAL,0.7657839188080451
2024-01-01,2024-01,2024,1,,,,,,,0.0,0.0,0.0,NORMAL,NORMAL,REVENUE,-7546906.210000001,602.0,Sales Revenue,-8764508.96,86.68968458010542,UNFAVORABLE,REVENUE,496860.7400000012,108102.91969461316,388757.8203053887,-6.548361852765082e-10,0.0,602.0,Sales Revenue,496860.7400000012,FAVORABLE,FAVORABLE,UNFAVORABLE,,,,,,,,,,,,,,,,,,NORMAL,0.6232254835785568
2024-01-01,2024-01,2024,1,,,,,,,0.0,0.0,0.0,NORMAL,NORMAL,OPERATING_COSTS,-40459915.74999999,504.0,Cost of Goods Sold,-26000528.15,62.63678265953975,UNFAVORABLE,REVENUE,496860.7400000012,108102.91969461316,388757.8203053887,-6.548361852765082e-10,0.0,602.0,Sales Revenue,496860.7400000012,FAVORABLE,FAVORABLE,UNFAVORABLE,,,,,,,,,,,,,,,,,,NORMAL,0.6232254835785568
2024-01-01,2024-01,2024,1,,,,,,,0.0,0.0,0.0,NORMAL,NORMAL,EBITDA,-203983649.75,541.0,Fixed Asset Disposal Costs,-103982604.0,50.12146616262384,UNFAVORABLE,REVENUE,496860.7400000012,108102.91969461316,388757.8203053887,-6.548361852765082e-10,0.0,602.0,Sales Revenue,496860.7400000012,FAVORABLE,FAVORABLE,UNFAVORABLE,,,,,,,,,,,,,,,,,,NORMAL,0.6232254835785568
2024-01-01,2024-01,2024,1,,,,,,,0.0,0.0,0.0,NORMAL,NORMAL,NET_PROFIT,-221888385.96,541.0,Fixed Asset Disposal Costs,-103982604.0,44.01929248185068,UNFAVORABLE,REVENUE,496860.7400000012,108102.91969461316,388757.8203053887,-6.548361852765082e-10,0.0,602.0,Sales Revenue,496860.7400000012,FAVORABLE,FAVORABLE,UNFAVORABLE,,,,,,,,,,,,,,,,,,NORMAL,0.6232254835785568
2024-02-01,2024-02,2024,2,,,,,,,0.0,0.0,0.0,NORMAL,NORMAL,EBITDA,-71745457.39000002,504.0,Cost of Goods Sold,-24349381.43,33.03610880298546,UNFAVORABLE,REVENUE,1404671.9499999993,937759.502292157,466912.4477078427,-4.656612873077393e-10,0.0,602.0,Sales Revenue,1404671.9499999993,FAVORABLE,FAVORABLE,UNFAVORABLE,,,,,,,,,,,,,,,,,,NORMAL,0.799042282520356
2024-02-01,2024-02,2024,2,,,,,,,0.0,0.0,0.0,NORMAL,NORMAL,NET_PROFIT,-92308468.67,504.0,Cost of Goods Sold,-24349381.43,23.13500719700804,UNFAVORABLE,REVENUE,1404671.9499999993,937759.502292157,466912.4477078427,-4.656612873077393e-10,0.0,602.0,Sales Revenue,1404671.9499999993,FAVORABLE,FAVORABLE,UNFAVORABLE,,,,,,,,,,,,,,,,,,NORMAL,0.799042282520356
2024-02-01,2024-02,2024,2,,,,,,,0.0,0.0,0.0,NORMAL,NORMAL,OPERATING_COSTS,-37995588.27,504.0,Cost of Goods Sold,-24349381.43,64.08475967517899,UNFAVORABLE,REVENUE,1404671.9499999993,937759.502292157,466912.4477078427,-4.656612873077393e-10,0.0,602.0,Sales Revenue,1404671.9499999993,FAVORABLE,FAVORABLE,UNFAVORABLE,,,,,,,,,,,,,,,,,,NORMAL,0.799042282520356
2024-02-01,2024-02,2024,2,,,,,,,0.0,0.0,0.0,NORMAL,NORMAL,REVENUE,-8537780.29,602.0,Sales Revenue,-9361178.35,91.91524490707806,UNFAVORABLE,REVENUE,1404671.9499999993,937759.502292157,466912.4477078427,-4.656612873077393e-10,0.0,602.0,Sales Revenue,1404671.9499999993,FAVORABLE,FAVORABLE,UNFAVORABLE,,,,,,,,,,,,,,,,,,NORMAL,0.799042282520356
2024-03-01,2024-03,2024,3,,,,,,,1.0,0.0,0.0,LOW,WATCH,EBITDA,-144893744.91,641.0,Other Operating Income,-90505149.2,60.61300484374323,UNFAVORABLE,REVENUE,-667944.129999999,667468.9253861125,-1335413.05538611,-1.5133991837501524e-09,0.0,602.0,Sales Revenue,-667944.129999999,FAVORABLE,UNFAVORABLE,UNFAVORABLE,,,,,,,,,,,,,,,,,,WATCH,0.6674701701277787
2024-03-01,2024-03,2024,3,,,,,,,1.0,0.0,0.0,LOW,WATCH,NET_PROFIT,-162848470.25,641.0,Other Operating Income,-90505149.2,51.07349792735544,UNFAVORABLE,REVENUE,-667944.129999999,667468.9253861125,-1335413.05538611,-1.5133991837501524e-09,0.0,602.0,Sales Revenue,-667944.129999999,FAVORABLE,UNFAVORABLE,UNFAVORABLE,,,,,,,,,,,,,,,,,,WATCH,0.6674701701277787
2024-03-01,2024-03,2024,3,,,,,,,1.0,0.0,0.0,LOW,WATCH,OPERATING_COSTS,-39413517.6,504.0,Cost of Goods Sold,-24817445.65,58.36216672904558,UNFAVORABLE,REVENUE,-667944.129999999,667468.9253861125,-1335413.05538611,-1.5133991837501524e-09,0.0,602.0,Sales Revenue,-667944.129999999,FAVORABLE,UNFAVORABLE,UNFAVORABLE,,,,,,,,,,,,,,,,,,WATCH,0.6674701701277787
2024-03-01,2024-03,2024,3,,,,,,,1.0,0.0,0.0,LOW,WATCH,REVENUE,-9478969.420000002,602.0,Sales Revenue,-8638797.14,91.13645964267704,UNFAVORABLE,REVENUE,-667944.129999999,667468.9253861125,-1335413.05538611,-1.5133991837501524e-09,0.0,602.0,Sales Revenue,-667944.129999999,FAVORABLE,UNFAVORABLE,UNFAVORABLE,,,,,,,,,,,,,,,,,,WATCH,0.6674701701277787
2024-04-01,2024-04,2024,4,,,,,,,0.0,0.0,0.0,NORMAL,NORMAL,EBITDA,-233773367.53,541.0,Fixed Asset Disposal Costs,-174766236.0,74.03541158137011,UNFAVORABLE,REVENUE,1163244.0599999996,439857.5201714823,723386.5398285172,5.820766091346741e-11,0.0,602.0,Sales Revenue,1163244.0599999996,FAVORABLE,FAVORABLE,FAVORABLE,,,,,,,,,,,,,,,,,,NORMAL,0.6211849551414769
2024-04-01,2024-04,2024,4,,,,,,,0.0,0.0,0.0,NORMAL,NORMAL,NET_PROFIT,-262916459.75,541.0,Fixed Asset Disposal Costs,-174766236.0,62.84118900257215,UNFAVORABLE,REVENUE,1163244.0599999996,439857.5201714823,723386.5398285172,5.820766091346741e-11,0.0,602.0,Sales Revenue,1163244.0599999996,FAVORABLE,FAVORABLE,FAVORABLE,,,,,,,,,,,,,,,,,,NORMAL,0.6211849551414769
2024-04-01,2024-04,2024,4,,,,,,,0.0,0.0,0.0,NORMAL,NORMAL,OPERATING_COSTS,-38091389.2,504.0,Cost of Goods Sold,-23171953.14,57.95234793279527,UNFAVORABLE,REVENUE,1163244.0599999996,439857.5201714823,723386.5398285172,5.820766091346741e-11,0.0,602.0,Sales Revenue,1163244.0599999996,FAVORABLE,FAVORABLE,FAVORABLE,,,,,,,,,,,,,,,,,,NORMAL,0.6211849551414769
2024-04-01,2024-04,2024,4,,,,,,,0.0,0.0,0.0,NORMAL,NORMAL,REVENUE,-8490091.819999998,602.0,Sales Revenue,-7925104.72,91.87141119652618,UNFAVORABLE,REVENUE,1163244.0599999996,439857.5201714823,723386.5398285172,5.820766091346741e-11,0.0,602.0,Sales Revenue,1163244.0599999996,FAVORABLE,FAVORABLE,FAVORABLE,,,,,,,,,,,,,,,,,,NORMAL,0.6211849551414769
2024-05-01,2024-05,2024,5,,,,,,,0.0,0.0,0.0,NORMAL,NORMAL,OPERATING_COSTS,-39931802.81,504.0,Cost of Goods Sold,-24901119.37,62.101529175900616,UNFAVORABLE,REVENUE,1004575.4300000016,863631.8230273175,140943.60697268374,3.4924596548080444e-10,1.1641532182693479e-10,602.0,Sales Revenue,1004575.4300000016,FAVORABLE,FAVORABLE,FAVORABLE,,,,,,,,,,,,,,,,,,NORMAL,0.6724925044091714
2024-05-01,2024-05,2024,5,,,,,,,0.0,0.0,0.0,NORMAL,NORMAL,REVENUE,-9772195.34,602.0,Sales Revenue,-9487469.47,97.08636739142383,UNFAVORABLE,REVENUE,1004575.4300000016,863631.8230273175,140943.60697268374,3.4924596548080444e-10,1.1641532182693479e-10,602.0,Sales Revenue,1004575.4300000016,FAVORABLE,FAVORABLE,FAVORABLE,,,,,,,,,,,,,,,,,,NORMAL,0.6724925044091714
2024-05-01,2024-05,2024,5,,,,,,,0.0,0.0,0.0,NORMAL,NORMAL,EBITDA,-147199724.4,541.0,Fixed Asset Disposal Costs,-92288640.0,62.33450665198942,UNFAVORABLE,REVENUE,1004575.4300000016,863631.8230273175,140943.60697268374,3.4924596548080444e-10,1.1641532182693479e-10,602.0,Sales Revenue,1004575.4300000016,FAVORABLE,FAVORABLE,FAVORABLE,,,,,,,,,,,,,,,,,,NORMAL,0.6724925044091714
2024-05-01,2024-05,2024,5,,,,,,,0.0,0.0,0.0,NORMAL,NORMAL,NET_PROFIT,-171183807.74,541.0,Fixed Asset Disposal Costs,-92288640.0,49.78181658138366,UNFAVORABLE,REVENUE,1004575.4300000016,863631.8230273175,140943.60697268374,3.4924596548080444e-10,1.1641532182693479e-10,602.0,Sales Revenue,1004575.4300000016,FAVORABLE,FAVORABLE,FAVORABLE,,,,,,,,,,,,,,,,,,NORMAL,0.6724925044091714
2024-06-01,2024-06,2024,6,,,,,,,1.0,0.0,1.5069930638312603,MEDIUM,WATCH,EBITDA,-211128864.94,541.0,Fixed Asset Disposal Costs,-162633471.0,76.12988487899396,UNFAVORABLE,REVENUE,-1277554.0700000003,-430417.28046676633,-847136.7895332343,3.4924596548080444e-10,0.0,602.0,Sales Revenue,-1277554.0700000003,UNFAVORABLE,UNFAVORABLE,FAVORABLE,,,,,,,,,,,,,,,,,,WATCH,0.6460187324188087
2024-06-01,2024-06,2024,6,,,,,,,1.0,0.0,1.5069930638312603,MEDIUM,WATCH,NET_PROFIT,-226158352.76,541.0,Fixed Asset Disposal Costs,-162633471.0,68.79313080498319,UNFAVORABLE,REVENUE,-1277554.0700000003,-430417.28046676633,-847136.7895332343,3.4924596548080444e-10,0.0,602.0,Sales Revenue,-1277554.0700000003,UNFAVORABLE,UNFAVORABLE,FAVORABLE,,,,,,,,,,,,,,,,,,WATCH,0.6460187324188087
2024-06-01,2024-06,2024,6,,,,,,,1.0,0.0,1.5069930638312603,MEDIUM,WATCH,OPERATING_COSTS,-34376774.980000004,504.0,Cost of Goods Sold,-22470688.77,63.099893656771386,UNFAVORABLE,REVENUE,-1277554.0700000003,-430417.28046676633,-847136.7895332343,3.4924596548080444e-10,0.0,602.0,Sales Revenue,-1277554.0700000003,UNFAVORABLE,UNFAVORABLE,FAVORABLE,,,,,,,,,,,,,,,,,,WATCH,0.6460187324188087
2024-06-01,2024-06,2024,6,,,,,,,1.0,0.0,1.5069930638312603,MEDIUM,WATCH,REVENUE,-8182499.02,602.0,Sales Revenue,-7745502.49,92.19919398587048,UNFAVORABLE,REVENUE,-1277554.0700000003,-430417.28046676633,-847136.7895332343,3.4924596548080444e-10,0.0,602.0,Sales Revenue,-1277554.0700000003,UNFAVORABLE,UNFAVORABLE,FAVORABLE,,,,,,,,,,,,,,,,,,WATCH,0.6460187324188087
2024-07-01,2024-07,2024,7,,,,,,,0.0,0.0,0.0,NORMAL,NORMAL,OPERATING_COSTS,-39445524.06999999,504.0,Cost of Goods Sold,-25855615.7,62.55288028463038,UNFAVORABLE,REVENUE,1480453.410000001,1102764.1955122629,377689.21448773774,4.656612873077393e-10,0.0,602.0,Sales Revenue,1480453.410000001,FAVORABLE,FAVORABLE,FAVORABLE,,,,,,,,,,,,,,,,,,NORMAL,0.79093804156123
2024-07-01,2024-07,2024,7,,,,,,,0.0,0.0,0.0,NORMAL,NORMAL,REVENUE,-9812672.83,602.0,Sales Revenue,-9155108.3,90.98190846002773,UNFAVORABLE,REVENUE,1480453.410000001,1102764.1955122629,377689.21448773774,4.656612873077393e-10,0.0,602.0,Sales Revenue,1480453.410000001,FAVORABLE,FAVORABLE,FAVORABLE,,,,,,,,,,,,,,,,,,NORMAL,0.79093804156123
2024-07-01,2024-07,2024,7,,,,,,,0.0,0.0,0.0,NORMAL,NORMAL,EBITDA,-151222666.33999997,641.0,Other Operating Income,-64313079.6,41.9163553520872,UNFAVORABLE,REVENUE,1480453.410000001,1102764.1955122629,377689.21448773774,4.656612873077393e-10,0.0,602.0,Sales Revenue,1480453.410000001,FAVORABLE,FAVORABLE,FAVORABLE,,,,,,,,,,,,,,,,,,NORMAL,0.79093804156123
2024-07-01,2024-07,2024,7,,,,,,,0.0,0.0,0.0,NORMAL,NORMAL,NET_PROFIT,-171594859.63,641.0,Other Operating Income,-64313079.6,34.80913591183406,UNFAVORABLE,REVENUE,1480453.410000001,1102764.1955122629,377689.21448773774,4.656612873077393e-10,0.0,602.0,Sales Revenue,1480453.410000001,FAVORABLE,FAVORABLE,FAVORABLE,,,,,,,,,,,,,,,,,,NORMAL,0.79093804156123
2024-08-01,2024-08,2024,8,,,,,,,0.0,0.0,0.0,NORMAL,NORMAL,EBITDA,-82169131.46999998,541.0,Fixed Asset Disposal Costs,-33024879.0,38.72470045295244,UNFAVORABLE,REVENUE,459357.4800000005,589718.4315222611,-130360.95152226023,-4.656612873077393e-10,-5.820766091346741e-11,602.0,Sales Revenue,459357.4800000005,FAVORABLE,UNFAVORABLE,UNFAVORABLE,,,,,,,,,,,,,,,,,,NORMAL,0.5837899199565868
2024-08-01,2024-08,2024,8,,,,,,,0.0,0.0,0.0,NORMAL,NORMAL,NET_PROFIT,-111349359.21,541.0,Fixed Asset Disposal Costs,-33024879.0,26.24922382529261,UNFAVORABLE,REVENUE,459357.4800000005,589718.4315222611,-130360.95152226023,-4.656612873077393e-10,-5.820766091346741e-11,602.0,Sales Revenue,459357.4800000005,FAVORABLE,UNFAVORABLE,UNFAVORABLE,,,,,,,,,,,,,,,,,,NORMAL,0.5837899199565868
2024-08-01,2024-08,2024,8,,,,,,,0.0,0.0,0.0,NORMAL,NORMAL,OPERATING_COSTS,-36831227.35000001,504.0,Cost of Goods Sold,-22615324.82,57.49134739494856,UNFAVORABLE,REVENUE,459357.4800000005,589718.4315222611,-130360.95152226023,-4.656612873077393e-10,-5.820766091346741e-11,602.0,Sales Revenue,459357.4800000005,FAVORABLE,UNFAVORABLE,UNFAVORABLE,,,,,,,,,,,,,,,,,,NORMAL,0.5837899199565868
2024-08-01,2024-08,2024,8,,,,,,,0.0,0.0,0.0,NORMAL,NORMAL,REVENUE,-10107090.96,602.0,Sales Revenue,-9468919.1,89.27513742907115,UNFAVORABLE,REVENUE,459357.4800000005,589718.4315222611,-130360.95152226023,-4.656612873077393e-10,-5.820766091346741e-11,602.0,Sales Revenue,459357.4800000005,FAVORABLE,UNFAVORABLE,UNFAVORABLE,,,,,,,,,,,,,,,,,,NORMAL,0.5837899199565868
2024-09-01,2024-09,2024,9,,,,,,,0.0,0.0,0.0,NORMAL,NORMAL,REVENUE,-7948529.02,602.0,Sales Revenue,-7948529.02,100.0,UNFAVORABLE,REVENUE,-28413.830000000075,140049.85887272382,-168463.68887272384,-5.820766091346741e-11,0.0,602.0,Sales Revenue,-28413.830000000075,FAVORABLE,UNFAVORABLE,UNFAVORABLE,,,,,,,,,,,,,,,,,,NORMAL,0.6136113485280152
2024-09-01,2024-09,2024,9,,,,,,,0.0,0.0,0.0,NORMAL,NORMAL,EBITDA,-65312860.55000001,504.0,Cost of Goods Sold,-24014255.62,36.23769582122745,UNFAVORABLE,REVENUE,-28413.830000000075,140049.85887272382,-168463.68887272384,-5.820766091346741e-11,0.0,602.0,Sales Revenue,-28413.830000000075,FAVORABLE,UNFAVORABLE,UNFAVORABLE,,,,,,,,,,,,,,,,,,NORMAL,0.6136113485280152
2024-09-01,2024-09,2024,9,,,,,,,0.0,0.0,0.0,NORMAL,NORMAL,NET_PROFIT,-81944218.4,504.0,Cost of Goods Sold,-24014255.62,24.894621380291166,UNFAVORABLE,REVENUE,-28413.830000000075,140049.85887272382,-168463.68887272384,-5.820766091346741e-11,0.0,602.0,Sales Revenue,-28413.830000000075,FAVORABLE,UNFAVORABLE,UNFAVORABLE,,,,,,,,,,,,,,,,,,NORMAL,0.6136113485280152
2024-09-01,2024-09,2024,9,,,,,,,0.0,0.0,0.0,NORMAL,NORMAL,OPERATING_COSTS,-40791526.84,504.0,Cost of Goods Sold,-24014255.62,57.59603255274497,UNFAVORABLE,REVENUE,-28413.830000000075,140049.85887272382,-168463.68887272384,-5.820766091346741e-11,0.0,602.0,Sales Revenue,-28413.830000000075,FAVORABLE,UNFAVORABLE,UNFAVORABLE,,,,,,,,,,,,,,,,,,NORMAL,0.6136113485280152
2024-10-01,2024-10,2024,10,,,,,,,1.0,0.0,0.0,LOW,WATCH,REVENUE,-8774035.38,602.0,Sales Revenue,-8801853.9,98.431645186718,UNFAVORABLE,REVENUE,-426867.66000000015,-380758.70055103046,-46108.95944896898,-6.984919309616089e-10,0.0,602.0,Sales Revenue,-426867.66000000015,UNFAVORABLE,UNFAVORABLE,UNFAVORABLE,,,,,,,,,,,,,,,,,,WATCH,0.6509700805367469
2024-10-01,2024-10,2024,10,,,,,,,1.0,0.0,0.0,LOW,WATCH,OPERATING_COSTS,-43340234.45,504.0,Cost of Goods Sold,-25250727.64,57.773661874451285,UNFAVORABLE,REVENUE,-426867.66000000015,-380758.70055103046,-46108.95944896898,-6.984919309616089e-10,0.0,602.0,Sales Revenue,-426867.66000000015,UNFAVORABLE,UNFAVORABLE,UNFAVORABLE,,,,,,,,,,,,,,,,,,WATCH,0.6509700805367469
2024-10-01,2024-10,2024,10,,,,,,,1.0,0.0,0.0,LOW,WATCH,EBITDA,-165256768.73999998,541.0,Fixed Asset Disposal Costs,-79348836.0,47.80882509471167,UNFAVORABLE,REVENUE,-426867.66000000015,-380758.70055103046,-46108.95944896898,-6.984919309616089e-10,0.0,602.0,Sales Revenue,-426867.66000000015,UNFAVORABLE,UNFAVORABLE,UNFAVORABLE,,,,,,,,,,,,,,,,,,WATCH,0.6509700805367469
2024-10-01,2024-10,2024,10,,,,,,,1.0,0.0,0.0,LOW,WATCH,NET_PROFIT,-180424424.77,541.0,Fixed Asset Disposal Costs,-79348836.0,41.293791626299154,UNFAVORABLE,REVENUE,-426867.66000000015,-380758.70055103046,-46108.95944896898,-6.984919309616089e-10,0.0,602.0,Sales Revenue,-426867.66000000015,UNFAVORABLE,UNFAVORABLE,UNFAVORABLE,,,,,,,,,,,,,,,,,,WATCH,0.6509700805367469
2024-11-01,2024-11,2024,11,,,,,,,0.0,0.0,0.0,NORMAL,NORMAL,EBITDA,-94263091.79,641.0,Other Operating Income,-41602855.6,42.89591484867206,UNFAVORABLE,REVENUE,-1503853.9500000002,-1104494.416559137,-399359.5334408635,2.3283064365386963e-10,0.0,602.0,Sales Revenue,-1503853.9500000002,UNFAVORABLE,UNFAVORABLE,FAVORABLE,,,,,,,,,,,,,,,,,,NORMAL,0.6713688872855543
2024-11-01,2024-11,2024,11,,,,,,,0.0,0.0,0.0,NORMAL,NORMAL,NET_PROFIT,-123834911.47,641.0,Other Operating Income,-41602855.6,30.702637885266306,UNFAVORABLE,REVENUE,-1503853.9500000002,-1104494.416559137,-399359.5334408635,2.3283064365386963e-10,0.0,602.0,Sales Revenue,-1503853.9500000002,UNFAVORABLE,UNFAVORABLE,FAVORABLE,,,,,,,,,,,,,,,,,,NORMAL,0.6713688872855543
2024-11-01,2024-11,2024,11,,,,,,,0.0,0.0,0.0,NORMAL,NORMAL,OPERATING_COSTS,-38867690.89000001,504.0,Cost of Goods Sold,-22734012.92,58.490773183155774,UNFAVORABLE,REVENUE,-1503853.9500000002,-1104494.416559137,-399359.5334408635,2.3283064365386963e-10,0.0,602.0,Sales Revenue,-1503853.9500000002,UNFAVORABLE,UNFAVORABLE,FAVORABLE,,,,,,,,,,,,,,,,,,NORMAL,0.6713688872855543
2024-11-01,2024-11,2024,11,,,,,,,0.0,0.0,0.0,NORMAL,NORMAL,REVENUE,-6764438.44,602.0,Sales Revenue,-7265836.79,86.55088046867422,UNFAVORABLE,REVENUE,-1503853.9500000002,-1104494.416559137,-399359.5334408635,2.3283064365386963e-10,0.0,602.0,Sales Revenue,-1503853.9500000002,UNFAVORABLE,UNFAVORABLE,FAVORABLE,,,,,,,,,,,,,,,,,,NORMAL,0.6713688872855543
2024-12-01,2024-12,2024,12,,,,,,,0.0,0.0,0.0,NORMAL,NORMAL,EBITDA,-84026713.83000001,541.0,Fixed Asset Disposal Costs,-33860913.0,39.21834157483536,UNFAVORABLE,REVENUE,-394620.0600000005,-432659.65500452014,38039.59500451925,3.4924596548080444e-10,0.0,602.0,Sales Revenue,-394620.0600000005,UNFAVORABLE,FAVORABLE,FAVORABLE,,,,,,,,,,,,,,,,,,NORMAL,0.6907357983831133
2024-12-01,2024-12,2024,12,,,,,,,0.0,0.0,0.0,NORMAL,NORMAL,NET_PROFIT,-93114203.63,541.0,Fixed Asset Disposal Costs,-33860913.0,32.04483523555224,UNFAVORABLE,REVENUE,-394620.0600000005,-432659.65500452014,38039.59500451925,3.4924596548080444e-10,0.0,602.0,Sales Revenue,-394620.0600000005,UNFAVORABLE,FAVORABLE,FAVORABLE,,,,,,,,,,,,,,,,,,NORMAL,0.6907357983831133
2024-12-01,2024-12,2024,12,,,,,,,0.0,0.0,0.0,NORMAL,NORMAL,OPERATING_COSTS,-40638245.65,504.0,Cost of Goods Sold,-24600737.26,59.83177949544496,UNFAVORABLE,REVENUE,-394620.0600000005,-432659.65500452014,38039.59500451925,3.4924596548080444e-10,0.0,602.0,Sales Revenue,-394620.0600000005,UNFAVORABLE,FAVORABLE,FAVORABLE,,,,,,,,,,,,,,,,,,NORMAL,0.6907357983831133
2024-12-01,2024-12,2024,12,,,,,,,0.0,0.0,0.0,NORMAL,NORMAL,REVENUE,-8025233.62,602.0,Sales Revenue,-7964971.76,83.70504804917994,UNFAVORABLE,REVENUE,-394620.0600000005,-432659.65500452014,38039.59500451925,3.4924596548080444e-10,0.0,602.0,Sales Revenue,-394620.0600000005,UNFAVORABLE,FAVORABLE,FAVORABLE,,,,,,,,,,,,,,,,,,NORMAL,0.6907357983831133
2025-01-01,2025-01,2025,1,,,,,,,0.0,0.0,0.0,NORMAL,NORMAL,EBITDA,-161504857.08,541.0,Fixed Asset Disposal Costs,-93155871.0,57.12164769499493,UNFAVORABLE,REVENUE,474809.2199999988,308595.1701396178,166214.049860381,0.0,0.0,602.0,Sales Revenue,474809.2199999988,FAVORABLE,FAVORABLE,NEUTRAL,,,,,,,,,,,,,,,,,,NORMAL,0.659849056013625
2025-01-01,2025-01,2025,1,,,,,,,0.0,0.0,0.0,NORMAL,NORMAL,NET_PROFIT,-172759289.69,541.0,Fixed Asset Disposal Costs,-93155871.0,50.00041100806979,UNFAVORABLE,REVENUE,474809.2199999988,308595.1701396178,166214.049860381,0.0,0.0,602.0,Sales Revenue,474809.2199999988,FAVORABLE,FAVORABLE,NEUTRAL,,,,,,,,,,,,,,,,,,NORMAL,0.659849056013625
2025-01-01,2025-01,2025,1,,,,,,,0.0,0.0,0.0,NORMAL,NORMAL,OPERATING_COSTS,-42716546.93,504.0,Cost of Goods Sold,-27352922.15,62.58464399562034,UNFAVORABLE,REVENUE,474809.2199999988,308595.1701396178,166214.049860381,0.0,0.0,602.0,Sales Revenue,474809.2199999988,FAVORABLE,FAVORABLE,NEUTRAL,,,,,,,,,,,,,,,,,,NORMAL,0.659849056013625
2025-01-01,2025-01,2025,1,,,,,,,0.0,0.0,0.0,NORMAL,NORMAL,REVENUE,-9637635.99,602.0,Sales Revenue,-9239318.18,95.86705899233698,UNFAVORABLE,REVENUE,474809.2199999988,308595.1701396178,166214.049860381,0.0,0.0,602.0,Sales Revenue,474809.2199999988,FAVORABLE,FAVORABLE,NEUTRAL,,,,,,,,,,,,,,,,,,NORMAL,0.659849056013625
2025-02-01,2025-02,2025,2,,,,,,,1.0,0.0,0.0,LOW,WATCH,REVENUE,-8957983.54,602.0,Sales Revenue,-8741509.86,94.68882052044452,UNFAVORABLE,REVENUE,-619668.4900000002,-112756.8027757812,-506911.6872242199,8.73114913702011e-10,0.0,602.0,Sales Revenue,-619668.4900000002,UNFAVORABLE,UNFAVORABLE,FAVORABLE,,,,,,,,,,,,,,,,,,WATCH,0.6180665784832452
2025-02-01,2025-02,2025,2,,,,,,,1.0,0.0,0.0,LOW,WATCH,OPERATING_COSTS,-35157952.89,504.0,Cost of Goods Sold,-22165577.85,61.42061134632769,UNFAVORABLE,REVENUE,-619668.4900000002,-112756.8027757812,-506911.6872242199,8.73114913702011e-10,0.0,602.0,Sales Revenue,-619668.4900000002,UNFAVORABLE,UNFAVORABLE,FAVORABLE,,,,,,,,,,,,,,,,,,WATCH,0.6180665784832452
2025-02-01,2025-02,2025,2,,,,,,,1.0,0.0,0.0,LOW,WATCH,EBITDA,-169646952.73999998,541.0,Fixed Asset Disposal Costs,-117880634.0,68.9426338318239,UNFAVORABLE,REVENUE,-619668.4900000002,-112756.8027757812,-506911.6872242199,8.73114913702011e-10,0.0,602.0,Sales Revenue,-619668.4900000002,UNFAVORABLE,UNFAVORABLE,FAVORABLE,,,,,,,,,,,,,,,,,,WATCH,0.6180665784832452
2025-02-01,2025-02,2025,2,,,,,,,1.0,0.0,0.0,LOW,WATCH,NET_PROFIT,-200036574.85,541.0,Fixed Asset Disposal Costs,-117880634.0,55.8516408671924,UNFAVORABLE,REVENUE,-619668.4900000002,-112756.8027757812,-506911.6872242199,8.73114913702011e-10,0.0,602.0,Sales Revenue,-619668.4900000002,UNFAVORABLE,UNFAVORABLE,FAVORABLE,,,,,,,,,,,,,,,,,,WATCH,0.6180665784832452
2025-03-01,2025-03,2025,3,,,,,,,0.0,0.0,0.0,NORMAL,NORMAL,EBITDA,-52716931.36000001,504.0,Cost of Goods Sold,-22949333.9,43.24478802154656,UNFAVORABLE,REVENUE,-715634.790000001,-1839050.5230319288,1123415.7330319274,2.3283064365386963e-10,0.0,602.0,Sales Revenue,-715634.790000001,UNFAVORABLE,FAVORABLE,FAVORABLE,,,,,,,,,,,,,,,,,,NORMAL,0.6831624038870416
2025-03-01,2025-03,2025,3,,,,,,,0.0,0.0,0.0,NORMAL,NORMAL,NET_PROFIT,-99864486.68,551.0,Depreciation,-30722882.32,27.286819924040024,UNFAVORABLE,REVENUE,-715634.790000001,-1839050.5230319288,1123415.7330319274,2.3283064365386963e-10,0.0,602.0,Sales Revenue,-715634.790000001,UNFAVORABLE,FAVORABLE,FAVORABLE,,,,,,,,,,,,,,,,,,NORMAL,0.6831624038870416
2025-03-01,2025-03,2025,3,,,,,,,0.0,0.0,0.0,NORMAL,NORMAL,OPERATING_COSTS,-40180225.24999999,504.0,Cost of Goods Sold,-22949333.9,56.30757809113145,UNFAVORABLE,REVENUE,-715634.790000001,-1839050.5230319288,1123415.7330319274,2.3283064365386963e-10,0.0,602.0,Sales Revenue,-715634.790000001,UNFAVORABLE,FAVORABLE,FAVORABLE,,,,,,,,,,,,,,,,,,NORMAL,0.6831624038870416
2025-03-01,2025-03,2025,3,,,,,,,0.0,0.0,0.0,NORMAL,NORMAL,REVENUE,-10001693.25,602.0,Sales Revenue,-7923162.35,79.21820987661265,UNFAVORABLE,REVENUE,-715634.790000001,-1839050.5230319288,1123415.7330319274,2.3283064365386963e-10,0.0,602.0,Sales Revenue,-715634.790000001,UNFAVORABLE,FAVORABLE,FAVORABLE,,,,,,,,,,,,,,,,,,NORMAL,0.6831624038870416
2025-04-01,2025-04,2025,4,,,,,,,0.0,0.0,0.0,NORMAL,NORMAL,OPERATING_COSTS,-40153451.260000005,504.0,Cost of Goods Sold,-23906954.56,59.334726180229055,UNFAVORABLE,REVENUE,1915548.8400000008,1627840.3141275954,287708.52587240585,-4.656612873077393e-10,0.0,602.0,Sales Revenue,1915548.8400000008,FAVORABLE,FAVORABLE,UNFAVORABLE,,,,,,,,,,,,,,,,,,NORMAL,0.5339956459662344
2025-04-01,2025-04,2025,4,,,,,,,0.0,0.0,0.0,NORMAL,NORMAL,EBITDA,-152195572.18,541.0,Fixed Asset Disposal Costs,-73952773.0,48.24626056212776,UNFAVORABLE,REVENUE,1915548.8400000008,1627840.3141275954,287708.52587240585,-4.656612873077393e-10,0.0,602.0,Sales Revenue,1915548.8400000008,FAVORABLE,FAVORABLE,UNFAVORABLE,,,,,,,,,,,,,,,,,,NORMAL,0.5339956459662344
2025-04-01,2025-04,2025,4,,,,,,,0.0,0.0,0.0,NORMAL,NORMAL,NET_PROFIT,-173655485.17999998,541.0,Fixed Asset Disposal Costs,-73952773.0,39.04815722512548,UNFAVORABLE,REVENUE,1915548.8400000008,1627840.3141275954,287708.52587240585,-4.656612873077393e-10,0.0,602.0,Sales Revenue,1915548.8400000008,FAVORABLE,FAVORABLE,UNFAVORABLE,,,,,,,,,,,,,,,,,,NORMAL,0.5339956459662344
2025-04-01,2025-04,2025,4,,,,,,,0.0,0.0,0.0,NORMAL,NORMAL,REVENUE,-9908902.12,602.0,Sales Revenue,-9840653.56,94.11186307403824,UNFAVORABLE,REVENUE,1915548.8400000008,1627840.3141275954,287708.52587240585,-4.656612873077393e-10,0.0,602.0,Sales Revenue,1915548.8400000008,FAVORABLE,FAVORABLE,UNFAVORABLE,,,,,,,,,,,,,,,,,,NORMAL,0.5339956459662344
2025-05-01,2025-05,2025,5,,,,,,,0.0,0.0,0.0,NORMAL,NORMAL,EBITDA,-65057048.99,504.0,Cost of Goods Sold,-22918912.94,34.5552764262092,UNFAVORABLE,REVENUE,-886257.25,-1023444.4816714682,137187.23167146815,1.1641532182693479e-10,0.0,602.0,Sales Revenue,-886257.25,UNFAVORABLE,FAVORABLE,FAVORABLE,,,,,,,,,,,,,,,,,,NORMAL,0.6576829805996475
2025-05-01,2025-05,2025,5,,,,,,,0.0,0.0,0.0,NORMAL,NORMAL,NET_PROFIT,-76580295.68,504.0,Cost of Goods Sold,-22918912.94,26.04489502623652,UNFAVORABLE,REVENUE,-886257.25,-1023444.4816714682,137187.23167146815,1.1641532182693479e-10,0.0,602.0,Sales Revenue,-886257.25,UNFAVORABLE,FAVORABLE,FAVORABLE,,,,,,,,,,,,,,,,,,NORMAL,0.6576829805996475
2025-05-01,2025-05,2025,5,,,,,,,0.0,0.0,0.0,NORMAL,NORMAL,OPERATING_COSTS,-38978111.51000001,504.0,Cost of Goods Sold,-22918912.94,57.377838755666296,UNFAVORABLE,REVENUE,-886257.25,-1023444.4816714682,137187.23167146815,1.1641532182693479e-10,0.0,602.0,Sales Revenue,-886257.25,UNFAVORABLE,FAVORABLE,FAVORABLE,,,,,,,,,,,,,,,,,,NORMAL,0.6576829805996475
2025-05-01,2025-05,2025,5,,,,,,,0.0,0.0,0.0,NORMAL,NORMAL,REVENUE,-8180535.490000001,602.0,Sales Revenue,-8601212.22,95.33715464320804,UNFAVORABLE,REVENUE,-886257.25,-1023444.4816714682,137187.23167146815,1.1641532182693479e-10,0.0,602.0,Sales Revenue,-886257.25,UNFAVORABLE,FAVORABLE,FAVORABLE,,,,,,,,,,,,,,,,,,NORMAL,0.6576829805996475
2025-06-01,2025-06,2025,6,,,,,,,0.0,0.0,0.0,NORMAL,NORMAL,NET_PROFIT,-68168244.27000001,504.0,Cost of Goods Sold,-25416629.97,31.241400874194667,UNFAVORABLE,REVENUE,1241829.4399999997,1341757.4932866157,-99928.05328661592,-2.3283064365386963e-10,0.0,602.0,Sales Revenue,1241829.4399999997,FAVORABLE,UNFAVORABLE,UNFAVORABLE,,,,,,,,,,,,,,,,,,NORMAL,0.6059018640511398
2025-06-01,2025-06,2025,6,,,,,,,0.0,0.0,0.0,NORMAL,NORMAL,OPERATING_COSTS,-39118940.69,504.0,Cost of Goods Sold,-25416629.97,64.4915252734431,UNFAVORABLE,REVENUE,1241829.4399999997,1341757.4932866157,-99928.05328661592,-2.3283064365386963e-10,0.0,602.0,Sales Revenue,1241829.4399999997,FAVORABLE,UNFAVORABLE,UNFAVORABLE,,,,,,,,,,,,,,,,,,NORMAL,0.6059018640511398
2025-06-01,2025-06,2025,6,,,,,,,0.0,0.0,0.0,NORMAL,NORMAL,EBITDA,-53179448.8,504.0,Cost of Goods Sold,-25416629.97,47.14795648009565,UNFAVORABLE,REVENUE,1241829.4399999997,1341757.4932866157,-99928.05328661592,-2.3283064365386963e-10,0.0,602.0,Sales Revenue,1241829.4399999997,FAVORABLE,UNFAVORABLE,UNFAVORABLE,,,,,,,,,,,,,,,,,,NORMAL,0.6059018640511398
2025-06-01,2025-06,2025,6,,,,,,,0.0,0.0,0.0,NORMAL,NORMAL,REVENUE,-10325468.95,602.0,Sales Revenue,-8987331.93,87.0404237669031,UNFAVORABLE,REVENUE,1241829.4399999997,1341757.4932866157,-99928.05328661592,-2.3283064365386963e-10,0.0,602.0,Sales Revenue,1241829.4399999997,FAVORABLE,UNFAVORABLE,UNFAVORABLE,,,,,,,,,,,,,,,,,,NORMAL,0.6059018640511398
2025-07-01,2025-07,2025,7,,,,,,,11.0,0.0,0.0,MEDIUM,WATCH,REVENUE,-9325931.14,602.0,Sales Revenue,-9451286.13,95.93880474372382,UNFAVORABLE,REVENUE,296177.8300000001,-1097773.405666583,1393951.2356665835,-4.656612873077393e-10,0.0,602.0,Sales Revenue,296177.8300000001,UNFAVORABLE,FAVORABLE,UNFAVORABLE,,,,,,,,,,,,,,,,,,WATCH,0.627886035059948
2025-07-01,2025-07,2025,7,,,,,,,11.0,0.0,0.0,MEDIUM,WATCH,OPERATING_COSTS,-44403005.7,504.0,Cost of Goods Sold,-26317453.84,59.26953237762461,UNFAVORABLE,REVENUE,296177.8300000001,-1097773.405666583,1393951.2356665835,-4.656612873077393e-10,0.0,602.0,Sales Revenue,296177.8300000001,UNFAVORABLE,FAVORABLE,UNFAVORABLE,,,,,,,,,,,,,,,,,,WATCH,0.627886035059948
2025-07-01,2025-07,2025,7,,,,,,,11.0,0.0,0.0,MEDIUM,WATCH,NET_PROFIT,-398160705.32000005,541.0,Fixed Asset Disposal Costs,-268110286.0,64.78811560927464,UNFAVORABLE,REVENUE,296177.8300000001,-1097773.405666583,1393951.2356665835,-4.656612873077393e-10,0.0,602.0,Sales Revenue,296177.8300000001,UNFAVORABLE,FAVORABLE,UNFAVORABLE,,,,,,,,,,,,,,,,,,WATCH,0.627886035059948
2025-07-01,2025-07,2025,7,,,,,,,11.0,0.0,0.0,MEDIUM,WATCH,EBITDA,-384776291.1100001,541.0,Fixed Asset Disposal Costs,-268110286.0,69.50410010444918,UNFAVORABLE,REVENUE,296177.8300000001,-1097773.405666583,1393951.2356665835,-4.656612873077393e-10,0.0,602.0,Sales Revenue,296177.8300000001,UNFAVORABLE,FAVORABLE,UNFAVORABLE,,,,,,,,,,,,,,,,,,WATCH,0.627886035059948
2025-08-01,2025-08,2025,8,,,,,,,3.0,0.0,0.9044158705519302,LOW,WATCH,EBITDA,-100773469.73,541.0,Fixed Asset Disposal Costs,-44412392.0,42.57792104142816,UNFAVORABLE,REVENUE,-1368868.4099999992,-893681.2904245204,-475187.1195754785,-3.4924596548080444e-10,0.0,602.0,Sales Revenue,-1368868.4099999992,UNFAVORABLE,UNFAVORABLE,UNFAVORABLE,,,,,,,,,,,,,,,,,,WATCH,0.5583297794797791
2025-08-01,2025-08,2025,8,,,,,,,3.0,0.0,0.9044158705519302,LOW,WATCH,NET_PROFIT,-113655932.49,541.0,Fixed Asset Disposal Costs,-44412392.0,35.01370866125594,UNFAVORABLE,REVENUE,-1368868.4099999992,-893681.2904245204,-475187.1195754785,-3.4924596548080444e-10,0.0,602.0,Sales Revenue,-1368868.4099999992,UNFAVORABLE,UNFAVORABLE,UNFAVORABLE,,,,,,,,,,,,,,,,,,WATCH,0.5583297794797791
2025-08-01,2025-08,2025,8,,,,,,,3.0,0.0,0.9044158705519302,LOW,WATCH,OPERATING_COSTS,-38144710.91,504.0,Cost of Goods Sold,-24561912.66,62.95949748397721,UNFAVORABLE,REVENUE,-1368868.4099999992,-893681.2904245204,-475187.1195754785,-3.4924596548080444e-10,0.0,602.0,Sales Revenue,-1368868.4099999992,UNFAVORABLE,UNFAVORABLE,UNFAVORABLE,,,,,,,,,,,,,,,,,,WATCH,0.5583297794797791
2025-08-01,2025-08,2025,8,,,,,,,3.0,0.0,0.9044158705519302,LOW,WATCH,REVENUE,-6817721.9,602.0,Sales Revenue,-8100050.69,86.33258447141812,UNFAVORABLE,REVENUE,-1368868.4099999992,-893681.2904245204,-475187.1195754785,-3.4924596548080444e-10,0.0,602.0,Sales Revenue,-1368868.4099999992,UNFAVORABLE,UNFAVORABLE,UNFAVORABLE,,,,,,,,,,,,,,,,,,WATCH,0.5583297794797791
2025-09-01,2025-09,2025,9,,,,,,,0.0,0.0,0.0,NORMAL,NORMAL,EBITDA,-93671358.89,641.0,Other Operating Income,-34593058.8,36.05085236989045,UNFAVORABLE,REVENUE,-1164834.6799999997,-1710284.6050787864,545449.9250787867,0.0,0.0,602.0,Sales Revenue,-1164834.6799999997,UNFAVORABLE,FAVORABLE,NEUTRAL,,,,,,,,,,,,,,,,,,NORMAL,0.5945859477433931
2025-09-01,2025-09,2025,9,,,,,,,0.0,0.0,0.0,NORMAL,NORMAL,NET_PROFIT,-109808088.93999998,641.0,Other Operating Income,-34593058.8,28.016891720328417,UNFAVORABLE,REVENUE,-1164834.6799999997,-1710284.6050787864,545449.9250787867,0.0,0.0,602.0,Sales Revenue,-1164834.6799999997,UNFAVORABLE,FAVORABLE,NEUTRAL,,,,,,,,,,,,,,,,,,NORMAL,0.5945859477433931
2025-09-01,2025-09,2025,9,,,,,,,0.0,0.0,0.0,NORMAL,NORMAL,OPERATING_COSTS,-40232429.43000001,504.0,Cost of Goods Sold,-23566758.16,55.72899119874174,UNFAVORABLE,REVENUE,-1164834.6799999997,-1710284.6050787864,545449.9250787867,0.0,0.0,602.0,Sales Revenue,-1164834.6799999997,UNFAVORABLE,FAVORABLE,NEUTRAL,,,,,,,,,,,,,,,,,,NORMAL,0.5945859477433931
2025-09-01,2025-09,2025,9,,,,,,,0.0,0.0,0.0,NORMAL,NORMAL,REVENUE,-7537122.84,602.0,Sales Revenue,-6783694.34,90.00376515025725,UNFAVORABLE,REVENUE,-1164834.6799999997,-1710284.6050787864,545449.9250787867,0.0,0.0,602.0,Sales Revenue,-1164834.6799999997,UNFAVORABLE,FAVORABLE,NEUTRAL,,,,,,,,,,,,,,,,,,NORMAL,0.5945859477433931
2025-10-01,2025-10,2025,10,,,,,,,0.0,0.0,0.0,NORMAL,NORMAL,REVENUE,-8543129.62,602.0,Sales Revenue,-9119710.61,91.07117160890282,UNFAVORABLE,REVENUE,317856.70999999903,30703.667199662257,287153.0428003367,4.729372449219227e-11,0.0,602.0,Sales Revenue,317856.70999999903,FAVORABLE,FAVORABLE,FAVORABLE,,,,,,,,,,,,,,,,,,NORMAL,0.6238142588383849
2025-10-01,2025-10,2025,10,,,,,,,0.0,0.0,0.0,NORMAL,NORMAL,OPERATING_COSTS,-40133649.8,504.0,Cost of Goods Sold,-24328604.85,58.01284558654726,UNFAVORABLE,REVENUE,317856.70999999903,30703.667199662257,287153.0428003367,4.729372449219227e-11,0.0,602.0,Sales Revenue,317856.70999999903,FAVORABLE,FAVORABLE,FAVORABLE,,,,,,,,,,,,,,,,,,NORMAL,0.6238142588383849
2025-10-01,2025-10,2025,10,,,,,,,0.0,0.0,0.0,NORMAL,NORMAL,EBITDA,-94777405.47,541.0,Fixed Asset Disposal Costs,-25716132.0,25.82603379841359,UNFAVORABLE,REVENUE,317856.70999999903,30703.667199662257,287153.0428003367,4.729372449219227e-11,0.0,602.0,Sales Revenue,317856.70999999903,FAVORABLE,FAVORABLE,FAVORABLE,,,,,,,,,,,,,,,,,,NORMAL,0.6238142588383849
2025-10-01,2025-10,2025,10,,,,,,,0.0,0.0,0.0,NORMAL,NORMAL,NET_PROFIT,-119576555.08,541.0,Fixed Asset Disposal Costs,-25716132.0,18.87447175174524,UNFAVORABLE,REVENUE,317856.70999999903,30703.667199662257,287153.0428003367,4.729372449219227e-11,0.0,602.0,Sales Revenue,317856.70999999903,FAVORABLE,FAVORABLE,FAVORABLE,,,,,,,,,,,,,,,,,,NORMAL,0.6238142588383849
2025-11-01,2025-11,2025,11,,,,,,,0.0,0.0,0.0,NORMAL,NORMAL,EBITDA,-142732195.53,541.0,Fixed Asset Disposal Costs,-63402564.0,43.688017409229424,UNFAVORABLE,REVENUE,1714479.7199999995,1675705.202649216,38774.51735078301,6.984919309616089e-10,0.0,602.0,Sales Revenue,1714479.7199999995,FAVORABLE,FAVORABLE,FAVORABLE,,,,,,,,,,,,,,,,,,NORMAL,0.5207224687929738
2025-11-01,2025-11,2025,11,,,,,,,0.0,0.0,0.0,NORMAL,NORMAL,NET_PROFIT,-161663605.06000003,541.0,Fixed Asset Disposal Costs,-63402564.0,36.61372572065552,UNFAVORABLE,REVENUE,1714479.7199999995,1675705.202649216,38774.51735078301,6.984919309616089e-10,0.0,602.0,Sales Revenue,1714479.7199999995,FAVORABLE,FAVORABLE,FAVORABLE,,,,,,,,,,,,,,,,,,NORMAL,0.5207224687929738
2025-11-01,2025-11,2025,11,,,,,,,0.0,0.0,0.0,NORMAL,NORMAL,OPERATING_COSTS,-37221575.71000001,504.0,Cost of Goods Sold,-24005012.63,62.42719193317129,UNFAVORABLE,REVENUE,1714479.7199999995,1675705.202649216,38774.51735078301,6.984919309616089e-10,0.0,602.0,Sales Revenue,1714479.7199999995,FAVORABLE,FAVORABLE,FAVORABLE,,,,,,,,,,,,,,,,,,NORMAL,0.5207224687929738
2025-11-01,2025-11,2025,11,,,,,,,0.0,0.0,0.0,NORMAL,NORMAL,REVENUE,-8796003.97,602.0,Sales Revenue,-8980316.51,97.9888707006641,UNFAVORABLE,REVENUE,1714479.7199999995,1675705.202649216,38774.51735078301,6.984919309616089e-10,0.0,602.0,Sales Revenue,1714479.7199999995,FAVORABLE,FAVORABLE,FAVORABLE,,,,,,,,,,,,,,,,,,NORMAL,0.5207224687929738
2025-12-01,2025-12,2025,12,,,,,,,11.0,0.0,0.0,NORMAL,WATCH,REVENUE,-10589119.21,602.0,Sales Revenue,-9611169.76,90.7645817314394,UNFAVORABLE,REVENUE,1646198.0,707877.8184133281,938320.1815866712,6.984919309616089e-10,0.0,602.0,Sales Revenue,1646198.0,FAVORABLE,FAVORABLE,FAVORABLE,,,,,,,,,,,,,,,,,,WATCH,0.5885927587847604
2025-12-01,2025-12,2025,12,,,,,,,11.0,0.0,0.0,NORMAL,WATCH,OPERATING_COSTS,-42526185.23,504.0,Cost of Goods Sold,-26818360.36,61.70095964931581,UNFAVORABLE,REVENUE,1646198.0,707877.8184133281,938320.1815866712,6.984919309616089e-10,0.0,602.0,Sales Revenue,1646198.0,FAVORABLE,FAVORABLE,FAVORABLE,,,,,,,,,,,,,,,,,,WATCH,0.5885927587847604
2025-12-01,2025-12,2025,12,,,,,,,11.0,0.0,0.0,NORMAL,WATCH,EBITDA,-201112758.23,541.0,Fixed Asset Disposal Costs,-106015254.0,52.22708094961688,UNFAVORABLE,REVENUE,1646198.0,707877.8184133281,938320.1815866712,6.984919309616089e-10,0.0,602.0,Sales Revenue,1646198.0,FAVORABLE,FAVORABLE,FAVORABLE,,,,,,,,,,,,,,,,,,WATCH,0.5885927587847604
2025-12-01,2025-12,2025,12,,,,,,,11.0,0.0,0.0,NORMAL,WATCH,NET_PROFIT,-217062344.78,541.0,Fixed Asset Disposal Costs,-106015254.0,46.06305141201465,UNFAVORABLE,REVENUE,1646198.0,707877.8184133281,938320.1815866712,6.984919309616089e-10,0.0,602.0,Sales Revenue,1646198.0,FAVORABLE,FAVORABLE,FAVORABLE,,,,,,,,,,,,,,,,,,WATCH,0.5885927587847604
2026-01-01,2026-01,2026,1,,,,,,,0.0,0.0,0.0,NORMAL,NORMAL,EBITDA,118954295.76,541.0,Fixed Asset Disposal Costs,97813664.55,77.97900908482592,FAVORABLE,REVENUE,-311546.8100000005,146152.1961709135,-457699.00617091503,1.0186340659856794e-09,0.0,602.0,Sales Revenue,-311546.8100000005,FAVORABLE,UNFAVORABLE,FAVORABLE,,,,,,,,,,,,,,,,,,NORMAL,0.6211899883884583
2026-01-01,2026-01,2026,1,,,,,,,0.0,0.0,0.0,NORMAL,NORMAL,NET_PROFIT,109451738.46,541.0,Fixed Asset Disposal Costs,97813664.55,64.33046126829082,FAVORABLE,REVENUE,-311546.8100000005,146152.1961709135,-457699.00617091503,1.0186340659856794e-09,0.0,602.0,Sales Revenue,-311546.8100000005,FAVORABLE,UNFAVORABLE,FAVORABLE,,,,,,,,,,,,,,,,,,NORMAL,0.6211899883884583
2026-01-01,2026-01,2026,1,,,,,,,0.0,0.0,0.0,NORMAL,NORMAL,OPERATING_COSTS,1506954.5599999996,504.0,Cost of Goods Sold,2513846.27,31.85114018090425,FAVORABLE,REVENUE,-311546.8100000005,146152.1961709135,-457699.00617091503,1.0186340659856794e-09,0.0,602.0,Sales Revenue,-311546.8100000005,FAVORABLE,UNFAVORABLE,FAVORABLE,,,,,,,,,,,,,,,,,,NORMAL,0.6211899883884583
2026-01-01,2026-01,2026,1,,,,,,,0.0,0.0,0.0,NORMAL,NORMAL,REVENUE,2148259.140000002,601.0,Sales Revenue,1458723.14,62.97880433974971,FAVORABLE,REVENUE,-311546.8100000005,146152.1961709135,-457699.00617091503,1.0186340659856794e-09,0.0,602.0,Sales Revenue,-311546.8100000005,FAVORABLE,UNFAVORABLE,FAVORABLE,,,,,,,,,,,,,,,,,,NORMAL,0.6211899883884583
2026-02-01,2026-02,2026,2,,,,,,,0.0,0.0,0.0,NORMAL,NORMAL,EBITDA,132636104.7,541.0,Fixed Asset Disposal Costs,123774665.7,89.54106816361033,FAVORABLE,REVENUE,-594521.459999999,-591705.1611952689,-2816.298804729533,-6.984919309616089e-10,0.0,602.0,Sales Revenue,-594521.459999999,UNFAVORABLE,UNFAVORABLE,UNFAVORABLE,,,,,,,,,,,,,,,,,,NORMAL,0.4885289030598325
2026-02-01,2026-02,2026,2,,,,,,,0.0,0.0,0.0,NORMAL,NORMAL,NET_PROFIT,146348211.27,541.0,Fixed Asset Disposal Costs,123774665.7,67.85334910422108,FAVORABLE,REVENUE,-594521.459999999,-591705.1611952689,-2816.298804729533,-6.984919309616089e-10,0.0,602.0,Sales Revenue,-594521.459999999,UNFAVORABLE,UNFAVORABLE,UNFAVORABLE,,,,,,,,,,,,,,,,,,NORMAL,0.4885289030598325
2026-02-01,2026-02,2026,2,,,,,,,0.0,0.0,0.0,NORMAL,NORMAL,OPERATING_COSTS,372835.9500000037,548.0,Other Operating Costs,988054.34,20.974868235768696,FAVORABLE,REVENUE,-594521.459999999,-591705.1611952689,-2816.298804729533,-6.984919309616089e-10,0.0,602.0,Sales Revenue,-594521.459999999,UNFAVORABLE,UNFAVORABLE,UNFAVORABLE,,,,,,,,,,,,,,,,,,NORMAL,0.4885289030598325
2026-02-01,2026-02,2026,2,,,,,,,0.0,0.0,0.0,NORMAL,NORMAL,REVENUE,541419.6099999993,602.0,Sales Revenue,1031597.0299999992,65.50668842295933,FAVORABLE,REVENUE,-594521.459999999,-591705.1611952689,-2816.298804729533,-6.984919309616089e-10,0.0,602.0,Sales Revenue,-594521.459999999,UNFAVORABLE,UNFAVORABLE,UNFAVORABLE,,,,,,,,,,,,,,,,,,NORMAL,0.4885289030598325
2026-03-01,2026-03,2026,3,ACTUAL,0.0,-10944875.87,-42107120.87,-53051996.74,4.847199490440635,0.0,0.0,0.0,NORMAL,NORMAL,EBITDA,2316911.0600000024,601.0,Sales Revenue,1945525.74,17.60186031261071,FAVORABLE,REVENUE,2003955.52,2204985.4772043745,-201029.95720437617,1.3969838619232178e-09,2.3283064365386963e-10,602.0,Sales Revenue,2003955.52,FAVORABLE,UNFAVORABLE,FAVORABLE,,,,,,,,,,,,,,,,,,NORMAL,0.4022413366436925
2026-03-01,2026-03,2026,3,ACTUAL,0.0,-10944875.87,-42107120.87,-53051996.74,4.847199490440635,0.0,0.0,0.0,NORMAL,NORMAL,NET_PROFIT,21299259.110000003,551.0,Depreciation,32259026.45,51.390513190929575,FAVORABLE,REVENUE,2003955.52,2204985.4772043745,-201029.95720437617,1.3969838619232178e-09,2.3283064365386963e-10,602.0,Sales Revenue,2003955.52,FAVORABLE,UNFAVORABLE,FAVORABLE,,,,,,,,,,,,,,,,,,NORMAL,0.4022413366436925
2026-03-01,2026-03,2026,3,ACTUAL,0.0,-10944875.87,-42107120.87,-53051996.74,4.847199490440635,0.0,0.0,0.0,NORMAL,NORMAL,OPERATING_COSTS,82115.97000000096,549.0,Shortages & Damages,1471395.5300000005,34.26891385623863,FAVORABLE,REVENUE,2003955.52,2204985.4772043745,-201029.95720437617,1.3969838619232178e-09,2.3283064365386963e-10,602.0,Sales Revenue,2003955.52,FAVORABLE,UNFAVORABLE,FAVORABLE,,,,,,,,,,,,,,,,,,NORMAL,0.4022413366436925
2026-03-01,2026-03,2026,3,ACTUAL,0.0,-10944875.87,-42107120.87,-53051996.74,4.847199490440635,0.0,0.0,0.0,NORMAL,NORMAL,REVENUE,-443097.8399999989,601.0,Sales Revenue,1945525.74,44.88829517299603,UNFAVORABLE,REVENUE,2003955.52,2204985.4772043745,-201029.95720437617,1.3969838619232178e-09,2.3283064365386963e-10,602.0,Sales Revenue,2003955.52,FAVORABLE,UNFAVORABLE,FAVORABLE,,,,,,,,,,,,,,,,,,NORMAL,0.4022413366436925
2026-04-01,2026-04,2026,4,ACTUAL,0.0,-9759973.18,-38744533.56,-48504506.74,4.969737707824316,0.0,0.0,0.0,NORMAL,NORMAL,REVENUE,644374.1900000015,602.0,Sales Revenue,995611.7700000014,63.728029523881816,FAVORABLE,REVENUE,-503578.9400000013,-113927.91183545622,-389651.0281645462,1.0622898116707802e-09,0.0,602.0,Sales Revenue,-503578.9400000013,UNFAVORABLE,UNFAVORABLE,FAVORABLE,,,,,,,,,,,,,,,,,,CRITICAL,0.4506541617174527
2026-04-01,2026-04,2026,4,ACTUAL,0.0,-9759973.18,-38744533.56,-48504506.74,4.969737707824316,0.0,0.0,0.0,NORMAL,NORMAL,OPERATING_COSTS,3416590.619999999,502.0,Energy Consumption,1869189.63,28.86880880388276,FAVORABLE,REVENUE,-503578.9400000013,-113927.91183545622,-389651.0281645462,1.0622898116707802e-09,0.0,602.0,Sales Revenue,-503578.9400000013,UNFAVORABLE,UNFAVORABLE,FAVORABLE,,,,,,,,,,,,,,,,,,CRITICAL,0.4506541617174527
2026-04-01,2026-04,2026,4,ACTUAL,0.0,-9759973.18,-38744533.56,-48504506.74,4.969737707824316,0.0,0.0,0.0,NORMAL,NORMAL,NET_PROFIT,107323875.89000002,541.0,Fixed Asset Disposal Costs,77650411.65,53.38289631307362,FAVORABLE,REVENUE,-503578.9400000013,-113927.91183545622,-389651.0281645462,1.0622898116707802e-09,0.0,602.0,Sales Revenue,-503578.9400000013,UNFAVORABLE,UNFAVORABLE,FAVORABLE,,,,,,,,,,,,,,,,,,CRITICAL,0.4506541617174527
2026-04-01,2026-04,2026,4,ACTUAL,0.0,-9759973.18,-38744533.56,-48504506.74,4.969737707824316,0.0,0.0,0.0,NORMAL,NORMAL,EBITDA,111026423.81,541.0,Fixed Asset Disposal Costs,77650411.65,67.1149648358611,FAVORABLE,REVENUE,-503578.9400000013,-113927.91183545622,-389651.0281645462,1.0622898116707802e-09,0.0,602.0,Sales Revenue,-503578.9400000013,UNFAVORABLE,UNFAVORABLE,FAVORABLE,,,,,,,,,,,,,,,,,,CRITICAL,0.4506541617174527
2026-05-01,2026-05,2026,5,ACTUAL,0.0,-7632254.5,-35219439.52,-42851694.02,5.614552557176912,11.0,0.0,0.6903729531686649,LOW,WATCH,EBITDA,24565171.15,641.0,Other Operating Income,9222705.24,34.616420928145736,FAVORABLE,REVENUE,160731.95999999903,1209167.6366446398,-1048435.67664464,-6.984919309616089e-10,1.1641532182693479e-10,602.0,Sales Revenue,160731.95999999903,FAVORABLE,UNFAVORABLE,UNFAVORABLE,,,,,,,,,,,,,,,,,,CRITICAL,0.6543665346740667
2026-05-01,2026-05,2026,5,ACTUAL,0.0,-7632254.5,-35219439.52,-42851694.02,5.614552557176912,11.0,0.0,0.6903729531686649,LOW,WATCH,NET_PROFIT,14399679.17,641.0,Other Operating Income,9222705.24,20.456386054288167,FAVORABLE,REVENUE,160731.95999999903,1209167.6366446398,-1048435.67664464,-6.984919309616089e-10,1.1641532182693479e-10,602.0,Sales Revenue,160731.95999999903,FAVORABLE,UNFAVORABLE,UNFAVORABLE,,,,,,,,,,,,,,,,,,CRITICAL,0.6543665346740667
2026-05-01,2026-05,2026,5,ACTUAL,0.0,-7632254.5,-35219439.52,-42851694.02,5.614552557176912,11.0,0.0,0.6903729531686649,LOW,WATCH,OPERATING_COSTS,5707578.079999998,524.0,Social & Health Insurance,2280025.69,32.77922522464306,FAVORABLE,REVENUE,160731.95999999903,1209167.6366446398,-1048435.67664464,-6.984919309616089e-10,1.1641532182693479e-10,602.0,Sales Revenue,160731.95999999903,FAVORABLE,UNFAVORABLE,UNFAVORABLE,,,,,,,,,,,,,,,,,,CRITICAL,0.6543665346740667
2026-05-01,2026-05,2026,5,ACTUAL,0.0,-7632254.5,-35219439.52,-42851694.02,5.614552557176912,11.0,0.0,0.6903729531686649,LOW,WATCH,REVENUE,957307.86,604.0,Sales Revenue,938952.26,64.34466906025473,FAVORABLE,REVENUE,160731.95999999903,1209167.6366446398,-1048435.67664464,-6.984919309616089e-10,1.1641532182693479e-10,602.0,Sales Revenue,160731.95999999903,FAVORABLE,UNFAVORABLE,UNFAVORABLE,,,,,,,,,,,,,,,,,,CRITICAL,0.6543665346740667
2026-06-01,2026-06,2026,6,ACTUAL,0.0,-8835072.4,-42734507.23,-51569579.63,5.83691647280672,11.0,0.0,0.0,NORMAL,WATCH,EBITDA,5890779.879999999,541.0,Fixed Asset Disposal Costs,2975461.65,26.778946691891576,FAVORABLE,REVENUE,-233729.74000000025,-217391.697312648,-16338.04268735308,8.149072527885436e-10,0.0,602.0,Sales Revenue,-233729.74000000025,UNFAVORABLE,UNFAVORABLE,FAVORABLE,,,,,,,,,,,,,,,,,,CRITICAL,0.6364038047466977
2026-06-01,2026-06,2026,6,ACTUAL,0.0,-8835072.4,-42734507.23,-51569579.63,5.83691647280672,11.0,0.0,0.0,NORMAL,WATCH,NET_PROFIT,-2480859.120000002,662.0,Interest Income,-9129894.83,26.33219047474125,UNFAVORABLE,REVENUE,-233729.74000000025,-217391.697312648,-16338.04268735308,8.149072527885436e-10,0.0,602.0,Sales Revenue,-233729.74000000025,UNFAVORABLE,UNFAVORABLE,FAVORABLE,,,,,,,,,,,,,,,,,,CRITICAL,0.6364038047466977
2026-06-01,2026-06,2026,6,ACTUAL,0.0,-8835072.4,-42734507.23,-51569579.63,5.83691647280672,11.0,0.0,0.0,NORMAL,WATCH,OPERATING_COSTS,-1659619.3200000003,504.0,Cost of Goods Sold,-1045698.3200000004,22.135996763096927,UNFAVORABLE,REVENUE,-233729.74000000025,-217391.697312648,-16338.04268735308,8.149072527885436e-10,0.0,602.0,Sales Revenue,-233729.74000000025,UNFAVORABLE,UNFAVORABLE,FAVORABLE,,,,,,,,,,,,,,,,,,CRITICAL,0.6364038047466977
2026-06-01,2026-06,2026,6,ACTUAL,0.0,-8835072.4,-42734507.23,-51569579.63,5.83691647280672,11.0,0.0,0.0,NORMAL,WATCH,REVENUE,2006670.07,604.0,Sales Revenue,865318.1599999999,43.122094306215466,FAVORABLE,REVENUE,-233729.74000000025,-217391.697312648,-16338.04268735308,8.149072527885436e-10,0.0,602.0,Sales Revenue,-233729.74000000025,UNFAVORABLE,UNFAVORABLE,FAVORABLE,,,,,,,,,,,,,,,,,,CRITICAL,0.6364038047466977
2026-07-01,2026-07,2026,7,ACTUAL,0.0,-7755161.56,-42249989.85,-50005151.41,6.447983194562874,0.0,0.0,0.0,NORMAL,NORMAL,EBITDA,354708860.22,541.0,Fixed Asset Disposal Costs,281515800.3,79.01664705699389,FAVORABLE,REVENUE,-1040576.1100000012,-828630.5769815574,-211945.5330184438,-1.1641532182693479e-10,-1.1641532182693479e-10,602.0,Sales Revenue,-1040576.1100000012,UNFAVORABLE,UNFAVORABLE,UNFAVORABLE,,,,,,,,,,,,,,,,,,CRITICAL,0.5651105043835898
2026-07-01,2026-07,2026,7,ACTUAL,0.0,-7755161.56,-42249989.85,-50005151.41,6.447983194562874,0.0,0.0,0.0,NORMAL,NORMAL,NET_PROFIT,333695089.6000001,541.0,Fixed Asset Disposal Costs,281515800.3,73.71306660128653,FAVORABLE,REVENUE,-1040576.1100000012,-828630.5769815574,-211945.5330184438,-1.1641532182693479e-10,-1.1641532182693479e-10,602.0,Sales Revenue,-1040576.1100000012,UNFAVORABLE,UNFAVORABLE,UNFAVORABLE,,,,,,,,,,,,,,,,,,CRITICAL,0.5651105043835898
2026-07-01,2026-07,2026,7,ACTUAL,0.0,-7755161.56,-42249989.85,-50005151.41,6.447983194562874,0.0,0.0,0.0,NORMAL,NORMAL,OPERATING_COSTS,4373166.549999999,549.0,Shortages & Damages,2248497.9499999997,36.44682324295642,FAVORABLE,REVENUE,-1040576.1100000012,-828630.5769815574,-211945.5330184438,-1.1641532182693479e-10,-1.1641532182693479e-10,602.0,Sales Revenue,-1040576.1100000012,UNFAVORABLE,UNFAVORABLE,UNFAVORABLE,,,,,,,,,,,,,,,,,,CRITICAL,0.5651105043835898
2026-07-01,2026-07,2026,7,ACTUAL,0.0,-7755161.56,-42249989.85,-50005151.41,6.447983194562874,0.0,0.0,0.0,NORMAL,NORMAL,REVENUE,2037066.33,602.0,Sales Revenue,1513140.5999999996,74.28037947100131,FAVORABLE,REVENUE,-1040576.1100000012,-828630.5769815574,-211945.5330184438,-1.1641532182693479e-10,-1.1641532182693479e-10,602.0,Sales Revenue,-1040576.1100000012,UNFAVORABLE,UNFAVORABLE,UNFAVORABLE,,,,,,,,,,,,,,,,,,CRITICAL,0.5651105043835898
2026-08-01,2026-08,2026,8,ACTUAL,0.0,-2192619.9,-9391111.06,-11583730.96,5.283054741955047,11.0,5.0,48.79856222403659,CRITICAL,CRITICAL,OPERATING_COSTS,30660835.7,504.0,Cost of Goods Sold,20476475.64,65.06325319003015,FAVORABLE,REVENUE,-5740212.65,66387.71201128048,-5806600.362011281,-1.4551915228366852e-11,0.0,602.0,Sales Revenue,-5740212.65,FAVORABLE,UNFAVORABLE,UNFAVORABLE,,,,,,391562.82689310017,0.0,1907895.2440629369,386819.4941759788,,,,,,,,,CRITICAL,0.8654283283190358
2026-08-01,2026-08,2026,8,ACTUAL,0.0,-2192619.9,-9391111.06,-11583730.96,5.283054741955047,11.0,5.0,48.79856222403659,CRITICAL,CRITICAL,REVENUE,4965988.28,602.0,Sales Revenue,6145215.37,83.90011121747553,FAVORABLE,REVENUE,-5740212.65,66387.71201128048,-5806600.362011281,-1.4551915228366852e-11,0.0,602.0,Sales Revenue,-5740212.65,FAVORABLE,UNFAVORABLE,UNFAVORABLE,,,,,,391562.82689310017,0.0,1907895.2440629369,386819.4941759788,,,,,,,,,CRITICAL,0.8654283283190358
2026-08-01,2026-08,2026,8,ACTUAL,0.0,-2192619.9,-9391111.06,-11583730.96,5.283054741955047,11.0,5.0,48.79856222403659,CRITICAL,CRITICAL,EBITDA,94404768.04,541.0,Fixed Asset Disposal Costs,46633011.6,47.82595330185076,FAVORABLE,REVENUE,-5740212.65,66387.71201128048,-5806600.362011281,-1.4551915228366852e-11,0.0,602.0,Sales Revenue,-5740212.65,FAVORABLE,UNFAVORABLE,UNFAVORABLE,,,,,,391562.82689310017,0.0,1907895.2440629369,386819.4941759788,,,,,,,,,CRITICAL,0.8654283283190358
2026-08-01,2026-08,2026,8,ACTUAL,0.0,-2192619.9,-9391111.06,-11583730.96,5.283054741955047,11.0,5.0,48.79856222403659,CRITICAL,CRITICAL,NET_PROFIT,93586977.13,541.0,Fixed Asset Disposal Costs,46633011.6,39.401803264390885,FAVORABLE,REVENUE,-5740212.65,66387.71201128048,-5806600.362011281,-1.4551915228366852e-11,0.0,602.0,Sales Revenue,-5740212.65,FAVORABLE,UNFAVORABLE,UNFAVORABLE,,,,,,391562.82689310017,0.0,1907895.2440629369,386819.4941759788,,,,,,,,,CRITICAL,0.8654283283190358
2026-09-01,2026-09,2026,9,FORECAST,1.0,-7537122.84,-42341370.851378,-49878493.691378,6.617710066587955,,,,,,EBITDA,98354927.35,641.0,Other Operating Income,36322711.74,36.050852180787714,FAVORABLE,,,,,,,,,,,,,0.0,0.0,5368347.453056124,2738952.782171492,56.887068710274704,41090030.47460562,14855958.681100745,71499788.22712295,1551518.2526794556,-188849910.32360744,1163588009.4263926,-745389345.8774933,367689525.2302784,607048573.8725067,1720127444.9802785,283948691.60912544,474.61590233412966,,
2026-09-01,2026-09,2026,9,FORECAST,1.0,-7537122.84,-42341370.851378,-49878493.691378,6.617710066587955,,,,,,NET_PROFIT,106561827.46,641.0,Other Operating Income,36322711.74,28.01689159520454,FAVORABLE,,,,,,,,,,,,,0.0,0.0,5368347.453056124,2738952.782171492,56.887068710274704,41090030.47460562,14855958.681100745,71499788.22712295,1551518.2526794556,-188849910.32360744,1163588009.4263926,-745389345.8774933,367689525.2302784,607048573.8725067,1720127444.9802785,283948691.60912544,474.61590233412966,,
2026-09-01,2026-09,2026,9,FORECAST,1.0,-7537122.84,-42341370.851378,-49878493.691378,6.617710066587955,,,,,,OPERATING_COSTS,42244051.260000005,504.0,Cost of Goods Sold,24745096.2,55.7289910686654,FAVORABLE,,,,,,,,,,,,,0.0,0.0,5368347.453056124,2738952.782171492,56.887068710274704,41090030.47460562,14855958.681100745,71499788.22712295,1551518.2526794556,-188849910.32360744,1163588009.4263926,-745389345.8774933,367689525.2302784,607048573.8725067,1720127444.9802785,283948691.60912544,474.61590233412966,,
2026-09-01,2026-09,2026,9,FORECAST,1.0,-7537122.84,-42341370.851378,-49878493.691378,6.617710066587955,,,,,,REVENUE,7913979.170000001,602.0,Sales Revenue,7122879.24,90.0037653245428,FAVORABLE,,,,,,,,,,,,,0.0,0.0,5368347.453056124,2738952.782171492,56.887068710274704,41090030.47460562,14855958.681100745,71499788.22712295,1551518.2526794556,-188849910.32360744,1163588009.4263926,-745389345.8774933,367689525.2302784,607048573.8725067,1720127444.9802785,283948691.60912544,474.61590233412966,,
2026-10-01,2026-10,2026,10,FORECAST,2.0,-8543129.62,-41103252.39653803,-49646382.01653802,5.811264047816008,,,,,,REVENUE,8970286.27,602.0,Sales Revenue,9575696.31,91.07117180914013,FAVORABLE,,,,,,,,,,,,,0.0,0.0,5368347.453056124,2738952.782171492,56.887068710274704,41637487.47466556,15162305.339993786,72047245.22718288,1551518.2526794556,-254008530.71863565,909579478.7077568,-810547966.2725215,302530904.83525014,353040043.15387106,1466118914.2616427,283948691.60912544,474.61590233412966,,
2026-10-01,2026-10,2026,10,FORECAST,2.0,-8543129.62,-41103252.39653803,-49646382.01653802,5.811264047816008,,,,,,OPERATING_COSTS,42140332.71,504.0,Cost of Goods Sold,25545035.18,58.01284522533384,FAVORABLE,,,,,,,,,,,,,0.0,0.0,5368347.453056124,2738952.782171492,56.887068710274704,41637487.47466556,15162305.339993786,72047245.22718288,1551518.2526794556,-254008530.71863565,909579478.7077568,-810547966.2725215,302530904.83525014,353040043.15387106,1466118914.2616427,283948691.60912544,474.61590233412966,,
2026-10-01,2026-10,2026,10,FORECAST,2.0,-8543129.62,-41103252.39653803,-49646382.01653802,5.811264047816008,,,,,,EBITDA,99516276.33,541.0,Fixed Asset Disposal Costs,27001938.6,25.82603365316972,FAVORABLE,,,,,,,,,,,,,0.0,0.0,5368347.453056124,2738952.782171492,56.887068710274704,41637487.47466556,15162305.339993786,72047245.22718288,1551518.2526794556,-254008530.71863565,909579478.7077568,-810547966.2725215,302530904.83525014,353040043.15387106,1466118914.2616427,283948691.60912544,474.61590233412966,,
2026-10-01,2026-10,2026,10,FORECAST,2.0,-8543129.62,-41103252.39653803,-49646382.01653802,5.811264047816008,,,,,,NET_PROFIT,110285234.81000002,541.0,Fixed Asset Disposal Costs,27001938.6,18.87447166651628,FAVORABLE,,,,,,,,,,,,,0.0,0.0,5368347.453056124,2738952.782171492,56.887068710274704,41637487.47466556,15162305.339993786,72047245.22718288,1551518.2526794556,-254008530.71863565,909579478.7077568,-810547966.2725215,302530904.83525014,353040043.15387106,1466118914.2616427,283948691.60912544,474.61590233412966,,
2026-11-01,2026-11,2026,11,FORECAST,3.0,-8796003.97,-37555269.289189085,-46351273.25918909,5.269583030803143,,,,,,EBITDA,149868805.69,541.0,Fixed Asset Disposal Costs,66572692.2,43.68801730401032,FAVORABLE,,,,,,,,,,,,,0.0,0.0,5368347.453056124,2738952.782171492,56.887068710274704,37910088.845957756,11287313.19960723,68319846.59847508,1551518.2526794556,-74794589.26251514,834784889.4452417,-631334024.816401,481744846.2913707,278245453.8913559,1391324324.9991274,283948691.60912544,474.61590233412966,,
2026-11-01,2026-11,2026,11,FORECAST,3.0,-8796003.97,-37555269.289189085,-46351273.25918909,5.269583030803143,,,,,,NET_PROFIT,153284894.14000002,541.0,Fixed Asset Disposal Costs,66572692.2,36.6137256348725,FAVORABLE,,,,,,,,,,,,,0.0,0.0,5368347.453056124,2738952.782171492,56.887068710274704,37910088.845957756,11287313.19960723,68319846.59847508,1551518.2526794556,-74794589.26251514,834784889.4452417,-631334024.816401,481744846.2913707,278245453.8913559,1391324324.9991274,283948691.60912544,474.61590233412966,,
2026-11-01,2026-11,2026,11,FORECAST,3.0,-8796003.97,-37555269.289189085,-46351273.25918909,5.269583030803143,,,,,,OPERATING_COSTS,39082654.78999999,504.0,Cost of Goods Sold,25205263.38,62.42719177905113,FAVORABLE,,,,,,,,,,,,,0.0,0.0,5368347.453056124,2738952.782171492,56.887068710274704,37910088.845957756,11287313.19960723,68319846.59847508,1551518.2526794556,-74794589.26251514,834784889.4452417,-631334024.816401,481744846.2913707,278245453.8913559,1391324324.9991274,283948691.60912544,474.61590233412966,,
2026-11-01,2026-11,2026,11,FORECAST,3.0,-8796003.97,-37555269.289189085,-46351273.25918909,5.269583030803143,,,,,,REVENUE,9235804.26,602.0,Sales Revenue,9429332.42,97.98887078960465,FAVORABLE,,,,,,,,,,,,,0.0,0.0,5368347.453056124,2738952.782171492,56.887068710274704,37910088.845957756,11287313.19960723,68319846.59847508,1551518.2526794556,-74794589.26251514,834784889.4452417,-631334024.816401,481744846.2913707,278245453.8913559,1391324324.9991274,283948691.60912544,474.61590233412966,,
2026-12-01,2026-12,2026,12,FORECAST,4.0,-10589119.21,-43176345.64317082,-53765464.85317082,5.077425590071416,,,,,,OPERATING_COSTS,44652494.9,504.0,Cost of Goods Sold,28159278.47,61.70095929592316,FAVORABLE,,,,,,,,,,,,,0.0,0.0,5368347.453056124,2738952.782171492,56.887068710274704,42367052.865741596,15930051.796748085,72776810.61825892,1551518.2526794556,-253969814.75069684,580815074.6945448,-810509250.3045826,302569620.803189,24275639.14065897,1137354510.2484307,283948691.60912544,474.61590233412966,,
2026-12-01,2026-12,2026,12,FORECAST,4.0,-10589119.21,-43176345.64317082,-53765464.85317082,5.077425590071416,,,,,,EBITDA,211168396.64,541.0,Fixed Asset Disposal Costs,111316016.7,52.22708082464739,FAVORABLE,,,,,,,,,,,,,0.0,0.0,5368347.453056124,2738952.782171492,56.887068710274704,42367052.865741596,15930051.796748085,72776810.61825892,1551518.2526794556,-253969814.75069684,580815074.6945448,-810509250.3045826,302569620.803189,24275639.14065897,1137354510.2484307,283948691.60912544,474.61590233412966,,
2026-12-01,2026-12,2026,12,FORECAST,4.0,-10589119.21,-43176345.64317082,-53765464.85317082,5.077425590071416,,,,,,NET_PROFIT,217867085.6,541.0,Fixed Asset Disposal Costs,111316016.7,46.06305130546314,FAVORABLE,,,,,,,,,,,,,0.0,0.0,5368347.453056124,2738952.782171492,56.887068710274704,42367052.865741596,15930051.796748085,72776810.61825892,1551518.2526794556,-253969814.75069684,580815074.6945448,-810509250.3045826,302569620.803189,24275639.14065897,1137354510.2484307,283948691.60912544,474.61590233412966,,
2026-12-01,2026-12,2026,12,FORECAST,4.0,-10589119.21,-43176345.64317082,-53765464.85317082,5.077425590071416,,,,,,REVENUE,11118575.27,602.0,Sales Revenue,10091728.35,90.76458183657196,FAVORABLE,,,,,,,,,,,,,0.0,0.0,5368347.453056124,2738952.782171492,56.887068710274704,42367052.865741596,15930051.796748085,72776810.61825892,1551518.2526794556,-253969814.75069684,580815074.6945448,-810509250.3045826,302569620.803189,24275639.14065897,1137354510.2484307,283948691.60912544,474.61590233412966,,
2027-01-01,2027-01,2027,1,FORECAST,5.0,-7971258.77,-42010414.01980366,-49981672.78980365,6.270235885191776,,,,,,,,,,,,,,,,,,,,,,,,,0.0,0.0,5368347.453056124,2738952.782171492,56.887068710274704,42132737.7047749,15918854.898949487,72542495.45729221,1551518.2526794556,-134116871.51715392,446698203.1773909,-690656307.0710398,422422564.0367319,-109841232.37649494,1003237638.7312768,283948691.60912544,474.61590233412966,,
2027-02-01,2027-02,2027,2,FORECAST,6.0,-8864463.19,-36194729.03109106,-45059192.22109106,5.083127004455536,,,,,,,,,,,,,,,,,,,,,,,,,0.0,0.0,5368347.453056124,2738952.782171492,56.887068710274704,36955860.368886545,11091027.261108542,65849285.704234034,1842692.9423053246,-39817863.74625516,406880339.4311357,-596357299.300141,516721571.80763066,-149659096.1227501,963419774.9850216,283948691.60912544,474.61590233412966,,
